spectrum_id,source_type_normalized,training_role,split_v2,label_category_final,mineral_species_final,raman_qc_decision,raman_qc_reason,qc_snr_robust,qc_band_count,qc_top_band_prominence,qc_continuum_fraction,qc_spike_fraction,rruff_status,file_path
PARENT_0825,Lab-acquired DUV spectra,duv_supervised_reference,train,Borate,Colemanite,main_training_keep,passes_provenance_and_spectral_quality_checks,593827860000000.0,5,0.9999999999999983,0.022170956068061038,0.0,,d:\dyt\raman\pigeonite\data\DUV-Colemanite.csv
PARENT_0843,Lab-acquired DUV spectra,duv_supervised_reference,train,Borate,Kernite,main_training_keep,passes_provenance_and_spectral_quality_checks,181992598200000.25,4,0.9999999999999956,0.004030153923912379,0.0,,d:\dyt\raman\pigeonite\data\DUV-Kernite.csv
PARENT_0871,Lab-acquired DUV spectra,duv_supervised_reference,train,Borate,Ulexite,main_training_keep,passes_provenance_and_spectral_quality_checks,226982353900000.12,5,0.9999999999999958,0.004620864232051475,0.0,,d:\dyt\raman\pigeonite\data\DUV-Ulexite.csv
PARENT_0815,Lab-acquired DUV spectra,duv_supervised_reference,test,Carbonate,Aragonite,main_training_keep,passes_provenance_and_spectral_quality_checks,72457164199999.3,1,0.9926554957963091,3.922553379532328e-16,0.0,,d:\dyt\raman\pigeonite\data\DUV-Aragonite.csv
PARENT_0822,Lab-acquired DUV spectra,duv_supervised_reference,train,Carbonate,Calcite,main_training_keep,passes_provenance_and_spectral_quality_checks,96510420999999.95,3,0.9940150195001823,0.00994011953109567,0.0,,d:\dyt\raman\pigeonite\data\DUV-Calcite.csv
PARENT_0823,Lab-acquired DUV spectra,duv_supervised_reference,test,Carbonate,Chalk,main_training_keep,passes_provenance_and_spectral_quality_checks,83524351599999.25,5,0.9999999999999906,0.003929471881003356,0.0,,d:\dyt\raman\pigeonite\data\DUV-Chalk.csv
PARENT_0827,Lab-acquired DUV spectra,duv_supervised_reference,val,Carbonate,Dolomite,main_training_keep,passes_provenance_and_spectral_quality_checks,84515655199999.92,8,0.9999999999999906,0.010103596341557,0.0,,d:\dyt\raman\pigeonite\data\DUV-Dolomite.csv
PARENT_0846,Lab-acquired DUV spectra,duv_supervised_reference,train,Carbonate,Magnesite,main_training_keep,passes_provenance_and_spectral_quality_checks,76698522400000.0,2,0.9999999999999903,0.0004984418755505939,0.0,,d:\dyt\raman\pigeonite\data\DUV-Magnesite.csv
PARENT_0855,Lab-acquired DUV spectra,duv_supervised_reference,reference_qc_excluded,Carbonate,Nahcolite,manual_review_keep_in_metadata,high_cosmic_spike_or_discontinuity_fraction,193.14267559909433,4,0.9999999999999882,0.03377516146614446,0.13653136531365315,,d:\dyt\raman\pigeonite\data\DUV-Nahcolite.csv
PARENT_0863,Lab-acquired DUV spectra,duv_supervised_reference,train,Carbonate,Rhodochrosite,main_training_keep,passes_provenance_and_spectral_quality_checks,86384970000000.06,3,0.9838052735437341,3.948146456088861e-15,0.0,,d:\dyt\raman\pigeonite\data\DUV-Rhodochrosite.csv
PARENT_0866,Lab-acquired DUV spectra,duv_supervised_reference,train,Carbonate,Siderite,main_training_keep,passes_provenance_and_spectral_quality_checks,48.15792894352069,46,0.9999999999999917,0.035073084938080916,0.003929273084479371,,d:\dyt\raman\pigeonite\data\DUV-Siderite.csv
PARENT_0870,Lab-acquired DUV spectra,duv_supervised_reference,train,Carbonate,Trona,main_training_keep,passes_provenance_and_spectral_quality_checks,87475400499999.98,5,0.9999999999999905,0.002597684005515788,0.0,,d:\dyt\raman\pigeonite\data\DUV-Trona.csv
PARENT_0882,Lab-acquired DUV spectra,duv_supervised_reference,train,Carbonate,Aragonite1,main_training_keep,passes_provenance_and_spectral_quality_checks,19.17598599500222,3,0.9996243501715555,0.0007325036145742893,0.0,,d:\dyt\raman\pigeonite\augmented_tongyi_physics4\DUV-Aragonite1.csv
PARENT_0883,Lab-acquired DUV spectra,duv_supervised_reference,test,Carbonate,Calcite1,main_training_keep,passes_provenance_and_spectral_quality_checks,22.800956809764102,3,0.9996319708180068,0.002959650336643182,0.0,,d:\dyt\raman\pigeonite\augmented_tongyi_physics4\DUV-Calcite1.csv
PARENT_0884,Lab-acquired DUV spectra,duv_supervised_reference,train,Carbonate,Chalk1,main_training_keep,passes_provenance_and_spectral_quality_checks,29.602540839807226,4,0.999999999998998,0.001849124913068691,0.0,,d:\dyt\raman\pigeonite\augmented_tongyi_physics4\DUV-Chalk1.csv
PARENT_0885,Lab-acquired DUV spectra,duv_supervised_reference,test,Carbonate,Dolomite1,main_training_keep,passes_provenance_and_spectral_quality_checks,32.55684759672827,3,0.9967949065075903,0.002356114806797412,0.0,,d:\dyt\raman\pigeonite\augmented_tongyi_physics4\DUV-Dolomite1.csv
PARENT_0886,Lab-acquired DUV spectra,duv_supervised_reference,test,Carbonate,Magnesite1,main_training_keep,passes_provenance_and_spectral_quality_checks,21.059938311224002,3,0.9987143419356199,0.0015394501030820084,0.0,,d:\dyt\raman\pigeonite\augmented_tongyi_physics4\DUV-Magnesite1.csv
PARENT_0887,Lab-acquired DUV spectra,duv_supervised_reference,train,Carbonate,Nacholite1,main_training_keep,passes_provenance_and_spectral_quality_checks,50.39300413867794,4,0.9949088717661871,0.001457369366268543,0.0,,d:\dyt\raman\pigeonite\augmented_tongyi_physics4\DUV-Nacholite1.csv
PARENT_0888,Lab-acquired DUV spectra,duv_supervised_reference,train,Carbonate,Rhodochrosite1,main_training_keep,passes_provenance_and_spectral_quality_checks,31.95409253933622,3,0.9995508310663447,0.001841832282694298,0.0,,d:\dyt\raman\pigeonite\augmented_tongyi_physics4\DUV-Rhodochrosite1.csv
PARENT_0889,Lab-acquired DUV spectra,duv_supervised_reference,train,Carbonate,Siderite1,main_training_keep,passes_provenance_and_spectral_quality_checks,4.6630783440003665,245,0.9890209947447459,0.019023431905158535,0.0,,d:\dyt\raman\pigeonite\augmented_tongyi_physics4\DUV-Siderite1.csv
PARENT_0890,Lab-acquired DUV spectra,duv_supervised_reference,val,Carbonate,Trona1,main_training_keep,passes_provenance_and_spectral_quality_checks,51.626340983371044,5,0.9183654020724233,0.010899221892776879,0.0,,d:\dyt\raman\pigeonite\augmented_tongyi_physics4\DUV-Trona1.csv
PARENT_0824,Lab-acquired DUV spectra,duv_supervised_reference,test,Clay,Chlorite,main_training_keep,passes_provenance_and_spectral_quality_checks,13.206387043967325,4,0.9999999999999881,0.07041837212038683,0.0,,d:\dyt\raman\pigeonite\data\DUV-Chlorite.csv
PARENT_0840,Lab-acquired DUV spectra,duv_supervised_reference,train,Clay,Illite,main_training_keep,passes_provenance_and_spectral_quality_checks,75.35605737133932,42,0.9999999999999936,0.04185112514440963,0.0005390835579514825,,d:\dyt\raman\pigeonite\data\DUV-Illite.csv
PARENT_0842,Lab-acquired DUV spectra,duv_supervised_reference,test,Clay,Kaolinite,main_training_keep,passes_provenance_and_spectral_quality_checks,106.3002111188402,19,0.9999999999999937,0.013293423899025662,0.0010384215991692627,,d:\dyt\raman\pigeonite\data\DUV-Kaolinite.csv
PARENT_0852,Lab-acquired DUV spectra,duv_supervised_reference,train,Clay,Montmorillonite,main_training_keep,passes_provenance_and_spectral_quality_checks,142.1266003603391,43,0.9999999999999925,0.0845715686239618,0.008086253369272238,,d:\dyt\raman\pigeonite\data\DUV-Montmorillonite.csv
PARENT_0867,Lab-acquired DUV spectra,duv_supervised_reference,reference_qc_excluded,Clay,Smectite,manual_review_keep_in_metadata,high_cosmic_spike_or_discontinuity_fraction,117.2991685174289,15,0.9999999999999946,0.03948863413701795,0.10824742268041238,,d:\dyt\raman\pigeonite\data\DUV-Smectite.csv
PARENT_0872,Lab-acquired DUV spectra,duv_supervised_reference,val,Clay,Chlorite1,main_training_keep,passes_provenance_and_spectral_quality_checks,8.296690608911414,163,0.9999999999973425,0.008468706676997234,0.0,,d:\dyt\raman\pigeonite\augmented_tongyi_physics4\DUV-Chlorite1.csv
PARENT_0873,Lab-acquired DUV spectra,duv_supervised_reference,train,Clay,Illite1,main_training_keep,passes_provenance_and_spectral_quality_checks,8.495060756524548,167,0.9999999999972274,0.007047342627656934,0.0,,d:\dyt\raman\pigeonite\augmented_tongyi_physics4\DUV-Illite1.csv
PARENT_0874,Lab-acquired DUV spectra,duv_supervised_reference,train,Clay,Kaolinite1,main_training_keep,passes_provenance_and_spectral_quality_checks,20.972823408563745,51,0.9999999999990555,0.004139353824714053,0.0,,d:\dyt\raman\pigeonite\augmented_tongyi_physics4\DUV-Kaolinite1.csv
PARENT_0875,Lab-acquired DUV spectra,duv_supervised_reference,train,Clay,Montmorillonite1,main_training_keep,passes_provenance_and_spectral_quality_checks,8.598157853408074,160,0.9770923304782246,0.007642959335982735,0.0,,d:\dyt\raman\pigeonite\augmented_tongyi_physics4\DUV-Montmorillonite1.csv
PARENT_0876,Lab-acquired DUV spectra,duv_supervised_reference,train,Clay,Smectite1,main_training_keep,passes_provenance_and_spectral_quality_checks,8.345712355292118,164,0.9960158648948724,0.0022939089820484537,0.0,,d:\dyt\raman\pigeonite\augmented_tongyi_physics4\DUV-Smectite1.csv
PARENT_0817,Lab-acquired DUV spectra,duv_supervised_reference,test,Glass,Basaltic Glass,main_training_keep,passes_provenance_and_spectral_quality_checks,135.69788991589368,45,0.6204829383046605,0.20161208044604742,0.004354926510615134,,d:\dyt\raman\pigeonite\data\DUV-Basaltic Glass.csv
PARENT_0929,Lab-acquired DUV spectra,duv_supervised_reference,test,Glass,Basaltic Glass1,main_training_keep,passes_provenance_and_spectral_quality_checks,4.446152294427853,239,0.9838357517010048,0.007049323614482682,0.0,,d:\dyt\raman\pigeonite\augmented_tongyi_physics4\DUV-Basaltic Glass1.csv
PARENT_0812,Lab-acquired DUV spectra,duv_supervised_reference,reference_qc_excluded,Halides,Ammonium Chloride,exclude_from_closed_set,halide_class_not_used_as_closed_set_raman_class,92029637000000.1,4,0.9999999999999898,0.009618283440387596,0.0,,d:\dyt\raman\pigeonite\data\DUV-Ammonium Chloride.csv
PARENT_0821,Lab-acquired DUV spectra,duv_supervised_reference,reference_qc_excluded,Halides,Ca Chloride,exclude_from_closed_set,halide_class_not_used_as_closed_set_raman_class,89464120000000.0,2,0.9999999999999898,0.005631241819962579,0.0,,d:\dyt\raman\pigeonite\data\DUV-Ca Chloride.csv
PARENT_0837,Lab-acquired DUV spectra,duv_supervised_reference,reference_qc_excluded,Halides,Halite,exclude_from_closed_set,halide_class_not_used_as_closed_set_raman_class,150.7131038370473,25,0.9999999999999902,0.005170814618277621,0.022568511552928532,,d:\dyt\raman\pigeonite\data\DUV-Halite.csv
PARENT_0841,Lab-acquired DUV spectra,duv_supervised_reference,reference_qc_excluded,Halides,K Bromide,exclude_from_closed_set,halide_class_not_used_as_closed_set_raman_class,75.35655191852366,49,0.7519332840258135,0.06605281584897185,0.007345225603357817,,d:\dyt\raman\pigeonite\data\DUV-K Bromide.csv
PARENT_0849,Lab-acquired DUV spectra,duv_supervised_reference,reference_qc_excluded,Halides,Mg Chloride,exclude_from_closed_set,halide_class_not_used_as_closed_set_raman_class,93411070000000.0,3,0.9999999999999898,0.006318226398897494,0.0,,d:\dyt\raman\pigeonite\data\DUV-Mg Chloride.csv
PARENT_0893,Lab-acquired DUV spectra,duv_supervised_reference,reference_qc_excluded,Halides,K Bromide1,exclude_from_closed_set,halide_class_not_used_as_closed_set_raman_class,28.45846323284231,3,0.9999412401957868,0.005253260789680534,0.0,,d:\dyt\raman\pigeonite\augmented_tongyi_physics4\DUV-K Bromide1.csv
PARENT_0906,Lab-acquired DUV spectra,duv_supervised_reference,reference_qc_excluded,Halides,Ca Chloride1,exclude_from_closed_set,halide_class_not_used_as_closed_set_raman_class,96.84052969686377,2,0.9999999999990135,0.0008245652286532467,0.0,,d:\dyt\raman\pigeonite\augmented_tongyi_physics4\DUV-Ca Chloride1.csv
PARENT_0907,Lab-acquired DUV spectra,duv_supervised_reference,reference_qc_excluded,Halides,Halite1,exclude_from_closed_set,halide_class_not_used_as_closed_set_raman_class,6.2902767427134,193,0.9777260023297063,0.006382775616120457,0.0,,d:\dyt\raman\pigeonite\augmented_tongyi_physics4\DUV-Halite1.csv
PARENT_0908,Lab-acquired DUV spectra,duv_supervised_reference,reference_qc_excluded,Halides,Mg Chloride1,exclude_from_closed_set,halide_class_not_used_as_closed_set_raman_class,104.49127009779433,1,0.9999999999990767,0.0005941465767543509,0.0,,d:\dyt\raman\pigeonite\augmented_tongyi_physics4\DUV-Mg Chloride1.csv
PARENT_0909,Lab-acquired DUV spectra,duv_supervised_reference,reference_qc_excluded,Halides,K Bromide1,exclude_from_closed_set,halide_class_not_used_as_closed_set_raman_class,28.45846323284231,3,0.9999412401957868,0.005253260789680534,0.0,,d:\dyt\raman\pigeonite\augmented_tongyi_physics4\DUV-K Bromide1.csv
PARENT_0910,Lab-acquired DUV spectra,duv_supervised_reference,reference_qc_excluded,Halides,Ammonium Chloride1,exclude_from_closed_set,halide_class_not_used_as_closed_set_raman_class,86.81486972130526,3,0.9999999999992517,0.0006545458262964,0.0,,d:\dyt\raman\pigeonite\augmented_tongyi_physics4\DUV-Ammonium Chloride1.csv
PARENT_0851,Lab-acquired DUV spectra,duv_supervised_reference,test,K-Feldspar,Microcline,main_training_keep,passes_provenance_and_spectral_quality_checks,146.9345050729379,23,0.8064321232762808,0.062375019689056434,0.0054611650485436895,,d:\dyt\raman\pigeonite\data\DUV-Microcline.csv
PARENT_0861,Lab-acquired DUV spectra,duv_supervised_reference,val,K-Feldspar,Orthoclase,main_training_keep,passes_provenance_and_spectral_quality_checks,27.218815766476848,9,0.8535109870214878,0.02588217595328733,0.0,,d:\dyt\raman\pigeonite\data\DUV-Orthoclase.csv
PARENT_0918,Lab-acquired DUV spectra,duv_supervised_reference,train,K-Feldspar,Microline1,main_training_keep,passes_provenance_and_spectral_quality_checks,41.06277249623175,2,0.9971555355217557,0.0015846306716904605,0.0,,d:\dyt\raman\pigeonite\augmented_tongyi_physics4\DUV-Microline1.csv
PARENT_0919,Lab-acquired DUV spectra,duv_supervised_reference,train,K-Feldspar,Orthoclase1,main_training_keep,passes_provenance_and_spectral_quality_checks,40.406901398231454,2,0.9974504069685185,0.0008627885126573622,0.0,,d:\dyt\raman\pigeonite\augmented_tongyi_physics4\DUV-Orthoclase1.csv
PARENT_0818,Lab-acquired DUV spectra,duv_supervised_reference,train,Mica,Biotite,main_training_keep,passes_provenance_and_spectral_quality_checks,61.17194696871985,4,0.9999999999999921,0.04089611471955238,0.017467248908296942,,d:\dyt\raman\pigeonite\data\DUV-Biotite.csv
PARENT_0853,Lab-acquired DUV spectra,duv_supervised_reference,train,Mica,Muscovite,main_training_keep,passes_provenance_and_spectral_quality_checks,37.41456745241091,3,0.983448834122779,0.04590935187590301,0.005649717514124294,,d:\dyt\raman\pigeonite\data\DUV-Muscovite.csv
PARENT_0877,Lab-acquired DUV spectra,duv_supervised_reference,test,Mica,Biotite1,main_training_keep,passes_provenance_and_spectral_quality_checks,4.58491548495092,242,0.9911902063665715,0.017771167089486745,0.0,,d:\dyt\raman\pigeonite\augmented_tongyi_physics4\DUV-Biotite1.csv
PARENT_0878,Lab-acquired DUV spectra,duv_supervised_reference,train,Mica,Muscovite1,main_training_keep,passes_provenance_and_spectral_quality_checks,18.14885011840911,13,0.9999999999990257,0.004480230758843755,0.0,,d:\dyt\raman\pigeonite\augmented_tongyi_physics4\DUV-Muscovite1.csv
PARENT_0831,Lab-acquired DUV spectra,duv_supervised_reference,train,Olivine,Fayalite,main_training_keep,passes_provenance_and_spectral_quality_checks,77.26394707844598,53,0.9999999999999954,0.06936657145743012,0.0004870920603994155,,d:\dyt\raman\pigeonite\data\DUV-Fayalite.csv
PARENT_0835,Lab-acquired DUV spectra,duv_supervised_reference,train,Olivine,Forsterite,main_training_keep,passes_provenance_and_spectral_quality_checks,166.69874242699592,7,0.8004886102362274,0.045307068377921214,0.033203125,,d:\dyt\raman\pigeonite\data\DUV-Forsterite.csv
PARENT_0859,Lab-acquired DUV spectra,duv_supervised_reference,train,Olivine,Olivine,main_training_keep,passes_provenance_and_spectral_quality_checks,180.86374289561567,10,0.9999999999999956,0.0749562141724851,0.06352261790182868,,d:\dyt\raman\pigeonite\data\DUV-Olivine.csv
PARENT_0920,Lab-acquired DUV spectra,duv_supervised_reference,test,Olivine,Fayalite1,main_training_keep,passes_provenance_and_spectral_quality_checks,4.737527836191009,233,0.9426138981111015,0.026043459498537473,0.0,,d:\dyt\raman\pigeonite\augmented_tongyi_physics4\DUV-Fayalite1.csv
PARENT_0921,Lab-acquired DUV spectra,duv_supervised_reference,train,Olivine,Forsterite1,main_training_keep,passes_provenance_and_spectral_quality_checks,32.85792240407005,3,0.9932102254815816,0.0002765761445583664,0.0,,d:\dyt\raman\pigeonite\augmented_tongyi_physics4\DUV-Forsterite1.csv
PARENT_0922,Lab-acquired DUV spectra,duv_supervised_reference,val,Olivine,Olivine1,main_training_keep,passes_provenance_and_spectral_quality_checks,27.553100701766503,18,0.9962233941777369,0.0015658651129822432,0.0,,d:\dyt\raman\pigeonite\augmented_tongyi_physics4\DUV-Olivine1.csv
PARENT_0829,Lab-acquired DUV spectra,duv_supervised_reference,train,Other Silicates,Epidote,main_training_keep,passes_provenance_and_spectral_quality_checks,89.30153429816805,17,0.9999999999999958,0.06567971986520119,0.013550135501355014,,d:\dyt\raman\pigeonite\data\DUV-Epidote.csv
PARENT_0869,Lab-acquired DUV spectra,duv_supervised_reference,train,Other Silicates,Topaz,main_training_keep,passes_provenance_and_spectral_quality_checks,121.5242345764702,7,0.9999999999999953,0.04363883438671888,0.002421307506053269,,d:\dyt\raman\pigeonite\data\DUV-Topaz.csv
PARENT_0914,Lab-acquired DUV spectra,duv_supervised_reference,train,Other Silicates,Epidote1,main_training_keep,passes_provenance_and_spectral_quality_checks,4.502512411189469,247,0.9436025792139507,0.0123049660464132,0.0,,d:\dyt\raman\pigeonite\augmented_tongyi_physics4\DUV-Epidote1.csv
PARENT_0916,Lab-acquired DUV spectra,duv_supervised_reference,test,Other Silicates,Topaz1,main_training_keep,passes_provenance_and_spectral_quality_checks,40.571787272125505,3,0.9983454105561617,0.0013971260322593203,0.0,,d:\dyt\raman\pigeonite\augmented_tongyi_physics4\DUV-Topaz1.csv
PARENT_0819,Lab-acquired DUV spectra,duv_supervised_reference,train,Oxides/Hydroxides,Brucite,main_training_keep,passes_provenance_and_spectral_quality_checks,62552524699999.94,1,0.9999999999999895,0.0034982732659246288,0.0,,d:\dyt\raman\pigeonite\data\DUV-Brucite.csv
PARENT_0839,Lab-acquired DUV spectra,duv_supervised_reference,val,Oxides/Hydroxides,Hematite,main_training_keep,passes_provenance_and_spectral_quality_checks,23.219658320186944,21,0.9999999999999911,0.03374139427660228,0.0,,d:\dyt\raman\pigeonite\data\DUV-Hematite.csv
PARENT_0847,Lab-acquired DUV spectra,duv_supervised_reference,val,Oxides/Hydroxides,Manganite,main_training_keep,passes_provenance_and_spectral_quality_checks,134.32339091325994,47,0.8386925929425053,0.031013227311449156,0.007554296506137866,,d:\dyt\raman\pigeonite\data\DUV-Manganite.csv
PARENT_0911,Lab-acquired DUV spectra,duv_supervised_reference,train,Oxides/Hydroxides,Hematite1,main_training_keep,passes_provenance_and_spectral_quality_checks,4.426448282120177,263,0.9787569556016532,0.006605227807320511,0.0,,d:\dyt\raman\pigeonite\augmented_tongyi_physics4\DUV-Hematite1.csv
PARENT_0912,Lab-acquired DUV spectra,duv_supervised_reference,train,Oxides/Hydroxides,Manganite1,main_training_keep,passes_provenance_and_spectral_quality_checks,6.756371564569029,201,0.9886303767296226,0.008792658796636538,0.0,,d:\dyt\raman\pigeonite\augmented_tongyi_physics4\DUV-Manganite1.csv
PARENT_0913,Lab-acquired DUV spectra,duv_supervised_reference,train,Oxides/Hydroxides,Brucite1,main_training_keep,passes_provenance_and_spectral_quality_checks,19.685223412201665,1,0.9969066568484141,0.006254794612307462,0.0,,d:\dyt\raman\pigeonite\augmented_tongyi_physics4\DUV-Brucite1.csv
PARENT_0834,Lab-acquired DUV spectra,duv_supervised_reference,train,Phosphate,Fluorapatite,main_training_keep,passes_provenance_and_spectral_quality_checks,89.13029443740028,7,0.9999999999999907,0.029254617857631927,0.00546448087431694,,d:\dyt\raman\pigeonite\data\DUV-Fluorapatite.csv
PARENT_0891,Lab-acquired DUV spectra,duv_supervised_reference,train,Phosphate,Fluorapatite1,main_training_keep,passes_provenance_and_spectral_quality_checks,40.72394059420614,2,0.9980346024521689,0.002060648736576012,0.0,,d:\dyt\raman\pigeonite\augmented_tongyi_physics4\DUV-Fluorapatite1.csv
PARENT_0820,Lab-acquired DUV spectra,duv_supervised_reference,train,Plagioclase,Bytownite,main_training_keep,passes_provenance_and_spectral_quality_checks,146.66741698293535,33,0.9999999999999952,0.0312727936427272,0.00712719298245614,,d:\dyt\raman\pigeonite\data\DUV-Bytownite.csv
PARENT_0845,Lab-acquired DUV spectra,duv_supervised_reference,val,Plagioclase,Labradorite,main_training_keep,passes_provenance_and_spectral_quality_checks,138.65489074359695,37,0.9999999999999953,0.04600115112785074,0.006784968684759917,,d:\dyt\raman\pigeonite\data\DUV-Labradorite.csv
PARENT_0923,Lab-acquired DUV spectra,duv_supervised_reference,val,Plagioclase,Bytownite1,main_training_keep,passes_provenance_and_spectral_quality_checks,7.585554880214824,181,0.984407870575726,0.003524498924664358,0.0,,d:\dyt\raman\pigeonite\augmented_tongyi_physics4\DUV-Bytownite1.csv
PARENT_0924,Lab-acquired DUV spectra,duv_supervised_reference,train,Plagioclase,Labradorite1,main_training_keep,passes_provenance_and_spectral_quality_checks,9.383934157376377,147,0.9901274710188812,0.0034280778986377383,0.0,,d:\dyt\raman\pigeonite\augmented_tongyi_physics4\DUV-Labradorite1.csv
PARENT_0816,Lab-acquired DUV spectra,duv_supervised_reference,reference_qc_excluded,Pyroxene,Augite,manual_review_keep_in_metadata,high_cosmic_spike_or_discontinuity_fraction,176.46639088163832,36,0.7295812978986566,0.06878415641405887,0.0936936936936937,,d:\dyt\raman\pigeonite\data\DUV-Augite.csv
PARENT_0826,Lab-acquired DUV spectra,duv_supervised_reference,reference_qc_excluded,Pyroxene,Diopside,manual_review_keep_in_metadata,high_cosmic_spike_or_discontinuity_fraction,148.85254553204803,6,0.999999999999995,0.004164951165085198,0.09930715935334873,,d:\dyt\raman\pigeonite\data\DUV-Diopside.csv
PARENT_0828,Lab-acquired DUV spectra,duv_supervised_reference,train,Pyroxene,Enstatite,main_training_keep,passes_provenance_and_spectral_quality_checks,106.29953971300986,16,0.9369542813239744,0.08165861318684141,0.013025458851391355,,d:\dyt\raman\pigeonite\data\DUV-Enstatite.csv
PARENT_0838,Lab-acquired DUV spectra,duv_supervised_reference,train,Pyroxene,Hedenbergite,main_training_keep,passes_provenance_and_spectral_quality_checks,36.056464447906976,10,0.9245079570158594,0.06071224526495975,0.0031746031746031746,,d:\dyt\raman\pigeonite\data\DUV-Hedenbergite.csv
PARENT_0925,Lab-acquired DUV spectra,duv_supervised_reference,train,Pyroxene,Augite1,main_training_keep,passes_provenance_and_spectral_quality_checks,10.30291063930166,138,0.9651462471036952,0.006868714899985343,0.0,,d:\dyt\raman\pigeonite\augmented_tongyi_physics4\DUV-Augite1.csv
PARENT_0926,Lab-acquired DUV spectra,duv_supervised_reference,train,Pyroxene,Diopside1,main_training_keep,passes_provenance_and_spectral_quality_checks,11.93115659142975,125,0.9719393520151497,0.0060974960423000575,0.0,,d:\dyt\raman\pigeonite\augmented_tongyi_physics4\DUV-Diopside1.csv
PARENT_0927,Lab-acquired DUV spectra,duv_supervised_reference,train,Pyroxene,Enstatite1,main_training_keep,passes_provenance_and_spectral_quality_checks,14.17146484905198,117,0.9971432348851953,0.00184797504206869,0.0,,d:\dyt\raman\pigeonite\augmented_tongyi_physics4\DUV-Enstatite1.csv
PARENT_0928,Lab-acquired DUV spectra,duv_supervised_reference,train,Pyroxene,Hedenbergite1,main_training_keep,passes_provenance_and_spectral_quality_checks,7.1818442962742,158,0.9999999999973345,0.011194315521023276,0.0,,d:\dyt\raman\pigeonite\augmented_tongyi_physics4\DUV-Hedenbergite1.csv
PARENT_0814,Lab-acquired DUV spectra,duv_supervised_reference,val,Serpentine,Antigorite,main_training_keep,passes_provenance_and_spectral_quality_checks,119.23372861675017,32,0.9999999999999937,0.033568575038065485,0.0010683760683760685,,d:\dyt\raman\pigeonite\data\DUV-Antigorite.csv
PARENT_0864,Lab-acquired DUV spectra,duv_supervised_reference,train,Serpentine,Serpentine,main_training_keep,passes_provenance_and_spectral_quality_checks,148.8036836284753,33,0.9999999999999937,0.0638224749178753,0.0027292576419213972,,d:\dyt\raman\pigeonite\data\DUV-Serpentine.csv
PARENT_0865,Lab-acquired DUV spectra,duv_supervised_reference,test,Serpentine,Serpentinite,main_training_keep,passes_provenance_and_spectral_quality_checks,127.89485644552808,35,0.9999999999999938,0.014137491705332107,0.0016251354279523294,,d:\dyt\raman\pigeonite\data\DUV-Serpentinite.csv
PARENT_0879,Lab-acquired DUV spectra,duv_supervised_reference,train,Serpentine,Antigorite1,main_training_keep,passes_provenance_and_spectral_quality_checks,18.789851192135377,20,0.9922920366875017,0.007809389447386175,0.0,,d:\dyt\raman\pigeonite\augmented_tongyi_physics4\DUV-Antigorite1.csv
PARENT_0880,Lab-acquired DUV spectra,duv_supervised_reference,train,Serpentine,Serpentine1,main_training_keep,passes_provenance_and_spectral_quality_checks,14.053727247861133,54,0.9959262186397095,0.0011832750095324826,0.0,,d:\dyt\raman\pigeonite\augmented_tongyi_physics4\DUV-Serpentine1.csv
PARENT_0881,Lab-acquired DUV spectra,duv_supervised_reference,train,Serpentine,Serpentinite1,main_training_keep,passes_provenance_and_spectral_quality_checks,13.115774359317951,58,0.9883059854444433,0.002186410728022952,0.0,,d:\dyt\raman\pigeonite\augmented_tongyi_physics4\DUV-Serpentinite1.csv
PARENT_0860,Lab-acquired DUV spectra,duv_supervised_reference,train,Silica Phase,Opal,main_training_keep,passes_provenance_and_spectral_quality_checks,177.42026486138494,13,0.9999999999999954,0.028797559524035152,0.015340364333652923,,d:\dyt\raman\pigeonite\data\DUV-Opal.csv
PARENT_0862,Lab-acquired DUV spectra,duv_supervised_reference,train,Silica Phase,Quartz,main_training_keep,passes_provenance_and_spectral_quality_checks,144722303599999.12,8,0.9556978651459008,0.0037381763515100955,0.0,,d:\dyt\raman\pigeonite\data\DUV-Quartz.csv
PARENT_0915,Lab-acquired DUV spectra,duv_supervised_reference,val,Silica Phase,Opal1,main_training_keep,passes_provenance_and_spectral_quality_checks,10.035938111549115,138,0.999999999997151,0.0049060901779399,0.0,,d:\dyt\raman\pigeonite\augmented_tongyi_physics4\DUV-Opal1.csv
PARENT_0917,Lab-acquired DUV spectra,duv_supervised_reference,val,Silica Phase,Quartz1,main_training_keep,passes_provenance_and_spectral_quality_checks,21.399853139485842,3,0.997929947623015,0.0026886285325495875,0.0,,d:\dyt\raman\pigeonite\augmented_tongyi_physics4\DUV-Quartz1.csv
PARENT_0813,Lab-acquired DUV spectra,duv_supervised_reference,train,Sulfate,Anhydrite,main_training_keep,passes_provenance_and_spectral_quality_checks,89586312000000.22,6,0.9999999999999907,0.020809045375566326,0.0,,d:\dyt\raman\pigeonite\data\DUV-Anhydrite.csv
PARENT_0830,Lab-acquired DUV spectra,duv_supervised_reference,train,Sulfate,Epsomite,main_training_keep,passes_provenance_and_spectral_quality_checks,110108709999999.97,5,0.9999999999999909,0.002277180527106561,0.0,,d:\dyt\raman\pigeonite\data\DUV-Epsomite.csv
PARENT_0832,Lab-acquired DUV spectra,duv_supervised_reference,val,Sulfate,Fe II Sulfate,main_training_keep,passes_provenance_and_spectral_quality_checks,131.01506749932872,5,0.9999999999999908,0.00824733071724947,0.0013651877133105802,,d:\dyt\raman\pigeonite\data\DUV-Fe II Sulfate.csv
PARENT_0833,Lab-acquired DUV spectra,duv_supervised_reference,val,Sulfate,Fe III Sulfate,main_training_keep,passes_provenance_and_spectral_quality_checks,16.36847297296209,16,0.9999999999999892,0.0609850310254745,0.00516795865633075,,d:\dyt\raman\pigeonite\data\DUV-Fe III Sulfate.csv
PARENT_0836,Lab-acquired DUV spectra,duv_supervised_reference,train,Sulfate,Gypsum,main_training_keep,passes_provenance_and_spectral_quality_checks,103595887200000.11,8,0.9973268593744593,0.010117747998309336,0.0,,d:\dyt\raman\pigeonite\data\DUV-Gypsum.csv
PARENT_0844,Lab-acquired DUV spectra,duv_supervised_reference,val,Sulfate,Kieserite,main_training_keep,passes_provenance_and_spectral_quality_checks,110670955199999.98,3,0.999999999999991,0.08241662543352571,0.0,,d:\dyt\raman\pigeonite\data\DUV-Kieserite.csv
PARENT_0848,Lab-acquired DUV spectra,duv_supervised_reference,train,Sulfate,Melanterite,main_training_keep,passes_provenance_and_spectral_quality_checks,99.78510966547749,7,0.9999999999999907,0.015946612410925563,0.0019828155981493722,,d:\dyt\raman\pigeonite\data\DUV-Melanterite.csv
PARENT_0850,Lab-acquired DUV spectra,duv_supervised_reference,train,Sulfate,Mg Sulfate,main_training_keep,passes_provenance_and_spectral_quality_checks,59.140406612505316,10,0.9998329531762531,0.047827680460090206,0.01040988939492518,,d:\dyt\raman\pigeonite\data\DUV-Mg Sulfate.csv
PARENT_0854,Lab-acquired DUV spectra,duv_supervised_reference,test,Sulfate,Na Sulfate,main_training_keep,passes_provenance_and_spectral_quality_checks,71843969999999.9,3,0.98965862572058,0.00523526198774859,0.0,,d:\dyt\raman\pigeonite\data\DUV-Na Sulfate.csv
PARENT_0856,Lab-acquired DUV spectra,duv_supervised_reference,train,Sulfate,Natroalunite-jarosite,main_training_keep,passes_provenance_and_spectral_quality_checks,47.6938699959636,41,0.9999999999999901,0.027309785759911866,0.017943409247757072,,d:\dyt\raman\pigeonite\data\DUV-Natroalunite-jarosite.csv
PARENT_0857,Lab-acquired DUV spectra,duv_supervised_reference,test,Sulfate,Natroalunite,main_training_keep,passes_provenance_and_spectral_quality_checks,106204139999999.83,4,0.9999999999999909,0.013237484680066117,0.0,,d:\dyt\raman\pigeonite\data\DUV-Natroalunite.csv
PARENT_0858,Lab-acquired DUV spectra,duv_supervised_reference,train,Sulfate,Natrojarosite,main_training_keep,passes_provenance_and_spectral_quality_checks,41.65264369444076,43,0.99999999999999,0.027425422166617783,0.004467609828741623,,d:\dyt\raman\pigeonite\data\DUV-Natrojarosite.csv
PARENT_0868,Lab-acquired DUV spectra,duv_supervised_reference,train,Sulfate,Thenardite,main_training_keep,passes_provenance_and_spectral_quality_checks,85900409999999.97,2,0.998145791977774,0.007314191843861655,0.0,,d:\dyt\raman\pigeonite\data\DUV-Thenardite.csv
PARENT_0892,Lab-acquired DUV spectra,duv_supervised_reference,train,Sulfate,Anhydrite1,main_training_keep,passes_provenance_and_spectral_quality_checks,36.1302717770459,5,0.9998517255834087,0.0014318998932116777,0.0,,d:\dyt\raman\pigeonite\augmented_tongyi_physics4\DUV-Anhydrite1.csv
PARENT_0894,Lab-acquired DUV spectra,duv_supervised_reference,train,Sulfate,Epsomite1,main_training_keep,passes_provenance_and_spectral_quality_checks,55.08715914676276,6,0.9999999999990216,0.0008472444710438584,0.0,,d:\dyt\raman\pigeonite\augmented_tongyi_physics4\DUV-Epsomite1.csv
PARENT_0895,Lab-acquired DUV spectra,duv_supervised_reference,train,Sulfate,Gypsum1,main_training_keep,passes_provenance_and_spectral_quality_checks,46.23704237046742,5,0.9976993346891461,0.0016468807393832717,0.0,,d:\dyt\raman\pigeonite\augmented_tongyi_physics4\DUV-Gypsum1.csv
PARENT_0896,Lab-acquired DUV spectra,duv_supervised_reference,val,Sulfate,Fe III Sulfate1,main_training_keep,passes_provenance_and_spectral_quality_checks,4.635104328092401,240,0.9670193790812622,0.010419359335432235,0.0,,d:\dyt\raman\pigeonite\augmented_tongyi_physics4\DUV-Fe III Sulfate1.csv
PARENT_0897,Lab-acquired DUV spectra,duv_supervised_reference,train,Sulfate,Fe II Sulfate1,main_training_keep,passes_provenance_and_spectral_quality_checks,18.386696795292647,43,0.9999999999990103,0.003887262245344681,0.0,,d:\dyt\raman\pigeonite\augmented_tongyi_physics4\DUV-Fe II Sulfate1.csv
PARENT_0898,Lab-acquired DUV spectra,duv_supervised_reference,train,Sulfate,Kieserite1,main_training_keep,passes_provenance_and_spectral_quality_checks,52.18540436462885,5,0.9999999999990125,0.0032244410125773426,0.0,,d:\dyt\raman\pigeonite\augmented_tongyi_physics4\DUV-Kieserite1.csv
PARENT_0899,Lab-acquired DUV spectra,duv_supervised_reference,train,Sulfate,Mg Sulfate1,main_training_keep,passes_provenance_and_spectral_quality_checks,70.91487837394378,4,0.9999999999992557,0.0016699290050297651,0.0,,d:\dyt\raman\pigeonite\augmented_tongyi_physics4\DUV-Mg Sulfate1.csv
PARENT_0900,Lab-acquired DUV spectra,duv_supervised_reference,train,Sulfate,Melanterite1,main_training_keep,passes_provenance_and_spectral_quality_checks,42.87541782844869,5,0.999999999999048,0.003840294791062121,0.0,,d:\dyt\raman\pigeonite\augmented_tongyi_physics4\DUV-Melanterite1.csv
PARENT_0901,Lab-acquired DUV spectra,duv_supervised_reference,test,Sulfate,Natroalunite1,main_training_keep,passes_provenance_and_spectral_quality_checks,36.85819545422776,4,0.9999999999990158,0.0010087966477256706,0.0,,d:\dyt\raman\pigeonite\augmented_tongyi_physics4\DUV-Natroalunite1.csv
PARENT_0902,Lab-acquired DUV spectra,duv_supervised_reference,train,Sulfate,Natroalunite-Jarosite1,main_training_keep,passes_provenance_and_spectral_quality_checks,4.692006990616208,260,0.8701884596067367,0.014657282203181462,0.0,,d:\dyt\raman\pigeonite\augmented_tongyi_physics4\DUV-Natroalunite-Jarosite1.csv
PARENT_0903,Lab-acquired DUV spectra,duv_supervised_reference,train,Sulfate,Natrojarosite1,main_training_keep,passes_provenance_and_spectral_quality_checks,4.366444316960008,254,0.9999999999934124,0.018832950313550836,0.0,,d:\dyt\raman\pigeonite\augmented_tongyi_physics4\DUV-Natrojarosite1.csv
PARENT_0904,Lab-acquired DUV spectra,duv_supervised_reference,train,Sulfate,Na Sulfate1,main_training_keep,passes_provenance_and_spectral_quality_checks,33.78415147116531,2,0.9999999999990115,0.0008793105373078501,0.0,,d:\dyt\raman\pigeonite\augmented_tongyi_physics4\DUV-Na Sulfate1.csv
PARENT_0905,Lab-acquired DUV spectra,duv_supervised_reference,train,Sulfate,Thenardite1,main_training_keep,passes_provenance_and_spectral_quality_checks,38.47142071822115,3,0.9963047671447618,0.0031203713773939406,0.0,,d:\dyt\raman\pigeonite\augmented_tongyi_physics4\DUV-Thenardite1.csv
PARENT_0944,Lab-acquired DUV spectra,duv_supervised_reference,test,Sulfate,Barite,main_training_keep,passes_provenance_and_spectral_quality_checks,55194914399999.91,4,0.9999999999999906,0.012182534977289997,0.0,,d:\dyt\raman\pigeonite\data\DUV-Barite.csv
PARENT_0943,Martian meteorite spectra,meteorite_supervised_reference,train,Glass,Basaltic Glass,main_training_keep,passes_provenance_and_spectral_quality_checks,41.636468058285004,8,0.9999999999999953,0.5772267676390095,0.0,,d:\dyt\raman\pigeonite\data\pl-g.csv
MARTIAN_METEORITE_MENDELEY_C6T3V22X2X_ILMENITE,Martian meteorite spectra,meteorite_supervised_reference,train,Oxides/Hydroxides,Ilmenite,main_training_keep,passes_provenance_and_spectral_quality_checks,36.83839058857398,5,0.999999999999996,0.09400063926503051,0.0,,D:\dyt\raman\pigeonite\publication_repo\data\spectra\martian_meteorite_mendeley\MARTIAN_METEORITE_MENDELEY_C6T3V22X2X_ILMENITE.csv
MARTIAN_METEORITE_MENDELEY_C6T3V22X2X_MAGNETITE,Martian meteorite spectra,meteorite_supervised_reference,train,Oxides/Hydroxides,Magnetite,main_training_keep,passes_provenance_and_spectral_quality_checks,60.92591221674874,4,0.9999999999999983,0.11332525952042938,0.0,,D:\dyt\raman\pigeonite\publication_repo\data\spectra\martian_meteorite_mendeley\MARTIAN_METEORITE_MENDELEY_C6T3V22X2X_MAGNETITE.csv
MARTIAN_METEORITE_MENDELEY_C6T3V22X2X_TITANOMAGNETITE,Martian meteorite spectra,meteorite_supervised_reference,train,Oxides/Hydroxides,Titanomagnetite,main_training_keep,passes_provenance_and_spectral_quality_checks,55.330415575601286,4,0.9999999999999977,0.1100774781212276,0.0,,D:\dyt\raman\pigeonite\publication_repo\data\spectra\martian_meteorite_mendeley\MARTIAN_METEORITE_MENDELEY_C6T3V22X2X_TITANOMAGNETITE.csv
PARENT_0940,Martian meteorite spectra,meteorite_supervised_reference,val,Oxides/Hydroxides,Ilmenite,main_training_keep,passes_provenance_and_spectral_quality_checks,17.64041203254125,20,0.5888698084226438,0.07266974203762032,0.0,,d:\dyt\raman\pigeonite\data\kuang.csv
PARENT_0941,Martian meteorite spectra,meteorite_supervised_reference,test,Oxides/Hydroxides,Ilmenite,main_training_keep,passes_provenance_and_spectral_quality_checks,17.64041203254125,20,0.5888698084226438,0.07266974203762032,0.0,,d:\dyt\raman\pigeonite\data\kuang2.csv
PARENT_0942,Martian meteorite spectra,meteorite_supervised_reference,train,Pyroxene,Augite,main_training_keep,passes_provenance_and_spectral_quality_checks,39.59962662431834,12,0.5480473617544543,0.26108287545725345,0.0,,d:\dyt\raman\pigeonite\data\py.csv
SAU008_SS__0027_0669333411_470RRS__0030792SRLC15030WT08CGNJ02_REGION_1_MEAN,SHERLOC calibration target Mars meteorite SaU 008,duv_domain_adaptation_bulk_unlabeled,domain_adaptation_only,,,main_training_keep,passes_provenance_and_spectral_quality_checks,17259.022186076272,0,0.0,0.46656454548712334,0.0,,data/sherloc_sau008_calibration/mean_spectra/SAU008_SS__0027_0669333411_470RRS__0030792SRLC15030WT08CGNJ02_REGION_1_MEAN.csv
SAU008_SS__0027_0669333411_470RRS__0030792SRLC15030WT08CGNJ02_REGION_2_MEAN,SHERLOC calibration target Mars meteorite SaU 008,duv_domain_adaptation_bulk_unlabeled,domain_adaptation_only,,,main_training_keep,passes_provenance_and_spectral_quality_checks,17259.022186076272,0,0.0,0.46656454548712334,0.0,,data/sherloc_sau008_calibration/mean_spectra/SAU008_SS__0027_0669333411_470RRS__0030792SRLC15030WT08CGNJ02_REGION_2_MEAN.csv
SAU008_SS__0027_0669333411_470RRS__0030792SRLC15030WT08CGNJ02_REGION_3_MEAN,SHERLOC calibration target Mars meteorite SaU 008,duv_domain_adaptation_bulk_unlabeled,domain_adaptation_only,,,main_training_keep,passes_provenance_and_spectral_quality_checks,17259.022186076272,0,0.0,0.46656454548712334,0.0,,data/sherloc_sau008_calibration/mean_spectra/SAU008_SS__0027_0669333411_470RRS__0030792SRLC15030WT08CGNJ02_REGION_3_MEAN.csv
SAU008_SS__0027_0669334004_815RRS__0030792SRLC15030BT08ZPZJ04_REGION_1_MEAN,SHERLOC calibration target Mars meteorite SaU 008,duv_domain_adaptation_bulk_unlabeled,domain_adaptation_only,,,main_training_keep,passes_provenance_and_spectral_quality_checks,17259.022186076272,0,0.0,0.46656454548712334,0.0,,data/sherloc_sau008_calibration/mean_spectra/SAU008_SS__0027_0669334004_815RRS__0030792SRLC15030BT08ZPZJ04_REGION_1_MEAN.csv
SAU008_SS__0027_0669334004_815RRS__0030792SRLC15030BT08ZPZJ04_REGION_2_MEAN,SHERLOC calibration target Mars meteorite SaU 008,duv_domain_adaptation_bulk_unlabeled,domain_adaptation_only,,,main_training_keep,passes_provenance_and_spectral_quality_checks,17259.022186076272,0,0.0,0.46656454548712334,0.0,,data/sherloc_sau008_calibration/mean_spectra/SAU008_SS__0027_0669334004_815RRS__0030792SRLC15030BT08ZPZJ04_REGION_2_MEAN.csv
SAU008_SS__0027_0669334004_815RRS__0030792SRLC15030BT08ZPZJ04_REGION_3_MEAN,SHERLOC calibration target Mars meteorite SaU 008,duv_domain_adaptation_bulk_unlabeled,domain_adaptation_only,,,main_training_keep,passes_provenance_and_spectral_quality_checks,17259.022186076272,0,0.0,0.46656454548712334,0.0,,data/sherloc_sau008_calibration/mean_spectra/SAU008_SS__0027_0669334004_815RRS__0030792SRLC15030BT08ZPZJ04_REGION_3_MEAN.csv
SAU008_SS__0027_0669334187_615RRS__0030792SRLC15030BT08ZPZJ02_REGION_1_MEAN,SHERLOC calibration target Mars meteorite SaU 008,duv_domain_adaptation_bulk_unlabeled,domain_adaptation_only,,,main_training_keep,passes_provenance_and_spectral_quality_checks,17259.022186076272,0,0.0,0.46656454548712334,0.0,,data/sherloc_sau008_calibration/mean_spectra/SAU008_SS__0027_0669334187_615RRS__0030792SRLC15030BT08ZPZJ02_REGION_1_MEAN.csv
SAU008_SS__0027_0669334187_615RRS__0030792SRLC15030BT08ZPZJ02_REGION_2_MEAN,SHERLOC calibration target Mars meteorite SaU 008,duv_domain_adaptation_bulk_unlabeled,domain_adaptation_only,,,main_training_keep,passes_provenance_and_spectral_quality_checks,17259.022186076272,0,0.0,0.46656454548712334,0.0,,data/sherloc_sau008_calibration/mean_spectra/SAU008_SS__0027_0669334187_615RRS__0030792SRLC15030BT08ZPZJ02_REGION_2_MEAN.csv
SAU008_SS__0027_0669334187_615RRS__0030792SRLC15030BT08ZPZJ02_REGION_3_MEAN,SHERLOC calibration target Mars meteorite SaU 008,duv_domain_adaptation_bulk_unlabeled,domain_adaptation_only,,,main_training_keep,passes_provenance_and_spectral_quality_checks,17259.022186076272,0,0.0,0.46656454548712334,0.0,,data/sherloc_sau008_calibration/mean_spectra/SAU008_SS__0027_0669334187_615RRS__0030792SRLC15030BT08ZPZJ02_REGION_3_MEAN.csv
SAU008_SS__0059_0672193298_545RRS__0032046SRLC15030WT08CGNJ02_REGION_1_MEAN,SHERLOC calibration target Mars meteorite SaU 008,duv_domain_adaptation_bulk_unlabeled,domain_adaptation_only,,,main_training_keep,passes_provenance_and_spectral_quality_checks,17259.022186076272,0,0.0,0.46656454548712334,0.0,,data/sherloc_sau008_calibration/mean_spectra/SAU008_SS__0059_0672193298_545RRS__0032046SRLC15030WT08CGNJ02_REGION_1_MEAN.csv
SAU008_SS__0059_0672193298_545RRS__0032046SRLC15030WT08CGNJ02_REGION_2_MEAN,SHERLOC calibration target Mars meteorite SaU 008,duv_domain_adaptation_bulk_unlabeled,domain_adaptation_only,,,main_training_keep,passes_provenance_and_spectral_quality_checks,17259.022186076272,0,0.0,0.46656454548712334,0.0,,data/sherloc_sau008_calibration/mean_spectra/SAU008_SS__0059_0672193298_545RRS__0032046SRLC15030WT08CGNJ02_REGION_2_MEAN.csv
SAU008_SS__0059_0672193298_545RRS__0032046SRLC15030WT08CGNJ02_REGION_3_MEAN,SHERLOC calibration target Mars meteorite SaU 008,duv_domain_adaptation_bulk_unlabeled,domain_adaptation_only,,,main_training_keep,passes_provenance_and_spectral_quality_checks,17259.022186076272,0,0.0,0.46656454548712334,0.0,,data/sherloc_sau008_calibration/mean_spectra/SAU008_SS__0059_0672193298_545RRS__0032046SRLC15030WT08CGNJ02_REGION_3_MEAN.csv
SAU008_SS__0059_0672193904_885RRS__0032046SRLC15030BT08ZPZJ04_REGION_1_MEAN,SHERLOC calibration target Mars meteorite SaU 008,duv_domain_adaptation_bulk_unlabeled,domain_adaptation_only,,,main_training_keep,passes_provenance_and_spectral_quality_checks,17259.022186076272,0,0.0,0.46656454548712334,0.0,,data/sherloc_sau008_calibration/mean_spectra/SAU008_SS__0059_0672193904_885RRS__0032046SRLC15030BT08ZPZJ04_REGION_1_MEAN.csv
SAU008_SS__0059_0672193904_885RRS__0032046SRLC15030BT08ZPZJ04_REGION_2_MEAN,SHERLOC calibration target Mars meteorite SaU 008,duv_domain_adaptation_bulk_unlabeled,domain_adaptation_only,,,main_training_keep,passes_provenance_and_spectral_quality_checks,17259.022186076272,0,0.0,0.46656454548712334,0.0,,data/sherloc_sau008_calibration/mean_spectra/SAU008_SS__0059_0672193904_885RRS__0032046SRLC15030BT08ZPZJ04_REGION_2_MEAN.csv
SAU008_SS__0059_0672193904_885RRS__0032046SRLC15030BT08ZPZJ04_REGION_3_MEAN,SHERLOC calibration target Mars meteorite SaU 008,duv_domain_adaptation_bulk_unlabeled,domain_adaptation_only,,,main_training_keep,passes_provenance_and_spectral_quality_checks,17259.022186076272,0,0.0,0.46656454548712334,0.0,,data/sherloc_sau008_calibration/mean_spectra/SAU008_SS__0059_0672193904_885RRS__0032046SRLC15030BT08ZPZJ04_REGION_3_MEAN.csv
SAU008_SS__0059_0672194117_090RRS__0032046SRLC15030BT08ZPZJ04_REGION_1_MEAN,SHERLOC calibration target Mars meteorite SaU 008,duv_domain_adaptation_bulk_unlabeled,domain_adaptation_only,,,main_training_keep,passes_provenance_and_spectral_quality_checks,17259.022186076272,0,0.0,0.46656454548712334,0.0,,data/sherloc_sau008_calibration/mean_spectra/SAU008_SS__0059_0672194117_090RRS__0032046SRLC15030BT08ZPZJ04_REGION_1_MEAN.csv
SAU008_SS__0059_0672194117_090RRS__0032046SRLC15030BT08ZPZJ04_REGION_2_MEAN,SHERLOC calibration target Mars meteorite SaU 008,duv_domain_adaptation_bulk_unlabeled,domain_adaptation_only,,,main_training_keep,passes_provenance_and_spectral_quality_checks,17259.022186076272,0,0.0,0.46656454548712334,0.0,,data/sherloc_sau008_calibration/mean_spectra/SAU008_SS__0059_0672194117_090RRS__0032046SRLC15030BT08ZPZJ04_REGION_2_MEAN.csv
SAU008_SS__0059_0672194117_090RRS__0032046SRLC15030BT08ZPZJ04_REGION_3_MEAN,SHERLOC calibration target Mars meteorite SaU 008,duv_domain_adaptation_bulk_unlabeled,domain_adaptation_only,,,main_training_keep,passes_provenance_and_spectral_quality_checks,17259.022186076272,0,0.0,0.46656454548712334,0.0,,data/sherloc_sau008_calibration/mean_spectra/SAU008_SS__0059_0672194117_090RRS__0032046SRLC15030BT08ZPZJ04_REGION_3_MEAN.csv
SAU008_SS__0181_0683036054_955RRS__0070000SRLC15031W108CGNJ03_REGION_1_MEAN,SHERLOC calibration target Mars meteorite SaU 008,duv_domain_adaptation_bulk_unlabeled,domain_adaptation_only,,,main_training_keep,passes_provenance_and_spectral_quality_checks,17250.427781520164,0,0.0,0.4667579957565269,0.0004657661853749418,,data/sherloc_sau008_calibration/mean_spectra/SAU008_SS__0181_0683036054_955RRS__0070000SRLC15031W108CGNJ03_REGION_1_MEAN.csv
SAU008_SS__0181_0683036054_955RRS__0070000SRLC15031W108CGNJ03_REGION_2_MEAN,SHERLOC calibration target Mars meteorite SaU 008,duv_domain_adaptation_bulk_unlabeled,domain_adaptation_only,,,main_training_keep,passes_provenance_and_spectral_quality_checks,17250.427781520164,0,0.0,0.4667579957565269,0.0004657661853749418,,data/sherloc_sau008_calibration/mean_spectra/SAU008_SS__0181_0683036054_955RRS__0070000SRLC15031W108CGNJ03_REGION_2_MEAN.csv
SAU008_SS__0181_0683036054_955RRS__0070000SRLC15031W108CGNJ03_REGION_3_MEAN,SHERLOC calibration target Mars meteorite SaU 008,duv_domain_adaptation_bulk_unlabeled,domain_adaptation_only,,,main_training_keep,passes_provenance_and_spectral_quality_checks,17250.427781520164,0,0.0,0.4667579957565269,0.0004657661853749418,,data/sherloc_sau008_calibration/mean_spectra/SAU008_SS__0181_0683036054_955RRS__0070000SRLC15031W108CGNJ03_REGION_3_MEAN.csv
SAU008_SS__0181_0683036862_175RRS__0070000SRLC15031B108ZPZJ03_REGION_1_MEAN,SHERLOC calibration target Mars meteorite SaU 008,duv_domain_adaptation_bulk_unlabeled,domain_adaptation_only,,,main_training_keep,passes_provenance_and_spectral_quality_checks,17250.427781520164,0,0.0,0.4667579957565269,0.0004657661853749418,,data/sherloc_sau008_calibration/mean_spectra/SAU008_SS__0181_0683036862_175RRS__0070000SRLC15031B108ZPZJ03_REGION_1_MEAN.csv
SAU008_SS__0181_0683036862_175RRS__0070000SRLC15031B108ZPZJ03_REGION_2_MEAN,SHERLOC calibration target Mars meteorite SaU 008,duv_domain_adaptation_bulk_unlabeled,domain_adaptation_only,,,main_training_keep,passes_provenance_and_spectral_quality_checks,17250.427781520164,0,0.0,0.4667579957565269,0.0004657661853749418,,data/sherloc_sau008_calibration/mean_spectra/SAU008_SS__0181_0683036862_175RRS__0070000SRLC15031B108ZPZJ03_REGION_2_MEAN.csv
SAU008_SS__0181_0683036862_175RRS__0070000SRLC15031B108ZPZJ03_REGION_3_MEAN,SHERLOC calibration target Mars meteorite SaU 008,duv_domain_adaptation_bulk_unlabeled,domain_adaptation_only,,,main_training_keep,passes_provenance_and_spectral_quality_checks,17250.427781520164,0,0.0,0.4667579957565269,0.0004657661853749418,,data/sherloc_sau008_calibration/mean_spectra/SAU008_SS__0181_0683036862_175RRS__0070000SRLC15031B108ZPZJ03_REGION_3_MEAN.csv
SAU008_SS__0181_0683037017_955RRS__0070000SRLC15030WT08CGNJ06_REGION_1_MEAN,SHERLOC calibration target Mars meteorite SaU 008,duv_domain_adaptation_bulk_unlabeled,domain_adaptation_only,,,main_training_keep,passes_provenance_and_spectral_quality_checks,17250.427781520164,0,0.0,0.4667579957565269,0.0004657661853749418,,data/sherloc_sau008_calibration/mean_spectra/SAU008_SS__0181_0683037017_955RRS__0070000SRLC15030WT08CGNJ06_REGION_1_MEAN.csv
SAU008_SS__0181_0683037017_955RRS__0070000SRLC15030WT08CGNJ06_REGION_2_MEAN,SHERLOC calibration target Mars meteorite SaU 008,duv_domain_adaptation_bulk_unlabeled,domain_adaptation_only,,,main_training_keep,passes_provenance_and_spectral_quality_checks,17250.427781520164,0,0.0,0.4667579957565269,0.0004657661853749418,,data/sherloc_sau008_calibration/mean_spectra/SAU008_SS__0181_0683037017_955RRS__0070000SRLC15030WT08CGNJ06_REGION_2_MEAN.csv
SAU008_SS__0181_0683037017_955RRS__0070000SRLC15030WT08CGNJ06_REGION_3_MEAN,SHERLOC calibration target Mars meteorite SaU 008,duv_domain_adaptation_bulk_unlabeled,domain_adaptation_only,,,main_training_keep,passes_provenance_and_spectral_quality_checks,17250.427781520164,0,0.0,0.4667579957565269,0.0004657661853749418,,data/sherloc_sau008_calibration/mean_spectra/SAU008_SS__0181_0683037017_955RRS__0070000SRLC15030WT08CGNJ06_REGION_3_MEAN.csv
SAU008_SS__0181_0683038102_720RRS__0070000SRLC15030BT08ZPZJ03_REGION_1_MEAN,SHERLOC calibration target Mars meteorite SaU 008,duv_domain_adaptation_bulk_unlabeled,domain_adaptation_only,,,main_training_keep,passes_provenance_and_spectral_quality_checks,17250.427781520164,0,0.0,0.4667579957565269,0.0004657661853749418,,data/sherloc_sau008_calibration/mean_spectra/SAU008_SS__0181_0683038102_720RRS__0070000SRLC15030BT08ZPZJ03_REGION_1_MEAN.csv
SAU008_SS__0181_0683038102_720RRS__0070000SRLC15030BT08ZPZJ03_REGION_2_MEAN,SHERLOC calibration target Mars meteorite SaU 008,duv_domain_adaptation_bulk_unlabeled,domain_adaptation_only,,,main_training_keep,passes_provenance_and_spectral_quality_checks,17250.427781520164,0,0.0,0.4667579957565269,0.0004657661853749418,,data/sherloc_sau008_calibration/mean_spectra/SAU008_SS__0181_0683038102_720RRS__0070000SRLC15030BT08ZPZJ03_REGION_2_MEAN.csv
SAU008_SS__0181_0683038102_720RRS__0070000SRLC15030BT08ZPZJ03_REGION_3_MEAN,SHERLOC calibration target Mars meteorite SaU 008,duv_domain_adaptation_bulk_unlabeled,domain_adaptation_only,,,main_training_keep,passes_provenance_and_spectral_quality_checks,17250.427781520164,0,0.0,0.4667579957565269,0.0004657661853749418,,data/sherloc_sau008_calibration/mean_spectra/SAU008_SS__0181_0683038102_720RRS__0070000SRLC15030BT08ZPZJ03_REGION_3_MEAN.csv
SAU008_SS__0712_0730187824_430RRS__0332864SRLC15030WT08CGNJ01_REGION_1_MEAN,SHERLOC calibration target Mars meteorite SaU 008,duv_domain_adaptation_bulk_unlabeled,domain_adaptation_only,,,main_training_keep,passes_provenance_and_spectral_quality_checks,17250.427781520164,0,0.0,0.4667579957565269,0.0004657661853749418,,data/sherloc_sau008_calibration/mean_spectra/SAU008_SS__0712_0730187824_430RRS__0332864SRLC15030WT08CGNJ01_REGION_1_MEAN.csv
SAU008_SS__0712_0730187824_430RRS__0332864SRLC15030WT08CGNJ01_REGION_2_MEAN,SHERLOC calibration target Mars meteorite SaU 008,duv_domain_adaptation_bulk_unlabeled,domain_adaptation_only,,,main_training_keep,passes_provenance_and_spectral_quality_checks,17250.427781520164,0,0.0,0.4667579957565269,0.0004657661853749418,,data/sherloc_sau008_calibration/mean_spectra/SAU008_SS__0712_0730187824_430RRS__0332864SRLC15030WT08CGNJ01_REGION_2_MEAN.csv
SAU008_SS__0712_0730187824_430RRS__0332864SRLC15030WT08CGNJ01_REGION_3_MEAN,SHERLOC calibration target Mars meteorite SaU 008,duv_domain_adaptation_bulk_unlabeled,domain_adaptation_only,,,main_training_keep,passes_provenance_and_spectral_quality_checks,17250.427781520164,0,0.0,0.4667579957565269,0.0004657661853749418,,data/sherloc_sau008_calibration/mean_spectra/SAU008_SS__0712_0730187824_430RRS__0332864SRLC15030WT08CGNJ01_REGION_3_MEAN.csv
SAU008_SS__0712_0730188676_000RRS__0332864SRLC15030BT08ZPZJ01_REGION_1_MEAN,SHERLOC calibration target Mars meteorite SaU 008,duv_domain_adaptation_bulk_unlabeled,domain_adaptation_only,,,main_training_keep,passes_provenance_and_spectral_quality_checks,17250.427781520164,0,0.0,0.4667579957565269,0.0004657661853749418,,data/sherloc_sau008_calibration/mean_spectra/SAU008_SS__0712_0730188676_000RRS__0332864SRLC15030BT08ZPZJ01_REGION_1_MEAN.csv
SAU008_SS__0712_0730188676_000RRS__0332864SRLC15030BT08ZPZJ01_REGION_2_MEAN,SHERLOC calibration target Mars meteorite SaU 008,duv_domain_adaptation_bulk_unlabeled,domain_adaptation_only,,,main_training_keep,passes_provenance_and_spectral_quality_checks,17250.427781520164,0,0.0,0.4667579957565269,0.0004657661853749418,,data/sherloc_sau008_calibration/mean_spectra/SAU008_SS__0712_0730188676_000RRS__0332864SRLC15030BT08ZPZJ01_REGION_2_MEAN.csv
SAU008_SS__0712_0730188676_000RRS__0332864SRLC15030BT08ZPZJ01_REGION_3_MEAN,SHERLOC calibration target Mars meteorite SaU 008,duv_domain_adaptation_bulk_unlabeled,domain_adaptation_only,,,main_training_keep,passes_provenance_and_spectral_quality_checks,17250.427781520164,0,0.0,0.4667579957565269,0.0004657661853749418,,data/sherloc_sau008_calibration/mean_spectra/SAU008_SS__0712_0730188676_000RRS__0332864SRLC15030BT08ZPZJ01_REGION_3_MEAN.csv
PARENT_0783,SHERLOC in-situ Mars 2020,duv_sherloc_labeled_external_validation,sherloc_external_validation,Phosphate,Phosphate,main_training_keep,passes_provenance_and_spectral_quality_checks,12.43088864746663,68,0.9862722741408977,0.003282355418033741,0.0009770395701025891,,d:\dyt\raman\pigeonite\augmented_tongyi_physics4\ss__0186_0683477446_620rrs__0070000srlc10500w208cgnj04_Region1_Raman-89.csv
PARENT_0780,SHERLOC in-situ Mars 2020,duv_sherloc_labeled_external_validation,sherloc_external_validation,Sulfate,Anhydrite,main_training_keep,passes_provenance_and_spectral_quality_checks,7.4399151339739715,130,0.9999999999999982,0.007510747276885455,0.0,,d:\dyt\raman\pigeonite\augmented_tongyi_physics4\ss__0186_0683477446_620rrs__0070000srlc10500w208cgnj04_Region1_Raman-28.csv
PARENT_0781,SHERLOC in-situ Mars 2020,duv_sherloc_labeled_external_validation,sherloc_external_validation,Sulfate,Anhydrite,main_training_keep,passes_provenance_and_spectral_quality_checks,7.143128343036314,127,0.999999999999998,0.026954288743653198,0.0009770395701025891,,d:\dyt\raman\pigeonite\augmented_tongyi_physics4\ss__0186_0683477446_620rrs__0070000srlc10500w208cgnj04_Region1_Raman-17.csv
PARENT_0782,SHERLOC in-situ Mars 2020,duv_sherloc_labeled_external_validation,sherloc_external_validation,Sulfate,Anhydrite,main_training_keep,passes_provenance_and_spectral_quality_checks,7.603800915396816,156,0.9488035683094576,0.018874313473717604,0.0,,d:\dyt\raman\pigeonite\augmented_tongyi_physics4\ss__0186_0683477446_620rrs__0070000srlc10500w208cgnj04_Region1_Raman-83.csv
PARENT_0784,SHERLOC in-situ Mars 2020,duv_sherloc_labeled_external_validation,sherloc_external_validation,Sulfate,Gypsum,main_training_keep,passes_provenance_and_spectral_quality_checks,13.178395430088564,65,0.9378337889255631,0.03730168594739824,0.0004885197850512946,,d:\dyt\raman\pigeonite\augmented_tongyi_physics4\ss__0304_0693963943_980rrs__0090000srlc11374w108cgnj02_Region1_Raman-19.csv
PARENT_0785,SHERLOC in-situ Mars 2020,duv_sherloc_labeled_external_validation,sherloc_external_validation,Sulfate,Gypsum,main_training_keep,passes_provenance_and_spectral_quality_checks,12.036473285410995,74,0.9999999999999992,0.008481559789736855,0.0,,d:\dyt\raman\pigeonite\augmented_tongyi_physics4\ss__0304_0693963943_980rrs__0090000srlc11374w108cgnj02_Region1_Raman-20.csv
PARENT_0786,SHERLOC in-situ Mars 2020,duv_sherloc_labeled_external_validation,sherloc_external_validation,Sulfate,Gypsum,main_training_keep,passes_provenance_and_spectral_quality_checks,8.504747382383107,95,0.9999999999999989,0.024129373816750885,0.0,,d:\dyt\raman\pigeonite\augmented_tongyi_physics4\ss__0304_0693963943_980rrs__0090000srlc11374w108cgnj02_Region1_Raman-27.csv
PARENT_0787,SHERLOC in-situ Mars 2020,duv_sherloc_labeled_external_validation,sherloc_external_validation,Sulfate,Gypsum,main_training_keep,passes_provenance_and_spectral_quality_checks,7.73305575944103,112,0.9415687178945598,0.02389685264698999,0.0004885197850512946,,d:\dyt\raman\pigeonite\augmented_tongyi_physics4\ss__0304_0693963943_980rrs__0090000srlc11374w108cgnj02_Region1_Raman-28.csv
PARENT_0788,SHERLOC in-situ Mars 2020,duv_sherloc_labeled_external_validation,sherloc_external_validation,Sulfate,Anhydrite,main_training_keep,passes_provenance_and_spectral_quality_checks,10.396928760655541,85,0.9494344366740046,0.03812696867036809,0.0,,d:\dyt\raman\pigeonite\augmented_tongyi_physics4\ss__0304_0693963943_980rrs__0090000srlc11374w108cgnj02_Region1_Raman-29.csv
PARENT_0789,SHERLOC in-situ Mars 2020,duv_sherloc_labeled_external_validation,sherloc_external_validation,Sulfate,Gypsum,main_training_keep,passes_provenance_and_spectral_quality_checks,7.699602885468624,91,0.9855679170564775,0.019544379477225544,0.0,,d:\dyt\raman\pigeonite\augmented_tongyi_physics4\ss__0304_0693963943_980rrs__0090000srlc11374w108cgnj02_Region1_Raman-31.csv
PARENT_0790,SHERLOC in-situ Mars 2020,duv_sherloc_labeled_external_validation,sherloc_external_validation,Sulfate,Anhydrite,main_training_keep,passes_provenance_and_spectral_quality_checks,9.330853105550451,90,0.9707649445080446,0.03621844235496023,0.0,,d:\dyt\raman\pigeonite\augmented_tongyi_physics4\ss__0304_0693963943_980rrs__0090000srlc11374w108cgnj02_Region1_Raman-35.csv
PARENT_0791,SHERLOC in-situ Mars 2020,duv_sherloc_labeled_external_validation,sherloc_external_validation,Sulfate,Anhydrite,main_training_keep,passes_provenance_and_spectral_quality_checks,9.50195084766488,86,0.9402860016871077,0.028875314814353507,0.0,,d:\dyt\raman\pigeonite\augmented_tongyi_physics4\ss__0304_0693963943_980rrs__0090000srlc11374w108cgnj02_Region1_Raman-36.csv
PARENT_0792,SHERLOC in-situ Mars 2020,duv_sherloc_labeled_external_validation,sherloc_external_validation,Sulfate,Gypsum,main_training_keep,passes_provenance_and_spectral_quality_checks,16.67318547002853,60,0.9759078210261705,0.005616590055221485,0.0004885197850512946,,d:\dyt\raman\pigeonite\augmented_tongyi_physics4\ss__0304_0693963943_980rrs__0090000srlc11374w108cgnj02_Region1_Raman-40.csv
PARENT_0793,SHERLOC in-situ Mars 2020,duv_sherloc_labeled_external_validation,sherloc_external_validation,Sulfate,Bassanite,main_training_keep,passes_provenance_and_spectral_quality_checks,10.915215485284888,79,0.9999999999999992,0.005768334149104115,0.0009770395701025891,,d:\dyt\raman\pigeonite\augmented_tongyi_physics4\ss__0304_0693963943_980rrs__0090000srlc11374w108cgnj02_Region1_Raman-48.csv
PARENT_0794,SHERLOC in-situ Mars 2020,duv_sherloc_labeled_external_validation,sherloc_external_validation,Sulfate,Bassanite,main_training_keep,passes_provenance_and_spectral_quality_checks,12.392650685484973,73,0.876873937196667,0.03986137532057445,0.0,,d:\dyt\raman\pigeonite\augmented_tongyi_physics4\ss__0304_0693963943_980rrs__0090000srlc11374w108cgnj02_Region1_Raman-49.csv
PARENT_0795,SHERLOC in-situ Mars 2020,duv_sherloc_labeled_external_validation,sherloc_external_validation,Sulfate,Bassanite,main_training_keep,passes_provenance_and_spectral_quality_checks,15.974789484993305,54,0.9999999999999994,0.022712433009753414,0.0,,d:\dyt\raman\pigeonite\augmented_tongyi_physics4\ss__0304_0693963943_980rrs__0090000srlc11374w108cgnj02_Region1_Raman-50.csv
PARENT_0796,SHERLOC in-situ Mars 2020,duv_sherloc_labeled_external_validation,sherloc_external_validation,Sulfate,Gypsum,main_training_keep,passes_provenance_and_spectral_quality_checks,8.842747080814815,55,0.9999999999999999,0.029252111457550262,0.002442598925256473,,d:\dyt\raman\pigeonite\augmented_tongyi_physics4\ss__0304_0693963943_980rrs__0090000srlc11374w108cgnj02_Region1_Raman-55.csv
PARENT_0797,SHERLOC in-situ Mars 2020,duv_sherloc_labeled_external_validation,sherloc_external_validation,Sulfate,Gypsum,main_training_keep,passes_provenance_and_spectral_quality_checks,12.875175840118443,118,0.9999999999999996,0.030490646963893708,0.004885197850512946,,d:\dyt\raman\pigeonite\augmented_tongyi_physics4\ss__0304_0693963943_980rrs__0090000srlc11374w108cgnj02_Region1_Raman-57.csv
PARENT_0798,SHERLOC in-situ Mars 2020,duv_sherloc_labeled_external_validation,sherloc_external_validation,Sulfate,Bassanite,main_training_keep,passes_provenance_and_spectral_quality_checks,15.105217407139756,101,0.9999999999999997,0.0722974345930011,0.010258915486077186,,d:\dyt\raman\pigeonite\augmented_tongyi_physics4\ss__0304_0693963943_980rrs__0090000srlc11374w108cgnj02_Region1_Raman-58.csv
PARENT_0799,SHERLOC in-situ Mars 2020,duv_sherloc_labeled_external_validation,sherloc_external_validation,Sulfate,Anhydrite,main_training_keep,passes_provenance_and_spectral_quality_checks,15.227348861640166,63,0.9999999999999999,0.02567459965059166,0.005862237420615535,,d:\dyt\raman\pigeonite\augmented_tongyi_physics4\ss__0304_0693963943_980rrs__0090000srlc11374w108cgnj02_Region1_Raman-67.csv
PARENT_0800,SHERLOC in-situ Mars 2020,duv_sherloc_labeled_external_validation,sherloc_external_validation,Sulfate,Gypsum,main_training_keep,passes_provenance_and_spectral_quality_checks,8.364163774802236,87,0.9999999999999997,0.04486208307022135,0.0,,d:\dyt\raman\pigeonite\augmented_tongyi_physics4\ss__0304_0693963943_980rrs__0090000srlc11374w108cgnj02_Region1_Raman-73.csv
PARENT_0801,SHERLOC in-situ Mars 2020,duv_sherloc_labeled_external_validation,sherloc_external_validation,Sulfate,Gypsum,main_training_keep,passes_provenance_and_spectral_quality_checks,7.643974949384484,139,0.9999999999999994,0.019431141711398817,0.0009770395701025891,,d:\dyt\raman\pigeonite\augmented_tongyi_physics4\ss__0304_0693963943_980rrs__0090000srlc11374w108cgnj02_Region1_Raman-74.csv
PARENT_0802,SHERLOC in-situ Mars 2020,duv_sherloc_labeled_external_validation,sherloc_external_validation,Sulfate,Bassanite,main_training_keep,passes_provenance_and_spectral_quality_checks,7.5729772474640145,148,0.9999999999999993,0.022646382026922617,0.0009770395701025891,,d:\dyt\raman\pigeonite\augmented_tongyi_physics4\ss__0304_0693963943_980rrs__0090000srlc11374w108cgnj02_Region1_Raman-79.csv
PARENT_0803,SHERLOC in-situ Mars 2020,duv_sherloc_labeled_external_validation,sherloc_external_validation,Sulfate,Gypsum,main_training_keep,passes_provenance_and_spectral_quality_checks,7.05544249927787,92,0.9999999999999997,0.008188404998401679,0.0009770395701025891,,d:\dyt\raman\pigeonite\augmented_tongyi_physics4\ss__0304_0693963943_980rrs__0090000srlc11374w108cgnj02_Region1_Raman-83.csv
PARENT_0804,SHERLOC in-situ Mars 2020,duv_sherloc_labeled_external_validation,sherloc_external_validation,Sulfate,Gypsum,main_training_keep,passes_provenance_and_spectral_quality_checks,8.323152613891908,108,0.9999999999999996,0.03417613148653639,0.0009770395701025891,,d:\dyt\raman\pigeonite\augmented_tongyi_physics4\ss__0304_0693963943_980rrs__0090000srlc11374w108cgnj02_Region1_Raman-85.csv
PARENT_0805,SHERLOC in-situ Mars 2020,duv_sherloc_labeled_external_validation,sherloc_external_validation,Sulfate,Gypsum,main_training_keep,passes_provenance_and_spectral_quality_checks,7.3965911591946805,128,0.9999999999999993,0.014879080941776021,0.0,,d:\dyt\raman\pigeonite\augmented_tongyi_physics4\ss__0304_0693963943_980rrs__0090000srlc11374w108cgnj02_Region1_Raman-86.csv
PARENT_0806,SHERLOC in-situ Mars 2020,duv_sherloc_labeled_external_validation,sherloc_external_validation,Sulfate,Gypsum,main_training_keep,passes_provenance_and_spectral_quality_checks,7.242703675770776,130,0.9999999999999994,0.027434786462762234,0.0009770395701025891,,d:\dyt\raman\pigeonite\augmented_tongyi_physics4\ss__0304_0693963943_980rrs__0090000srlc11374w108cgnj02_Region1_Raman-95.csv
PARENT_0807,SHERLOC in-situ Mars 2020,duv_sherloc_labeled_external_validation,sherloc_external_validation,Sulfate,Gypsum,main_training_keep,passes_provenance_and_spectral_quality_checks,15.901787410825252,105,0.9999999999999997,0.027796145671224137,0.012212994626282364,,d:\dyt\raman\pigeonite\augmented_tongyi_physics4\ss__0304_0693963943_980rrs__0090000srlc11374w108cgnj02_Region1_Raman-96.csv
PARENT_0808,SHERLOC in-situ Mars 2020,duv_sherloc_labeled_external_validation,sherloc_external_validation,Sulfate,Gypsum,main_training_keep,passes_provenance_and_spectral_quality_checks,10.123461700194868,98,0.9999999999999996,0.06687135440742074,0.0,,d:\dyt\raman\pigeonite\augmented_tongyi_physics4\ss__0304_0693963943_980rrs__0090000srlc11374w108cgnj02_Region1_Raman-97.csv
PARENT_0809,SHERLOC in-situ Mars 2020,duv_sherloc_labeled_external_validation,sherloc_external_validation,Sulfate,Gypsum,main_training_keep,passes_provenance_and_spectral_quality_checks,8.835473476683608,122,0.9999999999999994,0.022504546734051573,0.0004885197850512946,,d:\dyt\raman\pigeonite\augmented_tongyi_physics4\ss__0304_0693963943_980rrs__0090000srlc11374w108cgnj02_Region1_Raman-98.csv
PARENT_0810,SHERLOC in-situ Mars 2020,duv_sherloc_labeled_external_validation,sherloc_external_validation,Sulfate,Gypsum,main_training_keep,passes_provenance_and_spectral_quality_checks,7.795588381572003,157,0.9727603896929151,0.02424084144893432,0.0009770395701025891,,d:\dyt\raman\pigeonite\augmented_tongyi_physics4\ss__0304_0693963943_980rrs__0090000srlc11374w108cgnj02_Region1_Raman-100.csv
SHERLOC_REGION_0000,SHERLOC in-situ Mars 2020,duv_sherloc_labeled_finetune_pool,sherloc_finetune_pool,Carbonate,carbonate,main_training_keep,passes_provenance_and_spectral_quality_checks,13.486891924697092,3,0.9999999999999999,0.024507356303917534,0.00537371763556424,,D:\dyt\raman\pigeonite\data\sherloc_corpolongo_region_spectra\SHERLOC_dourbes_detail_500_1.1_Point_0_label1_Carbonate.csv
SHERLOC_REGION_0001,SHERLOC in-situ Mars 2020,duv_sherloc_labeled_finetune_pool,sherloc_finetune_pool,Carbonate,carbonate,main_training_keep,passes_provenance_and_spectral_quality_checks,9.328315186738166,2,0.9999999999999998,0.031262670759576484,0.003419638495359062,,D:\dyt\raman\pigeonite\data\sherloc_corpolongo_region_spectra\SHERLOC_dourbes_detail_500_1.1_Point_1_label1_Carbonate.csv
SHERLOC_REGION_0002,SHERLOC in-situ Mars 2020,duv_sherloc_labeled_finetune_pool,sherloc_finetune_pool,Carbonate,carbonate,main_training_keep,passes_provenance_and_spectral_quality_checks,9.11950035272423,1,0.9999999999999999,0.012105920564992125,0.003419638495359062,,D:\dyt\raman\pigeonite\data\sherloc_corpolongo_region_spectra\SHERLOC_dourbes_detail_500_1.1_Point_2_label1_Carbonate.csv
SHERLOC_REGION_0003,SHERLOC in-situ Mars 2020,duv_sherloc_labeled_finetune_pool,sherloc_finetune_pool,Carbonate,carbonate,main_training_keep,passes_provenance_and_spectral_quality_checks,9.167572021623345,2,0.9999999999999999,0.015551992590242543,0.0029311187103077674,,D:\dyt\raman\pigeonite\data\sherloc_corpolongo_region_spectra\SHERLOC_dourbes_detail_500_1.1_Point_3_label1_Carbonate.csv
SHERLOC_REGION_0004,SHERLOC in-situ Mars 2020,duv_sherloc_labeled_finetune_pool,sherloc_finetune_pool,Carbonate,carbonate,main_training_keep,passes_provenance_and_spectral_quality_checks,8.822025630910717,2,0.9999999999999999,0.01975224241430323,0.004396678065461651,,D:\dyt\raman\pigeonite\data\sherloc_corpolongo_region_spectra\SHERLOC_dourbes_detail_500_1.1_Point_4_label1_Carbonate.csv
SHERLOC_REGION_0005,SHERLOC in-situ Mars 2020,duv_sherloc_labeled_finetune_pool,sherloc_finetune_pool,Carbonate,carbonate,main_training_keep,passes_provenance_and_spectral_quality_checks,11.370196756540892,4,0.9999999999999998,0.037604424079853295,0.0029311187103077674,,D:\dyt\raman\pigeonite\data\sherloc_corpolongo_region_spectra\SHERLOC_dourbes_detail_500_1.1_Point_5_label1_Carbonate.csv
SHERLOC_REGION_0009,SHERLOC in-situ Mars 2020,duv_sherloc_labeled_finetune_pool,sherloc_finetune_pool,Carbonate,carbonate,main_training_keep,passes_provenance_and_spectral_quality_checks,9.447115965890154,90,0.951960265106431,0.020281954100345317,0.0,,D:\dyt\raman\pigeonite\data\sherloc_corpolongo_region_spectra\SHERLOC_dourbes_detail_500_1.1_Point_9_label1_Carbonate.csv
SHERLOC_REGION_0017,SHERLOC in-situ Mars 2020,duv_sherloc_labeled_finetune_pool,sherloc_finetune_pool,Carbonate,carbonate,main_training_keep,passes_provenance_and_spectral_quality_checks,9.198869467802101,80,0.9162689982529002,0.00629284351740033,0.0,,D:\dyt\raman\pigeonite\data\sherloc_corpolongo_region_spectra\SHERLOC_dourbes_detail_500_1.1_Point_16_label1_Carbonate.csv
SHERLOC_REGION_0020,SHERLOC in-situ Mars 2020,duv_sherloc_labeled_finetune_pool,sherloc_finetune_pool,Carbonate,carbonate,main_training_keep,passes_provenance_and_spectral_quality_checks,8.880533904948322,86,0.9535739363344435,0.020074645470031363,0.0009770395701025891,,D:\dyt\raman\pigeonite\data\sherloc_corpolongo_region_spectra\SHERLOC_dourbes_detail_500_1.1_Point_18_label1_Carbonate.csv
SHERLOC_REGION_0022,SHERLOC in-situ Mars 2020,duv_sherloc_labeled_finetune_pool,sherloc_finetune_pool,Carbonate,carbonate,main_training_keep,passes_provenance_and_spectral_quality_checks,9.428225172927357,100,0.9908003210470981,0.012453851984104137,0.0009770395701025891,,D:\dyt\raman\pigeonite\data\sherloc_corpolongo_region_spectra\SHERLOC_dourbes_detail_500_1.1_Point_19_label1_Carbonate.csv
SHERLOC_REGION_0024,SHERLOC in-situ Mars 2020,duv_sherloc_labeled_finetune_pool,sherloc_finetune_pool,Carbonate,carbonate,main_training_keep,passes_provenance_and_spectral_quality_checks,9.230075154343316,109,0.9124504946787861,0.028160368207258393,0.0004885197850512946,,D:\dyt\raman\pigeonite\data\sherloc_corpolongo_region_spectra\SHERLOC_dourbes_detail_500_1.1_Point_20_label1_Carbonate.csv
SHERLOC_REGION_0025,SHERLOC in-situ Mars 2020,duv_sherloc_labeled_finetune_pool,sherloc_finetune_pool,Carbonate,carbonate,main_training_keep,passes_provenance_and_spectral_quality_checks,9.954345365231768,81,0.9815896997486582,0.02474039232041821,0.0019540791402051783,,D:\dyt\raman\pigeonite\data\sherloc_corpolongo_region_spectra\SHERLOC_dourbes_detail_500_1.1_Point_21_label1_Carbonate.csv
SHERLOC_REGION_0034,SHERLOC in-situ Mars 2020,duv_sherloc_labeled_finetune_pool,sherloc_finetune_pool,Carbonate,carbonate,main_training_keep,passes_provenance_and_spectral_quality_checks,7.826721693387486,112,0.8500666382668313,0.00893166208002091,0.0009770395701025891,,D:\dyt\raman\pigeonite\data\sherloc_corpolongo_region_spectra\SHERLOC_dourbes_detail_500_1.1_Point_29_label1_Carbonate.csv
SHERLOC_REGION_0035,SHERLOC in-situ Mars 2020,duv_sherloc_labeled_finetune_pool,sherloc_finetune_pool,Carbonate,carbonate,main_training_keep,passes_provenance_and_spectral_quality_checks,7.504445034826549,110,0.867613585019165,0.06514668622037884,0.0,,D:\dyt\raman\pigeonite\data\sherloc_corpolongo_region_spectra\SHERLOC_dourbes_detail_500_1.1_Point_30_label1_Carbonate.csv
SHERLOC_REGION_0042,SHERLOC in-situ Mars 2020,duv_sherloc_labeled_finetune_pool,sherloc_finetune_pool,Carbonate,carbonate,main_training_keep,passes_provenance_and_spectral_quality_checks,9.365651340012326,88,0.9152692040396001,0.03948303375184686,0.0009770395701025891,,D:\dyt\raman\pigeonite\data\sherloc_corpolongo_region_spectra\SHERLOC_dourbes_detail_500_1.1_Point_37_label1_Carbonate.csv
SHERLOC_REGION_0045,SHERLOC in-situ Mars 2020,duv_sherloc_labeled_finetune_pool,sherloc_finetune_pool,Carbonate,carbonate,main_training_keep,passes_provenance_and_spectral_quality_checks,8.657486221655363,108,0.8258337152398894,0.04765775078650549,0.0009770395701025891,,D:\dyt\raman\pigeonite\data\sherloc_corpolongo_region_spectra\SHERLOC_dourbes_detail_500_1.1_Point_42_label1_Carbonate.csv
SHERLOC_REGION_0046,SHERLOC in-situ Mars 2020,duv_sherloc_labeled_finetune_pool,sherloc_finetune_pool,Carbonate,carbonate,main_training_keep,passes_provenance_and_spectral_quality_checks,8.37869676949103,83,0.9666683617975023,0.0350214710080182,0.0019540791402051783,,D:\dyt\raman\pigeonite\data\sherloc_corpolongo_region_spectra\SHERLOC_dourbes_detail_500_1.1_Point_43_label1_Carbonate.csv
SHERLOC_REGION_0051,SHERLOC in-situ Mars 2020,duv_sherloc_labeled_finetune_pool,sherloc_finetune_pool,Carbonate,carbonate,main_training_keep,passes_provenance_and_spectral_quality_checks,7.470727977810802,115,0.8582554889344047,0.015265728725134231,0.0009770395701025891,,D:\dyt\raman\pigeonite\data\sherloc_corpolongo_region_spectra\SHERLOC_dourbes_detail_500_1.1_Point_47_label1_Carbonate.csv
SHERLOC_REGION_0052,SHERLOC in-situ Mars 2020,duv_sherloc_labeled_finetune_pool,sherloc_finetune_pool,Carbonate,carbonate,main_training_keep,passes_provenance_and_spectral_quality_checks,7.821229777672118,118,0.8969700411182897,0.040946388990988306,0.0,,D:\dyt\raman\pigeonite\data\sherloc_corpolongo_region_spectra\SHERLOC_dourbes_detail_500_1.1_Point_48_label1_Carbonate.csv
SHERLOC_REGION_0053,SHERLOC in-situ Mars 2020,duv_sherloc_labeled_finetune_pool,sherloc_finetune_pool,Carbonate,carbonate,main_training_keep,passes_provenance_and_spectral_quality_checks,8.107319015760943,115,0.9229911364426587,0.008362517782843599,0.0014655593551538837,,D:\dyt\raman\pigeonite\data\sherloc_corpolongo_region_spectra\SHERLOC_dourbes_detail_500_1.1_Point_49_label1_Carbonate.csv
SHERLOC_REGION_0054,SHERLOC in-situ Mars 2020,duv_sherloc_labeled_finetune_pool,sherloc_finetune_pool,Carbonate,carbonate,main_training_keep,passes_provenance_and_spectral_quality_checks,8.756570314583467,113,0.9627552720004727,0.03525164579067031,0.0,,D:\dyt\raman\pigeonite\data\sherloc_corpolongo_region_spectra\SHERLOC_dourbes_detail_500_1.2_Point_2_label1_Carbonate.csv
SHERLOC_REGION_0055,SHERLOC in-situ Mars 2020,duv_sherloc_labeled_finetune_pool,sherloc_finetune_pool,Carbonate,carbonate,main_training_keep,passes_provenance_and_spectral_quality_checks,9.081611509865672,85,0.9353832750944658,0.018606064245883635,0.0,,D:\dyt\raman\pigeonite\data\sherloc_corpolongo_region_spectra\SHERLOC_dourbes_detail_500_1.2_Point_3_label1_Carbonate.csv
SHERLOC_REGION_0059,SHERLOC in-situ Mars 2020,duv_sherloc_labeled_finetune_pool,sherloc_finetune_pool,Carbonate,carbonate,main_training_keep,passes_provenance_and_spectral_quality_checks,10.17398636820948,89,0.9625934406047675,0.01630960440473654,0.0009770395701025891,,D:\dyt\raman\pigeonite\data\sherloc_corpolongo_region_spectra\SHERLOC_dourbes_detail_500_1.2_Point_6_label1_Carbonate.csv
SHERLOC_REGION_0061,SHERLOC in-situ Mars 2020,duv_sherloc_labeled_finetune_pool,sherloc_finetune_pool,Carbonate,carbonate,main_training_keep,passes_provenance_and_spectral_quality_checks,7.66478801519735,140,0.8530760962194925,0.04866124569901025,0.0,,D:\dyt\raman\pigeonite\data\sherloc_corpolongo_region_spectra\SHERLOC_dourbes_detail_500_1.2_Point_10_label1_Carbonate.csv
SHERLOC_REGION_0062,SHERLOC in-situ Mars 2020,duv_sherloc_labeled_finetune_pool,sherloc_finetune_pool,Carbonate,carbonate,main_training_keep,passes_provenance_and_spectral_quality_checks,8.399599910661168,104,0.850716953067293,0.03233895826555885,0.0009770395701025891,,D:\dyt\raman\pigeonite\data\sherloc_corpolongo_region_spectra\SHERLOC_dourbes_detail_500_1.2_Point_11_label1_Carbonate.csv
SHERLOC_REGION_0066,SHERLOC in-situ Mars 2020,duv_sherloc_labeled_finetune_pool,sherloc_finetune_pool,Carbonate,carbonate,main_training_keep,passes_provenance_and_spectral_quality_checks,10.66105347754987,76,0.9281512036105675,0.023576567313555206,0.0,,D:\dyt\raman\pigeonite\data\sherloc_corpolongo_region_spectra\SHERLOC_dourbes_detail_500_1.2_Point_17_label1_Carbonate.csv
SHERLOC_REGION_0068,SHERLOC in-situ Mars 2020,duv_sherloc_labeled_finetune_pool,sherloc_finetune_pool,Carbonate,carbonate,main_training_keep,passes_provenance_and_spectral_quality_checks,7.388376410799118,120,0.9404659296844547,0.03480649189449293,0.0009770395701025891,,D:\dyt\raman\pigeonite\data\sherloc_corpolongo_region_spectra\SHERLOC_dourbes_detail_500_1.2_Point_18_label1_Carbonate.csv
SHERLOC_REGION_0070,SHERLOC in-situ Mars 2020,duv_sherloc_labeled_finetune_pool,sherloc_finetune_pool,Carbonate,carbonate,main_training_keep,passes_provenance_and_spectral_quality_checks,9.102576008803162,107,0.9772676501241795,0.025173801438148694,0.0,,D:\dyt\raman\pigeonite\data\sherloc_corpolongo_region_spectra\SHERLOC_dourbes_detail_500_1.2_Point_23_label1_Carbonate.csv
SHERLOC_REGION_0072,SHERLOC in-situ Mars 2020,duv_sherloc_labeled_finetune_pool,sherloc_finetune_pool,Carbonate,carbonate,main_training_keep,passes_provenance_and_spectral_quality_checks,8.135942045210134,121,0.9453615656220031,0.04508318806653106,0.0029311187103077674,,D:\dyt\raman\pigeonite\data\sherloc_corpolongo_region_spectra\SHERLOC_dourbes_detail_500_1.2_Point_24_label1_Carbonate.csv
SHERLOC_REGION_0073,SHERLOC in-situ Mars 2020,duv_sherloc_labeled_finetune_pool,sherloc_finetune_pool,Carbonate,carbonate,main_training_keep,passes_provenance_and_spectral_quality_checks,8.469608340012364,108,0.8786692579359158,0.058850969233525174,0.0,,D:\dyt\raman\pigeonite\data\sherloc_corpolongo_region_spectra\SHERLOC_dourbes_detail_500_1.2_Point_36_label1_Carbonate.csv
SHERLOC_REGION_0074,SHERLOC in-situ Mars 2020,duv_sherloc_labeled_finetune_pool,sherloc_finetune_pool,Carbonate,carbonate,main_training_keep,passes_provenance_and_spectral_quality_checks,8.562220810206577,130,0.9389397390943053,0.03386285751329139,0.0004885197850512946,,D:\dyt\raman\pigeonite\data\sherloc_corpolongo_region_spectra\SHERLOC_dourbes_detail_500_1.2_Point_39_label1_Carbonate.csv
SHERLOC_REGION_0078,SHERLOC in-situ Mars 2020,duv_sherloc_labeled_finetune_pool,sherloc_finetune_pool,Carbonate,carbonate,main_training_keep,passes_provenance_and_spectral_quality_checks,11.134012234137575,83,0.8994066144325672,0.05111244501856432,0.0,,D:\dyt\raman\pigeonite\data\sherloc_corpolongo_region_spectra\SHERLOC_dourbes_detail_500_2.1_Point_6_label1_Carbonate.csv
SHERLOC_REGION_0082,SHERLOC in-situ Mars 2020,duv_sherloc_labeled_finetune_pool,sherloc_finetune_pool,Carbonate,carbonate,main_training_keep,passes_provenance_and_spectral_quality_checks,9.19054519246735,110,0.9188789547147393,0.019717604661403706,0.0009770395701025891,,D:\dyt\raman\pigeonite\data\sherloc_corpolongo_region_spectra\SHERLOC_dourbes_detail_500_2.1_Point_13_label1_Carbonate.csv
SHERLOC_REGION_0083,SHERLOC in-situ Mars 2020,duv_sherloc_labeled_finetune_pool,sherloc_finetune_pool,Carbonate,carbonate,main_training_keep,passes_provenance_and_spectral_quality_checks,7.79337735035036,113,0.9937992855447174,0.018202522662768048,0.0009770395701025891,,D:\dyt\raman\pigeonite\data\sherloc_corpolongo_region_spectra\SHERLOC_dourbes_detail_500_2.1_Point_18_label1_Carbonate.csv
SHERLOC_REGION_0084,SHERLOC in-situ Mars 2020,duv_sherloc_labeled_finetune_pool,sherloc_finetune_pool,Carbonate,carbonate,main_training_keep,passes_provenance_and_spectral_quality_checks,8.068947910298535,105,0.9321633370736901,0.014843649408391203,0.0,,D:\dyt\raman\pigeonite\data\sherloc_corpolongo_region_spectra\SHERLOC_dourbes_detail_500_2.1_Point_19_label1_Carbonate.csv
SHERLOC_REGION_0086,SHERLOC in-situ Mars 2020,duv_sherloc_labeled_finetune_pool,sherloc_finetune_pool,Carbonate,carbonate,main_training_keep,passes_provenance_and_spectral_quality_checks,8.85024757684869,118,0.9999999999999983,0.01750932905899816,0.0009770395701025891,,D:\dyt\raman\pigeonite\data\sherloc_corpolongo_region_spectra\SHERLOC_dourbes_detail_500_2.1_Point_26_label1_Carbonate.csv
SHERLOC_REGION_0090,SHERLOC in-situ Mars 2020,duv_sherloc_labeled_finetune_pool,sherloc_finetune_pool,Carbonate,carbonate,main_training_keep,passes_provenance_and_spectral_quality_checks,13.434668606978994,69,0.9618733149917301,0.017647598525992993,0.0009770395701025891,,D:\dyt\raman\pigeonite\data\sherloc_corpolongo_region_spectra\SHERLOC_dourbes_detail_500_2.1_Point_32_label1_Carbonate.csv
SHERLOC_REGION_0098,SHERLOC in-situ Mars 2020,duv_sherloc_labeled_finetune_pool,sherloc_finetune_pool,Carbonate,carbonate,main_training_keep,passes_provenance_and_spectral_quality_checks,9.261516709662843,111,0.951470644258989,0.005925402659456569,0.0,,D:\dyt\raman\pigeonite\data\sherloc_corpolongo_region_spectra\SHERLOC_dourbes_detail_500_2.2_Point_7_label1_Carbonate.csv
SHERLOC_REGION_0100,SHERLOC in-situ Mars 2020,duv_sherloc_labeled_finetune_pool,sherloc_finetune_pool,Carbonate,carbonate,main_training_keep,passes_provenance_and_spectral_quality_checks,8.515133162308125,103,0.9999999999999984,0.02902887304480603,0.0019540791402051783,,D:\dyt\raman\pigeonite\data\sherloc_corpolongo_region_spectra\SHERLOC_dourbes_detail_500_2.2_Point_11_label1_Carbonate.csv
SHERLOC_REGION_0101,SHERLOC in-situ Mars 2020,duv_sherloc_labeled_finetune_pool,sherloc_finetune_pool,Carbonate,carbonate,main_training_keep,passes_provenance_and_spectral_quality_checks,7.836167544759374,114,0.9259283511738448,0.04311756723684333,0.0,,D:\dyt\raman\pigeonite\data\sherloc_corpolongo_region_spectra\SHERLOC_dourbes_detail_500_2.2_Point_17_label1_Carbonate.csv
SHERLOC_REGION_0110,SHERLOC in-situ Mars 2020,duv_sherloc_labeled_finetune_pool,sherloc_finetune_pool,Carbonate,carbonate,main_training_keep,passes_provenance_and_spectral_quality_checks,10.42282970919499,99,0.9533906083159479,0.02518788726132475,0.0,,D:\dyt\raman\pigeonite\data\sherloc_corpolongo_region_spectra\SHERLOC_dourbes_detail_500_3.1_Point_2_label1_Carbonate.csv
SHERLOC_REGION_0111,SHERLOC in-situ Mars 2020,duv_sherloc_labeled_finetune_pool,sherloc_finetune_pool,Carbonate,carbonate,main_training_keep,passes_provenance_and_spectral_quality_checks,7.716074657652636,94,0.9999999999999989,0.02359698983208061,0.0009770395701025891,,D:\dyt\raman\pigeonite\data\sherloc_corpolongo_region_spectra\SHERLOC_dourbes_detail_500_3.1_Point_3_label1_Carbonate.csv
SHERLOC_REGION_0112,SHERLOC in-situ Mars 2020,duv_sherloc_labeled_finetune_pool,sherloc_finetune_pool,Carbonate,carbonate,main_training_keep,passes_provenance_and_spectral_quality_checks,10.643251052372891,89,0.9288254220272559,0.03021694497091615,0.0029311187103077674,,D:\dyt\raman\pigeonite\data\sherloc_corpolongo_region_spectra\SHERLOC_dourbes_detail_500_3.1_Point_9_label1_Carbonate.csv
SHERLOC_REGION_0115,SHERLOC in-situ Mars 2020,duv_sherloc_labeled_finetune_pool,sherloc_finetune_pool,Carbonate,carbonate,main_training_keep,passes_provenance_and_spectral_quality_checks,8.307395505244228,121,0.9165902843498739,0.06200396838855362,0.0004885197850512946,,D:\dyt\raman\pigeonite\data\sherloc_corpolongo_region_spectra\SHERLOC_dourbes_detail_500_3.1_Point_19_label1_Carbonate.csv
SHERLOC_REGION_0117,SHERLOC in-situ Mars 2020,duv_sherloc_labeled_finetune_pool,sherloc_finetune_pool,Carbonate,carbonate,main_training_keep,passes_provenance_and_spectral_quality_checks,9.202217544879229,95,0.8669839104080204,0.02575769528300489,0.0009770395701025891,,D:\dyt\raman\pigeonite\data\sherloc_corpolongo_region_spectra\SHERLOC_dourbes_detail_500_3.1_Point_35_label1_Carbonate.csv
SHERLOC_REGION_0118,SHERLOC in-situ Mars 2020,duv_sherloc_labeled_finetune_pool,sherloc_finetune_pool,Carbonate,carbonate,main_training_keep,passes_provenance_and_spectral_quality_checks,9.605756708479351,95,0.999999999999999,0.03253292247714464,0.0009770395701025891,,D:\dyt\raman\pigeonite\data\sherloc_corpolongo_region_spectra\SHERLOC_dourbes_detail_500_3.1_Point_38_label1_Carbonate.csv
SHERLOC_REGION_0133,SHERLOC in-situ Mars 2020,duv_sherloc_labeled_finetune_pool,sherloc_finetune_pool,Carbonate,carbonate,main_training_keep,passes_provenance_and_spectral_quality_checks,10.00754080339985,5,0.9999999999999998,0.03880216989562044,0.0029311187103077674,,D:\dyt\raman\pigeonite\data\sherloc_corpolongo_region_spectra\SHERLOC_garde_detail_500_1.1_Point_0_label2_Carbonate.csv
SHERLOC_REGION_0134,SHERLOC in-situ Mars 2020,duv_sherloc_labeled_finetune_pool,sherloc_finetune_pool,Carbonate,carbonate,main_training_keep,passes_provenance_and_spectral_quality_checks,21.01206883240674,4,0.9999999999999999,0.006250508227467176,0.0029311187103077674,,D:\dyt\raman\pigeonite\data\sherloc_corpolongo_region_spectra\SHERLOC_garde_detail_500_1.1_Point_1_label1_Carbonate.csv
SHERLOC_REGION_0135,SHERLOC in-situ Mars 2020,duv_sherloc_labeled_finetune_pool,sherloc_finetune_pool,Carbonate,carbonate,main_training_keep,passes_provenance_and_spectral_quality_checks,17.785401100430942,4,0.9999999999999999,0.012441076507552119,0.0029311187103077674,,D:\dyt\raman\pigeonite\data\sherloc_corpolongo_region_spectra\SHERLOC_garde_detail_500_1.1_Point_2_label1_Carbonate.csv
SHERLOC_REGION_0137,SHERLOC in-situ Mars 2020,duv_sherloc_labeled_finetune_pool,sherloc_finetune_pool,Carbonate,carbonate,main_training_keep,passes_provenance_and_spectral_quality_checks,9.636249424616693,3,0.9999999999999998,0.011574294507523352,0.003419638495359062,,D:\dyt\raman\pigeonite\data\sherloc_corpolongo_region_spectra\SHERLOC_garde_detail_500_1.1_Point_3_label1_Carbonate.csv
SHERLOC_REGION_0139,SHERLOC in-situ Mars 2020,duv_sherloc_labeled_finetune_pool,sherloc_finetune_pool,Carbonate,carbonate,main_training_keep,passes_provenance_and_spectral_quality_checks,9.2915549516033,4,0.9999999999999999,0.018625379221311963,0.003419638495359062,,D:\dyt\raman\pigeonite\data\sherloc_corpolongo_region_spectra\SHERLOC_garde_detail_500_1.1_Point_6_label2_Carbonate.csv
SHERLOC_REGION_0146,SHERLOC in-situ Mars 2020,duv_sherloc_labeled_finetune_pool,sherloc_finetune_pool,Carbonate,carbonate,main_training_keep,passes_provenance_and_spectral_quality_checks,11.44524942215422,76,0.9892523931140813,0.0029995631691068633,0.0,,D:\dyt\raman\pigeonite\data\sherloc_corpolongo_region_spectra\SHERLOC_garde_detail_500_1.1_Point_13_label1_Carbonate.csv
SHERLOC_REGION_0148,SHERLOC in-situ Mars 2020,duv_sherloc_labeled_finetune_pool,sherloc_finetune_pool,Carbonate,carbonate,main_training_keep,passes_provenance_and_spectral_quality_checks,13.809684503950605,80,0.9329489586411994,0.02234243482577078,0.0,,D:\dyt\raman\pigeonite\data\sherloc_corpolongo_region_spectra\SHERLOC_garde_detail_500_1.1_Point_16_label1_Carbonate.csv
SHERLOC_REGION_0150,SHERLOC in-situ Mars 2020,duv_sherloc_labeled_finetune_pool,sherloc_finetune_pool,Carbonate,carbonate,main_training_keep,passes_provenance_and_spectral_quality_checks,27.492426845182095,20,0.9999999999999997,0.00668465823173035,0.0,,D:\dyt\raman\pigeonite\data\sherloc_corpolongo_region_spectra\SHERLOC_garde_detail_500_1.1_Point_18_label1_Carbonate.csv
SHERLOC_REGION_0153,SHERLOC in-situ Mars 2020,duv_sherloc_labeled_finetune_pool,sherloc_finetune_pool,Carbonate,carbonate,main_training_keep,passes_provenance_and_spectral_quality_checks,14.136667332164208,66,0.9999999999999992,0.014833107597783625,0.0,,D:\dyt\raman\pigeonite\data\sherloc_corpolongo_region_spectra\SHERLOC_garde_detail_500_1.1_Point_21_label1_Carbonate.csv
SHERLOC_REGION_0158,SHERLOC in-situ Mars 2020,duv_sherloc_labeled_finetune_pool,sherloc_finetune_pool,Carbonate,carbonate,main_training_keep,passes_provenance_and_spectral_quality_checks,9.839151986963726,107,0.9572570802101964,0.01675292330496202,0.0,,D:\dyt\raman\pigeonite\data\sherloc_corpolongo_region_spectra\SHERLOC_garde_detail_500_1.1_Point_26_label2_Carbonate.csv
SHERLOC_REGION_0162,SHERLOC in-situ Mars 2020,duv_sherloc_labeled_finetune_pool,sherloc_finetune_pool,Carbonate,carbonate,main_training_keep,passes_provenance_and_spectral_quality_checks,7.944031386901096,112,0.9585789141003322,0.029572712237204125,0.0,,D:\dyt\raman\pigeonite\data\sherloc_corpolongo_region_spectra\SHERLOC_garde_detail_500_1.1_Point_32_label1_Carbonate.csv
SHERLOC_REGION_0164,SHERLOC in-situ Mars 2020,duv_sherloc_labeled_finetune_pool,sherloc_finetune_pool,Carbonate,carbonate,main_training_keep,passes_provenance_and_spectral_quality_checks,8.783072862943344,115,0.9999999999999983,0.032272877052069486,0.0019540791402051783,,D:\dyt\raman\pigeonite\data\sherloc_corpolongo_region_spectra\SHERLOC_garde_detail_500_1.1_Point_34_label2_Carbonate.csv
SHERLOC_REGION_0171,SHERLOC in-situ Mars 2020,duv_sherloc_labeled_finetune_pool,sherloc_finetune_pool,Carbonate,carbonate,main_training_keep,passes_provenance_and_spectral_quality_checks,9.106840720609812,111,0.9375640044624224,0.032775587717959985,0.0,,D:\dyt\raman\pigeonite\data\sherloc_corpolongo_region_spectra\SHERLOC_garde_detail_500_1.1_Point_48_label1_Carbonate.csv
SHERLOC_REGION_0172,SHERLOC in-situ Mars 2020,duv_sherloc_labeled_finetune_pool,sherloc_finetune_pool,Carbonate,carbonate,main_training_keep,passes_provenance_and_spectral_quality_checks,9.631707064615412,105,0.9999999999999987,0.0033296214404680818,0.0,,D:\dyt\raman\pigeonite\data\sherloc_corpolongo_region_spectra\SHERLOC_garde_detail_500_1.1_Point_49_label1_Carbonate.csv
SHERLOC_REGION_0173,SHERLOC in-situ Mars 2020,duv_sherloc_labeled_finetune_pool,sherloc_finetune_pool,Carbonate,carbonate,main_training_keep,passes_provenance_and_spectral_quality_checks,10.024565736625105,92,0.9999999999999988,0.03943643998260316,0.0,,D:\dyt\raman\pigeonite\data\sherloc_corpolongo_region_spectra\SHERLOC_garde_detail_500_1.2_Point_0_label1_Carbonate.csv
SHERLOC_REGION_0174,SHERLOC in-situ Mars 2020,duv_sherloc_labeled_finetune_pool,sherloc_finetune_pool,Carbonate,carbonate,main_training_keep,passes_provenance_and_spectral_quality_checks,10.803949026068738,89,0.9999999999999989,0.01876127021453167,0.0,,D:\dyt\raman\pigeonite\data\sherloc_corpolongo_region_spectra\SHERLOC_garde_detail_500_1.2_Point_1_label1_Carbonate.csv
SHERLOC_REGION_0175,SHERLOC in-situ Mars 2020,duv_sherloc_labeled_finetune_pool,sherloc_finetune_pool,Carbonate,carbonate,main_training_keep,passes_provenance_and_spectral_quality_checks,12.180951785740275,12,0.9999999999999998,0.7032756118679916,0.0039081582804103565,,D:\dyt\raman\pigeonite\data\sherloc_corpolongo_region_spectra\SHERLOC_garde_detail_500_1.2_Point_2_label1_Carbonate.csv
SHERLOC_REGION_0180,SHERLOC in-situ Mars 2020,duv_sherloc_labeled_finetune_pool,sherloc_finetune_pool,Carbonate,carbonate,main_training_keep,passes_provenance_and_spectral_quality_checks,8.586645278452334,97,0.8406841032117249,0.010311156719269686,0.0,,D:\dyt\raman\pigeonite\data\sherloc_corpolongo_region_spectra\SHERLOC_garde_detail_500_1.2_Point_11_label1_Carbonate.csv
SHERLOC_REGION_0184,SHERLOC in-situ Mars 2020,duv_sherloc_labeled_finetune_pool,sherloc_finetune_pool,Carbonate,carbonate,main_training_keep,passes_provenance_and_spectral_quality_checks,18.53301305038729,59,0.9934036531764848,0.014640515700472676,0.0004885197850512946,,D:\dyt\raman\pigeonite\data\sherloc_corpolongo_region_spectra\SHERLOC_garde_detail_500_1.2_Point_17_label1_Carbonate.csv
SHERLOC_REGION_0186,SHERLOC in-situ Mars 2020,duv_sherloc_labeled_finetune_pool,sherloc_finetune_pool,Carbonate,carbonate,main_training_keep,passes_provenance_and_spectral_quality_checks,8.79885121404567,106,0.9416807149071167,0.008779575226015392,0.0,,D:\dyt\raman\pigeonite\data\sherloc_corpolongo_region_spectra\SHERLOC_garde_detail_500_1.2_Point_19_label1_Carbonate.csv
SHERLOC_REGION_0187,SHERLOC in-situ Mars 2020,duv_sherloc_labeled_finetune_pool,sherloc_finetune_pool,Carbonate,carbonate,main_training_keep,passes_provenance_and_spectral_quality_checks,8.893493955068958,99,0.9862455105350139,0.039219636057920775,0.0,,D:\dyt\raman\pigeonite\data\sherloc_corpolongo_region_spectra\SHERLOC_garde_detail_500_1.2_Point_20_label1_Carbonate.csv
SHERLOC_REGION_0188,SHERLOC in-situ Mars 2020,duv_sherloc_labeled_finetune_pool,sherloc_finetune_pool,Carbonate,carbonate,main_training_keep,passes_provenance_and_spectral_quality_checks,15.95787187699922,68,0.984492155023494,0.013974756926370652,0.0,,D:\dyt\raman\pigeonite\data\sherloc_corpolongo_region_spectra\SHERLOC_garde_detail_500_1.2_Point_24_label1_Carbonate.csv
SHERLOC_REGION_0196,SHERLOC in-situ Mars 2020,duv_sherloc_labeled_finetune_pool,sherloc_finetune_pool,Carbonate,carbonate,main_training_keep,passes_provenance_and_spectral_quality_checks,8.725317460245023,94,0.9999999999999987,0.021956954111251228,0.0,,D:\dyt\raman\pigeonite\data\sherloc_corpolongo_region_spectra\SHERLOC_garde_detail_500_1.2_Point_39_label1_Carbonate.csv
SHERLOC_REGION_0197,SHERLOC in-situ Mars 2020,duv_sherloc_labeled_finetune_pool,sherloc_finetune_pool,Carbonate,carbonate,main_training_keep,passes_provenance_and_spectral_quality_checks,9.06443164528301,105,0.9333616303298757,0.03304342928822849,0.0,,D:\dyt\raman\pigeonite\data\sherloc_corpolongo_region_spectra\SHERLOC_garde_detail_500_1.2_Point_40_label1_Carbonate.csv
SHERLOC_REGION_0198,SHERLOC in-situ Mars 2020,duv_sherloc_labeled_finetune_pool,sherloc_finetune_pool,Carbonate,carbonate,main_training_keep,passes_provenance_and_spectral_quality_checks,8.948787345234667,98,0.8798946325974936,0.008771699556488531,0.0009770395701025891,,D:\dyt\raman\pigeonite\data\sherloc_corpolongo_region_spectra\SHERLOC_garde_detail_500_1.2_Point_43_label1_Carbonate.csv
SHERLOC_REGION_0206,SHERLOC in-situ Mars 2020,duv_sherloc_labeled_finetune_pool,sherloc_finetune_pool,Carbonate,carbonate,main_training_keep,passes_provenance_and_spectral_quality_checks,9.202204621715572,94,0.9347143884026237,0.01973775410974086,0.0,,D:\dyt\raman\pigeonite\data\sherloc_corpolongo_region_spectra\SHERLOC_garde_detail_500_2.1_Point_2_label2_Carbonate.csv
SHERLOC_REGION_0208,SHERLOC in-situ Mars 2020,duv_sherloc_labeled_finetune_pool,sherloc_finetune_pool,Carbonate,carbonate,main_training_keep,passes_provenance_and_spectral_quality_checks,19.404940811526036,64,0.9905009437487455,0.015879069959058946,0.0,,D:\dyt\raman\pigeonite\data\sherloc_corpolongo_region_spectra\SHERLOC_garde_detail_500_2.1_Point_4_label1_Carbonate.csv
SHERLOC_REGION_0219,SHERLOC in-situ Mars 2020,duv_sherloc_labeled_finetune_pool,sherloc_finetune_pool,Carbonate,carbonate,main_training_keep,passes_provenance_and_spectral_quality_checks,8.969817602421102,76,0.9427669541760013,0.016026638359416815,0.0009770395701025891,,D:\dyt\raman\pigeonite\data\sherloc_corpolongo_region_spectra\SHERLOC_garde_detail_500_2.1_Point_15_label1_Carbonate.csv
SHERLOC_REGION_0220,SHERLOC in-situ Mars 2020,duv_sherloc_labeled_finetune_pool,sherloc_finetune_pool,Carbonate,carbonate,main_training_keep,passes_provenance_and_spectral_quality_checks,8.642616958865643,112,0.9357238855605409,0.019265457888948075,0.0,,D:\dyt\raman\pigeonite\data\sherloc_corpolongo_region_spectra\SHERLOC_garde_detail_500_2.1_Point_17_label1_Carbonate.csv
SHERLOC_REGION_0225,SHERLOC in-situ Mars 2020,duv_sherloc_labeled_finetune_pool,sherloc_finetune_pool,Carbonate,carbonate,main_training_keep,passes_provenance_and_spectral_quality_checks,7.704158406474635,116,0.8233774534612082,0.006957649199007374,0.0004885197850512946,,D:\dyt\raman\pigeonite\data\sherloc_corpolongo_region_spectra\SHERLOC_garde_detail_500_2.1_Point_24_label2_Carbonate.csv
SHERLOC_REGION_0229,SHERLOC in-situ Mars 2020,duv_sherloc_labeled_finetune_pool,sherloc_finetune_pool,Carbonate,carbonate,main_training_keep,passes_provenance_and_spectral_quality_checks,8.539522039558488,114,0.9378032836499981,0.009359579566535747,0.0,,D:\dyt\raman\pigeonite\data\sherloc_corpolongo_region_spectra\SHERLOC_garde_detail_500_2.1_Point_27_label2_Carbonate.csv
SHERLOC_REGION_0232,SHERLOC in-situ Mars 2020,duv_sherloc_labeled_finetune_pool,sherloc_finetune_pool,Carbonate,carbonate,main_training_keep,passes_provenance_and_spectral_quality_checks,7.876061441758834,106,0.8809352641474496,0.0710018732335678,0.0,,D:\dyt\raman\pigeonite\data\sherloc_corpolongo_region_spectra\SHERLOC_garde_detail_500_2.1_Point_36_label1_Carbonate.csv
SHERLOC_REGION_0233,SHERLOC in-situ Mars 2020,duv_sherloc_labeled_finetune_pool,sherloc_finetune_pool,Carbonate,carbonate,main_training_keep,passes_provenance_and_spectral_quality_checks,7.738510061448348,88,0.9360501927349714,0.0324183706667675,0.0,,D:\dyt\raman\pigeonite\data\sherloc_corpolongo_region_spectra\SHERLOC_garde_detail_500_2.1_Point_37_label1_Carbonate.csv
SHERLOC_REGION_0234,SHERLOC in-situ Mars 2020,duv_sherloc_labeled_finetune_pool,sherloc_finetune_pool,Carbonate,carbonate,main_training_keep,passes_provenance_and_spectral_quality_checks,8.083195256359136,94,0.9345138133836831,0.029550606259820526,0.0,,D:\dyt\raman\pigeonite\data\sherloc_corpolongo_region_spectra\SHERLOC_garde_detail_500_2.1_Point_38_label1_Carbonate.csv
SHERLOC_REGION_0236,SHERLOC in-situ Mars 2020,duv_sherloc_labeled_finetune_pool,sherloc_finetune_pool,Carbonate,carbonate,main_training_keep,passes_provenance_and_spectral_quality_checks,7.767668424030859,122,0.9057384947495994,0.012456809579437103,0.0009770395701025891,,D:\dyt\raman\pigeonite\data\sherloc_corpolongo_region_spectra\SHERLOC_garde_detail_500_2.1_Point_43_label1_Carbonate.csv
SHERLOC_REGION_0239,SHERLOC in-situ Mars 2020,duv_sherloc_labeled_finetune_pool,sherloc_finetune_pool,Carbonate,carbonate,main_training_keep,passes_provenance_and_spectral_quality_checks,8.472671254671308,94,0.8138855784048069,0.1043957256071771,0.0,,D:\dyt\raman\pigeonite\data\sherloc_corpolongo_region_spectra\SHERLOC_garde_detail_500_2.1_Point_49_label1_Carbonate.csv
SHERLOC_REGION_0240,SHERLOC in-situ Mars 2020,duv_sherloc_labeled_finetune_pool,sherloc_finetune_pool,Carbonate,carbonate,main_training_keep,passes_provenance_and_spectral_quality_checks,9.141978578910138,116,0.9999999999999986,0.050634269186000204,0.0,,D:\dyt\raman\pigeonite\data\sherloc_corpolongo_region_spectra\SHERLOC_garde_detail_500_2.2_Point_0_label1_Carbonate.csv
SHERLOC_REGION_0242,SHERLOC in-situ Mars 2020,duv_sherloc_labeled_finetune_pool,sherloc_finetune_pool,Carbonate,carbonate,main_training_keep,passes_provenance_and_spectral_quality_checks,7.934103449613903,110,0.9684055601525757,0.01959652266964423,0.0,,D:\dyt\raman\pigeonite\data\sherloc_corpolongo_region_spectra\SHERLOC_garde_detail_500_2.2_Point_1_label2_Carbonate.csv
SHERLOC_REGION_0244,SHERLOC in-situ Mars 2020,duv_sherloc_labeled_finetune_pool,sherloc_finetune_pool,Carbonate,carbonate,main_training_keep,passes_provenance_and_spectral_quality_checks,7.791544785468733,106,0.8790034321693133,0.045363731860269214,0.0,,D:\dyt\raman\pigeonite\data\sherloc_corpolongo_region_spectra\SHERLOC_garde_detail_500_2.2_Point_3_label2_Carbonate.csv
SHERLOC_REGION_0250,SHERLOC in-situ Mars 2020,duv_sherloc_labeled_finetune_pool,sherloc_finetune_pool,Carbonate,carbonate,main_training_keep,passes_provenance_and_spectral_quality_checks,8.787675653072693,108,0.9999999999999986,0.08559892649678841,0.0004885197850512946,,D:\dyt\raman\pigeonite\data\sherloc_corpolongo_region_spectra\SHERLOC_garde_detail_500_2.2_Point_13_label2_Carbonate.csv
SHERLOC_REGION_0260,SHERLOC in-situ Mars 2020,duv_sherloc_labeled_finetune_pool,sherloc_finetune_pool,Carbonate,carbonate,main_training_keep,passes_provenance_and_spectral_quality_checks,10.78564383929042,91,0.9488279524631277,0.015256983597275488,0.0,,D:\dyt\raman\pigeonite\data\sherloc_corpolongo_region_spectra\SHERLOC_garde_detail_500_2.2_Point_31_label1_Carbonate.csv
SHERLOC_REGION_0261,SHERLOC in-situ Mars 2020,duv_sherloc_labeled_finetune_pool,sherloc_finetune_pool,Carbonate,carbonate,main_training_keep,passes_provenance_and_spectral_quality_checks,8.321482238067265,95,0.9999999999999988,0.01102128918209903,0.0,,D:\dyt\raman\pigeonite\data\sherloc_corpolongo_region_spectra\SHERLOC_garde_detail_500_2.2_Point_32_label1_Carbonate.csv
SHERLOC_REGION_0262,SHERLOC in-situ Mars 2020,duv_sherloc_labeled_finetune_pool,sherloc_finetune_pool,Carbonate,carbonate,main_training_keep,passes_provenance_and_spectral_quality_checks,9.076263146549579,102,0.9999999999999988,0.013117117060252467,0.0,,D:\dyt\raman\pigeonite\data\sherloc_corpolongo_region_spectra\SHERLOC_garde_detail_500_2.2_Point_33_label1_Carbonate.csv
SHERLOC_REGION_0265,SHERLOC in-situ Mars 2020,duv_sherloc_labeled_finetune_pool,sherloc_finetune_pool,Carbonate,carbonate,main_training_keep,passes_provenance_and_spectral_quality_checks,13.084262695832074,5,0.9999999999999998,0.023899186780344736,0.006839276990718124,,D:\dyt\raman\pigeonite\data\sherloc_corpolongo_region_spectra\SHERLOC_garde_detail_500_2.2_Point_35_label2_Carbonate.csv
SHERLOC_REGION_0272,SHERLOC in-situ Mars 2020,duv_sherloc_labeled_finetune_pool,sherloc_finetune_pool,Carbonate,carbonate,main_training_keep,passes_provenance_and_spectral_quality_checks,7.9086193699770515,92,0.927497369357561,0.09315441733884008,0.0,,D:\dyt\raman\pigeonite\data\sherloc_corpolongo_region_spectra\SHERLOC_garde_detail_500_2.2_Point_42_label2_Carbonate.csv
SHERLOC_REGION_0282,SHERLOC in-situ Mars 2020,duv_sherloc_labeled_finetune_pool,sherloc_finetune_pool,Carbonate,carbonate,main_training_keep,passes_provenance_and_spectral_quality_checks,8.43949248651177,98,0.9999999999999988,0.00413139089710912,0.0019540791402051783,,D:\dyt\raman\pigeonite\data\sherloc_corpolongo_region_spectra\SHERLOC_garde_detail_500_3.1_Point_8_label2_Carbonate.csv
SHERLOC_REGION_0284,SHERLOC in-situ Mars 2020,duv_sherloc_labeled_finetune_pool,sherloc_finetune_pool,Carbonate,carbonate,main_training_keep,passes_provenance_and_spectral_quality_checks,8.409744629651298,129,0.9278342336705488,0.01953947629461003,0.0009770395701025891,,D:\dyt\raman\pigeonite\data\sherloc_corpolongo_region_spectra\SHERLOC_garde_detail_500_3.1_Point_11_label2_Carbonate.csv
SHERLOC_REGION_0285,SHERLOC in-situ Mars 2020,duv_sherloc_labeled_finetune_pool,sherloc_finetune_pool,Carbonate,carbonate,main_training_keep,passes_provenance_and_spectral_quality_checks,8.097201503808698,110,0.9999999999999987,0.04403869638524847,0.0009770395701025891,,D:\dyt\raman\pigeonite\data\sherloc_corpolongo_region_spectra\SHERLOC_garde_detail_500_3.1_Point_15_label1_Carbonate.csv
SHERLOC_REGION_0294,SHERLOC in-situ Mars 2020,duv_sherloc_labeled_finetune_pool,sherloc_finetune_pool,Carbonate,carbonate,main_training_keep,passes_provenance_and_spectral_quality_checks,12.68660051474282,87,0.9691080541791124,0.01584756766508613,0.0,,D:\dyt\raman\pigeonite\data\sherloc_corpolongo_region_spectra\SHERLOC_garde_detail_500_3.1_Point_33_label1_Carbonate.csv
SHERLOC_REGION_0298,SHERLOC in-situ Mars 2020,duv_sherloc_labeled_finetune_pool,sherloc_finetune_pool,Carbonate,carbonate,main_training_keep,passes_provenance_and_spectral_quality_checks,12.76713176129276,88,0.926997270557496,0.005724593558364981,0.0009770395701025891,,D:\dyt\raman\pigeonite\data\sherloc_corpolongo_region_spectra\SHERLOC_garde_detail_500_3.1_Point_44_label2_Carbonate.csv
SHERLOC_REGION_0303,SHERLOC in-situ Mars 2020,duv_sherloc_labeled_finetune_pool,sherloc_finetune_pool,Carbonate,carbonate,main_training_keep,passes_provenance_and_spectral_quality_checks,10.984750042539543,104,0.9597545537521405,0.03228228365028985,0.0,,D:\dyt\raman\pigeonite\data\sherloc_corpolongo_region_spectra\SHERLOC_garde_detail_500_3.2_Point_6_label1_Carbonate.csv
SHERLOC_REGION_0305,SHERLOC in-situ Mars 2020,duv_sherloc_labeled_finetune_pool,sherloc_finetune_pool,Carbonate,carbonate,main_training_keep,passes_provenance_and_spectral_quality_checks,8.392099262322803,143,0.8765788706475534,0.03341101235300228,0.0,,D:\dyt\raman\pigeonite\data\sherloc_corpolongo_region_spectra\SHERLOC_garde_detail_500_3.2_Point_8_label1_Carbonate.csv
SHERLOC_REGION_0311,SHERLOC in-situ Mars 2020,duv_sherloc_labeled_finetune_pool,sherloc_finetune_pool,Carbonate,carbonate,main_training_keep,passes_provenance_and_spectral_quality_checks,7.309409357573173,109,0.9999999999999989,0.010645956949963531,0.0014655593551538837,,D:\dyt\raman\pigeonite\data\sherloc_corpolongo_region_spectra\SHERLOC_garde_detail_500_3.2_Point_23_label1_Carbonate.csv
SHERLOC_REGION_0312,SHERLOC in-situ Mars 2020,duv_sherloc_labeled_finetune_pool,sherloc_finetune_pool,Carbonate,carbonate,main_training_keep,passes_provenance_and_spectral_quality_checks,7.745948974534701,135,0.85921550228477,0.028899824528982744,0.0,,D:\dyt\raman\pigeonite\data\sherloc_corpolongo_region_spectra\SHERLOC_garde_detail_500_3.2_Point_24_label1_Carbonate.csv
SHERLOC_REGION_0313,SHERLOC in-situ Mars 2020,duv_sherloc_labeled_finetune_pool,sherloc_finetune_pool,Carbonate,carbonate,main_training_keep,passes_provenance_and_spectral_quality_checks,7.969133987540684,109,0.9999999999999988,0.05638312502898779,0.0,,D:\dyt\raman\pigeonite\data\sherloc_corpolongo_region_spectra\SHERLOC_garde_detail_500_3.2_Point_33_label1_Carbonate.csv
SHERLOC_REGION_0314,SHERLOC in-situ Mars 2020,duv_sherloc_labeled_finetune_pool,sherloc_finetune_pool,Carbonate,carbonate,main_training_keep,passes_provenance_and_spectral_quality_checks,8.4044744365407,115,0.903923928098898,0.016792094224141355,0.0004885197850512946,,D:\dyt\raman\pigeonite\data\sherloc_corpolongo_region_spectra\SHERLOC_garde_detail_500_3.2_Point_35_label1_Carbonate.csv
SHERLOC_REGION_0322,SHERLOC in-situ Mars 2020,duv_sherloc_labeled_finetune_pool,sherloc_finetune_pool,Carbonate,carbonate,main_training_keep,passes_provenance_and_spectral_quality_checks,8.657093191493777,106,0.999999999999999,0.015439061294225112,0.0004885197850512946,,D:\dyt\raman\pigeonite\data\sherloc_corpolongo_region_spectra\SHERLOC_garde_detail_500_3.2_Point_47_label2_Carbonate.csv
SHERLOC_REGION_0357,SHERLOC in-situ Mars 2020,duv_sherloc_labeled_finetune_pool,sherloc_finetune_pool,Carbonate,carbonate,main_training_keep,passes_provenance_and_spectral_quality_checks,7.975749147799845,108,0.8972497206374723,0.061871157790777766,0.0,,D:\dyt\raman\pigeonite\data\sherloc_corpolongo_region_spectra\SHERLOC_quartier_Q293.1_Point_1_label1_Carbonate.csv
SHERLOC_REGION_0360,SHERLOC in-situ Mars 2020,duv_sherloc_labeled_finetune_pool,sherloc_finetune_pool,Carbonate,carbonate,main_training_keep,passes_provenance_and_spectral_quality_checks,8.639448606565164,103,0.9168821654029352,0.0413338320810338,0.0,,D:\dyt\raman\pigeonite\data\sherloc_corpolongo_region_spectra\SHERLOC_quartier_Q293.1_Point_6_label2_Carbonate.csv
SHERLOC_REGION_0362,SHERLOC in-situ Mars 2020,duv_sherloc_labeled_finetune_pool,sherloc_finetune_pool,Carbonate,carbonate,main_training_keep,passes_provenance_and_spectral_quality_checks,7.381709137464072,120,0.9549540502226617,0.055323511286367505,0.0004885197850512946,,D:\dyt\raman\pigeonite\data\sherloc_corpolongo_region_spectra\SHERLOC_quartier_Q293.1_Point_8_label1_Carbonate.csv
SHERLOC_REGION_0363,SHERLOC in-situ Mars 2020,duv_sherloc_labeled_finetune_pool,sherloc_finetune_pool,Carbonate,carbonate,main_training_keep,passes_provenance_and_spectral_quality_checks,7.545047792401748,113,0.9999999999999983,0.040447941730392595,0.0,,D:\dyt\raman\pigeonite\data\sherloc_corpolongo_region_spectra\SHERLOC_quartier_Q293.1_Point_11_label1_Carbonate.csv
SHERLOC_REGION_0370,SHERLOC in-situ Mars 2020,duv_sherloc_labeled_finetune_pool,sherloc_finetune_pool,Carbonate,carbonate,main_training_keep,passes_provenance_and_spectral_quality_checks,7.718523803177278,121,0.9786681146079379,0.03736848182085243,0.0,,D:\dyt\raman\pigeonite\data\sherloc_corpolongo_region_spectra\SHERLOC_quartier_Q293.1_Point_20_label1_Carbonate.csv
SHERLOC_REGION_0376,SHERLOC in-situ Mars 2020,duv_sherloc_labeled_finetune_pool,sherloc_finetune_pool,Carbonate,carbonate,main_training_keep,passes_provenance_and_spectral_quality_checks,7.938086266456656,110,0.9896485747060624,0.02809797357735673,0.0,,D:\dyt\raman\pigeonite\data\sherloc_corpolongo_region_spectra\SHERLOC_quartier_Q293.1_Point_30_label2_Carbonate.csv
SHERLOC_REGION_0377,SHERLOC in-situ Mars 2020,duv_sherloc_labeled_finetune_pool,sherloc_finetune_pool,Carbonate,carbonate,main_training_keep,passes_provenance_and_spectral_quality_checks,7.929778834574214,133,0.9330065387844407,0.03536754007603409,0.0,,D:\dyt\raman\pigeonite\data\sherloc_corpolongo_region_spectra\SHERLOC_quartier_Q293.1_Point_32_label1_Carbonate.csv
SHERLOC_REGION_0381,SHERLOC in-situ Mars 2020,duv_sherloc_labeled_finetune_pool,sherloc_finetune_pool,Carbonate,carbonate,main_training_keep,passes_provenance_and_spectral_quality_checks,8.416711461865793,142,0.8780836152366535,0.011782036854446391,0.0,,D:\dyt\raman\pigeonite\data\sherloc_corpolongo_region_spectra\SHERLOC_quartier_Q293.1_Point_38_label1_Carbonate.csv
SHERLOC_REGION_0382,SHERLOC in-situ Mars 2020,duv_sherloc_labeled_finetune_pool,sherloc_finetune_pool,Carbonate,carbonate,main_training_keep,passes_provenance_and_spectral_quality_checks,7.8266722715365065,110,0.9908531671184827,0.022409242951033154,0.0,,D:\dyt\raman\pigeonite\data\sherloc_corpolongo_region_spectra\SHERLOC_quartier_Q293.1_Point_39_label1_Carbonate.csv
SHERLOC_REGION_0383,SHERLOC in-situ Mars 2020,duv_sherloc_labeled_finetune_pool,sherloc_finetune_pool,Carbonate,carbonate,main_training_keep,passes_provenance_and_spectral_quality_checks,7.692151993148975,128,0.8772432105661191,0.016522885993221728,0.0,,D:\dyt\raman\pigeonite\data\sherloc_corpolongo_region_spectra\SHERLOC_quartier_Q293.1_Point_40_label1_Carbonate.csv
SHERLOC_REGION_0384,SHERLOC in-situ Mars 2020,duv_sherloc_labeled_finetune_pool,sherloc_finetune_pool,Carbonate,carbonate,main_training_keep,passes_provenance_and_spectral_quality_checks,7.279966213430016,128,0.999999999999998,0.024135874073674728,0.0,,D:\dyt\raman\pigeonite\data\sherloc_corpolongo_region_spectra\SHERLOC_quartier_Q293.1_Point_41_label1_Carbonate.csv
SHERLOC_REGION_0385,SHERLOC in-situ Mars 2020,duv_sherloc_labeled_finetune_pool,sherloc_finetune_pool,Carbonate,carbonate,main_training_keep,passes_provenance_and_spectral_quality_checks,7.278331000893307,130,0.8586416351922123,0.044755849560673175,0.0,,D:\dyt\raman\pigeonite\data\sherloc_corpolongo_region_spectra\SHERLOC_quartier_Q293.1_Point_42_label1_Carbonate.csv
SHERLOC_REGION_0388,SHERLOC in-situ Mars 2020,duv_sherloc_labeled_finetune_pool,sherloc_finetune_pool,Carbonate,carbonate,main_training_keep,passes_provenance_and_spectral_quality_checks,6.879816078926099,122,0.9315728421223655,0.014048712945561965,0.0,,D:\dyt\raman\pigeonite\data\sherloc_corpolongo_region_spectra\SHERLOC_quartier_Q293.1_Point_48_label1_Carbonate.csv
SHERLOC_REGION_0389,SHERLOC in-situ Mars 2020,duv_sherloc_labeled_finetune_pool,sherloc_finetune_pool,Carbonate,carbonate,main_training_keep,passes_provenance_and_spectral_quality_checks,7.483476248550004,152,0.9407704177295583,0.015070322372022278,0.0,,D:\dyt\raman\pigeonite\data\sherloc_corpolongo_region_spectra\SHERLOC_quartier_Q293.2_Point_1_label1_Carbonate.csv
SHERLOC_REGION_0391,SHERLOC in-situ Mars 2020,duv_sherloc_labeled_finetune_pool,sherloc_finetune_pool,Carbonate,carbonate,main_training_keep,passes_provenance_and_spectral_quality_checks,7.83078503667131,89,0.9999999999999989,0.01610836965218909,0.0,,D:\dyt\raman\pigeonite\data\sherloc_corpolongo_region_spectra\SHERLOC_quartier_Q293.2_Point_3_label1_Carbonate.csv
SHERLOC_REGION_0393,SHERLOC in-situ Mars 2020,duv_sherloc_labeled_finetune_pool,sherloc_finetune_pool,Carbonate,carbonate,main_training_keep,passes_provenance_and_spectral_quality_checks,8.054382360560144,149,0.8598521356596385,0.025212979337247424,0.0004885197850512946,,D:\dyt\raman\pigeonite\data\sherloc_corpolongo_region_spectra\SHERLOC_quartier_Q293.2_Point_6_label1_Carbonate.csv
SHERLOC_REGION_0394,SHERLOC in-situ Mars 2020,duv_sherloc_labeled_finetune_pool,sherloc_finetune_pool,Carbonate,carbonate,main_training_keep,passes_provenance_and_spectral_quality_checks,7.924078596978771,114,0.9999999999999982,0.04498533417766459,0.0,,D:\dyt\raman\pigeonite\data\sherloc_corpolongo_region_spectra\SHERLOC_quartier_Q293.2_Point_7_label1_Carbonate.csv
SHERLOC_REGION_0395,SHERLOC in-situ Mars 2020,duv_sherloc_labeled_finetune_pool,sherloc_finetune_pool,Carbonate,carbonate,main_training_keep,passes_provenance_and_spectral_quality_checks,7.8463100888672015,119,0.9247571211425895,0.02403228976544791,0.0009770395701025891,,D:\dyt\raman\pigeonite\data\sherloc_corpolongo_region_spectra\SHERLOC_quartier_Q293.2_Point_8_label1_Carbonate.csv
SHERLOC_REGION_0396,SHERLOC in-situ Mars 2020,duv_sherloc_labeled_finetune_pool,sherloc_finetune_pool,Carbonate,carbonate,main_training_keep,passes_provenance_and_spectral_quality_checks,7.749949250057749,110,0.9999999999999984,0.024590131314713676,0.0009770395701025891,,D:\dyt\raman\pigeonite\data\sherloc_corpolongo_region_spectra\SHERLOC_quartier_Q293.2_Point_9_label1_Carbonate.csv
SHERLOC_REGION_0397,SHERLOC in-situ Mars 2020,duv_sherloc_labeled_finetune_pool,sherloc_finetune_pool,Carbonate,carbonate,main_training_keep,passes_provenance_and_spectral_quality_checks,7.701952566321125,135,0.8557608245065698,0.04124126672359585,0.0,,D:\dyt\raman\pigeonite\data\sherloc_corpolongo_region_spectra\SHERLOC_quartier_Q293.2_Point_11_label1_Carbonate.csv
SHERLOC_REGION_0399,SHERLOC in-situ Mars 2020,duv_sherloc_labeled_finetune_pool,sherloc_finetune_pool,Carbonate,carbonate,main_training_keep,passes_provenance_and_spectral_quality_checks,7.808286094874147,130,0.9500191004614923,0.027529817376747263,0.0,,D:\dyt\raman\pigeonite\data\sherloc_corpolongo_region_spectra\SHERLOC_quartier_Q293.2_Point_17_label1_Carbonate.csv
SHERLOC_REGION_0400,SHERLOC in-situ Mars 2020,duv_sherloc_labeled_finetune_pool,sherloc_finetune_pool,Carbonate,carbonate,main_training_keep,passes_provenance_and_spectral_quality_checks,7.506786485150145,107,0.8972072875774285,0.04232398364107017,0.0,,D:\dyt\raman\pigeonite\data\sherloc_corpolongo_region_spectra\SHERLOC_quartier_Q293.2_Point_19_label1_Carbonate.csv
SHERLOC_REGION_0402,SHERLOC in-situ Mars 2020,duv_sherloc_labeled_finetune_pool,sherloc_finetune_pool,Carbonate,carbonate,main_training_keep,passes_provenance_and_spectral_quality_checks,8.387660738099422,136,0.9999999999999982,0.02700400887368906,0.0009770395701025891,,D:\dyt\raman\pigeonite\data\sherloc_corpolongo_region_spectra\SHERLOC_quartier_Q293.2_Point_21_label1_Carbonate.csv
SHERLOC_REGION_0403,SHERLOC in-situ Mars 2020,duv_sherloc_labeled_finetune_pool,sherloc_finetune_pool,Carbonate,carbonate,main_training_keep,passes_provenance_and_spectral_quality_checks,9.0799869715818,6,0.9999999999999999,0.7584381139159306,0.003419638495359062,,D:\dyt\raman\pigeonite\data\sherloc_corpolongo_region_spectra\SHERLOC_quartier_Q293.2_Point_22_label1_Carbonate.csv
SHERLOC_REGION_0405,SHERLOC in-situ Mars 2020,duv_sherloc_labeled_finetune_pool,sherloc_finetune_pool,Carbonate,carbonate,main_training_keep,passes_provenance_and_spectral_quality_checks,7.50453466009611,124,0.9999999999999983,0.05780148764824628,0.0,,D:\dyt\raman\pigeonite\data\sherloc_corpolongo_region_spectra\SHERLOC_quartier_Q293.2_Point_23_label1_Carbonate.csv
SHERLOC_REGION_0406,SHERLOC in-situ Mars 2020,duv_sherloc_labeled_finetune_pool,sherloc_finetune_pool,Carbonate,carbonate,main_training_keep,passes_provenance_and_spectral_quality_checks,8.312866725672341,111,0.9512678970978051,0.05933022680421589,0.0009770395701025891,,D:\dyt\raman\pigeonite\data\sherloc_corpolongo_region_spectra\SHERLOC_quartier_Q293.2_Point_24_label1_Carbonate.csv
SHERLOC_REGION_0407,SHERLOC in-situ Mars 2020,duv_sherloc_labeled_finetune_pool,sherloc_finetune_pool,Carbonate,carbonate,main_training_keep,passes_provenance_and_spectral_quality_checks,7.483613994781901,135,0.8927422574516751,0.0496746539341507,0.0009770395701025891,,D:\dyt\raman\pigeonite\data\sherloc_corpolongo_region_spectra\SHERLOC_quartier_Q293.2_Point_28_label1_Carbonate.csv
SHERLOC_REGION_0409,SHERLOC in-situ Mars 2020,duv_sherloc_labeled_finetune_pool,sherloc_finetune_pool,Carbonate,carbonate,main_training_keep,passes_provenance_and_spectral_quality_checks,8.366731981275263,124,0.978196663805238,0.015112682647599636,0.0,,D:\dyt\raman\pigeonite\data\sherloc_corpolongo_region_spectra\SHERLOC_quartier_Q293.2_Point_34_label1_Carbonate.csv
SHERLOC_REGION_0410,SHERLOC in-situ Mars 2020,duv_sherloc_labeled_finetune_pool,sherloc_finetune_pool,Carbonate,carbonate,main_training_keep,passes_provenance_and_spectral_quality_checks,7.903563615492937,102,0.9999999999999987,0.0368740200288784,0.0009770395701025891,,D:\dyt\raman\pigeonite\data\sherloc_corpolongo_region_spectra\SHERLOC_quartier_Q293.2_Point_35_label1_Carbonate.csv
SHERLOC_REGION_0411,SHERLOC in-situ Mars 2020,duv_sherloc_labeled_finetune_pool,sherloc_finetune_pool,Carbonate,carbonate,main_training_keep,passes_provenance_and_spectral_quality_checks,7.222618680004501,147,0.930668528743382,0.02118189627713576,0.0,,D:\dyt\raman\pigeonite\data\sherloc_corpolongo_region_spectra\SHERLOC_quartier_Q293.2_Point_36_label1_Carbonate.csv
SHERLOC_REGION_0413,SHERLOC in-situ Mars 2020,duv_sherloc_labeled_finetune_pool,sherloc_finetune_pool,Carbonate,carbonate,main_training_keep,passes_provenance_and_spectral_quality_checks,7.768600972619818,132,0.879791353826183,0.03763542222204535,0.0,,D:\dyt\raman\pigeonite\data\sherloc_corpolongo_region_spectra\SHERLOC_quartier_Q293.2_Point_38_label1_Carbonate.csv
SHERLOC_REGION_0414,SHERLOC in-situ Mars 2020,duv_sherloc_labeled_finetune_pool,sherloc_finetune_pool,Carbonate,carbonate,main_training_keep,passes_provenance_and_spectral_quality_checks,7.815916192960665,119,0.9390427798047489,0.023365049775505783,0.0,,D:\dyt\raman\pigeonite\data\sherloc_corpolongo_region_spectra\SHERLOC_quartier_Q293.2_Point_39_label1_Carbonate.csv
SHERLOC_REGION_0415,SHERLOC in-situ Mars 2020,duv_sherloc_labeled_finetune_pool,sherloc_finetune_pool,Carbonate,carbonate,main_training_keep,passes_provenance_and_spectral_quality_checks,7.34889465232358,115,0.8999397595126654,0.015321481725553632,0.0009770395701025891,,D:\dyt\raman\pigeonite\data\sherloc_corpolongo_region_spectra\SHERLOC_quartier_Q293.2_Point_40_label1_Carbonate.csv
SHERLOC_REGION_0416,SHERLOC in-situ Mars 2020,duv_sherloc_labeled_finetune_pool,sherloc_finetune_pool,Carbonate,carbonate,main_training_keep,passes_provenance_and_spectral_quality_checks,9.487088378335732,2,0.9999999999999998,0.8734360645316533,0.007816316560820713,,D:\dyt\raman\pigeonite\data\sherloc_corpolongo_region_spectra\SHERLOC_quartier_Q293.2_Point_41_label1_Carbonate.csv
SHERLOC_REGION_0417,SHERLOC in-situ Mars 2020,duv_sherloc_labeled_finetune_pool,sherloc_finetune_pool,Carbonate,carbonate,main_training_keep,passes_provenance_and_spectral_quality_checks,7.350613285186249,129,0.8921332418710199,0.03132145596796764,0.0,,D:\dyt\raman\pigeonite\data\sherloc_corpolongo_region_spectra\SHERLOC_quartier_Q293.2_Point_42_label1_Carbonate.csv
SHERLOC_REGION_0418,SHERLOC in-situ Mars 2020,duv_sherloc_labeled_finetune_pool,sherloc_finetune_pool,Carbonate,carbonate,main_training_keep,passes_provenance_and_spectral_quality_checks,7.621463333094171,123,0.8671666141976342,0.06592502370180116,0.0009770395701025891,,D:\dyt\raman\pigeonite\data\sherloc_corpolongo_region_spectra\SHERLOC_quartier_Q293.2_Point_43_label1_Carbonate.csv
SHERLOC_REGION_0426,SHERLOC in-situ Mars 2020,duv_sherloc_labeled_finetune_pool,sherloc_finetune_pool,Carbonate,carbonate,main_training_keep,passes_provenance_and_spectral_quality_checks,9.912870369527537,90,0.9047325144869832,0.04452517671987271,0.0,,D:\dyt\raman\pigeonite\data\sherloc_corpolongo_region_spectra\SHERLOC_quartier_detail_500_1.1_Point_6_label2_Carbonate.csv
SHERLOC_REGION_0435,SHERLOC in-situ Mars 2020,duv_sherloc_labeled_finetune_pool,sherloc_finetune_pool,Carbonate,carbonate,main_training_keep,passes_provenance_and_spectral_quality_checks,8.412898738994425,97,0.9999999999999983,0.01776416145532942,0.0,,D:\dyt\raman\pigeonite\data\sherloc_corpolongo_region_spectra\SHERLOC_quartier_detail_500_1.1_Point_14_label1_Carbonate.csv
SHERLOC_REGION_0524,SHERLOC in-situ Mars 2020,duv_sherloc_labeled_finetune_pool,sherloc_finetune_pool,Carbonate,carbonate,main_training_keep,passes_provenance_and_spectral_quality_checks,7.708211327162742,127,0.8374185490008851,0.007269084941972227,0.0009770395701025891,,D:\dyt\raman\pigeonite\data\sherloc_corpolongo_region_spectra\SHERLOC_quartier_detail_500_2.1_Point_7_label1_Carbonate.csv
SHERLOC_REGION_0539,SHERLOC in-situ Mars 2020,duv_sherloc_labeled_finetune_pool,sherloc_finetune_pool,Carbonate,carbonate,main_training_keep,passes_provenance_and_spectral_quality_checks,8.653511061723696,104,0.9999999999999983,0.022587694983126967,0.0,,D:\dyt\raman\pigeonite\data\sherloc_corpolongo_region_spectra\SHERLOC_quartier_detail_500_2.1_Point_26_label2_Carbonate.csv
SHERLOC_REGION_0541,SHERLOC in-situ Mars 2020,duv_sherloc_labeled_finetune_pool,sherloc_finetune_pool,Carbonate,carbonate,main_training_keep,passes_provenance_and_spectral_quality_checks,8.629443527679946,122,0.9999999999999981,0.0205181607909553,0.0004885197850512946,,D:\dyt\raman\pigeonite\data\sherloc_corpolongo_region_spectra\SHERLOC_quartier_detail_500_2.1_Point_29_label2_Carbonate.csv
SHERLOC_REGION_0555,SHERLOC in-situ Mars 2020,duv_sherloc_labeled_finetune_pool,sherloc_finetune_pool,Carbonate,carbonate,main_training_keep,passes_provenance_and_spectral_quality_checks,7.343663910484841,125,0.9158091209171071,0.035889505394427035,0.0,,D:\dyt\raman\pigeonite\data\sherloc_corpolongo_region_spectra\SHERLOC_quartier_detail_500_2.1_Point_49_label2_Carbonate.csv
SHERLOC_REGION_0567,SHERLOC in-situ Mars 2020,duv_sherloc_labeled_finetune_pool,sherloc_finetune_pool,Carbonate,carbonate,main_training_keep,passes_provenance_and_spectral_quality_checks,8.21317729265539,112,0.9999999999999983,0.052784416527707156,0.0,,D:\dyt\raman\pigeonite\data\sherloc_corpolongo_region_spectra\SHERLOC_quartier_detail_500_2.2_Point_18_label1_Carbonate.csv
SHERLOC_REGION_0569,SHERLOC in-situ Mars 2020,duv_sherloc_labeled_finetune_pool,sherloc_finetune_pool,Carbonate,carbonate,main_training_keep,passes_provenance_and_spectral_quality_checks,8.892021984594493,108,0.871839850499406,0.032076168072028996,0.0,,D:\dyt\raman\pigeonite\data\sherloc_corpolongo_region_spectra\SHERLOC_quartier_detail_500_2.2_Point_21_label1_Carbonate.csv
SHERLOC_REGION_0570,SHERLOC in-situ Mars 2020,duv_sherloc_labeled_finetune_pool,sherloc_finetune_pool,Carbonate,carbonate,main_training_keep,passes_provenance_and_spectral_quality_checks,15.426608774214328,80,0.9999999999999991,0.009235154606875247,0.0009770395701025891,,D:\dyt\raman\pigeonite\data\sherloc_corpolongo_region_spectra\SHERLOC_quartier_detail_500_2.2_Point_22_label1_Carbonate.csv
SHERLOC_REGION_0582,SHERLOC in-situ Mars 2020,duv_sherloc_labeled_finetune_pool,sherloc_finetune_pool,Carbonate,carbonate,main_training_keep,passes_provenance_and_spectral_quality_checks,8.844064215153379,110,0.9443058615143873,0.0468398286390309,0.0,,D:\dyt\raman\pigeonite\data\sherloc_corpolongo_region_spectra\SHERLOC_quartier_detail_500_2.2_Point_40_label2_Carbonate.csv
SHERLOC_REGION_0685,SHERLOC in-situ Mars 2020,duv_sherloc_labeled_finetune_pool,sherloc_finetune_pool,Carbonate,carbonate,main_training_keep,passes_provenance_and_spectral_quality_checks,8.177124559211531,92,0.8790712998900956,0.024355582802442557,0.0,,D:\dyt\raman\pigeonite\data\sherloc_corpolongo_region_spectra\SHERLOC_quartier_detail_500_4.1_Point_16_label3_Carbonate.csv
SHERLOC_REGION_0697,SHERLOC in-situ Mars 2020,duv_sherloc_labeled_finetune_pool,sherloc_finetune_pool,Carbonate,carbonate,main_training_keep,passes_provenance_and_spectral_quality_checks,7.984211316642701,91,0.8805962241215106,0.0599624874134161,0.0009770395701025891,,D:\dyt\raman\pigeonite\data\sherloc_corpolongo_region_spectra\SHERLOC_quartier_detail_500_4.1_Point_35_label1_Carbonate.csv
SHERLOC_REGION_0069,SHERLOC in-situ Mars 2020,duv_sherloc_labeled_finetune_pool,sherloc_finetune_pool,Olivine,olivine,main_training_keep,passes_provenance_and_spectral_quality_checks,8.454742387173226,128,0.9999999999999982,0.02649404846144477,0.0009770395701025891,,D:\dyt\raman\pigeonite\data\sherloc_corpolongo_region_spectra\SHERLOC_dourbes_detail_500_1.2_Point_19_label1_Olivine.csv
SHERLOC_REGION_0075,SHERLOC in-situ Mars 2020,duv_sherloc_labeled_finetune_pool,sherloc_finetune_pool,Olivine,olivine,main_training_keep,passes_provenance_and_spectral_quality_checks,9.220143223187662,62,0.9752227462044271,0.052269763929483244,0.0009770395701025891,,D:\dyt\raman\pigeonite\data\sherloc_corpolongo_region_spectra\SHERLOC_dourbes_detail_500_1.2_Point_49_label1_Olivine.csv
SHERLOC_REGION_0077,SHERLOC in-situ Mars 2020,duv_sherloc_labeled_finetune_pool,sherloc_finetune_pool,Olivine,olivine,main_training_keep,passes_provenance_and_spectral_quality_checks,7.502543632171118,120,0.9893713669320741,0.0397384779739809,0.0009770395701025891,,D:\dyt\raman\pigeonite\data\sherloc_corpolongo_region_spectra\SHERLOC_dourbes_detail_500_2.1_Point_4_label1_Olivine.csv
SHERLOC_REGION_0088,SHERLOC in-situ Mars 2020,duv_sherloc_labeled_finetune_pool,sherloc_finetune_pool,Olivine,olivine,main_training_keep,passes_provenance_and_spectral_quality_checks,8.327923694829579,117,0.9389825072391926,0.0075371937656646725,0.0009770395701025891,,D:\dyt\raman\pigeonite\data\sherloc_corpolongo_region_spectra\SHERLOC_dourbes_detail_500_2.1_Point_29_label1_Olivine.csv
SHERLOC_REGION_0091,SHERLOC in-situ Mars 2020,duv_sherloc_labeled_finetune_pool,sherloc_finetune_pool,Olivine,olivine,main_training_keep,passes_provenance_and_spectral_quality_checks,7.357301099616722,120,0.8908508660740077,0.011315644145838192,0.0004885197850512946,,D:\dyt\raman\pigeonite\data\sherloc_corpolongo_region_spectra\SHERLOC_dourbes_detail_500_2.1_Point_39_label1_Olivine.csv
SHERLOC_REGION_0107,SHERLOC in-situ Mars 2020,duv_sherloc_labeled_finetune_pool,sherloc_finetune_pool,Olivine,olivine,main_training_keep,passes_provenance_and_spectral_quality_checks,7.865717592309312,112,0.9474421008399475,0.034989213528075,0.0009770395701025891,,D:\dyt\raman\pigeonite\data\sherloc_corpolongo_region_spectra\SHERLOC_dourbes_detail_500_2.2_Point_42_label1_Olivine.csv
SHERLOC_REGION_0108,SHERLOC in-situ Mars 2020,duv_sherloc_labeled_finetune_pool,sherloc_finetune_pool,Olivine,olivine,main_training_keep,passes_provenance_and_spectral_quality_checks,7.886844800916036,117,0.825472631612486,0.0455875208327798,0.0009770395701025891,,D:\dyt\raman\pigeonite\data\sherloc_corpolongo_region_spectra\SHERLOC_dourbes_detail_500_2.2_Point_44_label1_Olivine.csv
SHERLOC_REGION_0109,SHERLOC in-situ Mars 2020,duv_sherloc_labeled_finetune_pool,sherloc_finetune_pool,Olivine,olivine,main_training_keep,passes_provenance_and_spectral_quality_checks,6.825335199698244,132,0.9999999999999981,0.017326748440839437,0.0,,D:\dyt\raman\pigeonite\data\sherloc_corpolongo_region_spectra\SHERLOC_dourbes_detail_500_3.1_Point_0_label1_Olivine.csv
SHERLOC_REGION_0114,SHERLOC in-situ Mars 2020,duv_sherloc_labeled_finetune_pool,sherloc_finetune_pool,Olivine,olivine,main_training_keep,passes_provenance_and_spectral_quality_checks,8.714877320621282,106,0.6819699559066202,0.1757964959314074,0.0029311187103077674,,D:\dyt\raman\pigeonite\data\sherloc_corpolongo_region_spectra\SHERLOC_dourbes_detail_500_3.1_Point_18_label1_Olivine.csv
SHERLOC_REGION_0116,SHERLOC in-situ Mars 2020,duv_sherloc_labeled_finetune_pool,sherloc_finetune_pool,Olivine,olivine,main_training_keep,passes_provenance_and_spectral_quality_checks,8.307395505244228,121,0.9165902843498739,0.06200396838855362,0.0004885197850512946,,D:\dyt\raman\pigeonite\data\sherloc_corpolongo_region_spectra\SHERLOC_dourbes_detail_500_3.1_Point_19_label2_Olivine.csv
SHERLOC_REGION_0119,SHERLOC in-situ Mars 2020,duv_sherloc_labeled_finetune_pool,sherloc_finetune_pool,Olivine,olivine,main_training_keep,passes_provenance_and_spectral_quality_checks,7.302871952721985,88,0.8817780922206842,0.054383715714090834,0.0014655593551538837,,D:\dyt\raman\pigeonite\data\sherloc_corpolongo_region_spectra\SHERLOC_dourbes_detail_500_3.2_Point_13_label1_Olivine.csv
SHERLOC_REGION_0120,SHERLOC in-situ Mars 2020,duv_sherloc_labeled_finetune_pool,sherloc_finetune_pool,Olivine,olivine,main_training_keep,passes_provenance_and_spectral_quality_checks,7.758622040728308,73,0.9640162461963433,0.025067212294162408,0.0019540791402051783,,D:\dyt\raman\pigeonite\data\sherloc_corpolongo_region_spectra\SHERLOC_dourbes_detail_500_3.2_Point_14_label1_Olivine.csv
SHERLOC_REGION_0121,SHERLOC in-situ Mars 2020,duv_sherloc_labeled_finetune_pool,sherloc_finetune_pool,Olivine,olivine,main_training_keep,passes_provenance_and_spectral_quality_checks,8.347670946455565,150,0.8588584953064061,0.013660686200856363,0.0019540791402051783,,D:\dyt\raman\pigeonite\data\sherloc_corpolongo_region_spectra\SHERLOC_dourbes_detail_500_3.2_Point_15_label1_Olivine.csv
SHERLOC_REGION_0122,SHERLOC in-situ Mars 2020,duv_sherloc_labeled_finetune_pool,sherloc_finetune_pool,Olivine,olivine,main_training_keep,passes_provenance_and_spectral_quality_checks,10.130039925049148,7,0.9999999999999999,0.01705785709184443,0.004885197850512946,,D:\dyt\raman\pigeonite\data\sherloc_corpolongo_region_spectra\SHERLOC_dourbes_detail_500_3.2_Point_26_label1_Olivine.csv
SHERLOC_REGION_0123,SHERLOC in-situ Mars 2020,duv_sherloc_labeled_finetune_pool,sherloc_finetune_pool,Olivine,olivine,main_training_keep,passes_provenance_and_spectral_quality_checks,6.872469603506651,155,0.9560900543592308,0.03972885124103891,0.0009770395701025891,,D:\dyt\raman\pigeonite\data\sherloc_corpolongo_region_spectra\SHERLOC_dourbes_detail_500_3.2_Point_27_label1_Olivine.csv
SHERLOC_REGION_0124,SHERLOC in-situ Mars 2020,duv_sherloc_labeled_finetune_pool,sherloc_finetune_pool,Olivine,olivine,main_training_keep,passes_provenance_and_spectral_quality_checks,7.900376768331377,96,0.9882591346371232,0.047621173346271105,0.0009770395701025891,,D:\dyt\raman\pigeonite\data\sherloc_corpolongo_region_spectra\SHERLOC_dourbes_detail_500_3.2_Point_33_label1_Olivine.csv
SHERLOC_REGION_0125,SHERLOC in-situ Mars 2020,duv_sherloc_labeled_finetune_pool,sherloc_finetune_pool,Olivine,olivine,main_training_keep,passes_provenance_and_spectral_quality_checks,8.31412178295836,114,0.8863654084913187,0.027415731277302718,0.002442598925256473,,D:\dyt\raman\pigeonite\data\sherloc_corpolongo_region_spectra\SHERLOC_dourbes_detail_500_3.2_Point_40_label1_Olivine.csv
SHERLOC_REGION_0126,SHERLOC in-situ Mars 2020,duv_sherloc_labeled_finetune_pool,sherloc_finetune_pool,Olivine,olivine,main_training_keep,passes_provenance_and_spectral_quality_checks,8.227744705794375,71,0.9500673514266509,0.014753626073749504,0.0009770395701025891,,D:\dyt\raman\pigeonite\data\sherloc_corpolongo_region_spectra\SHERLOC_dourbes_detail_500_3.2_Point_41_label1_Olivine.csv
SHERLOC_REGION_0127,SHERLOC in-situ Mars 2020,duv_sherloc_labeled_finetune_pool,sherloc_finetune_pool,Olivine,olivine,main_training_keep,passes_provenance_and_spectral_quality_checks,7.798306114819209,146,0.8305142593421002,0.023435415753708222,0.0,,D:\dyt\raman\pigeonite\data\sherloc_corpolongo_region_spectra\SHERLOC_dourbes_detail_500_3.2_Point_45_label1_Olivine.csv
SHERLOC_REGION_0128,SHERLOC in-situ Mars 2020,duv_sherloc_labeled_finetune_pool,sherloc_finetune_pool,Olivine,olivine,main_training_keep,passes_provenance_and_spectral_quality_checks,6.398574445883083,158,0.9158181573623712,0.015688105262211066,0.0009770395701025891,,D:\dyt\raman\pigeonite\data\sherloc_corpolongo_region_spectra\SHERLOC_dourbes_detail_500_3.2_Point_46_label1_Olivine.csv
SHERLOC_REGION_0129,SHERLOC in-situ Mars 2020,duv_sherloc_labeled_finetune_pool,sherloc_finetune_pool,Olivine,olivine,main_training_keep,passes_provenance_and_spectral_quality_checks,7.796583764477004,128,0.9999999999999984,0.07277660895241282,0.0004885197850512946,,D:\dyt\raman\pigeonite\data\sherloc_corpolongo_region_spectra\SHERLOC_dourbes_detail_500_3.2_Point_47_label1_Olivine.csv
SHERLOC_REGION_0130,SHERLOC in-situ Mars 2020,duv_sherloc_labeled_finetune_pool,sherloc_finetune_pool,Olivine,olivine,main_training_keep,passes_provenance_and_spectral_quality_checks,6.818668770029943,105,0.9999999999999989,0.02050454263636674,0.0019540791402051783,,D:\dyt\raman\pigeonite\data\sherloc_corpolongo_region_spectra\SHERLOC_dourbes_detail_500_3.2_Point_48_label1_Olivine.csv
SHERLOC_REGION_0131,SHERLOC in-situ Mars 2020,duv_sherloc_labeled_finetune_pool,sherloc_finetune_pool,Olivine,olivine,main_training_keep,passes_provenance_and_spectral_quality_checks,6.919696211437722,100,0.999999999999999,0.026727265160646038,0.0009770395701025891,,D:\dyt\raman\pigeonite\data\sherloc_corpolongo_region_spectra\SHERLOC_dourbes_detail_500_3.2_Point_49_label1_Olivine.csv
SHERLOC_REGION_0138,SHERLOC in-situ Mars 2020,duv_sherloc_labeled_finetune_pool,sherloc_finetune_pool,Olivine,olivine,main_training_keep,passes_provenance_and_spectral_quality_checks,9.2915549516033,4,0.9999999999999999,0.018625379221311963,0.003419638495359062,,D:\dyt\raman\pigeonite\data\sherloc_corpolongo_region_spectra\SHERLOC_garde_detail_500_1.1_Point_6_label1_Olivine.csv
SHERLOC_REGION_0140,SHERLOC in-situ Mars 2020,duv_sherloc_labeled_finetune_pool,sherloc_finetune_pool,Olivine,olivine,main_training_keep,passes_provenance_and_spectral_quality_checks,8.991323196942997,3,0.9999999999999998,0.025614172636122964,0.0029311187103077674,,D:\dyt\raman\pigeonite\data\sherloc_corpolongo_region_spectra\SHERLOC_garde_detail_500_1.1_Point_7_label1_Olivine.csv
SHERLOC_REGION_0141,SHERLOC in-situ Mars 2020,duv_sherloc_labeled_finetune_pool,sherloc_finetune_pool,Olivine,olivine,main_training_keep,passes_provenance_and_spectral_quality_checks,8.360348306661486,15,0.9999999999999998,0.027205212915274262,0.0019540791402051783,,D:\dyt\raman\pigeonite\data\sherloc_corpolongo_region_spectra\SHERLOC_garde_detail_500_1.1_Point_8_label1_Olivine.csv
SHERLOC_REGION_0142,SHERLOC in-situ Mars 2020,duv_sherloc_labeled_finetune_pool,sherloc_finetune_pool,Olivine,olivine,main_training_keep,passes_provenance_and_spectral_quality_checks,9.065382635469705,4,0.9999999999999998,0.0478317984727244,0.0029311187103077674,,D:\dyt\raman\pigeonite\data\sherloc_corpolongo_region_spectra\SHERLOC_garde_detail_500_1.1_Point_9_label1_Olivine.csv
SHERLOC_REGION_0143,SHERLOC in-situ Mars 2020,duv_sherloc_labeled_finetune_pool,sherloc_finetune_pool,Olivine,olivine,main_training_keep,passes_provenance_and_spectral_quality_checks,8.729423532168267,44,0.9999999999999996,0.02729484627580385,0.002442598925256473,,D:\dyt\raman\pigeonite\data\sherloc_corpolongo_region_spectra\SHERLOC_garde_detail_500_1.1_Point_10_label1_Olivine.csv
SHERLOC_REGION_0144,SHERLOC in-situ Mars 2020,duv_sherloc_labeled_finetune_pool,sherloc_finetune_pool,Olivine,olivine,main_training_keep,passes_provenance_and_spectral_quality_checks,8.09810975575047,72,0.9552194634252662,0.0443459872530474,0.0009770395701025891,,D:\dyt\raman\pigeonite\data\sherloc_corpolongo_region_spectra\SHERLOC_garde_detail_500_1.1_Point_11_label1_Olivine.csv
SHERLOC_REGION_0145,SHERLOC in-situ Mars 2020,duv_sherloc_labeled_finetune_pool,sherloc_finetune_pool,Olivine,olivine,main_training_keep,passes_provenance_and_spectral_quality_checks,9.122159706557495,80,0.9475179091500596,0.015611798973107422,0.0009770395701025891,,D:\dyt\raman\pigeonite\data\sherloc_corpolongo_region_spectra\SHERLOC_garde_detail_500_1.1_Point_12_label1_Olivine.csv
SHERLOC_REGION_0147,SHERLOC in-situ Mars 2020,duv_sherloc_labeled_finetune_pool,sherloc_finetune_pool,Olivine,olivine,main_training_keep,passes_provenance_and_spectral_quality_checks,8.873694603672057,111,0.9712821489281467,0.022305456979074507,0.0004885197850512946,,D:\dyt\raman\pigeonite\data\sherloc_corpolongo_region_spectra\SHERLOC_garde_detail_500_1.1_Point_15_label1_Olivine.csv
SHERLOC_REGION_0152,SHERLOC in-situ Mars 2020,duv_sherloc_labeled_finetune_pool,sherloc_finetune_pool,Olivine,olivine,main_training_keep,passes_provenance_and_spectral_quality_checks,8.00629428295158,106,0.8780521610041251,0.031081214987426827,0.0,,D:\dyt\raman\pigeonite\data\sherloc_corpolongo_region_spectra\SHERLOC_garde_detail_500_1.1_Point_20_label1_Olivine.csv
SHERLOC_REGION_0156,SHERLOC in-situ Mars 2020,duv_sherloc_labeled_finetune_pool,sherloc_finetune_pool,Olivine,olivine,main_training_keep,passes_provenance_and_spectral_quality_checks,9.277853468424409,97,0.951964808867881,0.020342711841521772,0.0,,D:\dyt\raman\pigeonite\data\sherloc_corpolongo_region_spectra\SHERLOC_garde_detail_500_1.1_Point_25_label1_Olivine.csv
SHERLOC_REGION_0157,SHERLOC in-situ Mars 2020,duv_sherloc_labeled_finetune_pool,sherloc_finetune_pool,Olivine,olivine,main_training_keep,passes_provenance_and_spectral_quality_checks,9.839151986963726,107,0.9572570802101964,0.01675292330496202,0.0,,D:\dyt\raman\pigeonite\data\sherloc_corpolongo_region_spectra\SHERLOC_garde_detail_500_1.1_Point_26_label1_Olivine.csv
SHERLOC_REGION_0159,SHERLOC in-situ Mars 2020,duv_sherloc_labeled_finetune_pool,sherloc_finetune_pool,Olivine,olivine,main_training_keep,passes_provenance_and_spectral_quality_checks,8.12416564141241,107,0.9999999999999984,0.028892678977042494,0.0,,D:\dyt\raman\pigeonite\data\sherloc_corpolongo_region_spectra\SHERLOC_garde_detail_500_1.1_Point_28_label1_Olivine.csv
SHERLOC_REGION_0160,SHERLOC in-situ Mars 2020,duv_sherloc_labeled_finetune_pool,sherloc_finetune_pool,Olivine,olivine,main_training_keep,passes_provenance_and_spectral_quality_checks,7.87583372734317,110,0.9685554892787351,0.019054066512236102,0.0,,D:\dyt\raman\pigeonite\data\sherloc_corpolongo_region_spectra\SHERLOC_garde_detail_500_1.1_Point_29_label1_Olivine.csv
SHERLOC_REGION_0161,SHERLOC in-situ Mars 2020,duv_sherloc_labeled_finetune_pool,sherloc_finetune_pool,Olivine,olivine,main_training_keep,passes_provenance_and_spectral_quality_checks,8.231936577636587,39,0.9999999999999996,0.048419941261416986,0.0014655593551538837,,D:\dyt\raman\pigeonite\data\sherloc_corpolongo_region_spectra\SHERLOC_garde_detail_500_1.1_Point_31_label1_Olivine.csv
SHERLOC_REGION_0163,SHERLOC in-situ Mars 2020,duv_sherloc_labeled_finetune_pool,sherloc_finetune_pool,Olivine,olivine,main_training_keep,passes_provenance_and_spectral_quality_checks,8.783072862943344,115,0.9999999999999983,0.032272877052069486,0.0019540791402051783,,D:\dyt\raman\pigeonite\data\sherloc_corpolongo_region_spectra\SHERLOC_garde_detail_500_1.1_Point_34_label1_Olivine.csv
SHERLOC_REGION_0168,SHERLOC in-situ Mars 2020,duv_sherloc_labeled_finetune_pool,sherloc_finetune_pool,Olivine,olivine,main_training_keep,passes_provenance_and_spectral_quality_checks,9.201591928771427,90,0.999999999999999,0.03484935593583278,0.0009770395701025891,,D:\dyt\raman\pigeonite\data\sherloc_corpolongo_region_spectra\SHERLOC_garde_detail_500_1.1_Point_40_label1_Olivine.csv
SHERLOC_REGION_0170,SHERLOC in-situ Mars 2020,duv_sherloc_labeled_finetune_pool,sherloc_finetune_pool,Olivine,olivine,main_training_keep,passes_provenance_and_spectral_quality_checks,7.9292020410594795,114,0.9649806579248577,0.0031668292867118846,0.0009770395701025891,,D:\dyt\raman\pigeonite\data\sherloc_corpolongo_region_spectra\SHERLOC_garde_detail_500_1.1_Point_46_label1_Olivine.csv
SHERLOC_REGION_0178,SHERLOC in-situ Mars 2020,duv_sherloc_labeled_finetune_pool,sherloc_finetune_pool,Olivine,olivine,main_training_keep,passes_provenance_and_spectral_quality_checks,8.139564482343317,106,0.8808939869628066,0.00545855452849447,0.0009770395701025891,,D:\dyt\raman\pigeonite\data\sherloc_corpolongo_region_spectra\SHERLOC_garde_detail_500_1.2_Point_6_label1_Olivine.csv
SHERLOC_REGION_0179,SHERLOC in-situ Mars 2020,duv_sherloc_labeled_finetune_pool,sherloc_finetune_pool,Olivine,olivine,main_training_keep,passes_provenance_and_spectral_quality_checks,7.993207415215885,125,0.999999999999998,0.027004327108922834,0.0004885197850512946,,D:\dyt\raman\pigeonite\data\sherloc_corpolongo_region_spectra\SHERLOC_garde_detail_500_1.2_Point_10_label1_Olivine.csv
SHERLOC_REGION_0181,SHERLOC in-situ Mars 2020,duv_sherloc_labeled_finetune_pool,sherloc_finetune_pool,Olivine,olivine,main_training_keep,passes_provenance_and_spectral_quality_checks,7.085821861997438,105,0.8806354236937841,0.04170695057847875,0.0,,D:\dyt\raman\pigeonite\data\sherloc_corpolongo_region_spectra\SHERLOC_garde_detail_500_1.2_Point_13_label1_Olivine.csv
SHERLOC_REGION_0190,SHERLOC in-situ Mars 2020,duv_sherloc_labeled_finetune_pool,sherloc_finetune_pool,Olivine,olivine,main_training_keep,passes_provenance_and_spectral_quality_checks,7.257013861451189,115,0.8716196081559706,0.028651470245235504,0.0,,D:\dyt\raman\pigeonite\data\sherloc_corpolongo_region_spectra\SHERLOC_garde_detail_500_1.2_Point_26_label1_Olivine.csv
SHERLOC_REGION_0191,SHERLOC in-situ Mars 2020,duv_sherloc_labeled_finetune_pool,sherloc_finetune_pool,Olivine,olivine,main_training_keep,passes_provenance_and_spectral_quality_checks,7.933160827962221,114,0.9199806706390139,0.026502708057357594,0.0004885197850512946,,D:\dyt\raman\pigeonite\data\sherloc_corpolongo_region_spectra\SHERLOC_garde_detail_500_1.2_Point_27_label1_Olivine.csv
SHERLOC_REGION_0192,SHERLOC in-situ Mars 2020,duv_sherloc_labeled_finetune_pool,sherloc_finetune_pool,Olivine,olivine,main_training_keep,passes_provenance_and_spectral_quality_checks,9.743470527201092,114,0.9056613017671962,0.03637105003046732,0.0,,D:\dyt\raman\pigeonite\data\sherloc_corpolongo_region_spectra\SHERLOC_garde_detail_500_1.2_Point_30_label1_Olivine.csv
SHERLOC_REGION_0193,SHERLOC in-situ Mars 2020,duv_sherloc_labeled_finetune_pool,sherloc_finetune_pool,Olivine,olivine,main_training_keep,passes_provenance_and_spectral_quality_checks,7.677773677009772,106,0.8575560452840718,0.05273593975793125,0.0,,D:\dyt\raman\pigeonite\data\sherloc_corpolongo_region_spectra\SHERLOC_garde_detail_500_1.2_Point_31_label1_Olivine.csv
SHERLOC_REGION_0194,SHERLOC in-situ Mars 2020,duv_sherloc_labeled_finetune_pool,sherloc_finetune_pool,Olivine,olivine,main_training_keep,passes_provenance_and_spectral_quality_checks,7.099617302168398,122,0.9999999999999982,0.04077700088416445,0.0,,D:\dyt\raman\pigeonite\data\sherloc_corpolongo_region_spectra\SHERLOC_garde_detail_500_1.2_Point_32_label1_Olivine.csv
SHERLOC_REGION_0195,SHERLOC in-situ Mars 2020,duv_sherloc_labeled_finetune_pool,sherloc_finetune_pool,Olivine,olivine,main_training_keep,passes_provenance_and_spectral_quality_checks,7.8554529922375265,121,0.931679499819737,0.026260414745805743,0.0,,D:\dyt\raman\pigeonite\data\sherloc_corpolongo_region_spectra\SHERLOC_garde_detail_500_1.2_Point_33_label1_Olivine.csv
SHERLOC_REGION_0199,SHERLOC in-situ Mars 2020,duv_sherloc_labeled_finetune_pool,sherloc_finetune_pool,Olivine,olivine,main_training_keep,passes_provenance_and_spectral_quality_checks,8.19718890081367,117,0.936893579121515,0.01720721568689351,0.0019540791402051783,,D:\dyt\raman\pigeonite\data\sherloc_corpolongo_region_spectra\SHERLOC_garde_detail_500_1.2_Point_45_label1_Olivine.csv
SHERLOC_REGION_0200,SHERLOC in-situ Mars 2020,duv_sherloc_labeled_finetune_pool,sherloc_finetune_pool,Olivine,olivine,main_training_keep,passes_provenance_and_spectral_quality_checks,8.34435300758304,123,0.8546273807485947,0.021532828203320767,0.0,,D:\dyt\raman\pigeonite\data\sherloc_corpolongo_region_spectra\SHERLOC_garde_detail_500_1.2_Point_46_label1_Olivine.csv
SHERLOC_REGION_0201,SHERLOC in-situ Mars 2020,duv_sherloc_labeled_finetune_pool,sherloc_finetune_pool,Olivine,olivine,main_training_keep,passes_provenance_and_spectral_quality_checks,8.453437782395184,127,0.8546654251649854,0.00940034118320536,0.0,,D:\dyt\raman\pigeonite\data\sherloc_corpolongo_region_spectra\SHERLOC_garde_detail_500_1.2_Point_47_label1_Olivine.csv
SHERLOC_REGION_0202,SHERLOC in-situ Mars 2020,duv_sherloc_labeled_finetune_pool,sherloc_finetune_pool,Olivine,olivine,main_training_keep,passes_provenance_and_spectral_quality_checks,8.249896056978857,119,0.9636825761093957,0.027822316579597866,0.0,,D:\dyt\raman\pigeonite\data\sherloc_corpolongo_region_spectra\SHERLOC_garde_detail_500_1.2_Point_48_label1_Olivine.csv
SHERLOC_REGION_0203,SHERLOC in-situ Mars 2020,duv_sherloc_labeled_finetune_pool,sherloc_finetune_pool,Olivine,olivine,main_training_keep,passes_provenance_and_spectral_quality_checks,8.311132890808764,101,0.9999999999999987,0.1221554435382982,0.0,,D:\dyt\raman\pigeonite\data\sherloc_corpolongo_region_spectra\SHERLOC_garde_detail_500_2.1_Point_0_label1_Olivine.csv
SHERLOC_REGION_0204,SHERLOC in-situ Mars 2020,duv_sherloc_labeled_finetune_pool,sherloc_finetune_pool,Olivine,olivine,main_training_keep,passes_provenance_and_spectral_quality_checks,7.830162172971691,67,0.9999999999999994,0.02144015328203141,0.0014655593551538837,,D:\dyt\raman\pigeonite\data\sherloc_corpolongo_region_spectra\SHERLOC_garde_detail_500_2.1_Point_1_label1_Olivine.csv
SHERLOC_REGION_0205,SHERLOC in-situ Mars 2020,duv_sherloc_labeled_finetune_pool,sherloc_finetune_pool,Olivine,olivine,main_training_keep,passes_provenance_and_spectral_quality_checks,9.202204621715572,94,0.9347143884026237,0.01973775410974086,0.0,,D:\dyt\raman\pigeonite\data\sherloc_corpolongo_region_spectra\SHERLOC_garde_detail_500_2.1_Point_2_label1_Olivine.csv
SHERLOC_REGION_0209,SHERLOC in-situ Mars 2020,duv_sherloc_labeled_finetune_pool,sherloc_finetune_pool,Olivine,olivine,main_training_keep,passes_provenance_and_spectral_quality_checks,8.038601170727425,115,0.8383814435699213,0.052727945098151575,0.0,,D:\dyt\raman\pigeonite\data\sherloc_corpolongo_region_spectra\SHERLOC_garde_detail_500_2.1_Point_5_label1_Olivine.csv
SHERLOC_REGION_0210,SHERLOC in-situ Mars 2020,duv_sherloc_labeled_finetune_pool,sherloc_finetune_pool,Olivine,olivine,main_training_keep,passes_provenance_and_spectral_quality_checks,7.796044617512611,96,0.9292396311586482,0.021683633841894465,0.0,,D:\dyt\raman\pigeonite\data\sherloc_corpolongo_region_spectra\SHERLOC_garde_detail_500_2.1_Point_6_label1_Olivine.csv
SHERLOC_REGION_0211,SHERLOC in-situ Mars 2020,duv_sherloc_labeled_finetune_pool,sherloc_finetune_pool,Olivine,olivine,main_training_keep,passes_provenance_and_spectral_quality_checks,8.249282900182937,112,0.9331898545245976,0.028975214309113036,0.0,,D:\dyt\raman\pigeonite\data\sherloc_corpolongo_region_spectra\SHERLOC_garde_detail_500_2.1_Point_7_label1_Olivine.csv
SHERLOC_REGION_0212,SHERLOC in-situ Mars 2020,duv_sherloc_labeled_finetune_pool,sherloc_finetune_pool,Olivine,olivine,main_training_keep,passes_provenance_and_spectral_quality_checks,7.198635724265493,124,0.9420181595462557,0.030273191872118726,0.0,,D:\dyt\raman\pigeonite\data\sherloc_corpolongo_region_spectra\SHERLOC_garde_detail_500_2.1_Point_8_label1_Olivine.csv
SHERLOC_REGION_0213,SHERLOC in-situ Mars 2020,duv_sherloc_labeled_finetune_pool,sherloc_finetune_pool,Olivine,olivine,main_training_keep,passes_provenance_and_spectral_quality_checks,7.6492071323372715,110,0.8988160512050941,0.028563352400128254,0.0,,D:\dyt\raman\pigeonite\data\sherloc_corpolongo_region_spectra\SHERLOC_garde_detail_500_2.1_Point_9_label1_Olivine.csv
SHERLOC_REGION_0214,SHERLOC in-situ Mars 2020,duv_sherloc_labeled_finetune_pool,sherloc_finetune_pool,Olivine,olivine,main_training_keep,passes_provenance_and_spectral_quality_checks,7.034737047705587,125,0.999999999999998,0.025052965096191652,0.0,,D:\dyt\raman\pigeonite\data\sherloc_corpolongo_region_spectra\SHERLOC_garde_detail_500_2.1_Point_10_label1_Olivine.csv
SHERLOC_REGION_0215,SHERLOC in-situ Mars 2020,duv_sherloc_labeled_finetune_pool,sherloc_finetune_pool,Olivine,olivine,main_training_keep,passes_provenance_and_spectral_quality_checks,6.501312203679545,109,0.9064866281966526,0.026940053324017086,0.0,,D:\dyt\raman\pigeonite\data\sherloc_corpolongo_region_spectra\SHERLOC_garde_detail_500_2.1_Point_11_label1_Olivine.csv
SHERLOC_REGION_0216,SHERLOC in-situ Mars 2020,duv_sherloc_labeled_finetune_pool,sherloc_finetune_pool,Olivine,olivine,main_training_keep,passes_provenance_and_spectral_quality_checks,7.1872371208721395,102,0.985160530461484,0.03686196531612034,0.0,,D:\dyt\raman\pigeonite\data\sherloc_corpolongo_region_spectra\SHERLOC_garde_detail_500_2.1_Point_12_label1_Olivine.csv
SHERLOC_REGION_0217,SHERLOC in-situ Mars 2020,duv_sherloc_labeled_finetune_pool,sherloc_finetune_pool,Olivine,olivine,main_training_keep,passes_provenance_and_spectral_quality_checks,7.6361778399321025,101,0.9930962998039845,0.00555787851313665,0.0,,D:\dyt\raman\pigeonite\data\sherloc_corpolongo_region_spectra\SHERLOC_garde_detail_500_2.1_Point_13_label1_Olivine.csv
SHERLOC_REGION_0218,SHERLOC in-situ Mars 2020,duv_sherloc_labeled_finetune_pool,sherloc_finetune_pool,Olivine,olivine,main_training_keep,passes_provenance_and_spectral_quality_checks,7.546067794113723,108,0.9291483903112394,0.04832389073580576,0.0,,D:\dyt\raman\pigeonite\data\sherloc_corpolongo_region_spectra\SHERLOC_garde_detail_500_2.1_Point_14_label1_Olivine.csv
SHERLOC_REGION_0221,SHERLOC in-situ Mars 2020,duv_sherloc_labeled_finetune_pool,sherloc_finetune_pool,Olivine,olivine,main_training_keep,passes_provenance_and_spectral_quality_checks,8.525192313882206,91,0.9713443799603125,0.016114229155632626,0.0,,D:\dyt\raman\pigeonite\data\sherloc_corpolongo_region_spectra\SHERLOC_garde_detail_500_2.1_Point_18_label1_Olivine.csv
SHERLOC_REGION_0222,SHERLOC in-situ Mars 2020,duv_sherloc_labeled_finetune_pool,sherloc_finetune_pool,Olivine,olivine,main_training_keep,passes_provenance_and_spectral_quality_checks,8.472648490169062,103,0.9052414115512402,0.010274416362059991,0.0,,D:\dyt\raman\pigeonite\data\sherloc_corpolongo_region_spectra\SHERLOC_garde_detail_500_2.1_Point_19_label1_Olivine.csv
SHERLOC_REGION_0223,SHERLOC in-situ Mars 2020,duv_sherloc_labeled_finetune_pool,sherloc_finetune_pool,Olivine,olivine,main_training_keep,passes_provenance_and_spectral_quality_checks,7.621184612950706,124,0.9514565492728607,0.021279408754958686,0.0,,D:\dyt\raman\pigeonite\data\sherloc_corpolongo_region_spectra\SHERLOC_garde_detail_500_2.1_Point_21_label1_Olivine.csv
SHERLOC_REGION_0224,SHERLOC in-situ Mars 2020,duv_sherloc_labeled_finetune_pool,sherloc_finetune_pool,Olivine,olivine,main_training_keep,passes_provenance_and_spectral_quality_checks,7.704158406474635,116,0.8233774534612082,0.006957649199007374,0.0004885197850512946,,D:\dyt\raman\pigeonite\data\sherloc_corpolongo_region_spectra\SHERLOC_garde_detail_500_2.1_Point_24_label1_Olivine.csv
SHERLOC_REGION_0226,SHERLOC in-situ Mars 2020,duv_sherloc_labeled_finetune_pool,sherloc_finetune_pool,Olivine,olivine,main_training_keep,passes_provenance_and_spectral_quality_checks,8.531983033534251,91,0.8609809447657057,0.08413257096254063,0.0009770395701025891,,D:\dyt\raman\pigeonite\data\sherloc_corpolongo_region_spectra\SHERLOC_garde_detail_500_2.1_Point_25_label1_Olivine.csv
SHERLOC_REGION_0227,SHERLOC in-situ Mars 2020,duv_sherloc_labeled_finetune_pool,sherloc_finetune_pool,Olivine,olivine,main_training_keep,passes_provenance_and_spectral_quality_checks,8.084632479486348,94,0.9999999999999989,0.04179466488238446,0.0,,D:\dyt\raman\pigeonite\data\sherloc_corpolongo_region_spectra\SHERLOC_garde_detail_500_2.1_Point_26_label1_Olivine.csv
SHERLOC_REGION_0228,SHERLOC in-situ Mars 2020,duv_sherloc_labeled_finetune_pool,sherloc_finetune_pool,Olivine,olivine,main_training_keep,passes_provenance_and_spectral_quality_checks,8.539522039558488,114,0.9378032836499981,0.009359579566535747,0.0,,D:\dyt\raman\pigeonite\data\sherloc_corpolongo_region_spectra\SHERLOC_garde_detail_500_2.1_Point_27_label1_Olivine.csv
SHERLOC_REGION_0230,SHERLOC in-situ Mars 2020,duv_sherloc_labeled_finetune_pool,sherloc_finetune_pool,Olivine,olivine,main_training_keep,passes_provenance_and_spectral_quality_checks,8.272004057364203,107,0.9999999999999986,0.05835936391698223,0.0,,D:\dyt\raman\pigeonite\data\sherloc_corpolongo_region_spectra\SHERLOC_garde_detail_500_2.1_Point_30_label1_Olivine.csv
SHERLOC_REGION_0231,SHERLOC in-situ Mars 2020,duv_sherloc_labeled_finetune_pool,sherloc_finetune_pool,Olivine,olivine,main_training_keep,passes_provenance_and_spectral_quality_checks,8.472695364838557,101,0.8812282753569404,0.0664813409134293,0.0,,D:\dyt\raman\pigeonite\data\sherloc_corpolongo_region_spectra\SHERLOC_garde_detail_500_2.1_Point_31_label1_Olivine.csv
SHERLOC_REGION_0235,SHERLOC in-situ Mars 2020,duv_sherloc_labeled_finetune_pool,sherloc_finetune_pool,Olivine,olivine,main_training_keep,passes_provenance_and_spectral_quality_checks,8.083195256359136,94,0.9345138133836831,0.029550606259820526,0.0,,D:\dyt\raman\pigeonite\data\sherloc_corpolongo_region_spectra\SHERLOC_garde_detail_500_2.1_Point_38_label2_Olivine.csv
SHERLOC_REGION_0237,SHERLOC in-situ Mars 2020,duv_sherloc_labeled_finetune_pool,sherloc_finetune_pool,Olivine,olivine,main_training_keep,passes_provenance_and_spectral_quality_checks,8.709714474739243,112,0.8132320439585452,0.006093119221791781,0.0,,D:\dyt\raman\pigeonite\data\sherloc_corpolongo_region_spectra\SHERLOC_garde_detail_500_2.1_Point_45_label1_Olivine.csv
SHERLOC_REGION_0238,SHERLOC in-situ Mars 2020,duv_sherloc_labeled_finetune_pool,sherloc_finetune_pool,Olivine,olivine,main_training_keep,passes_provenance_and_spectral_quality_checks,7.967738891666719,124,0.9999999999999983,0.009897546325038292,0.0,,D:\dyt\raman\pigeonite\data\sherloc_corpolongo_region_spectra\SHERLOC_garde_detail_500_2.1_Point_46_label1_Olivine.csv
SHERLOC_REGION_0241,SHERLOC in-situ Mars 2020,duv_sherloc_labeled_finetune_pool,sherloc_finetune_pool,Olivine,olivine,main_training_keep,passes_provenance_and_spectral_quality_checks,7.934103449613903,110,0.9684055601525757,0.01959652266964423,0.0,,D:\dyt\raman\pigeonite\data\sherloc_corpolongo_region_spectra\SHERLOC_garde_detail_500_2.2_Point_1_label1_Olivine.csv
SHERLOC_REGION_0243,SHERLOC in-situ Mars 2020,duv_sherloc_labeled_finetune_pool,sherloc_finetune_pool,Olivine,olivine,main_training_keep,passes_provenance_and_spectral_quality_checks,7.791544785468733,106,0.8790034321693133,0.045363731860269214,0.0,,D:\dyt\raman\pigeonite\data\sherloc_corpolongo_region_spectra\SHERLOC_garde_detail_500_2.2_Point_3_label1_Olivine.csv
SHERLOC_REGION_0245,SHERLOC in-situ Mars 2020,duv_sherloc_labeled_finetune_pool,sherloc_finetune_pool,Olivine,olivine,main_training_keep,passes_provenance_and_spectral_quality_checks,7.61109337267442,137,0.969160199073542,0.025015599705221058,0.0,,D:\dyt\raman\pigeonite\data\sherloc_corpolongo_region_spectra\SHERLOC_garde_detail_500_2.2_Point_4_label1_Olivine.csv
SHERLOC_REGION_0246,SHERLOC in-situ Mars 2020,duv_sherloc_labeled_finetune_pool,sherloc_finetune_pool,Olivine,olivine,main_training_keep,passes_provenance_and_spectral_quality_checks,7.473590403658099,112,0.9999999999999983,0.03435158907996084,0.0009770395701025891,,D:\dyt\raman\pigeonite\data\sherloc_corpolongo_region_spectra\SHERLOC_garde_detail_500_2.2_Point_5_label1_Olivine.csv
SHERLOC_REGION_0248,SHERLOC in-situ Mars 2020,duv_sherloc_labeled_finetune_pool,sherloc_finetune_pool,Olivine,olivine,main_training_keep,passes_provenance_and_spectral_quality_checks,8.686857222875055,77,0.9999999999999992,0.011285707876826607,0.0004885197850512946,,D:\dyt\raman\pigeonite\data\sherloc_corpolongo_region_spectra\SHERLOC_garde_detail_500_2.2_Point_11_label1_Olivine.csv
SHERLOC_REGION_0249,SHERLOC in-situ Mars 2020,duv_sherloc_labeled_finetune_pool,sherloc_finetune_pool,Olivine,olivine,main_training_keep,passes_provenance_and_spectral_quality_checks,8.787675653072693,108,0.9999999999999986,0.08559892649678841,0.0004885197850512946,,D:\dyt\raman\pigeonite\data\sherloc_corpolongo_region_spectra\SHERLOC_garde_detail_500_2.2_Point_13_label1_Olivine.csv
SHERLOC_REGION_0251,SHERLOC in-situ Mars 2020,duv_sherloc_labeled_finetune_pool,sherloc_finetune_pool,Olivine,olivine,main_training_keep,passes_provenance_and_spectral_quality_checks,7.98246543161234,123,0.8015807242021581,0.003070294182856209,0.0,,D:\dyt\raman\pigeonite\data\sherloc_corpolongo_region_spectra\SHERLOC_garde_detail_500_2.2_Point_14_label1_Olivine.csv
SHERLOC_REGION_0252,SHERLOC in-situ Mars 2020,duv_sherloc_labeled_finetune_pool,sherloc_finetune_pool,Olivine,olivine,main_training_keep,passes_provenance_and_spectral_quality_checks,7.97713655322097,107,0.8859608408594223,0.021019124898507408,0.0,,D:\dyt\raman\pigeonite\data\sherloc_corpolongo_region_spectra\SHERLOC_garde_detail_500_2.2_Point_17_label1_Olivine.csv
SHERLOC_REGION_0253,SHERLOC in-situ Mars 2020,duv_sherloc_labeled_finetune_pool,sherloc_finetune_pool,Olivine,olivine,main_training_keep,passes_provenance_and_spectral_quality_checks,7.7822775481311846,109,0.9178887985604156,0.012337882858229387,0.0009770395701025891,,D:\dyt\raman\pigeonite\data\sherloc_corpolongo_region_spectra\SHERLOC_garde_detail_500_2.2_Point_18_label1_Olivine.csv
SHERLOC_REGION_0254,SHERLOC in-situ Mars 2020,duv_sherloc_labeled_finetune_pool,sherloc_finetune_pool,Olivine,olivine,main_training_keep,passes_provenance_and_spectral_quality_checks,7.717659554751277,115,0.9446069610718435,0.024516340487936848,0.0,,D:\dyt\raman\pigeonite\data\sherloc_corpolongo_region_spectra\SHERLOC_garde_detail_500_2.2_Point_21_label1_Olivine.csv
SHERLOC_REGION_0255,SHERLOC in-situ Mars 2020,duv_sherloc_labeled_finetune_pool,sherloc_finetune_pool,Olivine,olivine,main_training_keep,passes_provenance_and_spectral_quality_checks,8.131492254217566,106,0.961634884613746,0.022628163682010302,0.0,,D:\dyt\raman\pigeonite\data\sherloc_corpolongo_region_spectra\SHERLOC_garde_detail_500_2.2_Point_22_label1_Olivine.csv
SHERLOC_REGION_0256,SHERLOC in-situ Mars 2020,duv_sherloc_labeled_finetune_pool,sherloc_finetune_pool,Olivine,olivine,main_training_keep,passes_provenance_and_spectral_quality_checks,8.21316867568017,112,0.8157925578043187,0.03266452710365641,0.0,,D:\dyt\raman\pigeonite\data\sherloc_corpolongo_region_spectra\SHERLOC_garde_detail_500_2.2_Point_23_label1_Olivine.csv
SHERLOC_REGION_0257,SHERLOC in-situ Mars 2020,duv_sherloc_labeled_finetune_pool,sherloc_finetune_pool,Olivine,olivine,main_training_keep,passes_provenance_and_spectral_quality_checks,7.674377469469558,126,0.9925832516456387,0.007711137462331071,0.0009770395701025891,,D:\dyt\raman\pigeonite\data\sherloc_corpolongo_region_spectra\SHERLOC_garde_detail_500_2.2_Point_25_label1_Olivine.csv
SHERLOC_REGION_0258,SHERLOC in-situ Mars 2020,duv_sherloc_labeled_finetune_pool,sherloc_finetune_pool,Olivine,olivine,main_training_keep,passes_provenance_and_spectral_quality_checks,7.063643108095059,129,0.8640016850108238,0.02954643042440769,0.0004885197850512946,,D:\dyt\raman\pigeonite\data\sherloc_corpolongo_region_spectra\SHERLOC_garde_detail_500_2.2_Point_29_label1_Olivine.csv
SHERLOC_REGION_0259,SHERLOC in-situ Mars 2020,duv_sherloc_labeled_finetune_pool,sherloc_finetune_pool,Olivine,olivine,main_training_keep,passes_provenance_and_spectral_quality_checks,8.838308800491557,121,0.9243733769805846,0.06436087439228419,0.0,,D:\dyt\raman\pigeonite\data\sherloc_corpolongo_region_spectra\SHERLOC_garde_detail_500_2.2_Point_30_label1_Olivine.csv
SHERLOC_REGION_0263,SHERLOC in-situ Mars 2020,duv_sherloc_labeled_finetune_pool,sherloc_finetune_pool,Olivine,olivine,main_training_keep,passes_provenance_and_spectral_quality_checks,8.460330671734734,102,0.9999999999999987,0.046513620267334896,0.0004885197850512946,,D:\dyt\raman\pigeonite\data\sherloc_corpolongo_region_spectra\SHERLOC_garde_detail_500_2.2_Point_34_label1_Olivine.csv
SHERLOC_REGION_0264,SHERLOC in-situ Mars 2020,duv_sherloc_labeled_finetune_pool,sherloc_finetune_pool,Olivine,olivine,main_training_keep,passes_provenance_and_spectral_quality_checks,13.084262695832074,5,0.9999999999999998,0.023899186780344736,0.006839276990718124,,D:\dyt\raman\pigeonite\data\sherloc_corpolongo_region_spectra\SHERLOC_garde_detail_500_2.2_Point_35_label1_Olivine.csv
SHERLOC_REGION_0266,SHERLOC in-situ Mars 2020,duv_sherloc_labeled_finetune_pool,sherloc_finetune_pool,Olivine,olivine,main_training_keep,passes_provenance_and_spectral_quality_checks,9.333539860225255,105,0.9474781489441966,0.03765219864380318,0.0,,D:\dyt\raman\pigeonite\data\sherloc_corpolongo_region_spectra\SHERLOC_garde_detail_500_2.2_Point_36_label1_Olivine.csv
SHERLOC_REGION_0267,SHERLOC in-situ Mars 2020,duv_sherloc_labeled_finetune_pool,sherloc_finetune_pool,Olivine,olivine,main_training_keep,passes_provenance_and_spectral_quality_checks,7.74651584067666,129,0.84623667070872,0.03169221711103142,0.0,,D:\dyt\raman\pigeonite\data\sherloc_corpolongo_region_spectra\SHERLOC_garde_detail_500_2.2_Point_38_label1_Olivine.csv
SHERLOC_REGION_0268,SHERLOC in-situ Mars 2020,duv_sherloc_labeled_finetune_pool,sherloc_finetune_pool,Olivine,olivine,main_training_keep,passes_provenance_and_spectral_quality_checks,7.917246012351356,118,0.9576802419267052,0.031544109712341825,0.0004885197850512946,,D:\dyt\raman\pigeonite\data\sherloc_corpolongo_region_spectra\SHERLOC_garde_detail_500_2.2_Point_39_label1_Olivine.csv
SHERLOC_REGION_0269,SHERLOC in-situ Mars 2020,duv_sherloc_labeled_finetune_pool,sherloc_finetune_pool,Olivine,olivine,main_training_keep,passes_provenance_and_spectral_quality_checks,7.953180425189013,138,0.9104676246512551,0.022911839774663614,0.0,,D:\dyt\raman\pigeonite\data\sherloc_corpolongo_region_spectra\SHERLOC_garde_detail_500_2.2_Point_40_label1_Olivine.csv
SHERLOC_REGION_0270,SHERLOC in-situ Mars 2020,duv_sherloc_labeled_finetune_pool,sherloc_finetune_pool,Olivine,olivine,main_training_keep,passes_provenance_and_spectral_quality_checks,8.91678346838351,102,0.9999999999999989,0.02547715279188737,0.0,,D:\dyt\raman\pigeonite\data\sherloc_corpolongo_region_spectra\SHERLOC_garde_detail_500_2.2_Point_41_label1_Olivine.csv
SHERLOC_REGION_0271,SHERLOC in-situ Mars 2020,duv_sherloc_labeled_finetune_pool,sherloc_finetune_pool,Olivine,olivine,main_training_keep,passes_provenance_and_spectral_quality_checks,7.9086193699770515,92,0.927497369357561,0.09315441733884008,0.0,,D:\dyt\raman\pigeonite\data\sherloc_corpolongo_region_spectra\SHERLOC_garde_detail_500_2.2_Point_42_label1_Olivine.csv
SHERLOC_REGION_0273,SHERLOC in-situ Mars 2020,duv_sherloc_labeled_finetune_pool,sherloc_finetune_pool,Olivine,olivine,main_training_keep,passes_provenance_and_spectral_quality_checks,7.766910792221009,89,0.8774911193349318,0.06824994444296005,0.0,,D:\dyt\raman\pigeonite\data\sherloc_corpolongo_region_spectra\SHERLOC_garde_detail_500_2.2_Point_43_label1_Olivine.csv
SHERLOC_REGION_0274,SHERLOC in-situ Mars 2020,duv_sherloc_labeled_finetune_pool,sherloc_finetune_pool,Olivine,olivine,main_training_keep,passes_provenance_and_spectral_quality_checks,7.978671046446688,111,0.9149040731445881,0.01063298153063627,0.0,,D:\dyt\raman\pigeonite\data\sherloc_corpolongo_region_spectra\SHERLOC_garde_detail_500_2.2_Point_47_label1_Olivine.csv
SHERLOC_REGION_0277,SHERLOC in-situ Mars 2020,duv_sherloc_labeled_finetune_pool,sherloc_finetune_pool,Olivine,olivine,main_training_keep,passes_provenance_and_spectral_quality_checks,7.858457871375379,101,0.9514379988248174,0.051313511014462396,0.0,,D:\dyt\raman\pigeonite\data\sherloc_corpolongo_region_spectra\SHERLOC_garde_detail_500_3.1_Point_4_label1_Olivine.csv
SHERLOC_REGION_0278,SHERLOC in-situ Mars 2020,duv_sherloc_labeled_finetune_pool,sherloc_finetune_pool,Olivine,olivine,main_training_keep,passes_provenance_and_spectral_quality_checks,8.862518432994731,115,0.9384718499040258,0.021689460625233404,0.0009770395701025891,,D:\dyt\raman\pigeonite\data\sherloc_corpolongo_region_spectra\SHERLOC_garde_detail_500_3.1_Point_5_label1_Olivine.csv
SHERLOC_REGION_0279,SHERLOC in-situ Mars 2020,duv_sherloc_labeled_finetune_pool,sherloc_finetune_pool,Olivine,olivine,main_training_keep,passes_provenance_and_spectral_quality_checks,9.703700703343632,114,0.9416285731601087,0.031843838584145315,0.0,,D:\dyt\raman\pigeonite\data\sherloc_corpolongo_region_spectra\SHERLOC_garde_detail_500_3.1_Point_6_label1_Olivine.csv
SHERLOC_REGION_0280,SHERLOC in-situ Mars 2020,duv_sherloc_labeled_finetune_pool,sherloc_finetune_pool,Olivine,olivine,main_training_keep,passes_provenance_and_spectral_quality_checks,8.415162069373874,130,0.9613431502683327,0.03800215766844318,0.0014655593551538837,,D:\dyt\raman\pigeonite\data\sherloc_corpolongo_region_spectra\SHERLOC_garde_detail_500_3.1_Point_7_label1_Olivine.csv
SHERLOC_REGION_0281,SHERLOC in-situ Mars 2020,duv_sherloc_labeled_finetune_pool,sherloc_finetune_pool,Olivine,olivine,main_training_keep,passes_provenance_and_spectral_quality_checks,8.43949248651177,98,0.9999999999999988,0.00413139089710912,0.0019540791402051783,,D:\dyt\raman\pigeonite\data\sherloc_corpolongo_region_spectra\SHERLOC_garde_detail_500_3.1_Point_8_label1_Olivine.csv
SHERLOC_REGION_0283,SHERLOC in-situ Mars 2020,duv_sherloc_labeled_finetune_pool,sherloc_finetune_pool,Olivine,olivine,main_training_keep,passes_provenance_and_spectral_quality_checks,8.409744629651298,129,0.9278342336705488,0.01953947629461003,0.0009770395701025891,,D:\dyt\raman\pigeonite\data\sherloc_corpolongo_region_spectra\SHERLOC_garde_detail_500_3.1_Point_11_label1_Olivine.csv
SHERLOC_REGION_0304,SHERLOC in-situ Mars 2020,duv_sherloc_labeled_finetune_pool,sherloc_finetune_pool,Olivine,olivine,main_training_keep,passes_provenance_and_spectral_quality_checks,8.518578256567181,136,0.8082816372357287,0.015588060986605517,0.0,,D:\dyt\raman\pigeonite\data\sherloc_corpolongo_region_spectra\SHERLOC_garde_detail_500_3.2_Point_7_label1_Olivine.csv
SHERLOC_REGION_0306,SHERLOC in-situ Mars 2020,duv_sherloc_labeled_finetune_pool,sherloc_finetune_pool,Olivine,olivine,main_training_keep,passes_provenance_and_spectral_quality_checks,8.043446181300405,115,0.9843271129404906,0.03614079712597622,0.0,,D:\dyt\raman\pigeonite\data\sherloc_corpolongo_region_spectra\SHERLOC_garde_detail_500_3.2_Point_9_label1_Olivine.csv
SHERLOC_REGION_0307,SHERLOC in-situ Mars 2020,duv_sherloc_labeled_finetune_pool,sherloc_finetune_pool,Olivine,olivine,main_training_keep,passes_provenance_and_spectral_quality_checks,8.654475674475346,121,0.9697914378828923,0.004324886994439348,0.0,,D:\dyt\raman\pigeonite\data\sherloc_corpolongo_region_spectra\SHERLOC_garde_detail_500_3.2_Point_10_label1_Olivine.csv
SHERLOC_REGION_0309,SHERLOC in-situ Mars 2020,duv_sherloc_labeled_finetune_pool,sherloc_finetune_pool,Olivine,olivine,main_training_keep,passes_provenance_and_spectral_quality_checks,8.183657052468476,119,0.9924226806234845,0.030132143579093912,0.0,,D:\dyt\raman\pigeonite\data\sherloc_corpolongo_region_spectra\SHERLOC_garde_detail_500_3.2_Point_20_label1_Olivine.csv
SHERLOC_REGION_0310,SHERLOC in-situ Mars 2020,duv_sherloc_labeled_finetune_pool,sherloc_finetune_pool,Olivine,olivine,main_training_keep,passes_provenance_and_spectral_quality_checks,7.9225402876368864,119,0.9305893956443263,0.009912438389745428,0.0,,D:\dyt\raman\pigeonite\data\sherloc_corpolongo_region_spectra\SHERLOC_garde_detail_500_3.2_Point_21_label1_Olivine.csv
SHERLOC_REGION_0315,SHERLOC in-situ Mars 2020,duv_sherloc_labeled_finetune_pool,sherloc_finetune_pool,Olivine,olivine,main_training_keep,passes_provenance_and_spectral_quality_checks,8.471389751341142,135,0.9662098873730399,0.017659466571859288,0.0,,D:\dyt\raman\pigeonite\data\sherloc_corpolongo_region_spectra\SHERLOC_garde_detail_500_3.2_Point_36_label1_Olivine.csv
SHERLOC_REGION_0316,SHERLOC in-situ Mars 2020,duv_sherloc_labeled_finetune_pool,sherloc_finetune_pool,Olivine,olivine,main_training_keep,passes_provenance_and_spectral_quality_checks,7.973839659988147,130,0.9721733297473789,0.02484266720661039,0.0,,D:\dyt\raman\pigeonite\data\sherloc_corpolongo_region_spectra\SHERLOC_garde_detail_500_3.2_Point_37_label1_Olivine.csv
SHERLOC_REGION_0317,SHERLOC in-situ Mars 2020,duv_sherloc_labeled_finetune_pool,sherloc_finetune_pool,Olivine,olivine,main_training_keep,passes_provenance_and_spectral_quality_checks,8.432647801865926,116,0.9185758154124744,0.0562551763044134,0.0004885197850512946,,D:\dyt\raman\pigeonite\data\sherloc_corpolongo_region_spectra\SHERLOC_garde_detail_500_3.2_Point_38_label1_Olivine.csv
SHERLOC_REGION_0318,SHERLOC in-situ Mars 2020,duv_sherloc_labeled_finetune_pool,sherloc_finetune_pool,Olivine,olivine,main_training_keep,passes_provenance_and_spectral_quality_checks,8.263601653200883,124,0.9481555134353725,0.03316077217726153,0.0,,D:\dyt\raman\pigeonite\data\sherloc_corpolongo_region_spectra\SHERLOC_garde_detail_500_3.2_Point_39_label1_Olivine.csv
SHERLOC_REGION_0319,SHERLOC in-situ Mars 2020,duv_sherloc_labeled_finetune_pool,sherloc_finetune_pool,Olivine,olivine,main_training_keep,passes_provenance_and_spectral_quality_checks,8.162401036649253,134,0.887902285611357,0.016158214364308126,0.0,,D:\dyt\raman\pigeonite\data\sherloc_corpolongo_region_spectra\SHERLOC_garde_detail_500_3.2_Point_42_label1_Olivine.csv
SHERLOC_REGION_0320,SHERLOC in-situ Mars 2020,duv_sherloc_labeled_finetune_pool,sherloc_finetune_pool,Olivine,olivine,main_training_keep,passes_provenance_and_spectral_quality_checks,8.107764508785921,146,0.9505475906112971,0.0276934807410517,0.0,,D:\dyt\raman\pigeonite\data\sherloc_corpolongo_region_spectra\SHERLOC_garde_detail_500_3.2_Point_43_label1_Olivine.csv
SHERLOC_REGION_0321,SHERLOC in-situ Mars 2020,duv_sherloc_labeled_finetune_pool,sherloc_finetune_pool,Olivine,olivine,main_training_keep,passes_provenance_and_spectral_quality_checks,8.657093191493777,106,0.999999999999999,0.015439061294225112,0.0004885197850512946,,D:\dyt\raman\pigeonite\data\sherloc_corpolongo_region_spectra\SHERLOC_garde_detail_500_3.2_Point_47_label1_Olivine.csv
SHERLOC_REGION_0398,SHERLOC in-situ Mars 2020,duv_sherloc_labeled_finetune_pool,sherloc_finetune_pool,Olivine,olivine,main_training_keep,passes_provenance_and_spectral_quality_checks,8.292145116252774,142,0.999999999999998,0.021625134498137893,0.0,,D:\dyt\raman\pigeonite\data\sherloc_corpolongo_region_spectra\SHERLOC_quartier_Q293.2_Point_16_label1_Olivine.csv
SHERLOC_REGION_0431,SHERLOC in-situ Mars 2020,duv_sherloc_labeled_finetune_pool,sherloc_finetune_pool,Olivine,olivine,main_training_keep,passes_provenance_and_spectral_quality_checks,8.867396995304476,92,0.9507736648368316,0.04435096252729009,0.0,,D:\dyt\raman\pigeonite\data\sherloc_corpolongo_region_spectra\SHERLOC_quartier_detail_500_1.1_Point_10_label2_Olivine.csv
SHERLOC_REGION_0540,SHERLOC in-situ Mars 2020,duv_sherloc_labeled_finetune_pool,sherloc_finetune_pool,Olivine,olivine,main_training_keep,passes_provenance_and_spectral_quality_checks,8.629443527679946,122,0.9999999999999981,0.0205181607909553,0.0004885197850512946,,D:\dyt\raman\pigeonite\data\sherloc_corpolongo_region_spectra\SHERLOC_quartier_detail_500_2.1_Point_29_label1_Olivine.csv
SHERLOC_REGION_0554,SHERLOC in-situ Mars 2020,duv_sherloc_labeled_finetune_pool,sherloc_finetune_pool,Olivine,olivine,main_training_keep,passes_provenance_and_spectral_quality_checks,7.343663910484841,125,0.9158091209171071,0.035889505394427035,0.0,,D:\dyt\raman\pigeonite\data\sherloc_corpolongo_region_spectra\SHERLOC_quartier_detail_500_2.1_Point_49_label1_Olivine.csv
SHERLOC_REGION_0076,SHERLOC in-situ Mars 2020,duv_sherloc_labeled_finetune_pool,sherloc_finetune_pool,Other Silicate,silicate,main_training_keep,passes_provenance_and_spectral_quality_checks,11.778540892669787,73,0.9945852365309499,0.031026362129788647,0.0009770395701025891,,D:\dyt\raman\pigeonite\data\sherloc_corpolongo_region_spectra\SHERLOC_dourbes_detail_500_2.1_Point_2_label1_Other_Silicate.csv
SHERLOC_REGION_0079,SHERLOC in-situ Mars 2020,duv_sherloc_labeled_finetune_pool,sherloc_finetune_pool,Other Silicate,silicate,main_training_keep,passes_provenance_and_spectral_quality_checks,13.571571161105647,77,0.990719338767906,0.014424253352036953,0.0009770395701025891,,D:\dyt\raman\pigeonite\data\sherloc_corpolongo_region_spectra\SHERLOC_dourbes_detail_500_2.1_Point_7_label1_Other_Silicate.csv
SHERLOC_REGION_0080,SHERLOC in-situ Mars 2020,duv_sherloc_labeled_finetune_pool,sherloc_finetune_pool,Other Silicate,silicate,main_training_keep,passes_provenance_and_spectral_quality_checks,13.705672762306873,71,0.9858096458181344,0.026958068652321393,0.0,,D:\dyt\raman\pigeonite\data\sherloc_corpolongo_region_spectra\SHERLOC_dourbes_detail_500_2.1_Point_8_label1_Other_Silicate.csv
SHERLOC_REGION_0085,SHERLOC in-situ Mars 2020,duv_sherloc_labeled_finetune_pool,sherloc_finetune_pool,Other Silicate,silicate,main_training_keep,passes_provenance_and_spectral_quality_checks,7.728870306231377,108,0.9150501705975919,0.02294985939393591,0.0004885197850512946,,D:\dyt\raman\pigeonite\data\sherloc_corpolongo_region_spectra\SHERLOC_dourbes_detail_500_2.1_Point_25_label1_Other_Silicate.csv
SHERLOC_REGION_0087,SHERLOC in-situ Mars 2020,duv_sherloc_labeled_finetune_pool,sherloc_finetune_pool,Other Silicate,silicate,main_training_keep,passes_provenance_and_spectral_quality_checks,13.6514407882519,70,0.8273585474715227,0.06265646994693438,0.0009770395701025891,,D:\dyt\raman\pigeonite\data\sherloc_corpolongo_region_spectra\SHERLOC_dourbes_detail_500_2.1_Point_27_label1_Other_Silicate.csv
SHERLOC_REGION_0089,SHERLOC in-situ Mars 2020,duv_sherloc_labeled_finetune_pool,sherloc_finetune_pool,Other Silicate,silicate,main_training_keep,passes_provenance_and_spectral_quality_checks,13.594430248904228,81,0.9415319317758805,0.03560960472539677,0.0019540791402051783,,D:\dyt\raman\pigeonite\data\sherloc_corpolongo_region_spectra\SHERLOC_dourbes_detail_500_2.1_Point_31_label1_Other_Silicate.csv
SHERLOC_REGION_0093,SHERLOC in-situ Mars 2020,duv_sherloc_labeled_finetune_pool,sherloc_finetune_pool,Other Silicate,silicate,main_training_keep,passes_provenance_and_spectral_quality_checks,14.944861103176823,71,0.9999999999999993,0.030794934944971215,0.0,,D:\dyt\raman\pigeonite\data\sherloc_corpolongo_region_spectra\SHERLOC_dourbes_detail_500_2.1_Point_48_label1_Other_Silicate.csv
SHERLOC_REGION_0094,SHERLOC in-situ Mars 2020,duv_sherloc_labeled_finetune_pool,sherloc_finetune_pool,Other Silicate,silicate,main_training_keep,passes_provenance_and_spectral_quality_checks,12.764225079607286,86,0.96902103761357,0.0424107873950936,0.0019540791402051783,,D:\dyt\raman\pigeonite\data\sherloc_corpolongo_region_spectra\SHERLOC_dourbes_detail_500_2.1_Point_49_label1_Other_Silicate.csv
SHERLOC_REGION_0095,SHERLOC in-situ Mars 2020,duv_sherloc_labeled_finetune_pool,sherloc_finetune_pool,Other Silicate,silicate,main_training_keep,passes_provenance_and_spectral_quality_checks,14.719600332469932,79,0.9999999999999992,0.029922359167789216,0.0029311187103077674,,D:\dyt\raman\pigeonite\data\sherloc_corpolongo_region_spectra\SHERLOC_dourbes_detail_500_2.2_Point_0_label1_Other_Silicate.csv
SHERLOC_REGION_0096,SHERLOC in-situ Mars 2020,duv_sherloc_labeled_finetune_pool,sherloc_finetune_pool,Other Silicate,silicate,main_training_keep,passes_provenance_and_spectral_quality_checks,13.524040401977949,74,0.9287447454393111,0.014250685427398286,0.0009770395701025891,,D:\dyt\raman\pigeonite\data\sherloc_corpolongo_region_spectra\SHERLOC_dourbes_detail_500_2.2_Point_1_label1_Other_Silicate.csv
SHERLOC_REGION_0099,SHERLOC in-situ Mars 2020,duv_sherloc_labeled_finetune_pool,sherloc_finetune_pool,Other Silicate,silicate,main_training_keep,passes_provenance_and_spectral_quality_checks,7.780708685921506,101,0.9999999999999987,0.022811459957947453,0.0019540791402051783,,D:\dyt\raman\pigeonite\data\sherloc_corpolongo_region_spectra\SHERLOC_dourbes_detail_500_2.2_Point_8_label1_Other_Silicate.csv
SHERLOC_REGION_0102,SHERLOC in-situ Mars 2020,duv_sherloc_labeled_finetune_pool,sherloc_finetune_pool,Other Silicate,silicate,main_training_keep,passes_provenance_and_spectral_quality_checks,11.093832853882285,87,0.9870022535701563,0.013258185055072478,0.0019540791402051783,,D:\dyt\raman\pigeonite\data\sherloc_corpolongo_region_spectra\SHERLOC_dourbes_detail_500_2.2_Point_18_label1_Other_Silicate.csv
SHERLOC_REGION_0103,SHERLOC in-situ Mars 2020,duv_sherloc_labeled_finetune_pool,sherloc_finetune_pool,Other Silicate,silicate,main_training_keep,passes_provenance_and_spectral_quality_checks,11.288576928665522,81,0.9669812162922431,0.0239436435275992,0.0,,D:\dyt\raman\pigeonite\data\sherloc_corpolongo_region_spectra\SHERLOC_dourbes_detail_500_2.2_Point_19_label1_Other_Silicate.csv
SHERLOC_REGION_0104,SHERLOC in-situ Mars 2020,duv_sherloc_labeled_finetune_pool,sherloc_finetune_pool,Other Silicate,silicate,main_training_keep,passes_provenance_and_spectral_quality_checks,13.072596092052896,80,0.9999999999999992,0.010561149762462523,0.0,,D:\dyt\raman\pigeonite\data\sherloc_corpolongo_region_spectra\SHERLOC_dourbes_detail_500_2.2_Point_20_label1_Other_Silicate.csv
SHERLOC_REGION_0105,SHERLOC in-situ Mars 2020,duv_sherloc_labeled_finetune_pool,sherloc_finetune_pool,Other Silicate,silicate,main_training_keep,passes_provenance_and_spectral_quality_checks,11.100820508010676,75,0.902603152571636,0.043806553335917695,0.0009770395701025891,,D:\dyt\raman\pigeonite\data\sherloc_corpolongo_region_spectra\SHERLOC_dourbes_detail_500_2.2_Point_39_label1_Other_Silicate.csv
SHERLOC_REGION_0106,SHERLOC in-situ Mars 2020,duv_sherloc_labeled_finetune_pool,sherloc_finetune_pool,Other Silicate,silicate,main_training_keep,passes_provenance_and_spectral_quality_checks,11.334250290559348,88,0.9205125564692364,0.031331569136967635,0.0,,D:\dyt\raman\pigeonite\data\sherloc_corpolongo_region_spectra\SHERLOC_dourbes_detail_500_2.2_Point_40_label1_Other_Silicate.csv
SHERLOC_REGION_0132,SHERLOC in-situ Mars 2020,duv_sherloc_labeled_finetune_pool,sherloc_finetune_pool,Other Silicate,silicate,main_training_keep,passes_provenance_and_spectral_quality_checks,10.00754080339985,5,0.9999999999999998,0.03880216989562044,0.0029311187103077674,,D:\dyt\raman\pigeonite\data\sherloc_corpolongo_region_spectra\SHERLOC_garde_detail_500_1.1_Point_0_label1_Other_Silicate.csv
SHERLOC_REGION_0149,SHERLOC in-situ Mars 2020,duv_sherloc_labeled_finetune_pool,sherloc_finetune_pool,Other Silicate,silicate,main_training_keep,passes_provenance_and_spectral_quality_checks,28.71205945977525,23,0.9836941882543325,0.010061138325708537,0.0,,D:\dyt\raman\pigeonite\data\sherloc_corpolongo_region_spectra\SHERLOC_garde_detail_500_1.1_Point_17_label1_Other_Silicate.csv
SHERLOC_REGION_0155,SHERLOC in-situ Mars 2020,duv_sherloc_labeled_finetune_pool,sherloc_finetune_pool,Other Silicate,silicate,main_training_keep,passes_provenance_and_spectral_quality_checks,31.7849001465893,22,0.9998308550285246,0.005973218086691351,0.0,,D:\dyt\raman\pigeonite\data\sherloc_corpolongo_region_spectra\SHERLOC_garde_detail_500_1.1_Point_23_label1_Other_Silicate.csv
SHERLOC_REGION_0165,SHERLOC in-situ Mars 2020,duv_sherloc_labeled_finetune_pool,sherloc_finetune_pool,Other Silicate,silicate,main_training_keep,passes_provenance_and_spectral_quality_checks,27.812953124705988,20,0.9947950441577896,0.0011102035104826491,0.0004885197850512946,,D:\dyt\raman\pigeonite\data\sherloc_corpolongo_region_spectra\SHERLOC_garde_detail_500_1.1_Point_35_label1_Other_Silicate.csv
SHERLOC_REGION_0167,SHERLOC in-situ Mars 2020,duv_sherloc_labeled_finetune_pool,sherloc_finetune_pool,Other Silicate,silicate,main_training_keep,passes_provenance_and_spectral_quality_checks,17.908750719472103,56,0.9501599527052268,0.013000516981101919,0.0,,D:\dyt\raman\pigeonite\data\sherloc_corpolongo_region_spectra\SHERLOC_garde_detail_500_1.1_Point_37_label1_Other_Silicate.csv
SHERLOC_REGION_0176,SHERLOC in-situ Mars 2020,duv_sherloc_labeled_finetune_pool,sherloc_finetune_pool,Other Silicate,silicate,main_training_keep,passes_provenance_and_spectral_quality_checks,21.635151610825332,40,0.9616869825604104,0.010171307404944114,0.0,,D:\dyt\raman\pigeonite\data\sherloc_corpolongo_region_spectra\SHERLOC_garde_detail_500_1.2_Point_3_label1_Other_Silicate.csv
SHERLOC_REGION_0177,SHERLOC in-situ Mars 2020,duv_sherloc_labeled_finetune_pool,sherloc_finetune_pool,Other Silicate,silicate,main_training_keep,passes_provenance_and_spectral_quality_checks,18.913027678422345,55,0.9999736091630937,0.01187541737908875,0.0014655593551538837,,D:\dyt\raman\pigeonite\data\sherloc_corpolongo_region_spectra\SHERLOC_garde_detail_500_1.2_Point_4_label1_Other_Silicate.csv
SHERLOC_REGION_0286,SHERLOC in-situ Mars 2020,duv_sherloc_labeled_finetune_pool,sherloc_finetune_pool,Other Silicate,silicate,main_training_keep,passes_provenance_and_spectral_quality_checks,9.422570551959252,106,0.9864142014735189,0.011893506822450316,0.0,,D:\dyt\raman\pigeonite\data\sherloc_corpolongo_region_spectra\SHERLOC_garde_detail_500_3.1_Point_16_label1_Other_Silicate.csv
SHERLOC_REGION_0287,SHERLOC in-situ Mars 2020,duv_sherloc_labeled_finetune_pool,sherloc_finetune_pool,Other Silicate,silicate,main_training_keep,passes_provenance_and_spectral_quality_checks,9.968624279531468,100,0.7342238407363334,0.04689311456899319,0.0,,D:\dyt\raman\pigeonite\data\sherloc_corpolongo_region_spectra\SHERLOC_garde_detail_500_3.1_Point_17_label1_Other_Silicate.csv
SHERLOC_REGION_0288,SHERLOC in-situ Mars 2020,duv_sherloc_labeled_finetune_pool,sherloc_finetune_pool,Other Silicate,silicate,main_training_keep,passes_provenance_and_spectral_quality_checks,10.342009230277686,102,0.999999999999999,0.02126819995509521,0.0,,D:\dyt\raman\pigeonite\data\sherloc_corpolongo_region_spectra\SHERLOC_garde_detail_500_3.1_Point_27_label1_Other_Silicate.csv
SHERLOC_REGION_0289,SHERLOC in-situ Mars 2020,duv_sherloc_labeled_finetune_pool,sherloc_finetune_pool,Other Silicate,silicate,main_training_keep,passes_provenance_and_spectral_quality_checks,21.243872813462456,52,0.9999999999999996,0.01754695986311399,0.0,,D:\dyt\raman\pigeonite\data\sherloc_corpolongo_region_spectra\SHERLOC_garde_detail_500_3.1_Point_28_label1_Other_Silicate.csv
SHERLOC_REGION_0291,SHERLOC in-situ Mars 2020,duv_sherloc_labeled_finetune_pool,sherloc_finetune_pool,Other Silicate,silicate,main_training_keep,passes_provenance_and_spectral_quality_checks,17.244097195364223,63,0.9905479387209392,0.018995762322347218,0.0009770395701025891,,D:\dyt\raman\pigeonite\data\sherloc_corpolongo_region_spectra\SHERLOC_garde_detail_500_3.1_Point_29_label1_Other_Silicate.csv
SHERLOC_REGION_0293,SHERLOC in-situ Mars 2020,duv_sherloc_labeled_finetune_pool,sherloc_finetune_pool,Other Silicate,silicate,main_training_keep,passes_provenance_and_spectral_quality_checks,24.99066821280964,30,0.9689453769913697,0.009391639664248592,0.0,,D:\dyt\raman\pigeonite\data\sherloc_corpolongo_region_spectra\SHERLOC_garde_detail_500_3.1_Point_31_label1_Other_Silicate.csv
SHERLOC_REGION_0296,SHERLOC in-situ Mars 2020,duv_sherloc_labeled_finetune_pool,sherloc_finetune_pool,Other Silicate,silicate,main_training_keep,passes_provenance_and_spectral_quality_checks,10.258491328967832,111,0.8739825498299638,0.029376149967964924,0.0,,D:\dyt\raman\pigeonite\data\sherloc_corpolongo_region_spectra\SHERLOC_garde_detail_500_3.1_Point_41_label1_Other_Silicate.csv
SHERLOC_REGION_0297,SHERLOC in-situ Mars 2020,duv_sherloc_labeled_finetune_pool,sherloc_finetune_pool,Other Silicate,silicate,main_training_keep,passes_provenance_and_spectral_quality_checks,12.76713176129276,88,0.926997270557496,0.005724593558364981,0.0009770395701025891,,D:\dyt\raman\pigeonite\data\sherloc_corpolongo_region_spectra\SHERLOC_garde_detail_500_3.1_Point_44_label1_Other_Silicate.csv
SHERLOC_REGION_0301,SHERLOC in-situ Mars 2020,duv_sherloc_labeled_finetune_pool,sherloc_finetune_pool,Other Silicate,silicate,main_training_keep,passes_provenance_and_spectral_quality_checks,20.11565728149499,58,0.9864798470506068,0.0033616381336050377,0.0009770395701025891,,D:\dyt\raman\pigeonite\data\sherloc_corpolongo_region_spectra\SHERLOC_garde_detail_500_3.1_Point_47_label1_Other_Silicate.csv
SHERLOC_REGION_0302,SHERLOC in-situ Mars 2020,duv_sherloc_labeled_finetune_pool,sherloc_finetune_pool,Other Silicate,silicate,main_training_keep,passes_provenance_and_spectral_quality_checks,14.110419313904226,82,0.9754934863206426,0.032577616282476116,0.0,,D:\dyt\raman\pigeonite\data\sherloc_corpolongo_region_spectra\SHERLOC_garde_detail_500_3.2_Point_3_label1_Other_Silicate.csv
SHERLOC_REGION_0308,SHERLOC in-situ Mars 2020,duv_sherloc_labeled_finetune_pool,sherloc_finetune_pool,Other Silicate,silicate,main_training_keep,passes_provenance_and_spectral_quality_checks,16.03117534040251,63,0.9999999999999994,0.0059291425335609065,0.0004885197850512946,,D:\dyt\raman\pigeonite\data\sherloc_corpolongo_region_spectra\SHERLOC_garde_detail_500_3.2_Point_15_label1_Other_Silicate.csv
SHERLOC_REGION_0327,SHERLOC in-situ Mars 2020,duv_sherloc_labeled_finetune_pool,sherloc_finetune_pool,Other Silicate,silicate,main_training_keep,passes_provenance_and_spectral_quality_checks,12.268800697112033,76,0.9999999999999987,0.02009658513171229,0.0,,D:\dyt\raman\pigeonite\data\sherloc_corpolongo_region_spectra\SHERLOC_guillaumes_detail_500.1_Point_5_label1_Other_Silicate.csv
SHERLOC_REGION_0368,SHERLOC in-situ Mars 2020,duv_sherloc_labeled_finetune_pool,sherloc_finetune_pool,Other Silicate,silicate,main_training_keep,passes_provenance_and_spectral_quality_checks,8.773520893718509,112,0.905397077393461,0.020322656236997933,0.0,,D:\dyt\raman\pigeonite\data\sherloc_corpolongo_region_spectra\SHERLOC_quartier_Q293.1_Point_18_label1_Other_Silicate.csv
SHERLOC_REGION_0369,SHERLOC in-situ Mars 2020,duv_sherloc_labeled_finetune_pool,sherloc_finetune_pool,Other Silicate,silicate,main_training_keep,passes_provenance_and_spectral_quality_checks,7.583559500460052,128,0.8099599011824515,0.033648289783084956,0.0,,D:\dyt\raman\pigeonite\data\sherloc_corpolongo_region_spectra\SHERLOC_quartier_Q293.1_Point_19_label1_Other_Silicate.csv
SHERLOC_REGION_0419,SHERLOC in-situ Mars 2020,duv_sherloc_labeled_finetune_pool,sherloc_finetune_pool,Other Silicate,silicate,main_training_keep,passes_provenance_and_spectral_quality_checks,8.111982279087766,120,0.8692626396268025,0.007952863885899199,0.0,,D:\dyt\raman\pigeonite\data\sherloc_corpolongo_region_spectra\SHERLOC_quartier_Q293.2_Point_47_label1_Other_Silicate.csv
SHERLOC_REGION_0333,SHERLOC in-situ Mars 2020,duv_sherloc_labeled_finetune_pool,sherloc_finetune_pool,Perchlorate,Na perchlorate,main_training_keep,passes_provenance_and_spectral_quality_checks,8.95904794227583,75,0.9825420218425716,0.02395677721067527,0.0009770395701025891,,D:\dyt\raman\pigeonite\data\sherloc_corpolongo_region_spectra\SHERLOC_guillaumes_detail_500.1_Point_18_label2_Perchlorate.csv
SHERLOC_REGION_0347,SHERLOC in-situ Mars 2020,duv_sherloc_labeled_finetune_pool,sherloc_finetune_pool,Perchlorate,Na perchlorate,main_training_keep,passes_provenance_and_spectral_quality_checks,14.10896903206864,7,0.9999999999999998,0.035837588148041714,0.0029311187103077674,,D:\dyt\raman\pigeonite\data\sherloc_corpolongo_region_spectra\SHERLOC_guillaumes_detail_500.1_Point_37_label1_Perchlorate.csv
SHERLOC_REGION_0348,SHERLOC in-situ Mars 2020,duv_sherloc_labeled_finetune_pool,sherloc_finetune_pool,Perchlorate,Na perchlorate,main_training_keep,passes_provenance_and_spectral_quality_checks,10.638798698659913,60,0.973077305615126,0.021446661775801817,0.0009770395701025891,,D:\dyt\raman\pigeonite\data\sherloc_corpolongo_region_spectra\SHERLOC_guillaumes_detail_500.1_Point_39_label1_Perchlorate.csv
SHERLOC_REGION_0275,SHERLOC in-situ Mars 2020,duv_sherloc_labeled_finetune_pool,sherloc_finetune_pool,Pyroxene,pyroxene,main_training_keep,passes_provenance_and_spectral_quality_checks,9.630030173073894,95,0.9641975253538848,0.03233185115611682,0.0,,D:\dyt\raman\pigeonite\data\sherloc_corpolongo_region_spectra\SHERLOC_garde_detail_500_3.1_Point_1_label1_Pyroxene.csv
SHERLOC_REGION_0276,SHERLOC in-situ Mars 2020,duv_sherloc_labeled_finetune_pool,sherloc_finetune_pool,Pyroxene,pyroxene,main_training_keep,passes_provenance_and_spectral_quality_checks,9.814859640547,108,0.8770517644434085,0.032712824159245195,0.0009770395701025891,,D:\dyt\raman\pigeonite\data\sherloc_corpolongo_region_spectra\SHERLOC_garde_detail_500_3.1_Point_2_label1_Pyroxene.csv
SHERLOC_REGION_0006,SHERLOC in-situ Mars 2020,duv_sherloc_labeled_finetune_pool,sherloc_finetune_pool,Sulfate,sulfate,main_training_keep,passes_provenance_and_spectral_quality_checks,11.370196756540892,4,0.9999999999999998,0.037604424079853295,0.0029311187103077674,,D:\dyt\raman\pigeonite\data\sherloc_corpolongo_region_spectra\SHERLOC_dourbes_detail_500_1.1_Point_5_label2_Sulfate.csv
SHERLOC_REGION_0007,SHERLOC in-situ Mars 2020,duv_sherloc_labeled_finetune_pool,sherloc_finetune_pool,Sulfate,sulfate,main_training_keep,passes_provenance_and_spectral_quality_checks,19.91449405354242,6,0.9999999999999999,0.009737238653684883,0.0039081582804103565,,D:\dyt\raman\pigeonite\data\sherloc_corpolongo_region_spectra\SHERLOC_dourbes_detail_500_1.1_Point_6_label1_Sulfate.csv
SHERLOC_REGION_0008,SHERLOC in-situ Mars 2020,duv_sherloc_labeled_finetune_pool,sherloc_finetune_pool,Sulfate,sulfate,main_training_keep,passes_provenance_and_spectral_quality_checks,12.804151702375094,19,0.9848666308613032,0.015064468720770696,0.0029311187103077674,,D:\dyt\raman\pigeonite\data\sherloc_corpolongo_region_spectra\SHERLOC_dourbes_detail_500_1.1_Point_7_label1_Sulfate.csv
SHERLOC_REGION_0010,SHERLOC in-situ Mars 2020,duv_sherloc_labeled_finetune_pool,sherloc_finetune_pool,Sulfate,sulfate,main_training_keep,passes_provenance_and_spectral_quality_checks,8.853655522708243,104,0.906049761465693,0.01817282175968054,0.0009770395701025891,,D:\dyt\raman\pigeonite\data\sherloc_corpolongo_region_spectra\SHERLOC_dourbes_detail_500_1.1_Point_10_label2_Sulfate.csv
SHERLOC_REGION_0011,SHERLOC in-situ Mars 2020,duv_sherloc_labeled_finetune_pool,sherloc_finetune_pool,Sulfate,sulfate,main_training_keep,passes_provenance_and_spectral_quality_checks,17.12060723759892,32,0.9999999999999997,0.03304324098523082,0.0,,D:\dyt\raman\pigeonite\data\sherloc_corpolongo_region_spectra\SHERLOC_dourbes_detail_500_1.1_Point_11_label1_Sulfate.csv
SHERLOC_REGION_0013,SHERLOC in-situ Mars 2020,duv_sherloc_labeled_finetune_pool,sherloc_finetune_pool,Sulfate,sulfate,main_training_keep,passes_provenance_and_spectral_quality_checks,30.96679468032781,9,0.9800787181185874,0.01394545819541667,0.0029311187103077674,,D:\dyt\raman\pigeonite\data\sherloc_corpolongo_region_spectra\SHERLOC_dourbes_detail_500_1.1_Point_12_label1_Sulfate.csv
SHERLOC_REGION_0014,SHERLOC in-situ Mars 2020,duv_sherloc_labeled_finetune_pool,sherloc_finetune_pool,Sulfate,sulfate,main_training_keep,passes_provenance_and_spectral_quality_checks,28.71435070981811,11,0.9999999999999998,0.013741774095108529,0.002442598925256473,,D:\dyt\raman\pigeonite\data\sherloc_corpolongo_region_spectra\SHERLOC_dourbes_detail_500_1.1_Point_13_label1_Sulfate.csv
SHERLOC_REGION_0015,SHERLOC in-situ Mars 2020,duv_sherloc_labeled_finetune_pool,sherloc_finetune_pool,Sulfate,sulfate,main_training_keep,passes_provenance_and_spectral_quality_checks,20.32191234074712,21,0.9822160810339597,0.019595206022118998,0.0004885197850512946,,D:\dyt\raman\pigeonite\data\sherloc_corpolongo_region_spectra\SHERLOC_dourbes_detail_500_1.1_Point_14_label1_Sulfate.csv
SHERLOC_REGION_0016,SHERLOC in-situ Mars 2020,duv_sherloc_labeled_finetune_pool,sherloc_finetune_pool,Sulfate,sulfate,main_training_keep,passes_provenance_and_spectral_quality_checks,12.137660811155744,63,0.9574917863897532,0.01921759624517681,0.0,,D:\dyt\raman\pigeonite\data\sherloc_corpolongo_region_spectra\SHERLOC_dourbes_detail_500_1.1_Point_15_label1_Sulfate.csv
SHERLOC_REGION_0018,SHERLOC in-situ Mars 2020,duv_sherloc_labeled_finetune_pool,sherloc_finetune_pool,Sulfate,sulfate,main_training_keep,passes_provenance_and_spectral_quality_checks,9.198869467802101,80,0.9162689982529002,0.00629284351740033,0.0,,D:\dyt\raman\pigeonite\data\sherloc_corpolongo_region_spectra\SHERLOC_dourbes_detail_500_1.1_Point_16_label2_Sulfate.csv
SHERLOC_REGION_0019,SHERLOC in-situ Mars 2020,duv_sherloc_labeled_finetune_pool,sherloc_finetune_pool,Sulfate,sulfate,main_training_keep,passes_provenance_and_spectral_quality_checks,12.036440075515163,55,0.9603831041232084,0.01550705374627252,0.0009770395701025891,,D:\dyt\raman\pigeonite\data\sherloc_corpolongo_region_spectra\SHERLOC_dourbes_detail_500_1.1_Point_17_label1_Sulfate.csv
SHERLOC_REGION_0021,SHERLOC in-situ Mars 2020,duv_sherloc_labeled_finetune_pool,sherloc_finetune_pool,Sulfate,sulfate,main_training_keep,passes_provenance_and_spectral_quality_checks,8.880533904948322,86,0.9535739363344435,0.020074645470031363,0.0009770395701025891,,D:\dyt\raman\pigeonite\data\sherloc_corpolongo_region_spectra\SHERLOC_dourbes_detail_500_1.1_Point_18_label2_Sulfate.csv
SHERLOC_REGION_0023,SHERLOC in-situ Mars 2020,duv_sherloc_labeled_finetune_pool,sherloc_finetune_pool,Sulfate,sulfate,main_training_keep,passes_provenance_and_spectral_quality_checks,9.428225172927357,100,0.9908003210470981,0.012453851984104137,0.0009770395701025891,,D:\dyt\raman\pigeonite\data\sherloc_corpolongo_region_spectra\SHERLOC_dourbes_detail_500_1.1_Point_19_label2_Sulfate.csv
SHERLOC_REGION_0026,SHERLOC in-situ Mars 2020,duv_sherloc_labeled_finetune_pool,sherloc_finetune_pool,Sulfate,sulfate,main_training_keep,passes_provenance_and_spectral_quality_checks,9.954345365231768,81,0.9815896997486582,0.02474039232041821,0.0019540791402051783,,D:\dyt\raman\pigeonite\data\sherloc_corpolongo_region_spectra\SHERLOC_dourbes_detail_500_1.1_Point_21_label2_Sulfate.csv
SHERLOC_REGION_0027,SHERLOC in-situ Mars 2020,duv_sherloc_labeled_finetune_pool,sherloc_finetune_pool,Sulfate,sulfate,main_training_keep,passes_provenance_and_spectral_quality_checks,12.945979854798969,55,0.9732619958774328,0.022418877871416294,0.0019540791402051783,,D:\dyt\raman\pigeonite\data\sherloc_corpolongo_region_spectra\SHERLOC_dourbes_detail_500_1.1_Point_22_label1_Sulfate.csv
SHERLOC_REGION_0028,SHERLOC in-situ Mars 2020,duv_sherloc_labeled_finetune_pool,sherloc_finetune_pool,Sulfate,sulfate,main_training_keep,passes_provenance_and_spectral_quality_checks,11.30781542892853,59,0.9069269471819141,0.07857113604684514,0.0019540791402051783,,D:\dyt\raman\pigeonite\data\sherloc_corpolongo_region_spectra\SHERLOC_dourbes_detail_500_1.1_Point_23_label1_Sulfate.csv
SHERLOC_REGION_0029,SHERLOC in-situ Mars 2020,duv_sherloc_labeled_finetune_pool,sherloc_finetune_pool,Sulfate,sulfate,main_training_keep,passes_provenance_and_spectral_quality_checks,9.629761856188841,68,0.9999999999999993,0.04587010124223665,0.0,,D:\dyt\raman\pigeonite\data\sherloc_corpolongo_region_spectra\SHERLOC_dourbes_detail_500_1.1_Point_24_label1_Sulfate.csv
SHERLOC_REGION_0030,SHERLOC in-situ Mars 2020,duv_sherloc_labeled_finetune_pool,sherloc_finetune_pool,Sulfate,sulfate,main_training_keep,passes_provenance_and_spectral_quality_checks,18.536723466340792,21,0.9999999999999997,0.010245501266897711,0.0004885197850512946,,D:\dyt\raman\pigeonite\data\sherloc_corpolongo_region_spectra\SHERLOC_dourbes_detail_500_1.1_Point_25_label1_Sulfate.csv
SHERLOC_REGION_0031,SHERLOC in-situ Mars 2020,duv_sherloc_labeled_finetune_pool,sherloc_finetune_pool,Sulfate,sulfate,main_training_keep,passes_provenance_and_spectral_quality_checks,21.963821978602525,17,0.9889790437993515,0.006814929673873221,0.0004885197850512946,,D:\dyt\raman\pigeonite\data\sherloc_corpolongo_region_spectra\SHERLOC_dourbes_detail_500_1.1_Point_26_label1_Sulfate.csv
SHERLOC_REGION_0032,SHERLOC in-situ Mars 2020,duv_sherloc_labeled_finetune_pool,sherloc_finetune_pool,Sulfate,sulfate,main_training_keep,passes_provenance_and_spectral_quality_checks,15.383412350240034,36,0.9884397204957225,0.004283467618686668,0.0,,D:\dyt\raman\pigeonite\data\sherloc_corpolongo_region_spectra\SHERLOC_dourbes_detail_500_1.1_Point_27_label1_Sulfate.csv
SHERLOC_REGION_0033,SHERLOC in-situ Mars 2020,duv_sherloc_labeled_finetune_pool,sherloc_finetune_pool,Sulfate,sulfate,main_training_keep,passes_provenance_and_spectral_quality_checks,20.360055749453323,24,0.9972439620611016,0.008912750261671137,0.0004885197850512946,,D:\dyt\raman\pigeonite\data\sherloc_corpolongo_region_spectra\SHERLOC_dourbes_detail_500_1.1_Point_28_label1_Sulfate.csv
SHERLOC_REGION_0036,SHERLOC in-situ Mars 2020,duv_sherloc_labeled_finetune_pool,sherloc_finetune_pool,Sulfate,sulfate,main_training_keep,passes_provenance_and_spectral_quality_checks,12.878936658328541,57,0.9941618657900994,0.01286242115111974,0.0,,D:\dyt\raman\pigeonite\data\sherloc_corpolongo_region_spectra\SHERLOC_dourbes_detail_500_1.1_Point_31_label1_Sulfate.csv
SHERLOC_REGION_0037,SHERLOC in-situ Mars 2020,duv_sherloc_labeled_finetune_pool,sherloc_finetune_pool,Sulfate,sulfate,main_training_keep,passes_provenance_and_spectral_quality_checks,12.916570711879585,61,0.9781639820492232,0.01846178855915185,0.0,,D:\dyt\raman\pigeonite\data\sherloc_corpolongo_region_spectra\SHERLOC_dourbes_detail_500_1.1_Point_32_label1_Sulfate.csv
SHERLOC_REGION_0038,SHERLOC in-situ Mars 2020,duv_sherloc_labeled_finetune_pool,sherloc_finetune_pool,Sulfate,sulfate,main_training_keep,passes_provenance_and_spectral_quality_checks,20.084657853655468,25,0.9972999765749415,0.012036519701246723,0.0,,D:\dyt\raman\pigeonite\data\sherloc_corpolongo_region_spectra\SHERLOC_dourbes_detail_500_1.1_Point_33_label1_Sulfate.csv
SHERLOC_REGION_0039,SHERLOC in-situ Mars 2020,duv_sherloc_labeled_finetune_pool,sherloc_finetune_pool,Sulfate,sulfate,main_training_keep,passes_provenance_and_spectral_quality_checks,20.20204705816277,19,0.9907010808075692,0.01764352607937099,0.0004885197850512946,,D:\dyt\raman\pigeonite\data\sherloc_corpolongo_region_spectra\SHERLOC_dourbes_detail_500_1.1_Point_34_label1_Sulfate.csv
SHERLOC_REGION_0040,SHERLOC in-situ Mars 2020,duv_sherloc_labeled_finetune_pool,sherloc_finetune_pool,Sulfate,sulfate,main_training_keep,passes_provenance_and_spectral_quality_checks,22.77109483217433,25,0.9997700809678558,0.01479739739396115,0.0014655593551538837,,D:\dyt\raman\pigeonite\data\sherloc_corpolongo_region_spectra\SHERLOC_dourbes_detail_500_1.1_Point_35_label1_Sulfate.csv
SHERLOC_REGION_0041,SHERLOC in-situ Mars 2020,duv_sherloc_labeled_finetune_pool,sherloc_finetune_pool,Sulfate,sulfate,main_training_keep,passes_provenance_and_spectral_quality_checks,9.766492044158573,89,0.9342754154410187,0.019480597379636942,0.0009770395701025891,,D:\dyt\raman\pigeonite\data\sherloc_corpolongo_region_spectra\SHERLOC_dourbes_detail_500_1.1_Point_36_label1_Sulfate.csv
SHERLOC_REGION_0043,SHERLOC in-situ Mars 2020,duv_sherloc_labeled_finetune_pool,sherloc_finetune_pool,Sulfate,sulfate,main_training_keep,passes_provenance_and_spectral_quality_checks,9.365651340012326,88,0.9152692040396001,0.03948303375184686,0.0009770395701025891,,D:\dyt\raman\pigeonite\data\sherloc_corpolongo_region_spectra\SHERLOC_dourbes_detail_500_1.1_Point_37_label2_Sulfate.csv
SHERLOC_REGION_0044,SHERLOC in-situ Mars 2020,duv_sherloc_labeled_finetune_pool,sherloc_finetune_pool,Sulfate,sulfate,main_training_keep,passes_provenance_and_spectral_quality_checks,8.34899482286703,113,0.9999999999999987,0.012609052700680875,0.0009770395701025891,,D:\dyt\raman\pigeonite\data\sherloc_corpolongo_region_spectra\SHERLOC_dourbes_detail_500_1.1_Point_40_label1_Sulfate.csv
SHERLOC_REGION_0047,SHERLOC in-situ Mars 2020,duv_sherloc_labeled_finetune_pool,sherloc_finetune_pool,Sulfate,sulfate,main_training_keep,passes_provenance_and_spectral_quality_checks,8.37869676949103,83,0.9666683617975023,0.0350214710080182,0.0019540791402051783,,D:\dyt\raman\pigeonite\data\sherloc_corpolongo_region_spectra\SHERLOC_dourbes_detail_500_1.1_Point_43_label2_Sulfate.csv
SHERLOC_REGION_0048,SHERLOC in-situ Mars 2020,duv_sherloc_labeled_finetune_pool,sherloc_finetune_pool,Sulfate,sulfate,main_training_keep,passes_provenance_and_spectral_quality_checks,16.191009123507655,39,0.9996128714010138,0.008417853330174571,0.0009770395701025891,,D:\dyt\raman\pigeonite\data\sherloc_corpolongo_region_spectra\SHERLOC_dourbes_detail_500_1.1_Point_44_label1_Sulfate.csv
SHERLOC_REGION_0049,SHERLOC in-situ Mars 2020,duv_sherloc_labeled_finetune_pool,sherloc_finetune_pool,Sulfate,sulfate,main_training_keep,passes_provenance_and_spectral_quality_checks,24.957415546428216,11,0.9926527995319231,0.01280172181221035,0.0014655593551538837,,D:\dyt\raman\pigeonite\data\sherloc_corpolongo_region_spectra\SHERLOC_dourbes_detail_500_1.1_Point_45_label1_Sulfate.csv
SHERLOC_REGION_0050,SHERLOC in-situ Mars 2020,duv_sherloc_labeled_finetune_pool,sherloc_finetune_pool,Sulfate,sulfate,main_training_keep,passes_provenance_and_spectral_quality_checks,15.468884744550532,34,0.9793178946932748,0.011562960345795794,0.0014655593551538837,,D:\dyt\raman\pigeonite\data\sherloc_corpolongo_region_spectra\SHERLOC_dourbes_detail_500_1.1_Point_46_label1_Sulfate.csv
SHERLOC_REGION_0056,SHERLOC in-situ Mars 2020,duv_sherloc_labeled_finetune_pool,sherloc_finetune_pool,Sulfate,sulfate,main_training_keep,passes_provenance_and_spectral_quality_checks,9.081611509865672,85,0.9353832750944658,0.018606064245883635,0.0,,D:\dyt\raman\pigeonite\data\sherloc_corpolongo_region_spectra\SHERLOC_dourbes_detail_500_1.2_Point_3_label2_Sulfate.csv
SHERLOC_REGION_0057,SHERLOC in-situ Mars 2020,duv_sherloc_labeled_finetune_pool,sherloc_finetune_pool,Sulfate,sulfate,main_training_keep,passes_provenance_and_spectral_quality_checks,10.294758241891834,70,0.9810637271739285,0.021042340800019023,0.0009770395701025891,,D:\dyt\raman\pigeonite\data\sherloc_corpolongo_region_spectra\SHERLOC_dourbes_detail_500_1.2_Point_4_label1_Sulfate.csv
SHERLOC_REGION_0058,SHERLOC in-situ Mars 2020,duv_sherloc_labeled_finetune_pool,sherloc_finetune_pool,Sulfate,sulfate,main_training_keep,passes_provenance_and_spectral_quality_checks,14.441920712427786,37,0.9926712664334627,0.01253382380044215,0.0004885197850512946,,D:\dyt\raman\pigeonite\data\sherloc_corpolongo_region_spectra\SHERLOC_dourbes_detail_500_1.2_Point_5_label1_Sulfate.csv
SHERLOC_REGION_0060,SHERLOC in-situ Mars 2020,duv_sherloc_labeled_finetune_pool,sherloc_finetune_pool,Sulfate,sulfate,main_training_keep,passes_provenance_and_spectral_quality_checks,10.17398636820948,89,0.9625934406047675,0.01630960440473654,0.0009770395701025891,,D:\dyt\raman\pigeonite\data\sherloc_corpolongo_region_spectra\SHERLOC_dourbes_detail_500_1.2_Point_6_label2_Sulfate.csv
SHERLOC_REGION_0063,SHERLOC in-situ Mars 2020,duv_sherloc_labeled_finetune_pool,sherloc_finetune_pool,Sulfate,sulfate,main_training_keep,passes_provenance_and_spectral_quality_checks,9.776186704519283,86,0.9999999999999989,0.017704731096864615,0.0,,D:\dyt\raman\pigeonite\data\sherloc_corpolongo_region_spectra\SHERLOC_dourbes_detail_500_1.2_Point_14_label1_Sulfate.csv
SHERLOC_REGION_0064,SHERLOC in-situ Mars 2020,duv_sherloc_labeled_finetune_pool,sherloc_finetune_pool,Sulfate,sulfate,main_training_keep,passes_provenance_and_spectral_quality_checks,10.3788999509427,80,0.977989532165573,0.019558475806278713,0.0019540791402051783,,D:\dyt\raman\pigeonite\data\sherloc_corpolongo_region_spectra\SHERLOC_dourbes_detail_500_1.2_Point_15_label1_Sulfate.csv
SHERLOC_REGION_0065,SHERLOC in-situ Mars 2020,duv_sherloc_labeled_finetune_pool,sherloc_finetune_pool,Sulfate,sulfate,main_training_keep,passes_provenance_and_spectral_quality_checks,12.049356012419256,53,0.9622357829409239,0.02369580484731291,0.0009770395701025891,,D:\dyt\raman\pigeonite\data\sherloc_corpolongo_region_spectra\SHERLOC_dourbes_detail_500_1.2_Point_16_label1_Sulfate.csv
SHERLOC_REGION_0067,SHERLOC in-situ Mars 2020,duv_sherloc_labeled_finetune_pool,sherloc_finetune_pool,Sulfate,sulfate,main_training_keep,passes_provenance_and_spectral_quality_checks,10.66105347754987,76,0.9281512036105675,0.023576567313555206,0.0,,D:\dyt\raman\pigeonite\data\sherloc_corpolongo_region_spectra\SHERLOC_dourbes_detail_500_1.2_Point_17_label2_Sulfate.csv
SHERLOC_REGION_0071,SHERLOC in-situ Mars 2020,duv_sherloc_labeled_finetune_pool,sherloc_finetune_pool,Sulfate,sulfate,main_training_keep,passes_provenance_and_spectral_quality_checks,9.102576008803162,107,0.9772676501241795,0.025173801438148694,0.0,,D:\dyt\raman\pigeonite\data\sherloc_corpolongo_region_spectra\SHERLOC_dourbes_detail_500_1.2_Point_23_label2_Sulfate.csv
SHERLOC_REGION_0113,SHERLOC in-situ Mars 2020,duv_sherloc_labeled_finetune_pool,sherloc_finetune_pool,Sulfate,sulfate,main_training_keep,passes_provenance_and_spectral_quality_checks,10.643251052372891,89,0.9288254220272559,0.03021694497091615,0.0029311187103077674,,D:\dyt\raman\pigeonite\data\sherloc_corpolongo_region_spectra\SHERLOC_dourbes_detail_500_3.1_Point_9_label2_Sulfate.csv
SHERLOC_REGION_0323,SHERLOC in-situ Mars 2020,duv_sherloc_labeled_finetune_pool,sherloc_finetune_pool,Sulfate,sulfate,main_training_keep,passes_provenance_and_spectral_quality_checks,7.244496232849768,95,0.9999999999999983,0.027064157862347477,0.0014655593551538837,,D:\dyt\raman\pigeonite\data\sherloc_corpolongo_region_spectra\SHERLOC_guillaumes_detail_500.1_Point_0_label1_Sulfate.csv
SHERLOC_REGION_0324,SHERLOC in-situ Mars 2020,duv_sherloc_labeled_finetune_pool,sherloc_finetune_pool,Sulfate,sulfate,main_training_keep,passes_provenance_and_spectral_quality_checks,11.242949520280067,67,0.9650432271079536,0.008133801482658664,0.0,,D:\dyt\raman\pigeonite\data\sherloc_corpolongo_region_spectra\SHERLOC_guillaumes_detail_500.1_Point_1_label1_Sulfate.csv
SHERLOC_REGION_0328,SHERLOC in-situ Mars 2020,duv_sherloc_labeled_finetune_pool,sherloc_finetune_pool,Sulfate,sulfate,main_training_keep,passes_provenance_and_spectral_quality_checks,9.216087292749586,83,0.9759367415289112,0.010889646561860783,0.0,,D:\dyt\raman\pigeonite\data\sherloc_corpolongo_region_spectra\SHERLOC_guillaumes_detail_500.1_Point_6_label1_Sulfate.csv
SHERLOC_REGION_0329,SHERLOC in-situ Mars 2020,duv_sherloc_labeled_finetune_pool,sherloc_finetune_pool,Sulfate,sulfate,main_training_keep,passes_provenance_and_spectral_quality_checks,6.926562259409221,142,0.9433041864667068,0.02528609490111188,0.0009770395701025891,,D:\dyt\raman\pigeonite\data\sherloc_corpolongo_region_spectra\SHERLOC_guillaumes_detail_500.1_Point_7_label1_Sulfate.csv
SHERLOC_REGION_0331,SHERLOC in-situ Mars 2020,duv_sherloc_labeled_finetune_pool,sherloc_finetune_pool,Sulfate,sulfate,main_training_keep,passes_provenance_and_spectral_quality_checks,10.340492928489558,73,0.9664775410562776,0.012711351795219797,0.0009770395701025891,,D:\dyt\raman\pigeonite\data\sherloc_corpolongo_region_spectra\SHERLOC_guillaumes_detail_500.1_Point_14_label1_Sulfate.csv
SHERLOC_REGION_0332,SHERLOC in-situ Mars 2020,duv_sherloc_labeled_finetune_pool,sherloc_finetune_pool,Sulfate,sulfate,main_training_keep,passes_provenance_and_spectral_quality_checks,8.95904794227583,75,0.9825420218425716,0.02395677721067527,0.0009770395701025891,,D:\dyt\raman\pigeonite\data\sherloc_corpolongo_region_spectra\SHERLOC_guillaumes_detail_500.1_Point_18_label1_Sulfate.csv
SHERLOC_REGION_0334,SHERLOC in-situ Mars 2020,duv_sherloc_labeled_finetune_pool,sherloc_finetune_pool,Sulfate,sulfate,main_training_keep,passes_provenance_and_spectral_quality_checks,8.056285679581036,95,0.9072542421206373,0.015779381531230197,0.0009770395701025891,,D:\dyt\raman\pigeonite\data\sherloc_corpolongo_region_spectra\SHERLOC_guillaumes_detail_500.1_Point_20_label1_Sulfate.csv
SHERLOC_REGION_0336,SHERLOC in-situ Mars 2020,duv_sherloc_labeled_finetune_pool,sherloc_finetune_pool,Sulfate,sulfate,main_training_keep,passes_provenance_and_spectral_quality_checks,11.340434789673365,89,0.9999999999999986,0.028785194556737774,0.0009770395701025891,,D:\dyt\raman\pigeonite\data\sherloc_corpolongo_region_spectra\SHERLOC_guillaumes_detail_500.1_Point_21_label1_Sulfate.csv
SHERLOC_REGION_0339,SHERLOC in-situ Mars 2020,duv_sherloc_labeled_finetune_pool,sherloc_finetune_pool,Sulfate,sulfate,main_training_keep,passes_provenance_and_spectral_quality_checks,7.415318700154001,98,0.9937765043755564,0.0339223695498732,0.0009770395701025891,,D:\dyt\raman\pigeonite\data\sherloc_corpolongo_region_spectra\SHERLOC_guillaumes_detail_500.1_Point_25_label1_Sulfate.csv
SHERLOC_REGION_0342,SHERLOC in-situ Mars 2020,duv_sherloc_labeled_finetune_pool,sherloc_finetune_pool,Sulfate,sulfate,main_training_keep,passes_provenance_and_spectral_quality_checks,14.809053206876463,65,0.986551085239626,0.005611863509278705,0.0009770395701025891,,D:\dyt\raman\pigeonite\data\sherloc_corpolongo_region_spectra\SHERLOC_guillaumes_detail_500.1_Point_29_label1_Sulfate.csv
SHERLOC_REGION_0351,SHERLOC in-situ Mars 2020,duv_sherloc_labeled_finetune_pool,sherloc_finetune_pool,Sulfate,sulfate,main_training_keep,passes_provenance_and_spectral_quality_checks,11.712170113952219,57,0.9592473057754218,0.025558787513831022,0.0004885197850512946,,D:\dyt\raman\pigeonite\data\sherloc_corpolongo_region_spectra\SHERLOC_guillaumes_detail_500.1_Point_66_label1_Sulfate.csv
SHERLOC_REGION_0354,SHERLOC in-situ Mars 2020,duv_sherloc_labeled_finetune_pool,sherloc_finetune_pool,Sulfate,sulfate,main_training_keep,passes_provenance_and_spectral_quality_checks,6.272397315087405,146,0.9218410195569781,0.05606558693047042,0.0009770395701025891,,D:\dyt\raman\pigeonite\data\sherloc_corpolongo_region_spectra\SHERLOC_guillaumes_detail_500.1_Point_73_label1_Sulfate.csv
SHERLOC_REGION_0358,SHERLOC in-situ Mars 2020,duv_sherloc_labeled_finetune_pool,sherloc_finetune_pool,Sulfate,sulfate,main_training_keep,passes_provenance_and_spectral_quality_checks,10.224240043997579,75,0.9860159190817928,0.031127980152665637,0.0009770395701025891,,D:\dyt\raman\pigeonite\data\sherloc_corpolongo_region_spectra\SHERLOC_quartier_Q293.1_Point_3_label1_Sulfate.csv
SHERLOC_REGION_0359,SHERLOC in-situ Mars 2020,duv_sherloc_labeled_finetune_pool,sherloc_finetune_pool,Sulfate,sulfate,main_training_keep,passes_provenance_and_spectral_quality_checks,8.639448606565164,103,0.9168821654029352,0.0413338320810338,0.0,,D:\dyt\raman\pigeonite\data\sherloc_corpolongo_region_spectra\SHERLOC_quartier_Q293.1_Point_6_label1_Sulfate.csv
SHERLOC_REGION_0361,SHERLOC in-situ Mars 2020,duv_sherloc_labeled_finetune_pool,sherloc_finetune_pool,Sulfate,sulfate,main_training_keep,passes_provenance_and_spectral_quality_checks,7.826857159567328,111,0.9339874019129547,0.007635532036763819,0.0,,D:\dyt\raman\pigeonite\data\sherloc_corpolongo_region_spectra\SHERLOC_quartier_Q293.1_Point_7_label1_Sulfate.csv
SHERLOC_REGION_0364,SHERLOC in-situ Mars 2020,duv_sherloc_labeled_finetune_pool,sherloc_finetune_pool,Sulfate,sulfate,main_training_keep,passes_provenance_and_spectral_quality_checks,8.13121457500316,81,0.9918949401532817,0.021413995983525246,0.0,,D:\dyt\raman\pigeonite\data\sherloc_corpolongo_region_spectra\SHERLOC_quartier_Q293.1_Point_13_label1_Sulfate.csv
SHERLOC_REGION_0365,SHERLOC in-situ Mars 2020,duv_sherloc_labeled_finetune_pool,sherloc_finetune_pool,Sulfate,sulfate,main_training_keep,passes_provenance_and_spectral_quality_checks,8.491931238554429,106,0.9121429275963735,0.02884861687409839,0.0,,D:\dyt\raman\pigeonite\data\sherloc_corpolongo_region_spectra\SHERLOC_quartier_Q293.1_Point_14_label1_Sulfate.csv
SHERLOC_REGION_0366,SHERLOC in-situ Mars 2020,duv_sherloc_labeled_finetune_pool,sherloc_finetune_pool,Sulfate,sulfate,main_training_keep,passes_provenance_and_spectral_quality_checks,15.840848913949026,58,0.9831394376630453,0.020671887291943757,0.0,,D:\dyt\raman\pigeonite\data\sherloc_corpolongo_region_spectra\SHERLOC_quartier_Q293.1_Point_15_label1_Sulfate.csv
SHERLOC_REGION_0367,SHERLOC in-situ Mars 2020,duv_sherloc_labeled_finetune_pool,sherloc_finetune_pool,Sulfate,sulfate,main_training_keep,passes_provenance_and_spectral_quality_checks,7.367616633569004,97,0.8098493723311323,0.06286138601599155,0.0009770395701025891,,D:\dyt\raman\pigeonite\data\sherloc_corpolongo_region_spectra\SHERLOC_quartier_Q293.1_Point_16_label1_Sulfate.csv
SHERLOC_REGION_0371,SHERLOC in-situ Mars 2020,duv_sherloc_labeled_finetune_pool,sherloc_finetune_pool,Sulfate,sulfate,main_training_keep,passes_provenance_and_spectral_quality_checks,9.537585609955705,92,0.9999999999999988,0.1557948135381442,0.00537371763556424,,D:\dyt\raman\pigeonite\data\sherloc_corpolongo_region_spectra\SHERLOC_quartier_Q293.1_Point_23_label1_Sulfate.csv
SHERLOC_REGION_0372,SHERLOC in-situ Mars 2020,duv_sherloc_labeled_finetune_pool,sherloc_finetune_pool,Sulfate,sulfate,main_training_keep,passes_provenance_and_spectral_quality_checks,11.890941470771939,67,0.9999999999999993,0.010084975565558953,0.0,,D:\dyt\raman\pigeonite\data\sherloc_corpolongo_region_spectra\SHERLOC_quartier_Q293.1_Point_24_label1_Sulfate.csv
SHERLOC_REGION_0373,SHERLOC in-situ Mars 2020,duv_sherloc_labeled_finetune_pool,sherloc_finetune_pool,Sulfate,sulfate,main_training_keep,passes_provenance_and_spectral_quality_checks,12.228936955780858,60,0.9745254225339748,0.045776901077172555,0.0,,D:\dyt\raman\pigeonite\data\sherloc_corpolongo_region_spectra\SHERLOC_quartier_Q293.1_Point_25_label1_Sulfate.csv
SHERLOC_REGION_0374,SHERLOC in-situ Mars 2020,duv_sherloc_labeled_finetune_pool,sherloc_finetune_pool,Sulfate,sulfate,main_training_keep,passes_provenance_and_spectral_quality_checks,9.020179215754121,93,0.9691797018387928,0.027866549393508133,0.0,,D:\dyt\raman\pigeonite\data\sherloc_corpolongo_region_spectra\SHERLOC_quartier_Q293.1_Point_27_label1_Sulfate.csv
SHERLOC_REGION_0375,SHERLOC in-situ Mars 2020,duv_sherloc_labeled_finetune_pool,sherloc_finetune_pool,Sulfate,sulfate,main_training_keep,passes_provenance_and_spectral_quality_checks,7.938086266456656,110,0.9896485747060624,0.02809797357735673,0.0,,D:\dyt\raman\pigeonite\data\sherloc_corpolongo_region_spectra\SHERLOC_quartier_Q293.1_Point_30_label1_Sulfate.csv
SHERLOC_REGION_0378,SHERLOC in-situ Mars 2020,duv_sherloc_labeled_finetune_pool,sherloc_finetune_pool,Sulfate,sulfate,main_training_keep,passes_provenance_and_spectral_quality_checks,46.991597534368445,6,0.9999999999999999,0.0041426227556496135,0.006350757205666829,,D:\dyt\raman\pigeonite\data\sherloc_corpolongo_region_spectra\SHERLOC_quartier_Q293.1_Point_34_label1_Sulfate.csv
SHERLOC_REGION_0380,SHERLOC in-situ Mars 2020,duv_sherloc_labeled_finetune_pool,sherloc_finetune_pool,Sulfate,sulfate,main_training_keep,passes_provenance_and_spectral_quality_checks,11.808959869269335,80,0.9723681291421099,0.013408246260440713,0.0,,D:\dyt\raman\pigeonite\data\sherloc_corpolongo_region_spectra\SHERLOC_quartier_Q293.1_Point_36_label1_Sulfate.csv
SHERLOC_REGION_0386,SHERLOC in-situ Mars 2020,duv_sherloc_labeled_finetune_pool,sherloc_finetune_pool,Sulfate,sulfate,main_training_keep,passes_provenance_and_spectral_quality_checks,21.05973284636824,34,0.9506176570186325,0.010180388215970273,0.0004885197850512946,,D:\dyt\raman\pigeonite\data\sherloc_corpolongo_region_spectra\SHERLOC_quartier_Q293.1_Point_45_label1_Sulfate.csv
SHERLOC_REGION_0387,SHERLOC in-situ Mars 2020,duv_sherloc_labeled_finetune_pool,sherloc_finetune_pool,Sulfate,sulfate,main_training_keep,passes_provenance_and_spectral_quality_checks,16.4156100891069,69,0.9999999999999993,0.001254212171388223,0.0,,D:\dyt\raman\pigeonite\data\sherloc_corpolongo_region_spectra\SHERLOC_quartier_Q293.1_Point_47_label1_Sulfate.csv
SHERLOC_REGION_0390,SHERLOC in-situ Mars 2020,duv_sherloc_labeled_finetune_pool,sherloc_finetune_pool,Sulfate,sulfate,main_training_keep,passes_provenance_and_spectral_quality_checks,8.698702557101235,107,0.965043323604037,0.008357846174372975,0.0009770395701025891,,D:\dyt\raman\pigeonite\data\sherloc_corpolongo_region_spectra\SHERLOC_quartier_Q293.2_Point_2_label1_Sulfate.csv
SHERLOC_REGION_0392,SHERLOC in-situ Mars 2020,duv_sherloc_labeled_finetune_pool,sherloc_finetune_pool,Sulfate,sulfate,main_training_keep,passes_provenance_and_spectral_quality_checks,11.603172857526786,81,0.9168709544593646,0.10168572230120468,0.0,,D:\dyt\raman\pigeonite\data\sherloc_corpolongo_region_spectra\SHERLOC_quartier_Q293.2_Point_5_label1_Sulfate.csv
SHERLOC_REGION_0401,SHERLOC in-situ Mars 2020,duv_sherloc_labeled_finetune_pool,sherloc_finetune_pool,Sulfate,sulfate,main_training_keep,passes_provenance_and_spectral_quality_checks,8.481824794623082,131,0.940451882002314,0.022788469202554982,0.0009770395701025891,,D:\dyt\raman\pigeonite\data\sherloc_corpolongo_region_spectra\SHERLOC_quartier_Q293.2_Point_20_label1_Sulfate.csv
SHERLOC_REGION_0404,SHERLOC in-situ Mars 2020,duv_sherloc_labeled_finetune_pool,sherloc_finetune_pool,Sulfate,sulfate,main_training_keep,passes_provenance_and_spectral_quality_checks,9.0799869715818,6,0.9999999999999999,0.7584381139159306,0.003419638495359062,,D:\dyt\raman\pigeonite\data\sherloc_corpolongo_region_spectra\SHERLOC_quartier_Q293.2_Point_22_label2_Sulfate.csv
SHERLOC_REGION_0408,SHERLOC in-situ Mars 2020,duv_sherloc_labeled_finetune_pool,sherloc_finetune_pool,Sulfate,sulfate,main_training_keep,passes_provenance_and_spectral_quality_checks,7.483613994781901,135,0.8927422574516751,0.0496746539341507,0.0009770395701025891,,D:\dyt\raman\pigeonite\data\sherloc_corpolongo_region_spectra\SHERLOC_quartier_Q293.2_Point_28_label2_Sulfate.csv
SHERLOC_REGION_0412,SHERLOC in-situ Mars 2020,duv_sherloc_labeled_finetune_pool,sherloc_finetune_pool,Sulfate,sulfate,main_training_keep,passes_provenance_and_spectral_quality_checks,7.450234913310224,112,0.9811354953038441,0.02140109708261805,0.0,,D:\dyt\raman\pigeonite\data\sherloc_corpolongo_region_spectra\SHERLOC_quartier_Q293.2_Point_37_label1_Sulfate.csv
SHERLOC_REGION_0420,SHERLOC in-situ Mars 2020,duv_sherloc_labeled_finetune_pool,sherloc_finetune_pool,Sulfate,sulfate,main_training_keep,passes_provenance_and_spectral_quality_checks,16.192542555814743,56,0.9999999999999992,0.010160700604487222,0.0,,D:\dyt\raman\pigeonite\data\sherloc_corpolongo_region_spectra\SHERLOC_quartier_detail_500_1.1_Point_0_label1_Sulfate.csv
SHERLOC_REGION_0421,SHERLOC in-situ Mars 2020,duv_sherloc_labeled_finetune_pool,sherloc_finetune_pool,Sulfate,sulfate,main_training_keep,passes_provenance_and_spectral_quality_checks,9.238207448420683,87,0.9302595213051741,0.03593457310875768,0.0,,D:\dyt\raman\pigeonite\data\sherloc_corpolongo_region_spectra\SHERLOC_quartier_detail_500_1.1_Point_1_label1_Sulfate.csv
SHERLOC_REGION_0422,SHERLOC in-situ Mars 2020,duv_sherloc_labeled_finetune_pool,sherloc_finetune_pool,Sulfate,sulfate,main_training_keep,passes_provenance_and_spectral_quality_checks,11.289233492807716,77,0.9319779926042459,0.04067085760733331,0.0009770395701025891,,D:\dyt\raman\pigeonite\data\sherloc_corpolongo_region_spectra\SHERLOC_quartier_detail_500_1.1_Point_2_label1_Sulfate.csv
SHERLOC_REGION_0423,SHERLOC in-situ Mars 2020,duv_sherloc_labeled_finetune_pool,sherloc_finetune_pool,Sulfate,sulfate,main_training_keep,passes_provenance_and_spectral_quality_checks,15.805731252005023,42,0.9891441080157322,0.017365289515090986,0.0004885197850512946,,D:\dyt\raman\pigeonite\data\sherloc_corpolongo_region_spectra\SHERLOC_quartier_detail_500_1.1_Point_3_label1_Sulfate.csv
SHERLOC_REGION_0424,SHERLOC in-situ Mars 2020,duv_sherloc_labeled_finetune_pool,sherloc_finetune_pool,Sulfate,sulfate,main_training_keep,passes_provenance_and_spectral_quality_checks,10.049428947824001,79,0.8789327175374537,0.03356910650452737,0.0009770395701025891,,D:\dyt\raman\pigeonite\data\sherloc_corpolongo_region_spectra\SHERLOC_quartier_detail_500_1.1_Point_4_label1_Sulfate.csv
SHERLOC_REGION_0425,SHERLOC in-situ Mars 2020,duv_sherloc_labeled_finetune_pool,sherloc_finetune_pool,Sulfate,sulfate,main_training_keep,passes_provenance_and_spectral_quality_checks,9.912870369527537,90,0.9047325144869832,0.04452517671987271,0.0,,D:\dyt\raman\pigeonite\data\sherloc_corpolongo_region_spectra\SHERLOC_quartier_detail_500_1.1_Point_6_label1_Sulfate.csv
SHERLOC_REGION_0427,SHERLOC in-situ Mars 2020,duv_sherloc_labeled_finetune_pool,sherloc_finetune_pool,Sulfate,sulfate,main_training_keep,passes_provenance_and_spectral_quality_checks,9.899624477129755,74,0.9965928065691454,0.0334895149075766,0.0,,D:\dyt\raman\pigeonite\data\sherloc_corpolongo_region_spectra\SHERLOC_quartier_detail_500_1.1_Point_7_label1_Sulfate.csv
SHERLOC_REGION_0428,SHERLOC in-situ Mars 2020,duv_sherloc_labeled_finetune_pool,sherloc_finetune_pool,Sulfate,sulfate,main_training_keep,passes_provenance_and_spectral_quality_checks,42.64646016404753,36,0.6457691119089295,0.21846598908775883,0.0014655593551538837,,D:\dyt\raman\pigeonite\data\sherloc_corpolongo_region_spectra\SHERLOC_quartier_detail_500_1.1_Point_8_label1_Sulfate.csv
SHERLOC_REGION_0429,SHERLOC in-situ Mars 2020,duv_sherloc_labeled_finetune_pool,sherloc_finetune_pool,Sulfate,sulfate,main_training_keep,passes_provenance_and_spectral_quality_checks,11.556798189734073,68,0.9099872068572852,0.03514217576513237,0.0,,D:\dyt\raman\pigeonite\data\sherloc_corpolongo_region_spectra\SHERLOC_quartier_detail_500_1.1_Point_9_label1_Sulfate.csv
SHERLOC_REGION_0430,SHERLOC in-situ Mars 2020,duv_sherloc_labeled_finetune_pool,sherloc_finetune_pool,Sulfate,sulfate,main_training_keep,passes_provenance_and_spectral_quality_checks,8.867396995304476,92,0.9507736648368316,0.04435096252729009,0.0,,D:\dyt\raman\pigeonite\data\sherloc_corpolongo_region_spectra\SHERLOC_quartier_detail_500_1.1_Point_10_label1_Sulfate.csv
SHERLOC_REGION_0432,SHERLOC in-situ Mars 2020,duv_sherloc_labeled_finetune_pool,sherloc_finetune_pool,Sulfate,sulfate,main_training_keep,passes_provenance_and_spectral_quality_checks,9.667660019819094,77,0.9584433532189544,0.053989128570372594,0.0,,D:\dyt\raman\pigeonite\data\sherloc_corpolongo_region_spectra\SHERLOC_quartier_detail_500_1.1_Point_11_label1_Sulfate.csv
SHERLOC_REGION_0433,SHERLOC in-situ Mars 2020,duv_sherloc_labeled_finetune_pool,sherloc_finetune_pool,Sulfate,sulfate,main_training_keep,passes_provenance_and_spectral_quality_checks,11.843305922206053,62,0.9029119305914867,0.0603638672251302,0.0009770395701025891,,D:\dyt\raman\pigeonite\data\sherloc_corpolongo_region_spectra\SHERLOC_quartier_detail_500_1.1_Point_12_label1_Sulfate.csv
SHERLOC_REGION_0434,SHERLOC in-situ Mars 2020,duv_sherloc_labeled_finetune_pool,sherloc_finetune_pool,Sulfate,sulfate,main_training_keep,passes_provenance_and_spectral_quality_checks,9.220201744829982,85,0.9576782671383676,0.022763312622469545,0.0,,D:\dyt\raman\pigeonite\data\sherloc_corpolongo_region_spectra\SHERLOC_quartier_detail_500_1.1_Point_13_label1_Sulfate.csv
SHERLOC_REGION_0436,SHERLOC in-situ Mars 2020,duv_sherloc_labeled_finetune_pool,sherloc_finetune_pool,Sulfate,sulfate,main_training_keep,passes_provenance_and_spectral_quality_checks,7.775023608202022,100,0.9983011932700335,0.033996670982446756,0.0,,D:\dyt\raman\pigeonite\data\sherloc_corpolongo_region_spectra\SHERLOC_quartier_detail_500_1.1_Point_16_label1_Sulfate.csv
SHERLOC_REGION_0437,SHERLOC in-situ Mars 2020,duv_sherloc_labeled_finetune_pool,sherloc_finetune_pool,Sulfate,sulfate,main_training_keep,passes_provenance_and_spectral_quality_checks,9.711355760162933,70,0.963542224242033,0.03753322577506862,0.0,,D:\dyt\raman\pigeonite\data\sherloc_corpolongo_region_spectra\SHERLOC_quartier_detail_500_1.1_Point_17_label1_Sulfate.csv
SHERLOC_REGION_0438,SHERLOC in-situ Mars 2020,duv_sherloc_labeled_finetune_pool,sherloc_finetune_pool,Sulfate,sulfate,main_training_keep,passes_provenance_and_spectral_quality_checks,15.364682773152191,50,0.989727723558037,0.017714408611853374,0.0004885197850512946,,D:\dyt\raman\pigeonite\data\sherloc_corpolongo_region_spectra\SHERLOC_quartier_detail_500_1.1_Point_18_label1_Sulfate.csv
SHERLOC_REGION_0439,SHERLOC in-situ Mars 2020,duv_sherloc_labeled_finetune_pool,sherloc_finetune_pool,Sulfate,sulfate,main_training_keep,passes_provenance_and_spectral_quality_checks,10.208214876369064,72,0.9951789361566632,0.05608776132099373,0.0,,D:\dyt\raman\pigeonite\data\sherloc_corpolongo_region_spectra\SHERLOC_quartier_detail_500_1.1_Point_19_label1_Sulfate.csv
SHERLOC_REGION_0440,SHERLOC in-situ Mars 2020,duv_sherloc_labeled_finetune_pool,sherloc_finetune_pool,Sulfate,sulfate,main_training_keep,passes_provenance_and_spectral_quality_checks,10.640769899596632,67,0.8942854450057208,0.07286379589711893,0.0019540791402051783,,D:\dyt\raman\pigeonite\data\sherloc_corpolongo_region_spectra\SHERLOC_quartier_detail_500_1.1_Point_20_label1_Sulfate.csv
SHERLOC_REGION_0441,SHERLOC in-situ Mars 2020,duv_sherloc_labeled_finetune_pool,sherloc_finetune_pool,Sulfate,sulfate,main_training_keep,passes_provenance_and_spectral_quality_checks,16.314831351884006,39,0.9701229632860282,0.01808425729825529,0.0,,D:\dyt\raman\pigeonite\data\sherloc_corpolongo_region_spectra\SHERLOC_quartier_detail_500_1.1_Point_21_label1_Sulfate.csv
SHERLOC_REGION_0442,SHERLOC in-situ Mars 2020,duv_sherloc_labeled_finetune_pool,sherloc_finetune_pool,Sulfate,sulfate,main_training_keep,passes_provenance_and_spectral_quality_checks,11.45655225311583,60,0.9999999999999993,0.028842694686899022,0.0004885197850512946,,D:\dyt\raman\pigeonite\data\sherloc_corpolongo_region_spectra\SHERLOC_quartier_detail_500_1.1_Point_22_label1_Sulfate.csv
SHERLOC_REGION_0443,SHERLOC in-situ Mars 2020,duv_sherloc_labeled_finetune_pool,sherloc_finetune_pool,Sulfate,sulfate,main_training_keep,passes_provenance_and_spectral_quality_checks,10.312390152859235,73,0.9802234122748295,0.0038169903971781854,0.0,,D:\dyt\raman\pigeonite\data\sherloc_corpolongo_region_spectra\SHERLOC_quartier_detail_500_1.1_Point_25_label1_Sulfate.csv
SHERLOC_REGION_0444,SHERLOC in-situ Mars 2020,duv_sherloc_labeled_finetune_pool,sherloc_finetune_pool,Sulfate,sulfate,main_training_keep,passes_provenance_and_spectral_quality_checks,11.4525511215924,62,0.9829850063656366,0.03335401363052432,0.0,,D:\dyt\raman\pigeonite\data\sherloc_corpolongo_region_spectra\SHERLOC_quartier_detail_500_1.1_Point_26_label1_Sulfate.csv
SHERLOC_REGION_0445,SHERLOC in-situ Mars 2020,duv_sherloc_labeled_finetune_pool,sherloc_finetune_pool,Sulfate,sulfate,main_training_keep,passes_provenance_and_spectral_quality_checks,14.615983238558174,49,0.9999999999999994,0.02423481696715475,0.0004885197850512946,,D:\dyt\raman\pigeonite\data\sherloc_corpolongo_region_spectra\SHERLOC_quartier_detail_500_1.1_Point_27_label1_Sulfate.csv
SHERLOC_REGION_0446,SHERLOC in-situ Mars 2020,duv_sherloc_labeled_finetune_pool,sherloc_finetune_pool,Sulfate,sulfate,main_training_keep,passes_provenance_and_spectral_quality_checks,8.240558734788106,88,0.9440914871069911,0.019571509665782635,0.0,,D:\dyt\raman\pigeonite\data\sherloc_corpolongo_region_spectra\SHERLOC_quartier_detail_500_1.1_Point_28_label1_Sulfate.csv
SHERLOC_REGION_0447,SHERLOC in-situ Mars 2020,duv_sherloc_labeled_finetune_pool,sherloc_finetune_pool,Sulfate,sulfate,main_training_keep,passes_provenance_and_spectral_quality_checks,9.05796684461952,87,0.9822896252378678,0.019011242084280462,0.0,,D:\dyt\raman\pigeonite\data\sherloc_corpolongo_region_spectra\SHERLOC_quartier_detail_500_1.1_Point_29_label1_Sulfate.csv
SHERLOC_REGION_0448,SHERLOC in-situ Mars 2020,duv_sherloc_labeled_finetune_pool,sherloc_finetune_pool,Sulfate,sulfate,main_training_keep,passes_provenance_and_spectral_quality_checks,10.463783608346342,72,0.9707322196029867,0.02982709407357969,0.0,,D:\dyt\raman\pigeonite\data\sherloc_corpolongo_region_spectra\SHERLOC_quartier_detail_500_1.1_Point_30_label1_Sulfate.csv
SHERLOC_REGION_0449,SHERLOC in-situ Mars 2020,duv_sherloc_labeled_finetune_pool,sherloc_finetune_pool,Sulfate,sulfate,main_training_keep,passes_provenance_and_spectral_quality_checks,17.719235373365883,18,0.9874966639282446,0.016236931427744204,0.0019540791402051783,,D:\dyt\raman\pigeonite\data\sherloc_corpolongo_region_spectra\SHERLOC_quartier_detail_500_1.1_Point_31_label1_Sulfate.csv
SHERLOC_REGION_0451,SHERLOC in-situ Mars 2020,duv_sherloc_labeled_finetune_pool,sherloc_finetune_pool,Sulfate,sulfate,main_training_keep,passes_provenance_and_spectral_quality_checks,20.41673357917814,10,0.9973800817868561,0.019992760355928927,0.002442598925256473,,D:\dyt\raman\pigeonite\data\sherloc_corpolongo_region_spectra\SHERLOC_quartier_detail_500_1.1_Point_32_label1_Sulfate.csv
SHERLOC_REGION_0452,SHERLOC in-situ Mars 2020,duv_sherloc_labeled_finetune_pool,sherloc_finetune_pool,Sulfate,sulfate,main_training_keep,passes_provenance_and_spectral_quality_checks,11.967663805332318,69,0.9746316049976339,0.019226660700222248,0.0009770395701025891,,D:\dyt\raman\pigeonite\data\sherloc_corpolongo_region_spectra\SHERLOC_quartier_detail_500_1.1_Point_33_label1_Sulfate.csv
SHERLOC_REGION_0453,SHERLOC in-situ Mars 2020,duv_sherloc_labeled_finetune_pool,sherloc_finetune_pool,Sulfate,sulfate,main_training_keep,passes_provenance_and_spectral_quality_checks,11.700485505199032,54,0.9399344402822714,0.020123745819388358,0.0009770395701025891,,D:\dyt\raman\pigeonite\data\sherloc_corpolongo_region_spectra\SHERLOC_quartier_detail_500_1.1_Point_34_label1_Sulfate.csv
SHERLOC_REGION_0455,SHERLOC in-situ Mars 2020,duv_sherloc_labeled_finetune_pool,sherloc_finetune_pool,Sulfate,sulfate,main_training_keep,passes_provenance_and_spectral_quality_checks,8.261834095400621,107,0.9673576579403365,0.028926244606016775,0.0,,D:\dyt\raman\pigeonite\data\sherloc_corpolongo_region_spectra\SHERLOC_quartier_detail_500_1.1_Point_36_label1_Sulfate.csv
SHERLOC_REGION_0456,SHERLOC in-situ Mars 2020,duv_sherloc_labeled_finetune_pool,sherloc_finetune_pool,Sulfate,sulfate,main_training_keep,passes_provenance_and_spectral_quality_checks,8.827333758899613,93,0.9911296174538555,0.03043546549736066,0.0,,D:\dyt\raman\pigeonite\data\sherloc_corpolongo_region_spectra\SHERLOC_quartier_detail_500_1.1_Point_37_label1_Sulfate.csv
SHERLOC_REGION_0457,SHERLOC in-situ Mars 2020,duv_sherloc_labeled_finetune_pool,sherloc_finetune_pool,Sulfate,sulfate,main_training_keep,passes_provenance_and_spectral_quality_checks,9.591093548621481,75,0.9351946142027336,0.018931734021481364,0.0,,D:\dyt\raman\pigeonite\data\sherloc_corpolongo_region_spectra\SHERLOC_quartier_detail_500_1.1_Point_38_label1_Sulfate.csv
SHERLOC_REGION_0458,SHERLOC in-situ Mars 2020,duv_sherloc_labeled_finetune_pool,sherloc_finetune_pool,Sulfate,sulfate,main_training_keep,passes_provenance_and_spectral_quality_checks,18.148056902621256,10,0.9924802846062747,0.02358813774748893,0.0029311187103077674,,D:\dyt\raman\pigeonite\data\sherloc_corpolongo_region_spectra\SHERLOC_quartier_detail_500_1.1_Point_39_label1_Sulfate.csv
SHERLOC_REGION_0459,SHERLOC in-situ Mars 2020,duv_sherloc_labeled_finetune_pool,sherloc_finetune_pool,Sulfate,sulfate,main_training_keep,passes_provenance_and_spectral_quality_checks,9.364670697820141,75,0.9999999999999989,0.030948868928644135,0.0,,D:\dyt\raman\pigeonite\data\sherloc_corpolongo_region_spectra\SHERLOC_quartier_detail_500_1.1_Point_41_label1_Sulfate.csv
SHERLOC_REGION_0460,SHERLOC in-situ Mars 2020,duv_sherloc_labeled_finetune_pool,sherloc_finetune_pool,Sulfate,sulfate,main_training_keep,passes_provenance_and_spectral_quality_checks,13.012171498327424,56,0.9457171956259147,0.00456869496560061,0.0004885197850512946,,D:\dyt\raman\pigeonite\data\sherloc_corpolongo_region_spectra\SHERLOC_quartier_detail_500_1.1_Point_42_label1_Sulfate.csv
SHERLOC_REGION_0461,SHERLOC in-situ Mars 2020,duv_sherloc_labeled_finetune_pool,sherloc_finetune_pool,Sulfate,sulfate,main_training_keep,passes_provenance_and_spectral_quality_checks,10.153009049103538,71,0.9498788660606654,0.027908836562382983,0.0,,D:\dyt\raman\pigeonite\data\sherloc_corpolongo_region_spectra\SHERLOC_quartier_detail_500_1.1_Point_43_label1_Sulfate.csv
SHERLOC_REGION_0462,SHERLOC in-situ Mars 2020,duv_sherloc_labeled_finetune_pool,sherloc_finetune_pool,Sulfate,sulfate,main_training_keep,passes_provenance_and_spectral_quality_checks,24.056382253914833,8,0.9895702666483979,0.01412680549621478,0.002442598925256473,,D:\dyt\raman\pigeonite\data\sherloc_corpolongo_region_spectra\SHERLOC_quartier_detail_500_1.1_Point_44_label1_Sulfate.csv
SHERLOC_REGION_0463,SHERLOC in-situ Mars 2020,duv_sherloc_labeled_finetune_pool,sherloc_finetune_pool,Sulfate,sulfate,main_training_keep,passes_provenance_and_spectral_quality_checks,54.999871324476786,6,0.9967016959332651,0.005254873603204361,0.008304836345872008,,D:\dyt\raman\pigeonite\data\sherloc_corpolongo_region_spectra\SHERLOC_quartier_detail_500_1.1_Point_45_label1_Sulfate.csv
SHERLOC_REGION_0465,SHERLOC in-situ Mars 2020,duv_sherloc_labeled_finetune_pool,sherloc_finetune_pool,Sulfate,sulfate,main_training_keep,passes_provenance_and_spectral_quality_checks,46.09823303266608,6,0.9983640435147432,0.006776614607632759,0.00537371763556424,,D:\dyt\raman\pigeonite\data\sherloc_corpolongo_region_spectra\SHERLOC_quartier_detail_500_1.1_Point_46_label1_Sulfate.csv
SHERLOC_REGION_0467,SHERLOC in-situ Mars 2020,duv_sherloc_labeled_finetune_pool,sherloc_finetune_pool,Sulfate,sulfate,main_training_keep,passes_provenance_and_spectral_quality_checks,23.01527101190281,13,0.9999999999999998,0.013379613945029055,0.0019540791402051783,,D:\dyt\raman\pigeonite\data\sherloc_corpolongo_region_spectra\SHERLOC_quartier_detail_500_1.1_Point_47_label1_Sulfate.csv
SHERLOC_REGION_0468,SHERLOC in-situ Mars 2020,duv_sherloc_labeled_finetune_pool,sherloc_finetune_pool,Sulfate,sulfate,main_training_keep,passes_provenance_and_spectral_quality_checks,21.42381174223633,7,0.9999999999999998,0.004418921489655576,0.0029311187103077674,,D:\dyt\raman\pigeonite\data\sherloc_corpolongo_region_spectra\SHERLOC_quartier_detail_500_1.1_Point_48_label1_Sulfate.csv
SHERLOC_REGION_0469,SHERLOC in-situ Mars 2020,duv_sherloc_labeled_finetune_pool,sherloc_finetune_pool,Sulfate,sulfate,main_training_keep,passes_provenance_and_spectral_quality_checks,20.214783191401068,7,0.9971361107671295,0.016798754821011633,0.0029311187103077674,,D:\dyt\raman\pigeonite\data\sherloc_corpolongo_region_spectra\SHERLOC_quartier_detail_500_1.1_Point_49_label1_Sulfate.csv
SHERLOC_REGION_0470,SHERLOC in-situ Mars 2020,duv_sherloc_labeled_finetune_pool,sherloc_finetune_pool,Sulfate,sulfate,main_training_keep,passes_provenance_and_spectral_quality_checks,18.5726094037264,11,0.9999999999999997,0.017440351607851314,0.0019540791402051783,,D:\dyt\raman\pigeonite\data\sherloc_corpolongo_region_spectra\SHERLOC_quartier_detail_500_1.2_Point_0_label1_Sulfate.csv
SHERLOC_REGION_0471,SHERLOC in-situ Mars 2020,duv_sherloc_labeled_finetune_pool,sherloc_finetune_pool,Sulfate,sulfate,main_training_keep,passes_provenance_and_spectral_quality_checks,21.390033326052265,4,0.9999999999999998,0.020629380778006984,0.0039081582804103565,,D:\dyt\raman\pigeonite\data\sherloc_corpolongo_region_spectra\SHERLOC_quartier_detail_500_1.2_Point_1_label1_Sulfate.csv
SHERLOC_REGION_0473,SHERLOC in-situ Mars 2020,duv_sherloc_labeled_finetune_pool,sherloc_finetune_pool,Sulfate,sulfate,main_training_keep,passes_provenance_and_spectral_quality_checks,14.824428447040049,18,0.9999999999999997,0.01082479381558118,0.002442598925256473,,D:\dyt\raman\pigeonite\data\sherloc_corpolongo_region_spectra\SHERLOC_quartier_detail_500_1.2_Point_2_label1_Sulfate.csv
SHERLOC_REGION_0474,SHERLOC in-situ Mars 2020,duv_sherloc_labeled_finetune_pool,sherloc_finetune_pool,Sulfate,sulfate,main_training_keep,passes_provenance_and_spectral_quality_checks,20.11104820719094,7,0.9800513575874003,0.010777717601007673,0.0019540791402051783,,D:\dyt\raman\pigeonite\data\sherloc_corpolongo_region_spectra\SHERLOC_quartier_detail_500_1.2_Point_3_label1_Sulfate.csv
SHERLOC_REGION_0475,SHERLOC in-situ Mars 2020,duv_sherloc_labeled_finetune_pool,sherloc_finetune_pool,Sulfate,sulfate,main_training_keep,passes_provenance_and_spectral_quality_checks,18.858400764768724,36,0.9726532809687737,0.018203560299328122,0.0019540791402051783,,D:\dyt\raman\pigeonite\data\sherloc_corpolongo_region_spectra\SHERLOC_quartier_detail_500_1.2_Point_4_label1_Sulfate.csv
SHERLOC_REGION_0477,SHERLOC in-situ Mars 2020,duv_sherloc_labeled_finetune_pool,sherloc_finetune_pool,Sulfate,sulfate,main_training_keep,passes_provenance_and_spectral_quality_checks,9.509787497175418,89,0.9854963679773218,0.03598223506986356,0.0,,D:\dyt\raman\pigeonite\data\sherloc_corpolongo_region_spectra\SHERLOC_quartier_detail_500_1.2_Point_5_label1_Sulfate.csv
SHERLOC_REGION_0478,SHERLOC in-situ Mars 2020,duv_sherloc_labeled_finetune_pool,sherloc_finetune_pool,Sulfate,sulfate,main_training_keep,passes_provenance_and_spectral_quality_checks,12.79509534726252,46,0.9293698287259519,0.04996483596130119,0.0014655593551538837,,D:\dyt\raman\pigeonite\data\sherloc_corpolongo_region_spectra\SHERLOC_quartier_detail_500_1.2_Point_6_label1_Sulfate.csv
SHERLOC_REGION_0479,SHERLOC in-situ Mars 2020,duv_sherloc_labeled_finetune_pool,sherloc_finetune_pool,Sulfate,sulfate,main_training_keep,passes_provenance_and_spectral_quality_checks,15.070959030739138,29,0.9584881710084734,0.0174079299761531,0.0004885197850512946,,D:\dyt\raman\pigeonite\data\sherloc_corpolongo_region_spectra\SHERLOC_quartier_detail_500_1.2_Point_7_label1_Sulfate.csv
SHERLOC_REGION_0480,SHERLOC in-situ Mars 2020,duv_sherloc_labeled_finetune_pool,sherloc_finetune_pool,Sulfate,sulfate,main_training_keep,passes_provenance_and_spectral_quality_checks,12.37349511961343,53,0.9999999999999993,0.012208844858158057,0.0009770395701025891,,D:\dyt\raman\pigeonite\data\sherloc_corpolongo_region_spectra\SHERLOC_quartier_detail_500_1.2_Point_8_label1_Sulfate.csv
SHERLOC_REGION_0481,SHERLOC in-situ Mars 2020,duv_sherloc_labeled_finetune_pool,sherloc_finetune_pool,Sulfate,sulfate,main_training_keep,passes_provenance_and_spectral_quality_checks,9.303854059250583,63,0.9707223361496795,0.03519281253922529,0.0,,D:\dyt\raman\pigeonite\data\sherloc_corpolongo_region_spectra\SHERLOC_quartier_detail_500_1.2_Point_9_label1_Sulfate.csv
SHERLOC_REGION_0482,SHERLOC in-situ Mars 2020,duv_sherloc_labeled_finetune_pool,sherloc_finetune_pool,Sulfate,sulfate,main_training_keep,passes_provenance_and_spectral_quality_checks,10.198136982755283,69,0.9999999999999991,0.051686945658796314,0.0,,D:\dyt\raman\pigeonite\data\sherloc_corpolongo_region_spectra\SHERLOC_quartier_detail_500_1.2_Point_10_label1_Sulfate.csv
SHERLOC_REGION_0483,SHERLOC in-situ Mars 2020,duv_sherloc_labeled_finetune_pool,sherloc_finetune_pool,Sulfate,sulfate,main_training_keep,passes_provenance_and_spectral_quality_checks,14.760721627212833,53,0.9747706017600799,0.015273192533205159,0.0,,D:\dyt\raman\pigeonite\data\sherloc_corpolongo_region_spectra\SHERLOC_quartier_detail_500_1.2_Point_11_label1_Sulfate.csv
SHERLOC_REGION_0484,SHERLOC in-situ Mars 2020,duv_sherloc_labeled_finetune_pool,sherloc_finetune_pool,Sulfate,sulfate,main_training_keep,passes_provenance_and_spectral_quality_checks,8.748047271376548,88,0.9464442203341649,0.026629636027285724,0.0009770395701025891,,D:\dyt\raman\pigeonite\data\sherloc_corpolongo_region_spectra\SHERLOC_quartier_detail_500_1.2_Point_12_label1_Sulfate.csv
SHERLOC_REGION_0485,SHERLOC in-situ Mars 2020,duv_sherloc_labeled_finetune_pool,sherloc_finetune_pool,Sulfate,sulfate,main_training_keep,passes_provenance_and_spectral_quality_checks,8.351182788706607,85,0.9545862303664232,0.05256449661357141,0.0009770395701025891,,D:\dyt\raman\pigeonite\data\sherloc_corpolongo_region_spectra\SHERLOC_quartier_detail_500_1.2_Point_13_label1_Sulfate.csv
SHERLOC_REGION_0486,SHERLOC in-situ Mars 2020,duv_sherloc_labeled_finetune_pool,sherloc_finetune_pool,Sulfate,sulfate,main_training_keep,passes_provenance_and_spectral_quality_checks,10.269000368490396,77,0.9774531311198433,0.007736387813225517,0.0009770395701025891,,D:\dyt\raman\pigeonite\data\sherloc_corpolongo_region_spectra\SHERLOC_quartier_detail_500_1.2_Point_14_label1_Sulfate.csv
SHERLOC_REGION_0487,SHERLOC in-situ Mars 2020,duv_sherloc_labeled_finetune_pool,sherloc_finetune_pool,Sulfate,sulfate,main_training_keep,passes_provenance_and_spectral_quality_checks,12.2118448063115,43,0.9999999999999996,0.023593870576557863,0.0019540791402051783,,D:\dyt\raman\pigeonite\data\sherloc_corpolongo_region_spectra\SHERLOC_quartier_detail_500_1.2_Point_16_label1_Sulfate.csv
SHERLOC_REGION_0488,SHERLOC in-situ Mars 2020,duv_sherloc_labeled_finetune_pool,sherloc_finetune_pool,Sulfate,sulfate,main_training_keep,passes_provenance_and_spectral_quality_checks,20.46291445263133,24,0.9829580585903671,0.022046332224134022,0.0019540791402051783,,D:\dyt\raman\pigeonite\data\sherloc_corpolongo_region_spectra\SHERLOC_quartier_detail_500_1.2_Point_17_label1_Sulfate.csv
SHERLOC_REGION_0489,SHERLOC in-situ Mars 2020,duv_sherloc_labeled_finetune_pool,sherloc_finetune_pool,Sulfate,sulfate,main_training_keep,passes_provenance_and_spectral_quality_checks,12.372455008305883,71,0.9702403883014387,0.020483461559363366,0.0,,D:\dyt\raman\pigeonite\data\sherloc_corpolongo_region_spectra\SHERLOC_quartier_detail_500_1.2_Point_18_label1_Sulfate.csv
SHERLOC_REGION_0490,SHERLOC in-situ Mars 2020,duv_sherloc_labeled_finetune_pool,sherloc_finetune_pool,Sulfate,sulfate,main_training_keep,passes_provenance_and_spectral_quality_checks,9.325735588352924,99,0.971079913819856,0.035945449881790416,0.0,,D:\dyt\raman\pigeonite\data\sherloc_corpolongo_region_spectra\SHERLOC_quartier_detail_500_1.2_Point_19_label1_Sulfate.csv
SHERLOC_REGION_0491,SHERLOC in-situ Mars 2020,duv_sherloc_labeled_finetune_pool,sherloc_finetune_pool,Sulfate,sulfate,main_training_keep,passes_provenance_and_spectral_quality_checks,9.809057358553142,84,0.9357821673518822,0.015942076605943975,0.0,,D:\dyt\raman\pigeonite\data\sherloc_corpolongo_region_spectra\SHERLOC_quartier_detail_500_1.2_Point_21_label1_Sulfate.csv
SHERLOC_REGION_0492,SHERLOC in-situ Mars 2020,duv_sherloc_labeled_finetune_pool,sherloc_finetune_pool,Sulfate,sulfate,main_training_keep,passes_provenance_and_spectral_quality_checks,20.286608284919343,30,0.9999999999999997,0.036298850323576284,0.0029311187103077674,,D:\dyt\raman\pigeonite\data\sherloc_corpolongo_region_spectra\SHERLOC_quartier_detail_500_1.2_Point_22_label1_Sulfate.csv
SHERLOC_REGION_0493,SHERLOC in-situ Mars 2020,duv_sherloc_labeled_finetune_pool,sherloc_finetune_pool,Sulfate,sulfate,main_training_keep,passes_provenance_and_spectral_quality_checks,18.548557748239674,50,0.9819007196793875,0.007330886159210123,0.002442598925256473,,D:\dyt\raman\pigeonite\data\sherloc_corpolongo_region_spectra\SHERLOC_quartier_detail_500_1.2_Point_23_label1_Sulfate.csv
SHERLOC_REGION_0494,SHERLOC in-situ Mars 2020,duv_sherloc_labeled_finetune_pool,sherloc_finetune_pool,Sulfate,sulfate,main_training_keep,passes_provenance_and_spectral_quality_checks,12.284511553572422,76,0.9513838326876661,0.027811995966206482,0.0,,D:\dyt\raman\pigeonite\data\sherloc_corpolongo_region_spectra\SHERLOC_quartier_detail_500_1.2_Point_24_label1_Sulfate.csv
SHERLOC_REGION_0495,SHERLOC in-situ Mars 2020,duv_sherloc_labeled_finetune_pool,sherloc_finetune_pool,Sulfate,sulfate,main_training_keep,passes_provenance_and_spectral_quality_checks,13.522584475714606,60,0.987989854944852,0.03152564118557303,0.0014655593551538837,,D:\dyt\raman\pigeonite\data\sherloc_corpolongo_region_spectra\SHERLOC_quartier_detail_500_1.2_Point_25_label1_Sulfate.csv
SHERLOC_REGION_0496,SHERLOC in-situ Mars 2020,duv_sherloc_labeled_finetune_pool,sherloc_finetune_pool,Sulfate,sulfate,main_training_keep,passes_provenance_and_spectral_quality_checks,20.12874383306607,11,0.9929627306595724,0.025191493701493504,0.002442598925256473,,D:\dyt\raman\pigeonite\data\sherloc_corpolongo_region_spectra\SHERLOC_quartier_detail_500_1.2_Point_26_label1_Sulfate.csv
SHERLOC_REGION_0497,SHERLOC in-situ Mars 2020,duv_sherloc_labeled_finetune_pool,sherloc_finetune_pool,Sulfate,sulfate,main_training_keep,passes_provenance_and_spectral_quality_checks,36.231696183498684,5,0.998360752965475,0.011170138619819142,0.004885197850512946,,D:\dyt\raman\pigeonite\data\sherloc_corpolongo_region_spectra\SHERLOC_quartier_detail_500_1.2_Point_27_label1_Sulfate.csv
SHERLOC_REGION_0498,SHERLOC in-situ Mars 2020,duv_sherloc_labeled_finetune_pool,sherloc_finetune_pool,Sulfate,sulfate,main_training_keep,passes_provenance_and_spectral_quality_checks,25.32586477901184,8,0.9975138932257722,0.020601060709825016,0.0029311187103077674,,D:\dyt\raman\pigeonite\data\sherloc_corpolongo_region_spectra\SHERLOC_quartier_detail_500_1.2_Point_28_label1_Sulfate.csv
SHERLOC_REGION_0499,SHERLOC in-situ Mars 2020,duv_sherloc_labeled_finetune_pool,sherloc_finetune_pool,Sulfate,sulfate,main_training_keep,passes_provenance_and_spectral_quality_checks,13.885576230985812,18,0.9835802504047326,0.026755540838559695,0.0014655593551538837,,D:\dyt\raman\pigeonite\data\sherloc_corpolongo_region_spectra\SHERLOC_quartier_detail_500_1.2_Point_29_label1_Sulfate.csv
SHERLOC_REGION_0500,SHERLOC in-situ Mars 2020,duv_sherloc_labeled_finetune_pool,sherloc_finetune_pool,Sulfate,sulfate,main_training_keep,passes_provenance_and_spectral_quality_checks,10.968476818852006,74,0.9999999999999991,0.028468074333375414,0.0,,D:\dyt\raman\pigeonite\data\sherloc_corpolongo_region_spectra\SHERLOC_quartier_detail_500_1.2_Point_30_label1_Sulfate.csv
SHERLOC_REGION_0501,SHERLOC in-situ Mars 2020,duv_sherloc_labeled_finetune_pool,sherloc_finetune_pool,Sulfate,sulfate,main_training_keep,passes_provenance_and_spectral_quality_checks,10.240486057144153,69,0.9969899009822216,0.020304432472891785,0.0,,D:\dyt\raman\pigeonite\data\sherloc_corpolongo_region_spectra\SHERLOC_quartier_detail_500_1.2_Point_31_label1_Sulfate.csv
SHERLOC_REGION_0502,SHERLOC in-situ Mars 2020,duv_sherloc_labeled_finetune_pool,sherloc_finetune_pool,Sulfate,sulfate,main_training_keep,passes_provenance_and_spectral_quality_checks,15.464563470126228,61,0.9630287304260519,0.012668696515413592,0.0,,D:\dyt\raman\pigeonite\data\sherloc_corpolongo_region_spectra\SHERLOC_quartier_detail_500_1.2_Point_32_label1_Sulfate.csv
SHERLOC_REGION_0503,SHERLOC in-situ Mars 2020,duv_sherloc_labeled_finetune_pool,sherloc_finetune_pool,Sulfate,sulfate,main_training_keep,passes_provenance_and_spectral_quality_checks,29.654707317731425,12,0.9855707805289962,0.018147198896271807,0.0029311187103077674,,D:\dyt\raman\pigeonite\data\sherloc_corpolongo_region_spectra\SHERLOC_quartier_detail_500_1.2_Point_33_label1_Sulfate.csv
SHERLOC_REGION_0504,SHERLOC in-situ Mars 2020,duv_sherloc_labeled_finetune_pool,sherloc_finetune_pool,Sulfate,sulfate,main_training_keep,passes_provenance_and_spectral_quality_checks,24.25545444537285,15,0.9839202876278285,0.012338598439862665,0.002442598925256473,,D:\dyt\raman\pigeonite\data\sherloc_corpolongo_region_spectra\SHERLOC_quartier_detail_500_1.2_Point_34_label1_Sulfate.csv
SHERLOC_REGION_0505,SHERLOC in-situ Mars 2020,duv_sherloc_labeled_finetune_pool,sherloc_finetune_pool,Sulfate,sulfate,main_training_keep,passes_provenance_and_spectral_quality_checks,11.386605246307237,63,0.9407480672159082,0.05505844821019498,0.0,,D:\dyt\raman\pigeonite\data\sherloc_corpolongo_region_spectra\SHERLOC_quartier_detail_500_1.2_Point_35_label1_Sulfate.csv
SHERLOC_REGION_0506,SHERLOC in-situ Mars 2020,duv_sherloc_labeled_finetune_pool,sherloc_finetune_pool,Sulfate,sulfate,main_training_keep,passes_provenance_and_spectral_quality_checks,7.779040529912859,86,0.9999999999999987,0.03413421646455081,0.0,,D:\dyt\raman\pigeonite\data\sherloc_corpolongo_region_spectra\SHERLOC_quartier_detail_500_1.2_Point_36_label1_Sulfate.csv
SHERLOC_REGION_0507,SHERLOC in-situ Mars 2020,duv_sherloc_labeled_finetune_pool,sherloc_finetune_pool,Sulfate,sulfate,main_training_keep,passes_provenance_and_spectral_quality_checks,10.209614399811674,74,0.9049774174644604,0.021064588928319136,0.0,,D:\dyt\raman\pigeonite\data\sherloc_corpolongo_region_spectra\SHERLOC_quartier_detail_500_1.2_Point_42_label1_Sulfate.csv
SHERLOC_REGION_0508,SHERLOC in-situ Mars 2020,duv_sherloc_labeled_finetune_pool,sherloc_finetune_pool,Sulfate,sulfate,main_training_keep,passes_provenance_and_spectral_quality_checks,12.478201689226529,72,0.9999999999999992,0.00990655860326189,0.0,,D:\dyt\raman\pigeonite\data\sherloc_corpolongo_region_spectra\SHERLOC_quartier_detail_500_1.2_Point_43_label1_Sulfate.csv
SHERLOC_REGION_0509,SHERLOC in-situ Mars 2020,duv_sherloc_labeled_finetune_pool,sherloc_finetune_pool,Sulfate,sulfate,main_training_keep,passes_provenance_and_spectral_quality_checks,15.294335631337043,63,0.9804963202224574,0.004031586573381742,0.0,,D:\dyt\raman\pigeonite\data\sherloc_corpolongo_region_spectra\SHERLOC_quartier_detail_500_1.2_Point_44_label1_Sulfate.csv
SHERLOC_REGION_0510,SHERLOC in-situ Mars 2020,duv_sherloc_labeled_finetune_pool,sherloc_finetune_pool,Sulfate,sulfate,main_training_keep,passes_provenance_and_spectral_quality_checks,18.804135673655704,45,0.994226555706818,0.013634929693605292,0.0004885197850512946,,D:\dyt\raman\pigeonite\data\sherloc_corpolongo_region_spectra\SHERLOC_quartier_detail_500_1.2_Point_45_label1_Sulfate.csv
SHERLOC_REGION_0511,SHERLOC in-situ Mars 2020,duv_sherloc_labeled_finetune_pool,sherloc_finetune_pool,Sulfate,sulfate,main_training_keep,passes_provenance_and_spectral_quality_checks,23.5521779763941,24,0.9725371649480615,0.012140482403608911,0.0029311187103077674,,D:\dyt\raman\pigeonite\data\sherloc_corpolongo_region_spectra\SHERLOC_quartier_detail_500_1.2_Point_46_label1_Sulfate.csv
SHERLOC_REGION_0512,SHERLOC in-situ Mars 2020,duv_sherloc_labeled_finetune_pool,sherloc_finetune_pool,Sulfate,sulfate,main_training_keep,passes_provenance_and_spectral_quality_checks,21.23348072287922,15,0.9611940769585993,0.044133719450483895,0.002442598925256473,,D:\dyt\raman\pigeonite\data\sherloc_corpolongo_region_spectra\SHERLOC_quartier_detail_500_1.2_Point_47_label1_Sulfate.csv
SHERLOC_REGION_0513,SHERLOC in-situ Mars 2020,duv_sherloc_labeled_finetune_pool,sherloc_finetune_pool,Sulfate,sulfate,main_training_keep,passes_provenance_and_spectral_quality_checks,18.936565619337944,31,0.9770665350572657,0.01891875091960058,0.0029311187103077674,,D:\dyt\raman\pigeonite\data\sherloc_corpolongo_region_spectra\SHERLOC_quartier_detail_500_1.2_Point_48_label1_Sulfate.csv
SHERLOC_REGION_0514,SHERLOC in-situ Mars 2020,duv_sherloc_labeled_finetune_pool,sherloc_finetune_pool,Sulfate,sulfate,main_training_keep,passes_provenance_and_spectral_quality_checks,11.495423016292598,73,0.9392809270335798,0.025021676115597087,0.0,,D:\dyt\raman\pigeonite\data\sherloc_corpolongo_region_spectra\SHERLOC_quartier_detail_500_1.2_Point_49_label1_Sulfate.csv
SHERLOC_REGION_0515,SHERLOC in-situ Mars 2020,duv_sherloc_labeled_finetune_pool,sherloc_finetune_pool,Sulfate,sulfate,main_training_keep,passes_provenance_and_spectral_quality_checks,15.831706589311954,56,0.9999999999999994,0.007441201363086824,0.0,,D:\dyt\raman\pigeonite\data\sherloc_corpolongo_region_spectra\SHERLOC_quartier_detail_500_2.1_Point_0_label1_Sulfate.csv
SHERLOC_REGION_0516,SHERLOC in-situ Mars 2020,duv_sherloc_labeled_finetune_pool,sherloc_finetune_pool,Sulfate,sulfate,main_training_keep,passes_provenance_and_spectral_quality_checks,10.263186836625108,76,0.9999999999999992,0.02094886400736941,0.0,,D:\dyt\raman\pigeonite\data\sherloc_corpolongo_region_spectra\SHERLOC_quartier_detail_500_2.1_Point_1_label1_Sulfate.csv
SHERLOC_REGION_0518,SHERLOC in-situ Mars 2020,duv_sherloc_labeled_finetune_pool,sherloc_finetune_pool,Sulfate,sulfate,main_training_keep,passes_provenance_and_spectral_quality_checks,8.889784710988419,96,0.9936254895441764,0.022572607321423372,0.0004885197850512946,,D:\dyt\raman\pigeonite\data\sherloc_corpolongo_region_spectra\SHERLOC_quartier_detail_500_2.1_Point_2_label1_Sulfate.csv
SHERLOC_REGION_0519,SHERLOC in-situ Mars 2020,duv_sherloc_labeled_finetune_pool,sherloc_finetune_pool,Sulfate,sulfate,main_training_keep,passes_provenance_and_spectral_quality_checks,9.598191732639707,84,0.9797104228377701,0.03888531412757124,0.0,,D:\dyt\raman\pigeonite\data\sherloc_corpolongo_region_spectra\SHERLOC_quartier_detail_500_2.1_Point_3_label1_Sulfate.csv
SHERLOC_REGION_0520,SHERLOC in-situ Mars 2020,duv_sherloc_labeled_finetune_pool,sherloc_finetune_pool,Sulfate,sulfate,main_training_keep,passes_provenance_and_spectral_quality_checks,9.18570915137871,94,0.9474226273374661,0.04143660266930332,0.0,,D:\dyt\raman\pigeonite\data\sherloc_corpolongo_region_spectra\SHERLOC_quartier_detail_500_2.1_Point_4_label1_Sulfate.csv
SHERLOC_REGION_0522,SHERLOC in-situ Mars 2020,duv_sherloc_labeled_finetune_pool,sherloc_finetune_pool,Sulfate,sulfate,main_training_keep,passes_provenance_and_spectral_quality_checks,9.620299224469832,87,0.9625733752635864,0.0330982439559713,0.0009770395701025891,,D:\dyt\raman\pigeonite\data\sherloc_corpolongo_region_spectra\SHERLOC_quartier_detail_500_2.1_Point_5_label1_Sulfate.csv
SHERLOC_REGION_0523,SHERLOC in-situ Mars 2020,duv_sherloc_labeled_finetune_pool,sherloc_finetune_pool,Sulfate,sulfate,main_training_keep,passes_provenance_and_spectral_quality_checks,7.753808945676725,113,0.9670089941468742,0.03820085571207254,0.0,,D:\dyt\raman\pigeonite\data\sherloc_corpolongo_region_spectra\SHERLOC_quartier_detail_500_2.1_Point_6_label1_Sulfate.csv
SHERLOC_REGION_0525,SHERLOC in-situ Mars 2020,duv_sherloc_labeled_finetune_pool,sherloc_finetune_pool,Sulfate,sulfate,main_training_keep,passes_provenance_and_spectral_quality_checks,7.871260209193045,63,0.9999999999999993,0.16901115385459398,0.0009770395701025891,,D:\dyt\raman\pigeonite\data\sherloc_corpolongo_region_spectra\SHERLOC_quartier_detail_500_2.1_Point_13_label1_Sulfate.csv
SHERLOC_REGION_0526,SHERLOC in-situ Mars 2020,duv_sherloc_labeled_finetune_pool,sherloc_finetune_pool,Sulfate,sulfate,main_training_keep,passes_provenance_and_spectral_quality_checks,12.105810184851078,59,0.9203432910643644,0.07656769036631629,0.0009770395701025891,,D:\dyt\raman\pigeonite\data\sherloc_corpolongo_region_spectra\SHERLOC_quartier_detail_500_2.1_Point_14_label1_Sulfate.csv
SHERLOC_REGION_0527,SHERLOC in-situ Mars 2020,duv_sherloc_labeled_finetune_pool,sherloc_finetune_pool,Sulfate,sulfate,main_training_keep,passes_provenance_and_spectral_quality_checks,20.148594145105545,47,0.9826268129998609,0.014891410075672577,0.0004885197850512946,,D:\dyt\raman\pigeonite\data\sherloc_corpolongo_region_spectra\SHERLOC_quartier_detail_500_2.1_Point_15_label1_Sulfate.csv
SHERLOC_REGION_0528,SHERLOC in-situ Mars 2020,duv_sherloc_labeled_finetune_pool,sherloc_finetune_pool,Sulfate,sulfate,main_training_keep,passes_provenance_and_spectral_quality_checks,16.35486496086363,55,0.9680585470635763,0.002714498769121587,0.0009770395701025891,,D:\dyt\raman\pigeonite\data\sherloc_corpolongo_region_spectra\SHERLOC_quartier_detail_500_2.1_Point_16_label1_Sulfate.csv
SHERLOC_REGION_0529,SHERLOC in-situ Mars 2020,duv_sherloc_labeled_finetune_pool,sherloc_finetune_pool,Sulfate,sulfate,main_training_keep,passes_provenance_and_spectral_quality_checks,9.58616694303931,91,0.9665043341540708,0.02589663564189628,0.0,,D:\dyt\raman\pigeonite\data\sherloc_corpolongo_region_spectra\SHERLOC_quartier_detail_500_2.1_Point_17_label1_Sulfate.csv
SHERLOC_REGION_0530,SHERLOC in-situ Mars 2020,duv_sherloc_labeled_finetune_pool,sherloc_finetune_pool,Sulfate,sulfate,main_training_keep,passes_provenance_and_spectral_quality_checks,14.211376950594632,60,0.9561691328791339,0.026764575782823073,0.0,,D:\dyt\raman\pigeonite\data\sherloc_corpolongo_region_spectra\SHERLOC_quartier_detail_500_2.1_Point_18_label1_Sulfate.csv
SHERLOC_REGION_0531,SHERLOC in-situ Mars 2020,duv_sherloc_labeled_finetune_pool,sherloc_finetune_pool,Sulfate,sulfate,main_training_keep,passes_provenance_and_spectral_quality_checks,13.04160506622787,61,0.975359228941044,0.026427176275910024,0.0,,D:\dyt\raman\pigeonite\data\sherloc_corpolongo_region_spectra\SHERLOC_quartier_detail_500_2.1_Point_19_label1_Sulfate.csv
SHERLOC_REGION_0532,SHERLOC in-situ Mars 2020,duv_sherloc_labeled_finetune_pool,sherloc_finetune_pool,Sulfate,sulfate,main_training_keep,passes_provenance_and_spectral_quality_checks,11.810419713087946,70,0.9528226535350104,0.017780139340499504,0.0,,D:\dyt\raman\pigeonite\data\sherloc_corpolongo_region_spectra\SHERLOC_quartier_detail_500_2.1_Point_20_label1_Sulfate.csv
SHERLOC_REGION_0533,SHERLOC in-situ Mars 2020,duv_sherloc_labeled_finetune_pool,sherloc_finetune_pool,Sulfate,sulfate,main_training_keep,passes_provenance_and_spectral_quality_checks,18.830454734760938,45,0.9665982399687614,0.009853000041194132,0.0014655593551538837,,D:\dyt\raman\pigeonite\data\sherloc_corpolongo_region_spectra\SHERLOC_quartier_detail_500_2.1_Point_21_label1_Sulfate.csv
SHERLOC_REGION_0534,SHERLOC in-situ Mars 2020,duv_sherloc_labeled_finetune_pool,sherloc_finetune_pool,Sulfate,sulfate,main_training_keep,passes_provenance_and_spectral_quality_checks,15.67173642224275,65,0.9062123061543511,0.04562637055158409,0.0,,D:\dyt\raman\pigeonite\data\sherloc_corpolongo_region_spectra\SHERLOC_quartier_detail_500_2.1_Point_22_label1_Sulfate.csv
SHERLOC_REGION_0535,SHERLOC in-situ Mars 2020,duv_sherloc_labeled_finetune_pool,sherloc_finetune_pool,Sulfate,sulfate,main_training_keep,passes_provenance_and_spectral_quality_checks,11.746277971309668,49,0.9654260629451618,0.013829449412372102,0.0009770395701025891,,D:\dyt\raman\pigeonite\data\sherloc_corpolongo_region_spectra\SHERLOC_quartier_detail_500_2.1_Point_23_label1_Sulfate.csv
SHERLOC_REGION_0536,SHERLOC in-situ Mars 2020,duv_sherloc_labeled_finetune_pool,sherloc_finetune_pool,Sulfate,sulfate,main_training_keep,passes_provenance_and_spectral_quality_checks,85.17485875065563,17,0.9921648571586316,0.29851189303225084,0.009281875915974597,,D:\dyt\raman\pigeonite\data\sherloc_corpolongo_region_spectra\SHERLOC_quartier_detail_500_2.1_Point_24_label1_Sulfate.csv
SHERLOC_REGION_0537,SHERLOC in-situ Mars 2020,duv_sherloc_labeled_finetune_pool,sherloc_finetune_pool,Sulfate,sulfate,main_training_keep,passes_provenance_and_spectral_quality_checks,11.523228391335667,75,0.9385117839580948,0.020056321817011145,0.0,,D:\dyt\raman\pigeonite\data\sherloc_corpolongo_region_spectra\SHERLOC_quartier_detail_500_2.1_Point_25_label1_Sulfate.csv
SHERLOC_REGION_0538,SHERLOC in-situ Mars 2020,duv_sherloc_labeled_finetune_pool,sherloc_finetune_pool,Sulfate,sulfate,main_training_keep,passes_provenance_and_spectral_quality_checks,8.653511061723696,104,0.9999999999999983,0.022587694983126967,0.0,,D:\dyt\raman\pigeonite\data\sherloc_corpolongo_region_spectra\SHERLOC_quartier_detail_500_2.1_Point_26_label1_Sulfate.csv
SHERLOC_REGION_0542,SHERLOC in-situ Mars 2020,duv_sherloc_labeled_finetune_pool,sherloc_finetune_pool,Sulfate,sulfate,main_training_keep,passes_provenance_and_spectral_quality_checks,9.899342695235704,63,0.9999999999999993,0.01559265328035711,0.0014655593551538837,,D:\dyt\raman\pigeonite\data\sherloc_corpolongo_region_spectra\SHERLOC_quartier_detail_500_2.1_Point_33_label1_Sulfate.csv
SHERLOC_REGION_0543,SHERLOC in-situ Mars 2020,duv_sherloc_labeled_finetune_pool,sherloc_finetune_pool,Sulfate,sulfate,main_training_keep,passes_provenance_and_spectral_quality_checks,11.203398836050043,68,0.9412559776027167,0.1067262459381847,0.0004885197850512946,,D:\dyt\raman\pigeonite\data\sherloc_corpolongo_region_spectra\SHERLOC_quartier_detail_500_2.1_Point_34_label1_Sulfate.csv
SHERLOC_REGION_0544,SHERLOC in-situ Mars 2020,duv_sherloc_labeled_finetune_pool,sherloc_finetune_pool,Sulfate,sulfate,main_training_keep,passes_provenance_and_spectral_quality_checks,7.998343157748143,105,0.9999999999999986,0.021129838422894915,0.0,,D:\dyt\raman\pigeonite\data\sherloc_corpolongo_region_spectra\SHERLOC_quartier_detail_500_2.1_Point_36_label1_Sulfate.csv
SHERLOC_REGION_0545,SHERLOC in-situ Mars 2020,duv_sherloc_labeled_finetune_pool,sherloc_finetune_pool,Sulfate,sulfate,main_training_keep,passes_provenance_and_spectral_quality_checks,12.649478373881841,76,0.939466984573763,0.012787324980081612,0.0,,D:\dyt\raman\pigeonite\data\sherloc_corpolongo_region_spectra\SHERLOC_quartier_detail_500_2.1_Point_37_label1_Sulfate.csv
SHERLOC_REGION_0546,SHERLOC in-situ Mars 2020,duv_sherloc_labeled_finetune_pool,sherloc_finetune_pool,Sulfate,sulfate,main_training_keep,passes_provenance_and_spectral_quality_checks,11.1052796486132,72,0.960571858798771,0.020113399875983175,0.0,,D:\dyt\raman\pigeonite\data\sherloc_corpolongo_region_spectra\SHERLOC_quartier_detail_500_2.1_Point_38_label1_Sulfate.csv
SHERLOC_REGION_0547,SHERLOC in-situ Mars 2020,duv_sherloc_labeled_finetune_pool,sherloc_finetune_pool,Sulfate,sulfate,main_training_keep,passes_provenance_and_spectral_quality_checks,7.722157673729766,98,0.8498534650028078,0.0033367588349568363,0.0004885197850512946,,D:\dyt\raman\pigeonite\data\sherloc_corpolongo_region_spectra\SHERLOC_quartier_detail_500_2.1_Point_39_label1_Sulfate.csv
SHERLOC_REGION_0548,SHERLOC in-situ Mars 2020,duv_sherloc_labeled_finetune_pool,sherloc_finetune_pool,Sulfate,sulfate,main_training_keep,passes_provenance_and_spectral_quality_checks,10.47596082640445,47,0.6482000843639226,0.46028966723976633,0.003419638495359062,,D:\dyt\raman\pigeonite\data\sherloc_corpolongo_region_spectra\SHERLOC_quartier_detail_500_2.1_Point_40_label1_Sulfate.csv
SHERLOC_REGION_0549,SHERLOC in-situ Mars 2020,duv_sherloc_labeled_finetune_pool,sherloc_finetune_pool,Sulfate,sulfate,main_training_keep,passes_provenance_and_spectral_quality_checks,9.10734879476266,87,0.9999999999999989,0.024868758914659544,0.0,,D:\dyt\raman\pigeonite\data\sherloc_corpolongo_region_spectra\SHERLOC_quartier_detail_500_2.1_Point_41_label1_Sulfate.csv
SHERLOC_REGION_0550,SHERLOC in-situ Mars 2020,duv_sherloc_labeled_finetune_pool,sherloc_finetune_pool,Sulfate,sulfate,main_training_keep,passes_provenance_and_spectral_quality_checks,9.116795453892196,108,0.9999999999999987,0.02196428182242975,0.0,,D:\dyt\raman\pigeonite\data\sherloc_corpolongo_region_spectra\SHERLOC_quartier_detail_500_2.1_Point_42_label1_Sulfate.csv
SHERLOC_REGION_0551,SHERLOC in-situ Mars 2020,duv_sherloc_labeled_finetune_pool,sherloc_finetune_pool,Sulfate,sulfate,main_training_keep,passes_provenance_and_spectral_quality_checks,16.980076985089635,47,0.9999999999999996,0.013524541286185333,0.0,,D:\dyt\raman\pigeonite\data\sherloc_corpolongo_region_spectra\SHERLOC_quartier_detail_500_2.1_Point_43_label1_Sulfate.csv
SHERLOC_REGION_0552,SHERLOC in-situ Mars 2020,duv_sherloc_labeled_finetune_pool,sherloc_finetune_pool,Sulfate,sulfate,main_training_keep,passes_provenance_and_spectral_quality_checks,14.229011521261606,63,0.9850815749438152,0.0062277617428429756,0.0009770395701025891,,D:\dyt\raman\pigeonite\data\sherloc_corpolongo_region_spectra\SHERLOC_quartier_detail_500_2.1_Point_44_label1_Sulfate.csv
SHERLOC_REGION_0553,SHERLOC in-situ Mars 2020,duv_sherloc_labeled_finetune_pool,sherloc_finetune_pool,Sulfate,sulfate,main_training_keep,passes_provenance_and_spectral_quality_checks,8.293967744126899,100,0.7854763263732475,0.12524681969440715,0.0009770395701025891,,D:\dyt\raman\pigeonite\data\sherloc_corpolongo_region_spectra\SHERLOC_quartier_detail_500_2.1_Point_45_label1_Sulfate.csv
SHERLOC_REGION_0556,SHERLOC in-situ Mars 2020,duv_sherloc_labeled_finetune_pool,sherloc_finetune_pool,Sulfate,sulfate,main_training_keep,passes_provenance_and_spectral_quality_checks,8.851051971264909,105,0.9999999999999986,0.03224266551733086,0.0,,D:\dyt\raman\pigeonite\data\sherloc_corpolongo_region_spectra\SHERLOC_quartier_detail_500_2.2_Point_5_label1_Sulfate.csv
SHERLOC_REGION_0557,SHERLOC in-situ Mars 2020,duv_sherloc_labeled_finetune_pool,sherloc_finetune_pool,Sulfate,sulfate,main_training_keep,passes_provenance_and_spectral_quality_checks,13.583295419906385,63,0.9834777549269199,0.011263919209381489,0.0,,D:\dyt\raman\pigeonite\data\sherloc_corpolongo_region_spectra\SHERLOC_quartier_detail_500_2.2_Point_6_label1_Sulfate.csv
SHERLOC_REGION_0558,SHERLOC in-situ Mars 2020,duv_sherloc_labeled_finetune_pool,sherloc_finetune_pool,Sulfate,sulfate,main_training_keep,passes_provenance_and_spectral_quality_checks,9.478438824472576,83,0.9999999999999989,0.032884769088785,0.0,,D:\dyt\raman\pigeonite\data\sherloc_corpolongo_region_spectra\SHERLOC_quartier_detail_500_2.2_Point_7_label1_Sulfate.csv
SHERLOC_REGION_0559,SHERLOC in-situ Mars 2020,duv_sherloc_labeled_finetune_pool,sherloc_finetune_pool,Sulfate,sulfate,main_training_keep,passes_provenance_and_spectral_quality_checks,8.61491151802711,99,0.8600699288436526,0.010770902944662814,0.0,,D:\dyt\raman\pigeonite\data\sherloc_corpolongo_region_spectra\SHERLOC_quartier_detail_500_2.2_Point_8_label1_Sulfate.csv
SHERLOC_REGION_0560,SHERLOC in-situ Mars 2020,duv_sherloc_labeled_finetune_pool,sherloc_finetune_pool,Sulfate,sulfate,main_training_keep,passes_provenance_and_spectral_quality_checks,9.581647583345704,91,0.9999999999999989,0.026112323821409444,0.0,,D:\dyt\raman\pigeonite\data\sherloc_corpolongo_region_spectra\SHERLOC_quartier_detail_500_2.2_Point_9_label1_Sulfate.csv
SHERLOC_REGION_0561,SHERLOC in-situ Mars 2020,duv_sherloc_labeled_finetune_pool,sherloc_finetune_pool,Sulfate,sulfate,main_training_keep,passes_provenance_and_spectral_quality_checks,9.309802060695354,90,0.9217225008501306,0.014388056897362216,0.0,,D:\dyt\raman\pigeonite\data\sherloc_corpolongo_region_spectra\SHERLOC_quartier_detail_500_2.2_Point_10_label1_Sulfate.csv
SHERLOC_REGION_0562,SHERLOC in-situ Mars 2020,duv_sherloc_labeled_finetune_pool,sherloc_finetune_pool,Sulfate,sulfate,main_training_keep,passes_provenance_and_spectral_quality_checks,11.614985408890494,83,0.9999999999999992,0.00969999186687623,0.0,,D:\dyt\raman\pigeonite\data\sherloc_corpolongo_region_spectra\SHERLOC_quartier_detail_500_2.2_Point_11_label1_Sulfate.csv
SHERLOC_REGION_0563,SHERLOC in-situ Mars 2020,duv_sherloc_labeled_finetune_pool,sherloc_finetune_pool,Sulfate,sulfate,main_training_keep,passes_provenance_and_spectral_quality_checks,18.980120441007458,56,0.9823154147805558,0.006442521008145321,0.0,,D:\dyt\raman\pigeonite\data\sherloc_corpolongo_region_spectra\SHERLOC_quartier_detail_500_2.2_Point_12_label1_Sulfate.csv
SHERLOC_REGION_0564,SHERLOC in-situ Mars 2020,duv_sherloc_labeled_finetune_pool,sherloc_finetune_pool,Sulfate,sulfate,main_training_keep,passes_provenance_and_spectral_quality_checks,13.654639788015018,77,0.9714874042832083,0.033035551848046255,0.0,,D:\dyt\raman\pigeonite\data\sherloc_corpolongo_region_spectra\SHERLOC_quartier_detail_500_2.2_Point_13_label1_Sulfate.csv
SHERLOC_REGION_0565,SHERLOC in-situ Mars 2020,duv_sherloc_labeled_finetune_pool,sherloc_finetune_pool,Sulfate,sulfate,main_training_keep,passes_provenance_and_spectral_quality_checks,7.942871590039585,107,0.9291482747357644,0.024993856269325276,0.0,,D:\dyt\raman\pigeonite\data\sherloc_corpolongo_region_spectra\SHERLOC_quartier_detail_500_2.2_Point_14_label1_Sulfate.csv
SHERLOC_REGION_0566,SHERLOC in-situ Mars 2020,duv_sherloc_labeled_finetune_pool,sherloc_finetune_pool,Sulfate,sulfate,main_training_keep,passes_provenance_and_spectral_quality_checks,7.625937105226534,103,0.8799938343401503,0.03929307121663286,0.0,,D:\dyt\raman\pigeonite\data\sherloc_corpolongo_region_spectra\SHERLOC_quartier_detail_500_2.2_Point_15_label1_Sulfate.csv
SHERLOC_REGION_0568,SHERLOC in-situ Mars 2020,duv_sherloc_labeled_finetune_pool,sherloc_finetune_pool,Sulfate,sulfate,main_training_keep,passes_provenance_and_spectral_quality_checks,8.756501980637847,93,0.9729731665369441,0.007223195866101888,0.0,,D:\dyt\raman\pigeonite\data\sherloc_corpolongo_region_spectra\SHERLOC_quartier_detail_500_2.2_Point_19_label1_Sulfate.csv
SHERLOC_REGION_0572,SHERLOC in-situ Mars 2020,duv_sherloc_labeled_finetune_pool,sherloc_finetune_pool,Sulfate,sulfate,main_training_keep,passes_provenance_and_spectral_quality_checks,8.952978908733074,99,0.9792830385915731,0.024276971194544385,0.0,,D:\dyt\raman\pigeonite\data\sherloc_corpolongo_region_spectra\SHERLOC_quartier_detail_500_2.2_Point_26_label1_Sulfate.csv
SHERLOC_REGION_0573,SHERLOC in-situ Mars 2020,duv_sherloc_labeled_finetune_pool,sherloc_finetune_pool,Sulfate,sulfate,main_training_keep,passes_provenance_and_spectral_quality_checks,15.670133207170599,71,0.9892094025021658,0.02411508093800317,0.0,,D:\dyt\raman\pigeonite\data\sherloc_corpolongo_region_spectra\SHERLOC_quartier_detail_500_2.2_Point_27_label1_Sulfate.csv
SHERLOC_REGION_0574,SHERLOC in-situ Mars 2020,duv_sherloc_labeled_finetune_pool,sherloc_finetune_pool,Sulfate,sulfate,main_training_keep,passes_provenance_and_spectral_quality_checks,10.55221072802164,88,0.9999999999999989,0.012896625553716033,0.0,,D:\dyt\raman\pigeonite\data\sherloc_corpolongo_region_spectra\SHERLOC_quartier_detail_500_2.2_Point_28_label1_Sulfate.csv
SHERLOC_REGION_0575,SHERLOC in-situ Mars 2020,duv_sherloc_labeled_finetune_pool,sherloc_finetune_pool,Sulfate,sulfate,main_training_keep,passes_provenance_and_spectral_quality_checks,8.500694760186505,100,0.9109042921011128,0.040734120771887615,0.0009770395701025891,,D:\dyt\raman\pigeonite\data\sherloc_corpolongo_region_spectra\SHERLOC_quartier_detail_500_2.2_Point_29_label1_Sulfate.csv
SHERLOC_REGION_0576,SHERLOC in-situ Mars 2020,duv_sherloc_labeled_finetune_pool,sherloc_finetune_pool,Sulfate,sulfate,main_training_keep,passes_provenance_and_spectral_quality_checks,8.44738447202704,103,0.9999999999999987,0.06719031332348008,0.0,,D:\dyt\raman\pigeonite\data\sherloc_corpolongo_region_spectra\SHERLOC_quartier_detail_500_2.2_Point_30_label1_Sulfate.csv
SHERLOC_REGION_0577,SHERLOC in-situ Mars 2020,duv_sherloc_labeled_finetune_pool,sherloc_finetune_pool,Sulfate,sulfate,main_training_keep,passes_provenance_and_spectral_quality_checks,7.843960046634826,97,0.9013594725035824,0.106980592330886,0.0009770395701025891,,D:\dyt\raman\pigeonite\data\sherloc_corpolongo_region_spectra\SHERLOC_quartier_detail_500_2.2_Point_31_label1_Sulfate.csv
SHERLOC_REGION_0578,SHERLOC in-situ Mars 2020,duv_sherloc_labeled_finetune_pool,sherloc_finetune_pool,Sulfate,sulfate,main_training_keep,passes_provenance_and_spectral_quality_checks,15.207766294176846,63,0.9785333537848478,0.0022691786748894748,0.0009770395701025891,,D:\dyt\raman\pigeonite\data\sherloc_corpolongo_region_spectra\SHERLOC_quartier_detail_500_2.2_Point_32_label1_Sulfate.csv
SHERLOC_REGION_0579,SHERLOC in-situ Mars 2020,duv_sherloc_labeled_finetune_pool,sherloc_finetune_pool,Sulfate,sulfate,main_training_keep,passes_provenance_and_spectral_quality_checks,16.21268798969153,65,0.9533655867904501,0.014354213400899617,0.0,,D:\dyt\raman\pigeonite\data\sherloc_corpolongo_region_spectra\SHERLOC_quartier_detail_500_2.2_Point_33_label1_Sulfate.csv
SHERLOC_REGION_0580,SHERLOC in-situ Mars 2020,duv_sherloc_labeled_finetune_pool,sherloc_finetune_pool,Sulfate,sulfate,main_training_keep,passes_provenance_and_spectral_quality_checks,8.110412898410004,98,0.9092818399683906,0.010127105046628917,0.0,,D:\dyt\raman\pigeonite\data\sherloc_corpolongo_region_spectra\SHERLOC_quartier_detail_500_2.2_Point_39_label1_Sulfate.csv
SHERLOC_REGION_0581,SHERLOC in-situ Mars 2020,duv_sherloc_labeled_finetune_pool,sherloc_finetune_pool,Sulfate,sulfate,main_training_keep,passes_provenance_and_spectral_quality_checks,8.844064215153379,110,0.9443058615143873,0.0468398286390309,0.0,,D:\dyt\raman\pigeonite\data\sherloc_corpolongo_region_spectra\SHERLOC_quartier_detail_500_2.2_Point_40_label1_Sulfate.csv
SHERLOC_REGION_0583,SHERLOC in-situ Mars 2020,duv_sherloc_labeled_finetune_pool,sherloc_finetune_pool,Sulfate,sulfate,main_training_keep,passes_provenance_and_spectral_quality_checks,20.05294984054494,45,0.9679330423604251,0.008688879776766259,0.0009770395701025891,,D:\dyt\raman\pigeonite\data\sherloc_corpolongo_region_spectra\SHERLOC_quartier_detail_500_2.2_Point_45_label1_Sulfate.csv
SHERLOC_REGION_0584,SHERLOC in-situ Mars 2020,duv_sherloc_labeled_finetune_pool,sherloc_finetune_pool,Sulfate,sulfate,main_training_keep,passes_provenance_and_spectral_quality_checks,14.274076827095927,60,0.9800144933842603,0.03063927539781018,0.0009770395701025891,,D:\dyt\raman\pigeonite\data\sherloc_corpolongo_region_spectra\SHERLOC_quartier_detail_500_2.2_Point_46_label1_Sulfate.csv
SHERLOC_REGION_0585,SHERLOC in-situ Mars 2020,duv_sherloc_labeled_finetune_pool,sherloc_finetune_pool,Sulfate,sulfate,main_training_keep,passes_provenance_and_spectral_quality_checks,20.28955951319062,48,0.979440321825292,0.011120483836580429,0.0009770395701025891,,D:\dyt\raman\pigeonite\data\sherloc_corpolongo_region_spectra\SHERLOC_quartier_detail_500_2.2_Point_47_label1_Sulfate.csv
SHERLOC_REGION_0586,SHERLOC in-situ Mars 2020,duv_sherloc_labeled_finetune_pool,sherloc_finetune_pool,Sulfate,sulfate,main_training_keep,passes_provenance_and_spectral_quality_checks,12.893201571162928,73,0.9863624091984478,0.019198306122147586,0.0,,D:\dyt\raman\pigeonite\data\sherloc_corpolongo_region_spectra\SHERLOC_quartier_detail_500_2.2_Point_48_label1_Sulfate.csv
SHERLOC_REGION_0587,SHERLOC in-situ Mars 2020,duv_sherloc_labeled_finetune_pool,sherloc_finetune_pool,Sulfate,sulfate,main_training_keep,passes_provenance_and_spectral_quality_checks,8.420112836966936,104,0.9633304470661229,0.048462254879611116,0.0,,D:\dyt\raman\pigeonite\data\sherloc_corpolongo_region_spectra\SHERLOC_quartier_detail_500_2.2_Point_49_label1_Sulfate.csv
SHERLOC_REGION_0588,SHERLOC in-situ Mars 2020,duv_sherloc_labeled_finetune_pool,sherloc_finetune_pool,Sulfate,sulfate,main_training_keep,passes_provenance_and_spectral_quality_checks,17.36326764554949,41,0.9999999999999996,0.011086139562356706,0.0009770395701025891,,D:\dyt\raman\pigeonite\data\sherloc_corpolongo_region_spectra\SHERLOC_quartier_detail_500_3.1_Point_0_label1_Sulfate.csv
SHERLOC_REGION_0589,SHERLOC in-situ Mars 2020,duv_sherloc_labeled_finetune_pool,sherloc_finetune_pool,Sulfate,sulfate,main_training_keep,passes_provenance_and_spectral_quality_checks,16.07406361199297,50,0.9551157329317601,0.004555136659321937,0.0,,D:\dyt\raman\pigeonite\data\sherloc_corpolongo_region_spectra\SHERLOC_quartier_detail_500_3.1_Point_1_label1_Sulfate.csv
SHERLOC_REGION_0590,SHERLOC in-situ Mars 2020,duv_sherloc_labeled_finetune_pool,sherloc_finetune_pool,Sulfate,sulfate,main_training_keep,passes_provenance_and_spectral_quality_checks,10.004701142207669,84,0.9519167252053833,0.02501423640511727,0.0009770395701025891,,D:\dyt\raman\pigeonite\data\sherloc_corpolongo_region_spectra\SHERLOC_quartier_detail_500_3.1_Point_2_label1_Sulfate.csv
SHERLOC_REGION_0591,SHERLOC in-situ Mars 2020,duv_sherloc_labeled_finetune_pool,sherloc_finetune_pool,Sulfate,sulfate,main_training_keep,passes_provenance_and_spectral_quality_checks,8.785945648338615,97,0.9156656012897165,0.03125240944423054,0.0,,D:\dyt\raman\pigeonite\data\sherloc_corpolongo_region_spectra\SHERLOC_quartier_detail_500_3.1_Point_3_label1_Sulfate.csv
SHERLOC_REGION_0592,SHERLOC in-situ Mars 2020,duv_sherloc_labeled_finetune_pool,sherloc_finetune_pool,Sulfate,sulfate,main_training_keep,passes_provenance_and_spectral_quality_checks,8.5992778329434,106,0.9621546133637097,0.04486002389585086,0.0,,D:\dyt\raman\pigeonite\data\sherloc_corpolongo_region_spectra\SHERLOC_quartier_detail_500_3.1_Point_4_label1_Sulfate.csv
SHERLOC_REGION_0593,SHERLOC in-situ Mars 2020,duv_sherloc_labeled_finetune_pool,sherloc_finetune_pool,Sulfate,sulfate,main_training_keep,passes_provenance_and_spectral_quality_checks,8.166554656863045,113,0.9166890495696425,0.03843379258226587,0.0009770395701025891,,D:\dyt\raman\pigeonite\data\sherloc_corpolongo_region_spectra\SHERLOC_quartier_detail_500_3.1_Point_5_label1_Sulfate.csv
SHERLOC_REGION_0594,SHERLOC in-situ Mars 2020,duv_sherloc_labeled_finetune_pool,sherloc_finetune_pool,Sulfate,sulfate,main_training_keep,passes_provenance_and_spectral_quality_checks,11.145577957408934,82,0.9754272399144951,0.02256871448399978,0.0,,D:\dyt\raman\pigeonite\data\sherloc_corpolongo_region_spectra\SHERLOC_quartier_detail_500_3.1_Point_6_label1_Sulfate.csv
SHERLOC_REGION_0595,SHERLOC in-situ Mars 2020,duv_sherloc_labeled_finetune_pool,sherloc_finetune_pool,Sulfate,sulfate,main_training_keep,passes_provenance_and_spectral_quality_checks,9.525089073086232,86,0.9801775524569367,0.021132809681144348,0.0,,D:\dyt\raman\pigeonite\data\sherloc_corpolongo_region_spectra\SHERLOC_quartier_detail_500_3.1_Point_7_label1_Sulfate.csv
SHERLOC_REGION_0596,SHERLOC in-situ Mars 2020,duv_sherloc_labeled_finetune_pool,sherloc_finetune_pool,Sulfate,sulfate,main_training_keep,passes_provenance_and_spectral_quality_checks,9.195981073876645,98,0.9236995396611802,0.012386600613694402,0.0,,D:\dyt\raman\pigeonite\data\sherloc_corpolongo_region_spectra\SHERLOC_quartier_detail_500_3.1_Point_8_label1_Sulfate.csv
SHERLOC_REGION_0597,SHERLOC in-situ Mars 2020,duv_sherloc_labeled_finetune_pool,sherloc_finetune_pool,Sulfate,sulfate,main_training_keep,passes_provenance_and_spectral_quality_checks,8.408589559168815,96,0.9288108464029534,0.020210626128252706,0.0009770395701025891,,D:\dyt\raman\pigeonite\data\sherloc_corpolongo_region_spectra\SHERLOC_quartier_detail_500_3.1_Point_9_label1_Sulfate.csv
SHERLOC_REGION_0598,SHERLOC in-situ Mars 2020,duv_sherloc_labeled_finetune_pool,sherloc_finetune_pool,Sulfate,sulfate,main_training_keep,passes_provenance_and_spectral_quality_checks,10.867708692395142,84,0.8965132067803118,0.03986289768629839,0.0009770395701025891,,D:\dyt\raman\pigeonite\data\sherloc_corpolongo_region_spectra\SHERLOC_quartier_detail_500_3.1_Point_10_label1_Sulfate.csv
SHERLOC_REGION_0599,SHERLOC in-situ Mars 2020,duv_sherloc_labeled_finetune_pool,sherloc_finetune_pool,Sulfate,sulfate,main_training_keep,passes_provenance_and_spectral_quality_checks,10.286281244986316,84,0.9992023580325293,0.004552323888728569,0.0,,D:\dyt\raman\pigeonite\data\sherloc_corpolongo_region_spectra\SHERLOC_quartier_detail_500_3.1_Point_11_label1_Sulfate.csv
SHERLOC_REGION_0600,SHERLOC in-situ Mars 2020,duv_sherloc_labeled_finetune_pool,sherloc_finetune_pool,Sulfate,sulfate,main_training_keep,passes_provenance_and_spectral_quality_checks,8.769722986003469,88,0.9444102800659652,0.02179333075815904,0.0,,D:\dyt\raman\pigeonite\data\sherloc_corpolongo_region_spectra\SHERLOC_quartier_detail_500_3.1_Point_13_label1_Sulfate.csv
SHERLOC_REGION_0601,SHERLOC in-situ Mars 2020,duv_sherloc_labeled_finetune_pool,sherloc_finetune_pool,Sulfate,sulfate,main_training_keep,passes_provenance_and_spectral_quality_checks,7.934055547169597,104,0.9191227434646094,0.014029748485356954,0.0,,D:\dyt\raman\pigeonite\data\sherloc_corpolongo_region_spectra\SHERLOC_quartier_detail_500_3.1_Point_14_label1_Sulfate.csv
SHERLOC_REGION_0602,SHERLOC in-situ Mars 2020,duv_sherloc_labeled_finetune_pool,sherloc_finetune_pool,Sulfate,sulfate,main_training_keep,passes_provenance_and_spectral_quality_checks,9.16923971910017,84,0.9598303694126871,0.023072830800344585,0.0009770395701025891,,D:\dyt\raman\pigeonite\data\sherloc_corpolongo_region_spectra\SHERLOC_quartier_detail_500_3.1_Point_15_label1_Sulfate.csv
SHERLOC_REGION_0603,SHERLOC in-situ Mars 2020,duv_sherloc_labeled_finetune_pool,sherloc_finetune_pool,Sulfate,sulfate,main_training_keep,passes_provenance_and_spectral_quality_checks,11.813846446682167,66,0.9970313075053926,0.013500361426840036,0.0,,D:\dyt\raman\pigeonite\data\sherloc_corpolongo_region_spectra\SHERLOC_quartier_detail_500_3.1_Point_16_label1_Sulfate.csv
SHERLOC_REGION_0604,SHERLOC in-situ Mars 2020,duv_sherloc_labeled_finetune_pool,sherloc_finetune_pool,Sulfate,sulfate,main_training_keep,passes_provenance_and_spectral_quality_checks,10.360970530739362,82,0.9489092008601503,0.01725920992659825,0.0,,D:\dyt\raman\pigeonite\data\sherloc_corpolongo_region_spectra\SHERLOC_quartier_detail_500_3.1_Point_17_label1_Sulfate.csv
SHERLOC_REGION_0605,SHERLOC in-situ Mars 2020,duv_sherloc_labeled_finetune_pool,sherloc_finetune_pool,Sulfate,sulfate,main_training_keep,passes_provenance_and_spectral_quality_checks,13.178395430088564,65,0.9378338077434486,0.03730168084324536,0.0004885197850512946,,D:\dyt\raman\pigeonite\data\sherloc_corpolongo_region_spectra\SHERLOC_quartier_detail_500_3.1_Point_18_label1_Sulfate.csv
SHERLOC_REGION_0606,SHERLOC in-situ Mars 2020,duv_sherloc_labeled_finetune_pool,sherloc_finetune_pool,Sulfate,sulfate,main_training_keep,passes_provenance_and_spectral_quality_checks,12.036473285410995,74,0.9999999999999992,0.008481560486376773,0.0,,D:\dyt\raman\pigeonite\data\sherloc_corpolongo_region_spectra\SHERLOC_quartier_detail_500_3.1_Point_19_label1_Sulfate.csv
SHERLOC_REGION_0607,SHERLOC in-situ Mars 2020,duv_sherloc_labeled_finetune_pool,sherloc_finetune_pool,Sulfate,sulfate,main_training_keep,passes_provenance_and_spectral_quality_checks,8.979359343879691,87,0.9282663562331601,0.025414048713182282,0.0009770395701025891,,D:\dyt\raman\pigeonite\data\sherloc_corpolongo_region_spectra\SHERLOC_quartier_detail_500_3.1_Point_20_label1_Sulfate.csv
SHERLOC_REGION_0608,SHERLOC in-situ Mars 2020,duv_sherloc_labeled_finetune_pool,sherloc_finetune_pool,Sulfate,sulfate,main_training_keep,passes_provenance_and_spectral_quality_checks,8.231160245103938,86,0.9946863543604025,0.007608748286317721,0.0,,D:\dyt\raman\pigeonite\data\sherloc_corpolongo_region_spectra\SHERLOC_quartier_detail_500_3.1_Point_22_label1_Sulfate.csv
SHERLOC_REGION_0609,SHERLOC in-situ Mars 2020,duv_sherloc_labeled_finetune_pool,sherloc_finetune_pool,Sulfate,sulfate,main_training_keep,passes_provenance_and_spectral_quality_checks,14.76790978881882,72,0.963118625461632,0.012538868878963506,0.0004885197850512946,,D:\dyt\raman\pigeonite\data\sherloc_corpolongo_region_spectra\SHERLOC_quartier_detail_500_3.1_Point_23_label1_Sulfate.csv
SHERLOC_REGION_0610,SHERLOC in-situ Mars 2020,duv_sherloc_labeled_finetune_pool,sherloc_finetune_pool,Sulfate,sulfate,main_training_keep,passes_provenance_and_spectral_quality_checks,11.017496328490804,74,0.9990601375310756,0.02759281383146675,0.0004885197850512946,,D:\dyt\raman\pigeonite\data\sherloc_corpolongo_region_spectra\SHERLOC_quartier_detail_500_3.1_Point_24_label1_Sulfate.csv
SHERLOC_REGION_0611,SHERLOC in-situ Mars 2020,duv_sherloc_labeled_finetune_pool,sherloc_finetune_pool,Sulfate,sulfate,main_training_keep,passes_provenance_and_spectral_quality_checks,9.448156917357927,98,0.989662253000075,0.003323480615268793,0.0014655593551538837,,D:\dyt\raman\pigeonite\data\sherloc_corpolongo_region_spectra\SHERLOC_quartier_detail_500_3.1_Point_25_label1_Sulfate.csv
SHERLOC_REGION_0612,SHERLOC in-situ Mars 2020,duv_sherloc_labeled_finetune_pool,sherloc_finetune_pool,Sulfate,sulfate,main_training_keep,passes_provenance_and_spectral_quality_checks,8.504747382383107,95,0.9999999999999989,0.024129394127357047,0.0,,D:\dyt\raman\pigeonite\data\sherloc_corpolongo_region_spectra\SHERLOC_quartier_detail_500_3.1_Point_26_label1_Sulfate.csv
SHERLOC_REGION_0613,SHERLOC in-situ Mars 2020,duv_sherloc_labeled_finetune_pool,sherloc_finetune_pool,Sulfate,sulfate,main_training_keep,passes_provenance_and_spectral_quality_checks,7.73305575944103,112,0.9415687545067769,0.023896857497413774,0.0004885197850512946,,D:\dyt\raman\pigeonite\data\sherloc_corpolongo_region_spectra\SHERLOC_quartier_detail_500_3.1_Point_27_label1_Sulfate.csv
SHERLOC_REGION_0614,SHERLOC in-situ Mars 2020,duv_sherloc_labeled_finetune_pool,sherloc_finetune_pool,Sulfate,sulfate,main_training_keep,passes_provenance_and_spectral_quality_checks,10.396928760655541,85,0.9494344436293176,0.038126982322466155,0.0,,D:\dyt\raman\pigeonite\data\sherloc_corpolongo_region_spectra\SHERLOC_quartier_detail_500_3.1_Point_28_label1_Sulfate.csv
SHERLOC_REGION_0615,SHERLOC in-situ Mars 2020,duv_sherloc_labeled_finetune_pool,sherloc_finetune_pool,Sulfate,sulfate,main_training_keep,passes_provenance_and_spectral_quality_checks,10.107351367661213,85,0.951262637514298,0.0100353042597658,0.0,,D:\dyt\raman\pigeonite\data\sherloc_corpolongo_region_spectra\SHERLOC_quartier_detail_500_3.1_Point_29_label1_Sulfate.csv
SHERLOC_REGION_0616,SHERLOC in-situ Mars 2020,duv_sherloc_labeled_finetune_pool,sherloc_finetune_pool,Sulfate,sulfate,main_training_keep,passes_provenance_and_spectral_quality_checks,7.699602885468624,91,0.9855679555969673,0.019544361631386536,0.0,,D:\dyt\raman\pigeonite\data\sherloc_corpolongo_region_spectra\SHERLOC_quartier_detail_500_3.1_Point_30_label1_Sulfate.csv
SHERLOC_REGION_0617,SHERLOC in-situ Mars 2020,duv_sherloc_labeled_finetune_pool,sherloc_finetune_pool,Sulfate,sulfate,main_training_keep,passes_provenance_and_spectral_quality_checks,12.052193841960353,72,0.9999999999999992,0.03025894188686741,0.0004885197850512946,,D:\dyt\raman\pigeonite\data\sherloc_corpolongo_region_spectra\SHERLOC_quartier_detail_500_3.1_Point_31_label1_Sulfate.csv
SHERLOC_REGION_0618,SHERLOC in-situ Mars 2020,duv_sherloc_labeled_finetune_pool,sherloc_finetune_pool,Sulfate,sulfate,main_training_keep,passes_provenance_and_spectral_quality_checks,13.056093930027814,77,0.9759398044970583,0.01363623281430165,0.0,,D:\dyt\raman\pigeonite\data\sherloc_corpolongo_region_spectra\SHERLOC_quartier_detail_500_3.1_Point_32_label1_Sulfate.csv
SHERLOC_REGION_0619,SHERLOC in-situ Mars 2020,duv_sherloc_labeled_finetune_pool,sherloc_finetune_pool,Sulfate,sulfate,main_training_keep,passes_provenance_and_spectral_quality_checks,17.310255034313577,57,0.966438654962207,0.01672681248806479,0.0,,D:\dyt\raman\pigeonite\data\sherloc_corpolongo_region_spectra\SHERLOC_quartier_detail_500_3.1_Point_33_label1_Sulfate.csv
SHERLOC_REGION_0620,SHERLOC in-situ Mars 2020,duv_sherloc_labeled_finetune_pool,sherloc_finetune_pool,Sulfate,sulfate,main_training_keep,passes_provenance_and_spectral_quality_checks,9.330853105550451,90,0.9707649578318651,0.036218455825443294,0.0,,D:\dyt\raman\pigeonite\data\sherloc_corpolongo_region_spectra\SHERLOC_quartier_detail_500_3.1_Point_34_label1_Sulfate.csv
SHERLOC_REGION_0621,SHERLOC in-situ Mars 2020,duv_sherloc_labeled_finetune_pool,sherloc_finetune_pool,Sulfate,sulfate,main_training_keep,passes_provenance_and_spectral_quality_checks,9.50195084766488,86,0.9402859791113244,0.028875324817714154,0.0,,D:\dyt\raman\pigeonite\data\sherloc_corpolongo_region_spectra\SHERLOC_quartier_detail_500_3.1_Point_35_label1_Sulfate.csv
SHERLOC_REGION_0622,SHERLOC in-situ Mars 2020,duv_sherloc_labeled_finetune_pool,sherloc_finetune_pool,Sulfate,sulfate,main_training_keep,passes_provenance_and_spectral_quality_checks,7.83784398775211,104,0.9198644287296219,0.012575461719329245,0.0,,D:\dyt\raman\pigeonite\data\sherloc_corpolongo_region_spectra\SHERLOC_quartier_detail_500_3.1_Point_36_label1_Sulfate.csv
SHERLOC_REGION_0623,SHERLOC in-situ Mars 2020,duv_sherloc_labeled_finetune_pool,sherloc_finetune_pool,Sulfate,sulfate,main_training_keep,passes_provenance_and_spectral_quality_checks,14.149008533178455,65,0.9665795138356594,0.025307320248217885,0.0,,D:\dyt\raman\pigeonite\data\sherloc_corpolongo_region_spectra\SHERLOC_quartier_detail_500_3.1_Point_37_label1_Sulfate.csv
SHERLOC_REGION_0624,SHERLOC in-situ Mars 2020,duv_sherloc_labeled_finetune_pool,sherloc_finetune_pool,Sulfate,sulfate,main_training_keep,passes_provenance_and_spectral_quality_checks,11.81845665040549,59,0.9547692164193062,0.017699378410179857,0.0009770395701025891,,D:\dyt\raman\pigeonite\data\sherloc_corpolongo_region_spectra\SHERLOC_quartier_detail_500_3.1_Point_38_label1_Sulfate.csv
SHERLOC_REGION_0625,SHERLOC in-situ Mars 2020,duv_sherloc_labeled_finetune_pool,sherloc_finetune_pool,Sulfate,sulfate,main_training_keep,passes_provenance_and_spectral_quality_checks,16.67318547002853,60,0.975907832039067,0.005616604613516668,0.0004885197850512946,,D:\dyt\raman\pigeonite\data\sherloc_corpolongo_region_spectra\SHERLOC_quartier_detail_500_3.1_Point_39_label1_Sulfate.csv
SHERLOC_REGION_0626,SHERLOC in-situ Mars 2020,duv_sherloc_labeled_finetune_pool,sherloc_finetune_pool,Sulfate,sulfate,main_training_keep,passes_provenance_and_spectral_quality_checks,14.567741472704983,49,0.9999999999999996,0.012808180686057734,0.0,,D:\dyt\raman\pigeonite\data\sherloc_corpolongo_region_spectra\SHERLOC_quartier_detail_500_3.1_Point_40_label1_Sulfate.csv
SHERLOC_REGION_0627,SHERLOC in-situ Mars 2020,duv_sherloc_labeled_finetune_pool,sherloc_finetune_pool,Sulfate,sulfate,main_training_keep,passes_provenance_and_spectral_quality_checks,19.135633184830002,9,0.9999999999999998,0.031411686113809026,0.003419638495359062,,D:\dyt\raman\pigeonite\data\sherloc_corpolongo_region_spectra\SHERLOC_quartier_detail_500_3.1_Point_41_label1_Sulfate.csv
SHERLOC_REGION_0628,SHERLOC in-situ Mars 2020,duv_sherloc_labeled_finetune_pool,sherloc_finetune_pool,Sulfate,sulfate,main_training_keep,passes_provenance_and_spectral_quality_checks,13.792234172460388,63,0.954750487934752,0.013236397769348008,0.0,,D:\dyt\raman\pigeonite\data\sherloc_corpolongo_region_spectra\SHERLOC_quartier_detail_500_3.1_Point_42_label1_Sulfate.csv
SHERLOC_REGION_0629,SHERLOC in-situ Mars 2020,duv_sherloc_labeled_finetune_pool,sherloc_finetune_pool,Sulfate,sulfate,main_training_keep,passes_provenance_and_spectral_quality_checks,11.089537621349804,75,0.9446975049432997,0.011753405447382155,0.0,,D:\dyt\raman\pigeonite\data\sherloc_corpolongo_region_spectra\SHERLOC_quartier_detail_500_3.1_Point_43_label1_Sulfate.csv
SHERLOC_REGION_0630,SHERLOC in-situ Mars 2020,duv_sherloc_labeled_finetune_pool,sherloc_finetune_pool,Sulfate,sulfate,main_training_keep,passes_provenance_and_spectral_quality_checks,7.723147228416033,88,0.976803440394635,0.05271753242882016,0.0,,D:\dyt\raman\pigeonite\data\sherloc_corpolongo_region_spectra\SHERLOC_quartier_detail_500_3.1_Point_44_label1_Sulfate.csv
SHERLOC_REGION_0631,SHERLOC in-situ Mars 2020,duv_sherloc_labeled_finetune_pool,sherloc_finetune_pool,Sulfate,sulfate,main_training_keep,passes_provenance_and_spectral_quality_checks,8.151424339269331,105,0.9134222170164188,0.030447537703980017,0.0004885197850512946,,D:\dyt\raman\pigeonite\data\sherloc_corpolongo_region_spectra\SHERLOC_quartier_detail_500_3.1_Point_45_label1_Sulfate.csv
SHERLOC_REGION_0632,SHERLOC in-situ Mars 2020,duv_sherloc_labeled_finetune_pool,sherloc_finetune_pool,Sulfate,sulfate,main_training_keep,passes_provenance_and_spectral_quality_checks,10.082619175861831,79,0.9560093635560241,0.023444157549290637,0.0004885197850512946,,D:\dyt\raman\pigeonite\data\sherloc_corpolongo_region_spectra\SHERLOC_quartier_detail_500_3.1_Point_46_label1_Sulfate.csv
SHERLOC_REGION_0633,SHERLOC in-situ Mars 2020,duv_sherloc_labeled_finetune_pool,sherloc_finetune_pool,Sulfate,sulfate,main_training_keep,passes_provenance_and_spectral_quality_checks,10.915215485284888,79,0.9999999999999992,0.005768315556372092,0.0009770395701025891,,D:\dyt\raman\pigeonite\data\sherloc_corpolongo_region_spectra\SHERLOC_quartier_detail_500_3.1_Point_47_label1_Sulfate.csv
SHERLOC_REGION_0634,SHERLOC in-situ Mars 2020,duv_sherloc_labeled_finetune_pool,sherloc_finetune_pool,Sulfate,sulfate,main_training_keep,passes_provenance_and_spectral_quality_checks,12.392650685484973,73,0.8768739169868103,0.03986139634447593,0.0,,D:\dyt\raman\pigeonite\data\sherloc_corpolongo_region_spectra\SHERLOC_quartier_detail_500_3.1_Point_48_label1_Sulfate.csv
SHERLOC_REGION_0635,SHERLOC in-situ Mars 2020,duv_sherloc_labeled_finetune_pool,sherloc_finetune_pool,Sulfate,sulfate,main_training_keep,passes_provenance_and_spectral_quality_checks,15.974789484993305,54,0.9999999999999994,0.022712442258171234,0.0,,D:\dyt\raman\pigeonite\data\sherloc_corpolongo_region_spectra\SHERLOC_quartier_detail_500_3.1_Point_49_label1_Sulfate.csv
SHERLOC_REGION_0636,SHERLOC in-situ Mars 2020,duv_sherloc_labeled_finetune_pool,sherloc_finetune_pool,Sulfate,sulfate,main_training_keep,passes_provenance_and_spectral_quality_checks,12.580007023092087,69,0.9999999999999993,0.02858265987302147,0.0004885197850512946,,D:\dyt\raman\pigeonite\data\sherloc_corpolongo_region_spectra\SHERLOC_quartier_detail_500_3.2_Point_0_label1_Sulfate.csv
SHERLOC_REGION_0637,SHERLOC in-situ Mars 2020,duv_sherloc_labeled_finetune_pool,sherloc_finetune_pool,Sulfate,sulfate,main_training_keep,passes_provenance_and_spectral_quality_checks,15.16078245941033,55,0.9999999999999994,0.018714709104269995,0.0,,D:\dyt\raman\pigeonite\data\sherloc_corpolongo_region_spectra\SHERLOC_quartier_detail_500_3.2_Point_1_label1_Sulfate.csv
SHERLOC_REGION_0638,SHERLOC in-situ Mars 2020,duv_sherloc_labeled_finetune_pool,sherloc_finetune_pool,Sulfate,sulfate,main_training_keep,passes_provenance_and_spectral_quality_checks,9.984687272266129,80,0.9888259382593466,0.016045927647150456,0.0,,D:\dyt\raman\pigeonite\data\sherloc_corpolongo_region_spectra\SHERLOC_quartier_detail_500_3.2_Point_2_label1_Sulfate.csv
SHERLOC_REGION_0639,SHERLOC in-situ Mars 2020,duv_sherloc_labeled_finetune_pool,sherloc_finetune_pool,Sulfate,sulfate,main_training_keep,passes_provenance_and_spectral_quality_checks,9.888402744904207,79,0.934406432041233,0.017431583782031995,0.0,,D:\dyt\raman\pigeonite\data\sherloc_corpolongo_region_spectra\SHERLOC_quartier_detail_500_3.2_Point_3_label1_Sulfate.csv
SHERLOC_REGION_0640,SHERLOC in-situ Mars 2020,duv_sherloc_labeled_finetune_pool,sherloc_finetune_pool,Sulfate,sulfate,main_training_keep,passes_provenance_and_spectral_quality_checks,8.06868372696949,103,0.9690973807849311,0.011543636968096734,0.0009770395701025891,,D:\dyt\raman\pigeonite\data\sherloc_corpolongo_region_spectra\SHERLOC_quartier_detail_500_3.2_Point_5_label1_Sulfate.csv
SHERLOC_REGION_0641,SHERLOC in-situ Mars 2020,duv_sherloc_labeled_finetune_pool,sherloc_finetune_pool,Sulfate,sulfate,main_training_keep,passes_provenance_and_spectral_quality_checks,8.957394216873137,90,0.9830473727745721,0.013689268476254795,0.0,,D:\dyt\raman\pigeonite\data\sherloc_corpolongo_region_spectra\SHERLOC_quartier_detail_500_3.2_Point_6_label1_Sulfate.csv
SHERLOC_REGION_0642,SHERLOC in-situ Mars 2020,duv_sherloc_labeled_finetune_pool,sherloc_finetune_pool,Sulfate,sulfate,main_training_keep,passes_provenance_and_spectral_quality_checks,12.561321706494416,60,0.884902014641524,0.06360353241847552,0.0009770395701025891,,D:\dyt\raman\pigeonite\data\sherloc_corpolongo_region_spectra\SHERLOC_quartier_detail_500_3.2_Point_7_label1_Sulfate.csv
SHERLOC_REGION_0643,SHERLOC in-situ Mars 2020,duv_sherloc_labeled_finetune_pool,sherloc_finetune_pool,Sulfate,sulfate,main_training_keep,passes_provenance_and_spectral_quality_checks,16.350570167310227,43,0.9999999999999996,0.005586739015272188,0.0004885197850512946,,D:\dyt\raman\pigeonite\data\sherloc_corpolongo_region_spectra\SHERLOC_quartier_detail_500_3.2_Point_8_label1_Sulfate.csv
SHERLOC_REGION_0644,SHERLOC in-situ Mars 2020,duv_sherloc_labeled_finetune_pool,sherloc_finetune_pool,Sulfate,sulfate,main_training_keep,passes_provenance_and_spectral_quality_checks,9.093406943988617,83,0.9530566682701076,0.02439671862996202,0.0,,D:\dyt\raman\pigeonite\data\sherloc_corpolongo_region_spectra\SHERLOC_quartier_detail_500_3.2_Point_9_label1_Sulfate.csv
SHERLOC_REGION_0645,SHERLOC in-situ Mars 2020,duv_sherloc_labeled_finetune_pool,sherloc_finetune_pool,Sulfate,sulfate,main_training_keep,passes_provenance_and_spectral_quality_checks,8.605288254255695,86,0.9464718799885451,0.02325441184108108,0.0,,D:\dyt\raman\pigeonite\data\sherloc_corpolongo_region_spectra\SHERLOC_quartier_detail_500_3.2_Point_10_label1_Sulfate.csv
SHERLOC_REGION_0646,SHERLOC in-situ Mars 2020,duv_sherloc_labeled_finetune_pool,sherloc_finetune_pool,Sulfate,sulfate,main_training_keep,passes_provenance_and_spectral_quality_checks,9.013577797559241,77,0.9353512929217865,0.03624144242501264,0.0,,D:\dyt\raman\pigeonite\data\sherloc_corpolongo_region_spectra\SHERLOC_quartier_detail_500_3.2_Point_11_label1_Sulfate.csv
SHERLOC_REGION_0647,SHERLOC in-situ Mars 2020,duv_sherloc_labeled_finetune_pool,sherloc_finetune_pool,Sulfate,sulfate,main_training_keep,passes_provenance_and_spectral_quality_checks,9.36236605056327,79,0.9576719459542922,0.016380961822477644,0.0,,D:\dyt\raman\pigeonite\data\sherloc_corpolongo_region_spectra\SHERLOC_quartier_detail_500_3.2_Point_12_label1_Sulfate.csv
SHERLOC_REGION_0648,SHERLOC in-situ Mars 2020,duv_sherloc_labeled_finetune_pool,sherloc_finetune_pool,Sulfate,sulfate,main_training_keep,passes_provenance_and_spectral_quality_checks,112.54784073885862,3,1.0,0.003146078864326326,0.014167073766487542,,D:\dyt\raman\pigeonite\data\sherloc_corpolongo_region_spectra\SHERLOC_quartier_detail_500_3.2_Point_13_label1_Sulfate.csv
SHERLOC_REGION_0649,SHERLOC in-situ Mars 2020,duv_sherloc_labeled_finetune_pool,sherloc_finetune_pool,Sulfate,sulfate,main_training_keep,passes_provenance_and_spectral_quality_checks,8.856219938607047,91,0.9738983910088175,0.03602756639198323,0.0,,D:\dyt\raman\pigeonite\data\sherloc_corpolongo_region_spectra\SHERLOC_quartier_detail_500_3.2_Point_14_label1_Sulfate.csv
SHERLOC_REGION_0650,SHERLOC in-situ Mars 2020,duv_sherloc_labeled_finetune_pool,sherloc_finetune_pool,Sulfate,sulfate,main_training_keep,passes_provenance_and_spectral_quality_checks,14.240167502918352,63,0.9871237526482933,0.011708320850966264,0.0,,D:\dyt\raman\pigeonite\data\sherloc_corpolongo_region_spectra\SHERLOC_quartier_detail_500_3.2_Point_15_label1_Sulfate.csv
SHERLOC_REGION_0652,SHERLOC in-situ Mars 2020,duv_sherloc_labeled_finetune_pool,sherloc_finetune_pool,Sulfate,sulfate,main_training_keep,passes_provenance_and_spectral_quality_checks,8.905924429044731,84,0.9341511125421627,0.025370195800561306,0.0009770395701025891,,D:\dyt\raman\pigeonite\data\sherloc_corpolongo_region_spectra\SHERLOC_quartier_detail_500_3.2_Point_16_label1_Sulfate.csv
SHERLOC_REGION_0653,SHERLOC in-situ Mars 2020,duv_sherloc_labeled_finetune_pool,sherloc_finetune_pool,Sulfate,sulfate,main_training_keep,passes_provenance_and_spectral_quality_checks,8.709867111884403,92,0.9421214789482351,0.00771408883370296,0.0,,D:\dyt\raman\pigeonite\data\sherloc_corpolongo_region_spectra\SHERLOC_quartier_detail_500_3.2_Point_17_label1_Sulfate.csv
SHERLOC_REGION_0654,SHERLOC in-situ Mars 2020,duv_sherloc_labeled_finetune_pool,sherloc_finetune_pool,Sulfate,sulfate,main_training_keep,passes_provenance_and_spectral_quality_checks,10.791458872076403,71,0.9248702904713799,0.030556946767209263,0.0,,D:\dyt\raman\pigeonite\data\sherloc_corpolongo_region_spectra\SHERLOC_quartier_detail_500_3.2_Point_18_label1_Sulfate.csv
SHERLOC_REGION_0655,SHERLOC in-situ Mars 2020,duv_sherloc_labeled_finetune_pool,sherloc_finetune_pool,Sulfate,sulfate,main_training_keep,passes_provenance_and_spectral_quality_checks,8.201830700278652,96,0.8834516010841937,0.039596161531512276,0.0009770395701025891,,D:\dyt\raman\pigeonite\data\sherloc_corpolongo_region_spectra\SHERLOC_quartier_detail_500_3.2_Point_19_label1_Sulfate.csv
SHERLOC_REGION_0656,SHERLOC in-situ Mars 2020,duv_sherloc_labeled_finetune_pool,sherloc_finetune_pool,Sulfate,sulfate,main_training_keep,passes_provenance_and_spectral_quality_checks,10.345148961636625,78,0.9716759475534187,0.0074358725091013805,0.0004885197850512946,,D:\dyt\raman\pigeonite\data\sherloc_corpolongo_region_spectra\SHERLOC_quartier_detail_500_3.2_Point_21_label1_Sulfate.csv
SHERLOC_REGION_0657,SHERLOC in-situ Mars 2020,duv_sherloc_labeled_finetune_pool,sherloc_finetune_pool,Sulfate,sulfate,main_training_keep,passes_provenance_and_spectral_quality_checks,8.618641848379015,92,0.9331644441065984,0.014304626360845053,0.0,,D:\dyt\raman\pigeonite\data\sherloc_corpolongo_region_spectra\SHERLOC_quartier_detail_500_3.2_Point_22_label1_Sulfate.csv
SHERLOC_REGION_0658,SHERLOC in-situ Mars 2020,duv_sherloc_labeled_finetune_pool,sherloc_finetune_pool,Sulfate,sulfate,main_training_keep,passes_provenance_and_spectral_quality_checks,13.007065372249553,63,0.9418980091093645,0.018631224068213454,0.0004885197850512946,,D:\dyt\raman\pigeonite\data\sherloc_corpolongo_region_spectra\SHERLOC_quartier_detail_500_3.2_Point_25_label1_Sulfate.csv
SHERLOC_REGION_0659,SHERLOC in-situ Mars 2020,duv_sherloc_labeled_finetune_pool,sherloc_finetune_pool,Sulfate,sulfate,main_training_keep,passes_provenance_and_spectral_quality_checks,7.919664803270469,86,0.8244552993251173,0.03196577776097208,0.0009770395701025891,,D:\dyt\raman\pigeonite\data\sherloc_corpolongo_region_spectra\SHERLOC_quartier_detail_500_3.2_Point_26_label1_Sulfate.csv
SHERLOC_REGION_0660,SHERLOC in-situ Mars 2020,duv_sherloc_labeled_finetune_pool,sherloc_finetune_pool,Sulfate,sulfate,main_training_keep,passes_provenance_and_spectral_quality_checks,10.868741482199876,79,0.921104724161286,0.0030515572456815657,0.0009770395701025891,,D:\dyt\raman\pigeonite\data\sherloc_corpolongo_region_spectra\SHERLOC_quartier_detail_500_3.2_Point_27_label1_Sulfate.csv
SHERLOC_REGION_0661,SHERLOC in-situ Mars 2020,duv_sherloc_labeled_finetune_pool,sherloc_finetune_pool,Sulfate,sulfate,main_training_keep,passes_provenance_and_spectral_quality_checks,9.008111054962074,88,0.9324531541025539,0.022118823949324594,0.0,,D:\dyt\raman\pigeonite\data\sherloc_corpolongo_region_spectra\SHERLOC_quartier_detail_500_3.2_Point_28_label1_Sulfate.csv
SHERLOC_REGION_0662,SHERLOC in-situ Mars 2020,duv_sherloc_labeled_finetune_pool,sherloc_finetune_pool,Sulfate,sulfate,main_training_keep,passes_provenance_and_spectral_quality_checks,8.722157870583612,82,0.9664754692029294,0.0032131324303233217,0.0,,D:\dyt\raman\pigeonite\data\sherloc_corpolongo_region_spectra\SHERLOC_quartier_detail_500_3.2_Point_29_label1_Sulfate.csv
SHERLOC_REGION_0663,SHERLOC in-situ Mars 2020,duv_sherloc_labeled_finetune_pool,sherloc_finetune_pool,Sulfate,sulfate,main_training_keep,passes_provenance_and_spectral_quality_checks,8.123661566703847,90,0.9999999999999988,0.038043369696213455,0.0,,D:\dyt\raman\pigeonite\data\sherloc_corpolongo_region_spectra\SHERLOC_quartier_detail_500_3.2_Point_30_label1_Sulfate.csv
SHERLOC_REGION_0664,SHERLOC in-situ Mars 2020,duv_sherloc_labeled_finetune_pool,sherloc_finetune_pool,Sulfate,sulfate,main_training_keep,passes_provenance_and_spectral_quality_checks,8.179333237103899,99,0.9999999999999987,0.031822360797584076,0.0,,D:\dyt\raman\pigeonite\data\sherloc_corpolongo_region_spectra\SHERLOC_quartier_detail_500_3.2_Point_32_label1_Sulfate.csv
SHERLOC_REGION_0665,SHERLOC in-situ Mars 2020,duv_sherloc_labeled_finetune_pool,sherloc_finetune_pool,Sulfate,sulfate,main_training_keep,passes_provenance_and_spectral_quality_checks,9.302360876397492,86,0.9118628553131009,0.018342146366289145,0.0,,D:\dyt\raman\pigeonite\data\sherloc_corpolongo_region_spectra\SHERLOC_quartier_detail_500_3.2_Point_34_label1_Sulfate.csv
SHERLOC_REGION_0666,SHERLOC in-situ Mars 2020,duv_sherloc_labeled_finetune_pool,sherloc_finetune_pool,Sulfate,sulfate,main_training_keep,passes_provenance_and_spectral_quality_checks,8.504740852921632,97,0.9111503552517087,0.02382805411607238,0.0,,D:\dyt\raman\pigeonite\data\sherloc_corpolongo_region_spectra\SHERLOC_quartier_detail_500_3.2_Point_35_label1_Sulfate.csv
SHERLOC_REGION_0667,SHERLOC in-situ Mars 2020,duv_sherloc_labeled_finetune_pool,sherloc_finetune_pool,Sulfate,sulfate,main_training_keep,passes_provenance_and_spectral_quality_checks,8.152066207628668,105,0.9407326712318405,0.01749685218253374,0.0,,D:\dyt\raman\pigeonite\data\sherloc_corpolongo_region_spectra\SHERLOC_quartier_detail_500_3.2_Point_48_label1_Sulfate.csv
SHERLOC_REGION_0668,SHERLOC in-situ Mars 2020,duv_sherloc_labeled_finetune_pool,sherloc_finetune_pool,Sulfate,sulfate,main_training_keep,passes_provenance_and_spectral_quality_checks,9.739784923019156,98,0.9803506076478993,0.017596923025898232,0.0009770395701025891,,D:\dyt\raman\pigeonite\data\sherloc_corpolongo_region_spectra\SHERLOC_quartier_detail_500_3.2_Point_49_label1_Sulfate.csv
SHERLOC_REGION_0669,SHERLOC in-situ Mars 2020,duv_sherloc_labeled_finetune_pool,sherloc_finetune_pool,Sulfate,sulfate,main_training_keep,passes_provenance_and_spectral_quality_checks,10.19035932015463,77,0.9630107500797911,0.012387325837354244,0.0,,D:\dyt\raman\pigeonite\data\sherloc_corpolongo_region_spectra\SHERLOC_quartier_detail_500_4.1_Point_3_label1_Sulfate.csv
SHERLOC_REGION_0671,SHERLOC in-situ Mars 2020,duv_sherloc_labeled_finetune_pool,sherloc_finetune_pool,Sulfate,sulfate,main_training_keep,passes_provenance_and_spectral_quality_checks,13.482244096049746,72,0.9999999999999993,0.026334521873988298,0.0,,D:\dyt\raman\pigeonite\data\sherloc_corpolongo_region_spectra\SHERLOC_quartier_detail_500_4.1_Point_4_label1_Sulfate.csv
SHERLOC_REGION_0672,SHERLOC in-situ Mars 2020,duv_sherloc_labeled_finetune_pool,sherloc_finetune_pool,Sulfate,sulfate,main_training_keep,passes_provenance_and_spectral_quality_checks,13.507896266168038,66,0.9985637001821094,0.023114678848186875,0.0,,D:\dyt\raman\pigeonite\data\sherloc_corpolongo_region_spectra\SHERLOC_quartier_detail_500_4.1_Point_5_label1_Sulfate.csv
SHERLOC_REGION_0673,SHERLOC in-situ Mars 2020,duv_sherloc_labeled_finetune_pool,sherloc_finetune_pool,Sulfate,sulfate,main_training_keep,passes_provenance_and_spectral_quality_checks,16.469950381243148,61,0.97854017364373,0.012550466665057748,0.0014655593551538837,,D:\dyt\raman\pigeonite\data\sherloc_corpolongo_region_spectra\SHERLOC_quartier_detail_500_4.1_Point_6_label1_Sulfate.csv
SHERLOC_REGION_0674,SHERLOC in-situ Mars 2020,duv_sherloc_labeled_finetune_pool,sherloc_finetune_pool,Sulfate,sulfate,main_training_keep,passes_provenance_and_spectral_quality_checks,8.342316004499342,93,0.994925920048351,0.015405501876782808,0.0009770395701025891,,D:\dyt\raman\pigeonite\data\sherloc_corpolongo_region_spectra\SHERLOC_quartier_detail_500_4.1_Point_7_label1_Sulfate.csv
SHERLOC_REGION_0675,SHERLOC in-situ Mars 2020,duv_sherloc_labeled_finetune_pool,sherloc_finetune_pool,Sulfate,sulfate,main_training_keep,passes_provenance_and_spectral_quality_checks,9.194697727142648,86,0.9769374890880343,0.0400899755105251,0.0,,D:\dyt\raman\pigeonite\data\sherloc_corpolongo_region_spectra\SHERLOC_quartier_detail_500_4.1_Point_8_label1_Sulfate.csv
SHERLOC_REGION_0676,SHERLOC in-situ Mars 2020,duv_sherloc_labeled_finetune_pool,sherloc_finetune_pool,Sulfate,sulfate,main_training_keep,passes_provenance_and_spectral_quality_checks,13.372094474869638,60,0.9654108629321472,0.003983557167427878,0.0,,D:\dyt\raman\pigeonite\data\sherloc_corpolongo_region_spectra\SHERLOC_quartier_detail_500_4.1_Point_9_label1_Sulfate.csv
SHERLOC_REGION_0677,SHERLOC in-situ Mars 2020,duv_sherloc_labeled_finetune_pool,sherloc_finetune_pool,Sulfate,sulfate,main_training_keep,passes_provenance_and_spectral_quality_checks,9.828914766407344,77,0.9247183397116095,0.04651019852924271,0.0,,D:\dyt\raman\pigeonite\data\sherloc_corpolongo_region_spectra\SHERLOC_quartier_detail_500_4.1_Point_10_label1_Sulfate.csv
SHERLOC_REGION_0678,SHERLOC in-situ Mars 2020,duv_sherloc_labeled_finetune_pool,sherloc_finetune_pool,Sulfate,sulfate,main_training_keep,passes_provenance_and_spectral_quality_checks,15.353298035899668,56,0.9999999999999996,0.13257641916578075,0.0009770395701025891,,D:\dyt\raman\pigeonite\data\sherloc_corpolongo_region_spectra\SHERLOC_quartier_detail_500_4.1_Point_11_label1_Sulfate.csv
SHERLOC_REGION_0679,SHERLOC in-situ Mars 2020,duv_sherloc_labeled_finetune_pool,sherloc_finetune_pool,Sulfate,sulfate,main_training_keep,passes_provenance_and_spectral_quality_checks,8.233558519334427,94,0.9546235542582673,0.002768908848474123,0.0,,D:\dyt\raman\pigeonite\data\sherloc_corpolongo_region_spectra\SHERLOC_quartier_detail_500_4.1_Point_12_label1_Sulfate.csv
SHERLOC_REGION_0680,SHERLOC in-situ Mars 2020,duv_sherloc_labeled_finetune_pool,sherloc_finetune_pool,Sulfate,sulfate,main_training_keep,passes_provenance_and_spectral_quality_checks,8.43743822814971,81,0.9316315183500269,0.029315169057245603,0.0,,D:\dyt\raman\pigeonite\data\sherloc_corpolongo_region_spectra\SHERLOC_quartier_detail_500_4.1_Point_13_label1_Sulfate.csv
SHERLOC_REGION_0681,SHERLOC in-situ Mars 2020,duv_sherloc_labeled_finetune_pool,sherloc_finetune_pool,Sulfate,sulfate,main_training_keep,passes_provenance_and_spectral_quality_checks,13.566467215942568,66,0.9999999999999993,0.015890409847236293,0.0009770395701025891,,D:\dyt\raman\pigeonite\data\sherloc_corpolongo_region_spectra\SHERLOC_quartier_detail_500_4.1_Point_14_label1_Sulfate.csv
SHERLOC_REGION_0682,SHERLOC in-situ Mars 2020,duv_sherloc_labeled_finetune_pool,sherloc_finetune_pool,Sulfate,sulfate,main_training_keep,passes_provenance_and_spectral_quality_checks,7.97570142227873,89,0.9345758673192416,0.01516567353716942,0.0,,D:\dyt\raman\pigeonite\data\sherloc_corpolongo_region_spectra\SHERLOC_quartier_detail_500_4.1_Point_15_label1_Sulfate.csv
SHERLOC_REGION_0683,SHERLOC in-situ Mars 2020,duv_sherloc_labeled_finetune_pool,sherloc_finetune_pool,Sulfate,sulfate,main_training_keep,passes_provenance_and_spectral_quality_checks,8.177124559211531,92,0.8790712998900956,0.024355582802442557,0.0,,D:\dyt\raman\pigeonite\data\sherloc_corpolongo_region_spectra\SHERLOC_quartier_detail_500_4.1_Point_16_label1_Sulfate.csv
SHERLOC_REGION_0686,SHERLOC in-situ Mars 2020,duv_sherloc_labeled_finetune_pool,sherloc_finetune_pool,Sulfate,sulfate,main_training_keep,passes_provenance_and_spectral_quality_checks,8.037477623869192,84,0.9433950705978363,0.039477739681852884,0.0,,D:\dyt\raman\pigeonite\data\sherloc_corpolongo_region_spectra\SHERLOC_quartier_detail_500_4.1_Point_23_label1_Sulfate.csv
SHERLOC_REGION_0687,SHERLOC in-situ Mars 2020,duv_sherloc_labeled_finetune_pool,sherloc_finetune_pool,Sulfate,sulfate,main_training_keep,passes_provenance_and_spectral_quality_checks,12.783296890667502,75,0.9590644428330107,0.02672542091970808,0.0,,D:\dyt\raman\pigeonite\data\sherloc_corpolongo_region_spectra\SHERLOC_quartier_detail_500_4.1_Point_25_label1_Sulfate.csv
SHERLOC_REGION_0688,SHERLOC in-situ Mars 2020,duv_sherloc_labeled_finetune_pool,sherloc_finetune_pool,Sulfate,sulfate,main_training_keep,passes_provenance_and_spectral_quality_checks,7.871031934729845,94,0.9487271807652421,0.014572478948810016,0.0004885197850512946,,D:\dyt\raman\pigeonite\data\sherloc_corpolongo_region_spectra\SHERLOC_quartier_detail_500_4.1_Point_26_label1_Sulfate.csv
SHERLOC_REGION_0689,SHERLOC in-situ Mars 2020,duv_sherloc_labeled_finetune_pool,sherloc_finetune_pool,Sulfate,sulfate,main_training_keep,passes_provenance_and_spectral_quality_checks,8.612970752930167,77,0.9615436299407615,0.04346972515201038,0.0,,D:\dyt\raman\pigeonite\data\sherloc_corpolongo_region_spectra\SHERLOC_quartier_detail_500_4.1_Point_27_label1_Sulfate.csv
SHERLOC_REGION_0690,SHERLOC in-situ Mars 2020,duv_sherloc_labeled_finetune_pool,sherloc_finetune_pool,Sulfate,sulfate,main_training_keep,passes_provenance_and_spectral_quality_checks,12.241858978613747,57,0.8124838609276815,0.16144405856689303,0.0009770395701025891,,D:\dyt\raman\pigeonite\data\sherloc_corpolongo_region_spectra\SHERLOC_quartier_detail_500_4.1_Point_28_label1_Sulfate.csv
SHERLOC_REGION_0691,SHERLOC in-situ Mars 2020,duv_sherloc_labeled_finetune_pool,sherloc_finetune_pool,Sulfate,sulfate,main_training_keep,passes_provenance_and_spectral_quality_checks,7.997388898975373,87,0.9577797124338623,0.0178946730793159,0.0,,D:\dyt\raman\pigeonite\data\sherloc_corpolongo_region_spectra\SHERLOC_quartier_detail_500_4.1_Point_29_label1_Sulfate.csv
SHERLOC_REGION_0692,SHERLOC in-situ Mars 2020,duv_sherloc_labeled_finetune_pool,sherloc_finetune_pool,Sulfate,sulfate,main_training_keep,passes_provenance_and_spectral_quality_checks,11.376568484584368,74,0.936229727165161,0.0244109275193882,0.0,,D:\dyt\raman\pigeonite\data\sherloc_corpolongo_region_spectra\SHERLOC_quartier_detail_500_4.1_Point_30_label1_Sulfate.csv
SHERLOC_REGION_0693,SHERLOC in-situ Mars 2020,duv_sherloc_labeled_finetune_pool,sherloc_finetune_pool,Sulfate,sulfate,main_training_keep,passes_provenance_and_spectral_quality_checks,10.535196707482058,79,0.9764185992861223,0.011722616107699228,0.0009770395701025891,,D:\dyt\raman\pigeonite\data\sherloc_corpolongo_region_spectra\SHERLOC_quartier_detail_500_4.1_Point_31_label1_Sulfate.csv
SHERLOC_REGION_0694,SHERLOC in-situ Mars 2020,duv_sherloc_labeled_finetune_pool,sherloc_finetune_pool,Sulfate,sulfate,main_training_keep,passes_provenance_and_spectral_quality_checks,8.402555235805847,90,0.9374686868022937,0.01924074439100735,0.0009770395701025891,,D:\dyt\raman\pigeonite\data\sherloc_corpolongo_region_spectra\SHERLOC_quartier_detail_500_4.1_Point_32_label1_Sulfate.csv
SHERLOC_REGION_0695,SHERLOC in-situ Mars 2020,duv_sherloc_labeled_finetune_pool,sherloc_finetune_pool,Sulfate,sulfate,main_training_keep,passes_provenance_and_spectral_quality_checks,8.108719755208664,99,0.9431566074066864,0.04479005955780544,0.0,,D:\dyt\raman\pigeonite\data\sherloc_corpolongo_region_spectra\SHERLOC_quartier_detail_500_4.1_Point_33_label1_Sulfate.csv
SHERLOC_REGION_0696,SHERLOC in-situ Mars 2020,duv_sherloc_labeled_finetune_pool,sherloc_finetune_pool,Sulfate,sulfate,main_training_keep,passes_provenance_and_spectral_quality_checks,8.51748415296413,94,0.9769068084031822,0.02241380326286878,0.0009770395701025891,,D:\dyt\raman\pigeonite\data\sherloc_corpolongo_region_spectra\SHERLOC_quartier_detail_500_4.1_Point_34_label1_Sulfate.csv
SHERLOC_REGION_0698,SHERLOC in-situ Mars 2020,duv_sherloc_labeled_finetune_pool,sherloc_finetune_pool,Sulfate,sulfate,main_training_keep,passes_provenance_and_spectral_quality_checks,9.827442566020805,92,0.9272441341064042,0.02146671153886517,0.0009770395701025891,,D:\dyt\raman\pigeonite\data\sherloc_corpolongo_region_spectra\SHERLOC_quartier_detail_500_4.1_Point_36_label1_Sulfate.csv
SHERLOC_REGION_0699,SHERLOC in-situ Mars 2020,duv_sherloc_labeled_finetune_pool,sherloc_finetune_pool,Sulfate,sulfate,main_training_keep,passes_provenance_and_spectral_quality_checks,7.239907981310759,118,0.9999999999999986,0.02820971509731911,0.0,,D:\dyt\raman\pigeonite\data\sherloc_corpolongo_region_spectra\SHERLOC_quartier_detail_500_4.1_Point_41_label1_Sulfate.csv
SHERLOC_REGION_0700,SHERLOC in-situ Mars 2020,duv_sherloc_labeled_finetune_pool,sherloc_finetune_pool,Sulfate,sulfate,main_training_keep,passes_provenance_and_spectral_quality_checks,8.271313068159113,95,0.8774989635653955,0.007794179869788592,0.0,,D:\dyt\raman\pigeonite\data\sherloc_corpolongo_region_spectra\SHERLOC_quartier_detail_500_4.1_Point_42_label1_Sulfate.csv
SHERLOC_REGION_0701,SHERLOC in-situ Mars 2020,duv_sherloc_labeled_finetune_pool,sherloc_finetune_pool,Sulfate,sulfate,main_training_keep,passes_provenance_and_spectral_quality_checks,9.210266851257575,84,0.963136908507038,0.021533339009504972,0.0,,D:\dyt\raman\pigeonite\data\sherloc_corpolongo_region_spectra\SHERLOC_quartier_detail_500_4.1_Point_43_label1_Sulfate.csv
SHERLOC_REGION_0702,SHERLOC in-situ Mars 2020,duv_sherloc_labeled_finetune_pool,sherloc_finetune_pool,Sulfate,sulfate,main_training_keep,passes_provenance_and_spectral_quality_checks,7.395653531439741,112,0.9999999999999987,0.036511037698794116,0.0,,D:\dyt\raman\pigeonite\data\sherloc_corpolongo_region_spectra\SHERLOC_quartier_detail_500_4.1_Point_44_label1_Sulfate.csv
SHERLOC_REGION_0703,SHERLOC in-situ Mars 2020,duv_sherloc_labeled_finetune_pool,sherloc_finetune_pool,Sulfate,sulfate,main_training_keep,passes_provenance_and_spectral_quality_checks,8.22683867089782,82,0.9233050520027409,0.01828892906666124,0.0,,D:\dyt\raman\pigeonite\data\sherloc_corpolongo_region_spectra\SHERLOC_quartier_detail_500_4.1_Point_45_label1_Sulfate.csv
SHERLOC_REGION_0704,SHERLOC in-situ Mars 2020,duv_sherloc_labeled_finetune_pool,sherloc_finetune_pool,Sulfate,sulfate,main_training_keep,passes_provenance_and_spectral_quality_checks,8.09713260388581,92,0.8666906070477096,0.02667101591254614,0.0,,D:\dyt\raman\pigeonite\data\sherloc_corpolongo_region_spectra\SHERLOC_quartier_detail_500_4.1_Point_46_label1_Sulfate.csv
SHERLOC_REGION_0705,SHERLOC in-situ Mars 2020,duv_sherloc_labeled_finetune_pool,sherloc_finetune_pool,Sulfate,sulfate,main_training_keep,passes_provenance_and_spectral_quality_checks,9.540266559368106,79,0.9544810551089996,0.036456753069276,0.0,,D:\dyt\raman\pigeonite\data\sherloc_corpolongo_region_spectra\SHERLOC_quartier_detail_500_4.1_Point_47_label1_Sulfate.csv
SHERLOC_REGION_0706,SHERLOC in-situ Mars 2020,duv_sherloc_labeled_finetune_pool,sherloc_finetune_pool,Sulfate,sulfate,main_training_keep,passes_provenance_and_spectral_quality_checks,22.734772987835672,37,0.9691646639024595,0.005515428687465126,0.0009770395701025891,,D:\dyt\raman\pigeonite\data\sherloc_corpolongo_region_spectra\SHERLOC_quartier_detail_500_4.1_Point_48_label1_Sulfate.csv
SHERLOC_REGION_0707,SHERLOC in-situ Mars 2020,duv_sherloc_labeled_finetune_pool,sherloc_finetune_pool,Sulfate,sulfate,main_training_keep,passes_provenance_and_spectral_quality_checks,18.0613520246704,45,0.9792937243851927,0.01253295982747954,0.0014655593551538837,,D:\dyt\raman\pigeonite\data\sherloc_corpolongo_region_spectra\SHERLOC_quartier_detail_500_4.1_Point_49_label1_Sulfate.csv
SHERLOC_REGION_0708,SHERLOC in-situ Mars 2020,duv_sherloc_labeled_finetune_pool,sherloc_finetune_pool,Sulfate,sulfate,main_training_keep,passes_provenance_and_spectral_quality_checks,17.23604119900813,64,0.9999999999999994,0.013215852189320455,0.0009770395701025891,,D:\dyt\raman\pigeonite\data\sherloc_corpolongo_region_spectra\SHERLOC_quartier_detail_500_4.2_Point_0_label1_Sulfate.csv
SHERLOC_REGION_0709,SHERLOC in-situ Mars 2020,duv_sherloc_labeled_finetune_pool,sherloc_finetune_pool,Sulfate,sulfate,main_training_keep,passes_provenance_and_spectral_quality_checks,8.29449773938405,84,0.9601065672268471,0.017284887191704304,0.0004885197850512946,,D:\dyt\raman\pigeonite\data\sherloc_corpolongo_region_spectra\SHERLOC_quartier_detail_500_4.2_Point_1_label1_Sulfate.csv
SHERLOC_REGION_0710,SHERLOC in-situ Mars 2020,duv_sherloc_labeled_finetune_pool,sherloc_finetune_pool,Sulfate,sulfate,main_training_keep,passes_provenance_and_spectral_quality_checks,11.710800495506005,75,0.9611548567205981,0.017085187614231022,0.0,,D:\dyt\raman\pigeonite\data\sherloc_corpolongo_region_spectra\SHERLOC_quartier_detail_500_4.2_Point_2_label1_Sulfate.csv
SHERLOC_REGION_0711,SHERLOC in-situ Mars 2020,duv_sherloc_labeled_finetune_pool,sherloc_finetune_pool,Sulfate,sulfate,main_training_keep,passes_provenance_and_spectral_quality_checks,10.473549808586258,91,0.9175636550799593,0.03837072543797444,0.0009770395701025891,,D:\dyt\raman\pigeonite\data\sherloc_corpolongo_region_spectra\SHERLOC_quartier_detail_500_4.2_Point_3_label1_Sulfate.csv
SHERLOC_REGION_0712,SHERLOC in-situ Mars 2020,duv_sherloc_labeled_finetune_pool,sherloc_finetune_pool,Sulfate,sulfate,main_training_keep,passes_provenance_and_spectral_quality_checks,10.330556721965246,57,0.5404699429261894,0.41150480125759764,0.0014655593551538837,,D:\dyt\raman\pigeonite\data\sherloc_corpolongo_region_spectra\SHERLOC_quartier_detail_500_4.2_Point_4_label1_Sulfate.csv
SHERLOC_REGION_0713,SHERLOC in-situ Mars 2020,duv_sherloc_labeled_finetune_pool,sherloc_finetune_pool,Sulfate,sulfate,main_training_keep,passes_provenance_and_spectral_quality_checks,8.634739800093707,86,0.9916119709029689,0.06707755469269916,0.0004885197850512946,,D:\dyt\raman\pigeonite\data\sherloc_corpolongo_region_spectra\SHERLOC_quartier_detail_500_4.2_Point_5_label1_Sulfate.csv
SHERLOC_REGION_0714,SHERLOC in-situ Mars 2020,duv_sherloc_labeled_finetune_pool,sherloc_finetune_pool,Sulfate,sulfate,main_training_keep,passes_provenance_and_spectral_quality_checks,7.4735792673769685,88,0.9632613299204299,0.01900296711680987,0.0,,D:\dyt\raman\pigeonite\data\sherloc_corpolongo_region_spectra\SHERLOC_quartier_detail_500_4.2_Point_6_label1_Sulfate.csv
SHERLOC_REGION_0715,SHERLOC in-situ Mars 2020,duv_sherloc_labeled_finetune_pool,sherloc_finetune_pool,Sulfate,sulfate,main_training_keep,passes_provenance_and_spectral_quality_checks,8.777169269743561,86,0.9209341160475737,0.011388005227916819,0.0,,D:\dyt\raman\pigeonite\data\sherloc_corpolongo_region_spectra\SHERLOC_quartier_detail_500_4.2_Point_7_label1_Sulfate.csv
SHERLOC_REGION_0716,SHERLOC in-situ Mars 2020,duv_sherloc_labeled_finetune_pool,sherloc_finetune_pool,Sulfate,sulfate,main_training_keep,passes_provenance_and_spectral_quality_checks,7.716027898950853,91,0.979407834732656,0.007665421599539699,0.0009770395701025891,,D:\dyt\raman\pigeonite\data\sherloc_corpolongo_region_spectra\SHERLOC_quartier_detail_500_4.2_Point_8_label1_Sulfate.csv
SHERLOC_REGION_0717,SHERLOC in-situ Mars 2020,duv_sherloc_labeled_finetune_pool,sherloc_finetune_pool,Sulfate,sulfate,main_training_keep,passes_provenance_and_spectral_quality_checks,8.480519229117807,86,0.9598306389739909,0.02108964316506525,0.0,,D:\dyt\raman\pigeonite\data\sherloc_corpolongo_region_spectra\SHERLOC_quartier_detail_500_4.2_Point_11_label1_Sulfate.csv
SHERLOC_REGION_0718,SHERLOC in-situ Mars 2020,duv_sherloc_labeled_finetune_pool,sherloc_finetune_pool,Sulfate,sulfate,main_training_keep,passes_provenance_and_spectral_quality_checks,10.213817696655438,83,0.9869476678094843,0.029677925050370348,0.0,,D:\dyt\raman\pigeonite\data\sherloc_corpolongo_region_spectra\SHERLOC_quartier_detail_500_4.2_Point_12_label1_Sulfate.csv
SHERLOC_REGION_0719,SHERLOC in-situ Mars 2020,duv_sherloc_labeled_finetune_pool,sherloc_finetune_pool,Sulfate,sulfate,main_training_keep,passes_provenance_and_spectral_quality_checks,9.699557019303219,78,0.9999999999999992,0.027481402013268142,0.0,,D:\dyt\raman\pigeonite\data\sherloc_corpolongo_region_spectra\SHERLOC_quartier_detail_500_4.2_Point_13_label1_Sulfate.csv
SHERLOC_REGION_0720,SHERLOC in-situ Mars 2020,duv_sherloc_labeled_finetune_pool,sherloc_finetune_pool,Sulfate,sulfate,main_training_keep,passes_provenance_and_spectral_quality_checks,8.35734185294558,95,0.8784897052022708,0.032432458581019265,0.0,,D:\dyt\raman\pigeonite\data\sherloc_corpolongo_region_spectra\SHERLOC_quartier_detail_500_4.2_Point_14_label1_Sulfate.csv
SHERLOC_REGION_0721,SHERLOC in-situ Mars 2020,duv_sherloc_labeled_finetune_pool,sherloc_finetune_pool,Sulfate,sulfate,main_training_keep,passes_provenance_and_spectral_quality_checks,8.472667782764043,93,0.9428670686272612,0.020841083442169592,0.0,,D:\dyt\raman\pigeonite\data\sherloc_corpolongo_region_spectra\SHERLOC_quartier_detail_500_4.2_Point_15_label1_Sulfate.csv
SHERLOC_REGION_0722,SHERLOC in-situ Mars 2020,duv_sherloc_labeled_finetune_pool,sherloc_finetune_pool,Sulfate,sulfate,main_training_keep,passes_provenance_and_spectral_quality_checks,8.812628075814343,85,0.9359938139222225,0.06158850566887659,0.0,,D:\dyt\raman\pigeonite\data\sherloc_corpolongo_region_spectra\SHERLOC_quartier_detail_500_4.2_Point_16_label1_Sulfate.csv
SHERLOC_REGION_0723,SHERLOC in-situ Mars 2020,duv_sherloc_labeled_finetune_pool,sherloc_finetune_pool,Sulfate,sulfate,main_training_keep,passes_provenance_and_spectral_quality_checks,9.680605338409407,76,0.9591280523544033,0.006329809886440281,0.0009770395701025891,,D:\dyt\raman\pigeonite\data\sherloc_corpolongo_region_spectra\SHERLOC_quartier_detail_500_4.2_Point_17_label1_Sulfate.csv
SHERLOC_REGION_0724,SHERLOC in-situ Mars 2020,duv_sherloc_labeled_finetune_pool,sherloc_finetune_pool,Sulfate,sulfate,main_training_keep,passes_provenance_and_spectral_quality_checks,8.759344618715643,75,0.8868373133087468,0.0643038014898772,0.0,,D:\dyt\raman\pigeonite\data\sherloc_corpolongo_region_spectra\SHERLOC_quartier_detail_500_4.2_Point_18_label1_Sulfate.csv
SHERLOC_REGION_0725,SHERLOC in-situ Mars 2020,duv_sherloc_labeled_finetune_pool,sherloc_finetune_pool,Sulfate,sulfate,main_training_keep,passes_provenance_and_spectral_quality_checks,8.741704559536533,78,0.9999999999999991,0.028625806034435403,0.0,,D:\dyt\raman\pigeonite\data\sherloc_corpolongo_region_spectra\SHERLOC_quartier_detail_500_4.2_Point_19_label1_Sulfate.csv
SHERLOC_REGION_0726,SHERLOC in-situ Mars 2020,duv_sherloc_labeled_finetune_pool,sherloc_finetune_pool,Sulfate,sulfate,main_training_keep,passes_provenance_and_spectral_quality_checks,7.45393487782326,75,0.9127402096105011,0.018491795305338433,0.0,,D:\dyt\raman\pigeonite\data\sherloc_corpolongo_region_spectra\SHERLOC_quartier_detail_500_4.2_Point_20_label1_Sulfate.csv
SHERLOC_REGION_0727,SHERLOC in-situ Mars 2020,duv_sherloc_labeled_finetune_pool,sherloc_finetune_pool,Sulfate,sulfate,main_training_keep,passes_provenance_and_spectral_quality_checks,8.49103552988045,72,0.9883656801247129,0.012668716469269373,0.0,,D:\dyt\raman\pigeonite\data\sherloc_corpolongo_region_spectra\SHERLOC_quartier_detail_500_4.2_Point_21_label1_Sulfate.csv
SHERLOC_REGION_0728,SHERLOC in-situ Mars 2020,duv_sherloc_labeled_finetune_pool,sherloc_finetune_pool,Sulfate,sulfate,main_training_keep,passes_provenance_and_spectral_quality_checks,8.969937813941401,81,0.9626187378938664,0.016724929234114064,0.0,,D:\dyt\raman\pigeonite\data\sherloc_corpolongo_region_spectra\SHERLOC_quartier_detail_500_4.2_Point_22_label1_Sulfate.csv
SHERLOC_REGION_0729,SHERLOC in-situ Mars 2020,duv_sherloc_labeled_finetune_pool,sherloc_finetune_pool,Sulfate,sulfate,main_training_keep,passes_provenance_and_spectral_quality_checks,11.127819750928754,59,0.9469166023897362,0.009491569740349705,0.0,,D:\dyt\raman\pigeonite\data\sherloc_corpolongo_region_spectra\SHERLOC_quartier_detail_500_4.2_Point_23_label1_Sulfate.csv
SHERLOC_REGION_0730,SHERLOC in-situ Mars 2020,duv_sherloc_labeled_finetune_pool,sherloc_finetune_pool,Sulfate,sulfate,main_training_keep,passes_provenance_and_spectral_quality_checks,8.994812452610226,80,0.956096586951426,0.012755328746151795,0.0,,D:\dyt\raman\pigeonite\data\sherloc_corpolongo_region_spectra\SHERLOC_quartier_detail_500_4.2_Point_24_label1_Sulfate.csv
SHERLOC_REGION_0731,SHERLOC in-situ Mars 2020,duv_sherloc_labeled_finetune_pool,sherloc_finetune_pool,Sulfate,sulfate,main_training_keep,passes_provenance_and_spectral_quality_checks,13.739195864867005,37,0.9534453097191857,0.015712335677730987,0.0014655593551538837,,D:\dyt\raman\pigeonite\data\sherloc_corpolongo_region_spectra\SHERLOC_quartier_detail_500_4.2_Point_26_label1_Sulfate.csv
SHERLOC_REGION_0732,SHERLOC in-situ Mars 2020,duv_sherloc_labeled_finetune_pool,sherloc_finetune_pool,Sulfate,sulfate,main_training_keep,passes_provenance_and_spectral_quality_checks,10.98959448150842,77,0.9999999999999992,0.018992804197463874,0.0,,D:\dyt\raman\pigeonite\data\sherloc_corpolongo_region_spectra\SHERLOC_quartier_detail_500_4.2_Point_27_label1_Sulfate.csv
SHERLOC_REGION_0733,SHERLOC in-situ Mars 2020,duv_sherloc_labeled_finetune_pool,sherloc_finetune_pool,Sulfate,sulfate,main_training_keep,passes_provenance_and_spectral_quality_checks,8.641029234487013,87,0.9708320336832268,0.013940977360658859,0.0,,D:\dyt\raman\pigeonite\data\sherloc_corpolongo_region_spectra\SHERLOC_quartier_detail_500_4.2_Point_28_label1_Sulfate.csv
SHERLOC_REGION_0734,SHERLOC in-situ Mars 2020,duv_sherloc_labeled_finetune_pool,sherloc_finetune_pool,Sulfate,sulfate,main_training_keep,passes_provenance_and_spectral_quality_checks,9.250662744599277,78,0.7498212083318139,0.15492599750459646,0.0,,D:\dyt\raman\pigeonite\data\sherloc_corpolongo_region_spectra\SHERLOC_quartier_detail_500_4.2_Point_30_label1_Sulfate.csv
SHERLOC_REGION_0735,SHERLOC in-situ Mars 2020,duv_sherloc_labeled_finetune_pool,sherloc_finetune_pool,Sulfate,sulfate,main_training_keep,passes_provenance_and_spectral_quality_checks,8.726423387404406,82,0.9550448152466647,0.0425265504483012,0.0,,D:\dyt\raman\pigeonite\data\sherloc_corpolongo_region_spectra\SHERLOC_quartier_detail_500_4.2_Point_31_label1_Sulfate.csv
SHERLOC_REGION_0736,SHERLOC in-situ Mars 2020,duv_sherloc_labeled_finetune_pool,sherloc_finetune_pool,Sulfate,sulfate,main_training_keep,passes_provenance_and_spectral_quality_checks,11.79410673102703,74,0.9567549556637699,0.01613664516488945,0.0009770395701025891,,D:\dyt\raman\pigeonite\data\sherloc_corpolongo_region_spectra\SHERLOC_quartier_detail_500_4.2_Point_32_label1_Sulfate.csv
SHERLOC_REGION_0737,SHERLOC in-situ Mars 2020,duv_sherloc_labeled_finetune_pool,sherloc_finetune_pool,Sulfate,sulfate,main_training_keep,passes_provenance_and_spectral_quality_checks,16.35415675769756,20,0.9999999999999998,0.12164520112024049,0.003419638495359062,,D:\dyt\raman\pigeonite\data\sherloc_corpolongo_region_spectra\SHERLOC_quartier_detail_500_4.2_Point_33_label1_Sulfate.csv
SHERLOC_REGION_0739,SHERLOC in-situ Mars 2020,duv_sherloc_labeled_finetune_pool,sherloc_finetune_pool,Sulfate,sulfate,main_training_keep,passes_provenance_and_spectral_quality_checks,7.493335981126462,106,0.9044361606396658,0.055426623889235145,0.0,,D:\dyt\raman\pigeonite\data\sherloc_corpolongo_region_spectra\SHERLOC_quartier_detail_500_4.2_Point_36_label1_Sulfate.csv
SHERLOC_REGION_0740,SHERLOC in-situ Mars 2020,duv_sherloc_labeled_finetune_pool,sherloc_finetune_pool,Sulfate,sulfate,main_training_keep,passes_provenance_and_spectral_quality_checks,10.339083341473218,80,0.9999999999999992,0.015727160532387197,0.0,,D:\dyt\raman\pigeonite\data\sherloc_corpolongo_region_spectra\SHERLOC_quartier_detail_500_4.2_Point_37_label1_Sulfate.csv
SHERLOC_REGION_0741,SHERLOC in-situ Mars 2020,duv_sherloc_labeled_finetune_pool,sherloc_finetune_pool,Sulfate,sulfate,main_training_keep,passes_provenance_and_spectral_quality_checks,10.2909866059286,72,0.9207794828137144,0.028926925440282046,0.0,,D:\dyt\raman\pigeonite\data\sherloc_corpolongo_region_spectra\SHERLOC_quartier_detail_500_4.2_Point_38_label1_Sulfate.csv
SHERLOC_REGION_0742,SHERLOC in-situ Mars 2020,duv_sherloc_labeled_finetune_pool,sherloc_finetune_pool,Sulfate,sulfate,main_training_keep,passes_provenance_and_spectral_quality_checks,13.208483768004044,67,0.9086833680382775,0.04337163018882152,0.0004885197850512946,,D:\dyt\raman\pigeonite\data\sherloc_corpolongo_region_spectra\SHERLOC_quartier_detail_500_4.2_Point_39_label1_Sulfate.csv
SHERLOC_REGION_0743,SHERLOC in-situ Mars 2020,duv_sherloc_labeled_finetune_pool,sherloc_finetune_pool,Sulfate,sulfate,main_training_keep,passes_provenance_and_spectral_quality_checks,13.531221642405427,69,0.9530714514153148,0.009598755893835612,0.0,,D:\dyt\raman\pigeonite\data\sherloc_corpolongo_region_spectra\SHERLOC_quartier_detail_500_4.2_Point_40_label1_Sulfate.csv
SHERLOC_REGION_0744,SHERLOC in-situ Mars 2020,duv_sherloc_labeled_finetune_pool,sherloc_finetune_pool,Sulfate,sulfate,main_training_keep,passes_provenance_and_spectral_quality_checks,8.251516422417183,87,0.976990163304879,0.03155323012074315,0.0,,D:\dyt\raman\pigeonite\data\sherloc_corpolongo_region_spectra\SHERLOC_quartier_detail_500_4.2_Point_41_label1_Sulfate.csv
SHERLOC_REGION_0745,SHERLOC in-situ Mars 2020,duv_sherloc_labeled_finetune_pool,sherloc_finetune_pool,Sulfate,sulfate,main_training_keep,passes_provenance_and_spectral_quality_checks,9.029188182444438,92,0.999999999999999,0.014553814025317548,0.0,,D:\dyt\raman\pigeonite\data\sherloc_corpolongo_region_spectra\SHERLOC_quartier_detail_500_4.2_Point_42_label1_Sulfate.csv
SHERLOC_REGION_0746,SHERLOC in-situ Mars 2020,duv_sherloc_labeled_finetune_pool,sherloc_finetune_pool,Sulfate,sulfate,main_training_keep,passes_provenance_and_spectral_quality_checks,8.196972556699903,108,0.9103802077368597,0.024515740840949,0.0004885197850512946,,D:\dyt\raman\pigeonite\data\sherloc_corpolongo_region_spectra\SHERLOC_quartier_detail_500_4.2_Point_43_label1_Sulfate.csv
SHERLOC_REGION_0747,SHERLOC in-situ Mars 2020,duv_sherloc_labeled_finetune_pool,sherloc_finetune_pool,Sulfate,sulfate,main_training_keep,passes_provenance_and_spectral_quality_checks,16.08065782480666,59,0.988899832892001,0.016302802509689334,0.0009770395701025891,,D:\dyt\raman\pigeonite\data\sherloc_corpolongo_region_spectra\SHERLOC_quartier_detail_500_4.2_Point_46_label1_Sulfate.csv
SHERLOC_REGION_0748,SHERLOC in-situ Mars 2020,duv_sherloc_labeled_finetune_pool,sherloc_finetune_pool,Sulfate,sulfate,main_training_keep,passes_provenance_and_spectral_quality_checks,9.750770409005685,77,0.9592169470180774,0.009020998154949103,0.0,,D:\dyt\raman\pigeonite\data\sherloc_corpolongo_region_spectra\SHERLOC_quartier_detail_500_4.2_Point_47_label1_Sulfate.csv
SHERLOC_REGION_0749,SHERLOC in-situ Mars 2020,duv_sherloc_labeled_finetune_pool,sherloc_finetune_pool,Sulfate,sulfate,main_training_keep,passes_provenance_and_spectral_quality_checks,9.058911079318962,76,0.9463081712479059,0.010580715237049313,0.0,,D:\dyt\raman\pigeonite\data\sherloc_corpolongo_region_spectra\SHERLOC_quartier_detail_500_4.2_Point_48_label1_Sulfate.csv
SHERLOC_REGION_0750,SHERLOC in-situ Mars 2020,duv_sherloc_labeled_finetune_pool,sherloc_finetune_pool,Sulfate,sulfate,main_training_keep,passes_provenance_and_spectral_quality_checks,7.541337512935655,101,0.9538134277850926,0.024038986461767903,0.0,,D:\dyt\raman\pigeonite\data\sherloc_corpolongo_region_spectra\SHERLOC_quartier_detail_500_4.2_Point_49_label1_Sulfate.csv
PARENT_0317,RRUFF database,visible_nir_supervised_reference,train,Borate,Colemanite,main_training_keep,passes_provenance_and_spectral_quality_checks,222.24540495378614,8,0.3782800151578225,0.31882964264313735,0.0,The identification of this mineral has been confirmed by X-ray diffraction and chemical analysis,d:\dyt\raman\pigeonite\augmented_tongyi_physics4\Colemanite__R050102__Raman__514__0__unoriented__Raman_Data_RAW__10079.csv
PARENT_0318,RRUFF database,visible_nir_supervised_reference,train,Borate,Colemanite,main_training_keep,passes_provenance_and_spectral_quality_checks,472.2597210372232,11,0.9999999999999993,0.38666555765540517,0.016687526074259492,The identification of this mineral has been confirmed by X-ray diffraction and chemical analysis,d:\dyt\raman\pigeonite\augmented_tongyi_physics4\Colemanite__R050102__Raman__532__0__unoriented__Raman_Data_RAW__26996.csv
PARENT_0319,RRUFF database,visible_nir_supervised_reference,train,Borate,Colemanite,main_training_keep,passes_provenance_and_spectral_quality_checks,485.0083544172883,15,0.9823213097768093,0.22089864461249778,0.026113013698630137,The identification of this mineral has been confirmed by X-ray diffraction and chemical analysis,d:\dyt\raman\pigeonite\augmented_tongyi_physics4\Colemanite__R050102__Raman__780__0__unoriented__Raman_Data_RAW__26998.csv
PARENT_0320,RRUFF database,visible_nir_supervised_reference,reference_qc_excluded,Borate,Colemanite,manual_review_keep_in_metadata,rruff_identification_status_low_confidence,217.7929469855004,12,0.9999999999999998,0.005277702479826426,0.056545313710302095,The identification of this mineral has been determined only by Raman spectroscopy,d:\dyt\raman\pigeonite\augmented_tongyi_physics4\Colemanite__X050040__Raman__785__0__unoriented__Raman_Data_Processed__6467.csv
PARENT_0321,RRUFF database,visible_nir_supervised_reference,train,Borate,Colemanite,main_training_keep,passes_provenance_and_spectral_quality_checks,712.5255644860096,13,0.9999999999999994,0.2262976762219575,0.02347791484281735,The identification of this mineral has been confirmed by X-ray diffraction and chemical analysis,d:\dyt\raman\pigeonite\augmented_tongyi_physics4\Colemanite__R050331__Raman__532__0__unoriented__Raman_Data_RAW__28919.csv
PARENT_0322,RRUFF database,visible_nir_supervised_reference,train,Borate,Colemanite,main_training_keep,passes_provenance_and_spectral_quality_checks,783.3962733530244,11,0.9999999999999994,0.4060854399621731,0.0274858528698464,The identification of this mineral has been confirmed by X-ray diffraction and chemical analysis,d:\dyt\raman\pigeonite\augmented_tongyi_physics4\Colemanite__R050331__Raman__780__0__unoriented__Raman_Data_RAW__28916.csv
PARENT_0323,RRUFF database,visible_nir_supervised_reference,train,Borate,Kernite,main_training_keep,passes_provenance_and_spectral_quality_checks,670.9247431827977,13,0.9999999999999979,0.052908053432759415,0.03663878932696137,The identification of this mineral has been confirmed by X-ray diffraction.,d:\dyt\raman\pigeonite\augmented_tongyi_physics4\Kernite__R050661__Raman__532__0__unoriented__Raman_Data_RAW__32852.csv
PARENT_0324,RRUFF database,visible_nir_supervised_reference,train,Borate,Ulexite,main_training_keep,passes_provenance_and_spectral_quality_checks,203.1390000652811,7,0.9999999999999998,0.5640666243719942,0.0,The identification of this mineral has been confirmed by X-ray diffraction and chemical analysis,d:\dyt\raman\pigeonite\augmented_tongyi_physics4\Ulexite__R050062__Raman__514__0__unoriented__Raman_Data_RAW__11042.csv
PARENT_0325,RRUFF database,visible_nir_supervised_reference,train,Borate,Ulexite,main_training_keep,passes_provenance_and_spectral_quality_checks,471.0428509506333,10,0.7435849494019182,0.2513954186264169,0.0009041591320072332,The identification of this mineral has been confirmed by X-ray diffraction and chemical analysis,d:\dyt\raman\pigeonite\augmented_tongyi_physics4\Ulexite__R050062__Raman__785__0__unoriented__Raman_Data_RAW__21225.csv
PARENT_0326,RRUFF database,visible_nir_supervised_reference,reference_qc_excluded,Borate,Ulexite,manual_review_keep_in_metadata,rruff_identification_status_low_confidence,218.18908356829624,12,0.999999999999996,0.0008284336608765341,0.024012393493415957,The identification of this mineral has been determined only by Raman spectroscopy,d:\dyt\raman\pigeonite\augmented_tongyi_physics4\Ulexite__X050174__Raman__785__0__unoriented__Raman_Data_Processed__6712.rruff.csv
PARENT_0327,RRUFF database,visible_nir_supervised_reference,train,Borate,Ulexite,main_training_keep,passes_provenance_and_spectral_quality_checks,774.9026964662914,15,0.9999999999999986,0.24339067101971362,0.015121368881814564,The identification of this mineral has been confirmed by X-ray diffraction.,d:\dyt\raman\pigeonite\augmented_tongyi_physics4\Ulexite__R050491__Raman__532__0__unoriented__Raman_Data_RAW__31647.csv
PARENT_0328,RRUFF database,visible_nir_supervised_reference,train,Borate,Ulexite,main_training_keep,passes_provenance_and_spectral_quality_checks,743.265680731421,17,0.7041013625897687,0.16483730950314865,0.027092600080873434,The identification of this mineral has been confirmed by X-ray diffraction.,d:\dyt\raman\pigeonite\augmented_tongyi_physics4\Ulexite__R050491__Raman__780__0__unoriented__Raman_Data_RAW__31649.csv
PARENT_0329,RRUFF database,visible_nir_supervised_reference,train,Carbonate,Aragonite,main_training_keep,passes_provenance_and_spectral_quality_checks,211.41638584593355,3,0.9999999999999999,0.6055788400248822,0.008272058823529412,The identification of this mineral has been confirmed by X-ray diffraction and chemical analysis,d:\dyt\raman\pigeonite\augmented_tongyi_physics4\Aragonite__R040078__Raman__514__0__unoriented__Raman_Data_RAW__9444.csv
PARENT_0330,RRUFF database,visible_nir_supervised_reference,train,Carbonate,Aragonite,main_training_keep,passes_provenance_and_spectral_quality_checks,1487.4270321534618,3,1.0,0.03988647832931333,0.07198683669271905,The identification of this mineral has been confirmed by X-ray diffraction and chemical analysis,d:\dyt\raman\pigeonite\augmented_tongyi_physics4\Aragonite__R040078__Raman__532__0__unoriented__Raman_Data_RAW__15665.csv
PARENT_0331,RRUFF database,visible_nir_supervised_reference,train,Carbonate,Aragonite,main_training_keep,passes_provenance_and_spectral_quality_checks,760.8216080379583,5,0.9999999999999999,0.04311990103574855,0.05305602716468591,The identification of this mineral has been confirmed by X-ray diffraction and chemical analysis,d:\dyt\raman\pigeonite\augmented_tongyi_physics4\Aragonite__R040078__Raman__785__0__unoriented__Raman_Data_RAW__15667.csv
PARENT_0332,RRUFF database,visible_nir_supervised_reference,reference_qc_excluded,Carbonate,Aragonite,manual_review_keep_in_metadata,high_cosmic_spike_or_discontinuity_fraction,3238.05984277167,7,0.9999999999999998,0.0003773755863929502,0.19054996127033308,The identification of this mineral has been determined only by Raman spectroscopy,d:\dyt\raman\pigeonite\augmented_tongyi_physics4\Aragonite__X050023__Raman__785__0__unoriented__Raman_Data_Processed__6459.csv
PARENT_0333,RRUFF database,visible_nir_supervised_reference,reference_qc_excluded,Carbonate,Aragonite,manual_review_keep_in_metadata,high_cosmic_spike_or_discontinuity_fraction,3935.7401999982203,4,1.0,0.18198506641554565,0.12738853503184713,The identification of this mineral has been confirmed by X-ray diffraction and chemical analysis,d:\dyt\raman\pigeonite\augmented_tongyi_physics4\Aragonite__R060195__Raman__532__0__unoriented__Raman_Data_RAW__33276.csv
PARENT_0334,RRUFF database,visible_nir_supervised_reference,reference_qc_excluded,Carbonate,Aragonite,manual_review_keep_in_metadata,high_cosmic_spike_or_discontinuity_fraction,3534.7523821804334,4,0.9999999999999999,0.01883993190390981,0.10270926000808735,The identification of this mineral has been confirmed by X-ray diffraction and chemical analysis,d:\dyt\raman\pigeonite\augmented_tongyi_physics4\Aragonite__R060195__Raman__780__0__unoriented__Raman_Data_RAW__33278.csv
PARENT_0335,RRUFF database,visible_nir_supervised_reference,train,Carbonate,Aragonite,main_training_keep,passes_provenance_and_spectral_quality_checks,1517.5581999053788,4,0.7223555236212779,0.4953568344626064,0.06324582338902147,The identification of this mineral is confirmed by single-crystal X-ray diffraction and chemical analysis.,d:\dyt\raman\pigeonite\augmented_tongyi_physics4\Aragonite__R080142__Raman__532__0__unoriented__Raman_Data_RAW__30672.csv
PARENT_0336,RRUFF database,visible_nir_supervised_reference,train,Carbonate,Aragonite,main_training_keep,passes_provenance_and_spectral_quality_checks,859.0211250878858,4,0.9999999999999993,0.12519803490160253,0.04082457558609539,The identification of this mineral is confirmed by single-crystal X-ray diffraction and chemical analysis.,d:\dyt\raman\pigeonite\augmented_tongyi_physics4\Aragonite__R080142__Raman__780__0__unoriented__Raman_Data_RAW__30670.csv
PARENT_0337,RRUFF database,visible_nir_supervised_reference,val,Carbonate,Aragonite,main_training_keep,passes_provenance_and_spectral_quality_checks,900.1153396070328,4,0.9599988281885353,0.21408002848192403,0.040986868284918425,The identification of this mineral has been confirmed by X-ray diffraction and chemical analysis,d:\dyt\raman\pigeonite\augmented_tongyi_physics4\Aragonite__R150021__Raman__532__0__unoriented__Raman_Data_RAW__38864.csv
PARENT_0338,RRUFF database,visible_nir_supervised_reference,val,Carbonate,Aragonite,main_training_keep,passes_provenance_and_spectral_quality_checks,964.7067079659633,5,0.9999999999999993,0.3497184893791927,0.04242424242424243,The identification of this mineral has been confirmed by X-ray diffraction and chemical analysis,d:\dyt\raman\pigeonite\augmented_tongyi_physics4\Aragonite__R150021__Raman__780__0__unoriented__Raman_Data_RAW__38866.csv
PARENT_0339,RRUFF database,visible_nir_supervised_reference,train,Carbonate,Calcite,main_training_keep,passes_provenance_and_spectral_quality_checks,2074.0470533616594,4,0.9943967512549808,0.20062750290929773,0.07906783187682064,The identification of this mineral has been confirmed by X-ray diffraction and chemical analysis,d:\dyt\raman\pigeonite\augmented_tongyi_physics4\Calcite__R040070__Raman__532__0__unoriented__Raman_Data_RAW__15329.csv
PARENT_0340,RRUFF database,visible_nir_supervised_reference,reference_qc_excluded,Carbonate,Calcite,manual_review_keep_in_metadata,high_cosmic_spike_or_discontinuity_fraction,2402.2456133813107,4,1.0,0.00833936305925103,0.08831058020477815,The identification of this mineral has been confirmed by X-ray diffraction and chemical analysis,d:\dyt\raman\pigeonite\augmented_tongyi_physics4\Calcite__R040070__Raman__785__0__unoriented__Raman_Data_RAW__15333.csv
PARENT_0341,RRUFF database,visible_nir_supervised_reference,train,Carbonate,Calcite,main_training_keep,passes_provenance_and_spectral_quality_checks,171.28942706852985,6,1.0,0.4358862450618026,0.017009847806624886,The identification of this mineral has been confirmed by X-ray diffraction and chemical analysis,d:\dyt\raman\pigeonite\augmented_tongyi_physics4\Calcite__R040170__Raman__514__0__unoriented__Raman_Data_RAW__9652.csv
PARENT_0342,RRUFF database,visible_nir_supervised_reference,train,Carbonate,Calcite,main_training_keep,passes_provenance_and_spectral_quality_checks,1169.976991480717,3,0.880522943744955,0.24403694884726262,0.021469859620148638,The identification of this mineral has been confirmed by X-ray diffraction and chemical analysis,d:\dyt\raman\pigeonite\augmented_tongyi_physics4\Calcite__R040170__Raman__532__0__unoriented__Raman_Data_RAW__20885.csv
PARENT_0343,RRUFF database,visible_nir_supervised_reference,train,Carbonate,Calcite,main_training_keep,passes_provenance_and_spectral_quality_checks,1041.4455738198633,4,0.9999999999999999,0.05530158706386606,0.04746044962531224,The identification of this mineral has been confirmed by X-ray diffraction and chemical analysis,d:\dyt\raman\pigeonite\augmented_tongyi_physics4\Calcite__R040170__Raman__785__0__unoriented__Raman_Data_RAW__20887.csv
PARENT_0344,RRUFF database,visible_nir_supervised_reference,train,Carbonate,Calcite,main_training_keep,passes_provenance_and_spectral_quality_checks,284.8144623011341,4,1.0,0.28570534158060235,0.04351851851851852,The identification of this mineral has been confirmed by X-ray diffraction and chemical analysis,d:\dyt\raman\pigeonite\augmented_tongyi_physics4\Calcite__R050048__Raman__514__0__unoriented__Raman_Data_RAW__9919.csv
PARENT_0345,RRUFF database,visible_nir_supervised_reference,train,Carbonate,Calcite,main_training_keep,passes_provenance_and_spectral_quality_checks,766.3625934005834,3,0.9992830145470196,0.026231867162114533,0.02865329512893983,The identification of this mineral has been confirmed by X-ray diffraction and chemical analysis,d:\dyt\raman\pigeonite\augmented_tongyi_physics4\Calcite__R050048__Raman__532__0__unoriented__Raman_Data_RAW__21179.csv
PARENT_0346,RRUFF database,visible_nir_supervised_reference,train,Carbonate,Calcite,main_training_keep,passes_provenance_and_spectral_quality_checks,492.561414397741,4,0.9998555176118992,0.029907414189149464,0.030603804797353185,The identification of this mineral has been confirmed by X-ray diffraction and chemical analysis,d:\dyt\raman\pigeonite\augmented_tongyi_physics4\Calcite__R050048__Raman__785__0__unoriented__Raman_Data_RAW__21181.csv
PARENT_0347,RRUFF database,visible_nir_supervised_reference,train,Carbonate,Calcite,main_training_keep,passes_provenance_and_spectral_quality_checks,343.20586184994715,5,0.9226017871092071,0.36510123228833397,0.0063119927862939585,The identification of this mineral has been confirmed by X-ray diffraction and chemical analysis,d:\dyt\raman\pigeonite\augmented_tongyi_physics4\Calcite__R050009__Raman__514__0__unoriented__Raman_Data_RAW__9848.csv
PARENT_0348,RRUFF database,visible_nir_supervised_reference,train,Carbonate,Calcite,main_training_keep,passes_provenance_and_spectral_quality_checks,1323.4660686194804,5,0.8883796213344686,0.025019538831467854,0.06252622744439781,The identification of this mineral has been confirmed by X-ray diffraction and chemical analysis,d:\dyt\raman\pigeonite\augmented_tongyi_physics4\Calcite__R050009__Raman__785__0__unoriented__Raman_Data_RAW__21024.csv
PARENT_0349,RRUFF database,visible_nir_supervised_reference,train,Carbonate,Calcite,main_training_keep,passes_provenance_and_spectral_quality_checks,2757.9107277498824,3,0.718761547754823,0.29899559489596134,0.036901865369018655,The identification of this mineral has been confirmed by X-ray diffraction and chemical analysis,d:\dyt\raman\pigeonite\augmented_tongyi_physics4\Calcite__R050009__Raman__532__0__unoriented__Raman_Data_RAW__21026.csv
PARENT_0350,RRUFF database,visible_nir_supervised_reference,test,Carbonate,Calcite,main_training_keep,passes_provenance_and_spectral_quality_checks,176.81354951857784,5,1.0,0.32916126848596955,0.018666666666666668,The identification of this mineral has been confirmed by X-ray diffraction and chemical analysis,d:\dyt\raman\pigeonite\augmented_tongyi_physics4\Calcite__R050127__Raman__514__0__unoriented__Raman_Data_RAW__10125.csv
PARENT_0351,RRUFF database,visible_nir_supervised_reference,reference_qc_excluded,Carbonate,Calcite,manual_review_keep_in_metadata,high_cosmic_spike_or_discontinuity_fraction,7166.955008907072,4,0.9999999999999999,0.013834126281297236,0.1302588996763754,The identification of this mineral has been confirmed by X-ray diffraction and chemical analysis,d:\dyt\raman\pigeonite\augmented_tongyi_physics4\Calcite__R050127__Raman__780__0__unoriented__Raman_Data_RAW__27191.csv
PARENT_0352,RRUFF database,visible_nir_supervised_reference,reference_qc_excluded,Carbonate,Calcite,manual_review_keep_in_metadata,high_cosmic_spike_or_discontinuity_fraction,7549.061979226313,4,0.9978397022935303,0.008632278003420065,0.13027888446215138,The identification of this mineral has been confirmed by X-ray diffraction and chemical analysis,d:\dyt\raman\pigeonite\augmented_tongyi_physics4\Calcite__R050127__Raman__532__0__unoriented__Raman_Data_RAW__27193.csv
PARENT_0353,RRUFF database,visible_nir_supervised_reference,train,Carbonate,Calcite,main_training_keep,passes_provenance_and_spectral_quality_checks,83.8520732442564,4,1.0,0.0010097071513762508,0.011818181818181818,The identification of this mineral has been confirmed by X-ray diffraction and chemical analysis,d:\dyt\raman\pigeonite\augmented_tongyi_physics4\Calcite__R050128__Raman__514__0__unoriented__Raman_Data_RAW__5645.csv
PARENT_0354,RRUFF database,visible_nir_supervised_reference,train,Carbonate,Calcite,main_training_keep,passes_provenance_and_spectral_quality_checks,2180.3439799296502,4,0.7992345829340485,0.4849159009833801,0.07845479888490642,The identification of this mineral has been confirmed by X-ray diffraction and chemical analysis,d:\dyt\raman\pigeonite\augmented_tongyi_physics4\Calcite__R050128__Raman__532__0__unoriented__Raman_Data_RAW__27264.csv
PARENT_0355,RRUFF database,visible_nir_supervised_reference,train,Carbonate,Calcite,main_training_keep,passes_provenance_and_spectral_quality_checks,1899.2964631907068,3,0.9999999999999997,0.6743013915123862,0.025464834276475345,The identification of this mineral has been confirmed by X-ray diffraction and chemical analysis,d:\dyt\raman\pigeonite\augmented_tongyi_physics4\Calcite__R050128__Raman__780__0__unoriented__Raman_Data_RAW__27266.csv
PARENT_0356,RRUFF database,visible_nir_supervised_reference,val,Carbonate,Calcite,main_training_keep,passes_provenance_and_spectral_quality_checks,273.4491454482897,5,1.0,0.4218256898137015,0.009208103130755065,The identification of this mineral has been confirmed by X-ray diffraction and chemical analysis,d:\dyt\raman\pigeonite\augmented_tongyi_physics4\Calcite__R050130__Raman__514__0__unoriented__Raman_Data_RAW__10129.csv
PARENT_0357,RRUFF database,visible_nir_supervised_reference,reference_qc_excluded,Carbonate,Calcite,manual_review_keep_in_metadata,high_cosmic_spike_or_discontinuity_fraction,5721.152036995298,4,0.9773723964354708,0.14269994510631015,0.11748307447232179,The identification of this mineral has been confirmed by X-ray diffraction and chemical analysis,d:\dyt\raman\pigeonite\augmented_tongyi_physics4\Calcite__R050130__Raman__532__0__unoriented__Raman_Data_RAW__27272.csv
PARENT_0358,RRUFF database,visible_nir_supervised_reference,reference_qc_excluded,Carbonate,Calcite,manual_review_keep_in_metadata,high_cosmic_spike_or_discontinuity_fraction,4554.660777878838,3,1.0,0.009311496027541126,0.10428455941794665,The identification of this mineral has been confirmed by X-ray diffraction and chemical analysis,d:\dyt\raman\pigeonite\augmented_tongyi_physics4\Calcite__R050130__Raman__780__0__unoriented__Raman_Data_RAW__27274.csv
PARENT_0359,RRUFF database,visible_nir_supervised_reference,reference_qc_excluded,Carbonate,Calcite,manual_review_keep_in_metadata,high_cosmic_spike_or_discontinuity_fraction,6179.317472821253,3,0.9999999999999998,5.946122490585694e-05,0.09914794732765299,The identification of this mineral has been determined only by Raman spectroscopy,d:\dyt\raman\pigeonite\augmented_tongyi_physics4\Calcite__X050034__Raman__785__0__unoriented__Raman_Data_Processed__6494.csv
PARENT_0360,RRUFF database,visible_nir_supervised_reference,reference_qc_excluded,Carbonate,Calcite,manual_review_keep_in_metadata,rruff_identification_status_low_confidence,999.5509381215119,6,0.9999999999999998,0.0002411746107158893,0.049573973663826494,The identification of this mineral has been determined only by Raman spectroscopy,d:\dyt\raman\pigeonite\augmented_tongyi_physics4\Calcite__X050035__Raman__785__0__unoriented__Raman_Data_Processed__6495.csv
PARENT_0361,RRUFF database,visible_nir_supervised_reference,train,Carbonate,Calcite,main_training_keep,passes_provenance_and_spectral_quality_checks,390.52588671753426,3,1.0,0.1882769219070547,0.04207699194270367,The identification of this mineral has been confirmed by X-ray diffraction and chemical analysis,d:\dyt\raman\pigeonite\augmented_tongyi_physics4\Calcite__R050307__Raman__514__0__unoriented__Raman_Data_RAW__10749.csv
PARENT_0362,RRUFF database,visible_nir_supervised_reference,reference_qc_excluded,Carbonate,Calcite,manual_review_keep_in_metadata,high_cosmic_spike_or_discontinuity_fraction,4763.782400202547,4,0.9999999999999999,0.004870759517988233,0.11210762331838565,The identification of this mineral has been confirmed by X-ray diffraction and chemical analysis,d:\dyt\raman\pigeonite\augmented_tongyi_physics4\Calcite__R050307__Raman__780__0__unoriented__Raman_Data_RAW__28759.csv
PARENT_0363,RRUFF database,visible_nir_supervised_reference,reference_qc_excluded,Carbonate,Calcite,manual_review_keep_in_metadata,high_cosmic_spike_or_discontinuity_fraction,3115.7100572950385,4,0.9719366829228457,0.019908874983919876,0.08983739837398375,The identification of this mineral has been confirmed by X-ray diffraction and chemical analysis,d:\dyt\raman\pigeonite\augmented_tongyi_physics4\Calcite__R050307__Raman__532__0__unoriented__Raman_Data_RAW__28761.csv
PARENT_0364,RRUFF database,visible_nir_supervised_reference,test,Carbonate,Calcite,main_training_keep,passes_provenance_and_spectral_quality_checks,1238.2681476774942,3,0.9606380839628291,0.22300402387146365,0.04655789892558695,The identification of this mineral has been confirmed by X-ray diffraction and chemical analysis,d:\dyt\raman\pigeonite\augmented_tongyi_physics4\Calcite__R150020__Raman__532__0__unoriented__Raman_Data_RAW__38860.csv
PARENT_0365,RRUFF database,visible_nir_supervised_reference,test,Carbonate,Calcite,main_training_keep,passes_provenance_and_spectral_quality_checks,1094.9459672613061,4,0.9999999999999993,0.04170814056176299,0.06424242424242424,The identification of this mineral has been confirmed by X-ray diffraction and chemical analysis,d:\dyt\raman\pigeonite\augmented_tongyi_physics4\Calcite__R150020__Raman__780__0__unoriented__Raman_Data_RAW__38862.csv
PARENT_0366,RRUFF database,visible_nir_supervised_reference,reference_qc_excluded,Carbonate,Calcite,manual_review_keep_in_metadata,high_cosmic_spike_or_discontinuity_fraction,4149.939220186485,3,0.9749360918190613,0.047336749372615804,0.10031847133757962,The identification of this mineral has been determined only by Raman spectroscopy,d:\dyt\raman\pigeonite\augmented_tongyi_physics4\Calcite__R150075__Raman__532__0__unoriented__Raman_Data_RAW__38606.csv
PARENT_0367,RRUFF database,visible_nir_supervised_reference,reference_qc_excluded,Carbonate,Calcite,manual_review_keep_in_metadata,high_cosmic_spike_or_discontinuity_fraction,6479.783208441427,3,0.9990183404912191,0.018317390605426895,0.12732417138237673,The identification of this mineral has been determined only by Raman spectroscopy,d:\dyt\raman\pigeonite\augmented_tongyi_physics4\Calcite__R150075__Raman__780__0__unoriented__Raman_Data_RAW__38608.csv
PARENT_0368,RRUFF database,visible_nir_supervised_reference,val,Carbonate,Dolomite,main_training_keep,passes_provenance_and_spectral_quality_checks,271.74876941889505,3,1.0,0.4245115354998696,0.036178107606679034,The identification of this mineral has been confirmed by X-ray diffraction and chemical analysis,d:\dyt\raman\pigeonite\augmented_tongyi_physics4\Dolomite__R040030__Raman__514__0__unoriented__Raman_Data_RAW__9309.csv
PARENT_0369,RRUFF database,visible_nir_supervised_reference,reference_qc_excluded,Carbonate,Dolomite,manual_review_keep_in_metadata,high_cosmic_spike_or_discontinuity_fraction,2881.416111842398,4,0.9999999999999998,0.008285554375073797,0.10809682804674457,The identification of this mineral has been confirmed by X-ray diffraction and chemical analysis,d:\dyt\raman\pigeonite\augmented_tongyi_physics4\Dolomite__R040030__Raman__780__0__unoriented__Raman_Data_RAW__26336.csv
PARENT_0370,RRUFF database,visible_nir_supervised_reference,reference_qc_excluded,Carbonate,Dolomite,manual_review_keep_in_metadata,high_cosmic_spike_or_discontinuity_fraction,3023.5567483746527,4,0.9995301257121657,0.07437675473873014,0.09513917739925218,The identification of this mineral has been confirmed by X-ray diffraction and chemical analysis,d:\dyt\raman\pigeonite\augmented_tongyi_physics4\Dolomite__R040030__Raman__532__0__unoriented__Raman_Data_RAW__26338.csv
PARENT_0371,RRUFF database,visible_nir_supervised_reference,train,Carbonate,Dolomite,main_training_keep,passes_provenance_and_spectral_quality_checks,326.85866141260243,2,0.9475975439737887,0.3458533047583881,0.018018018018018018,The identification of this mineral has been confirmed by X-ray diffraction and chemical analysis,d:\dyt\raman\pigeonite\augmented_tongyi_physics4\Dolomite__R050129__Raman__514__0__unoriented__Raman_Data_RAW__10127.csv
PARENT_0372,RRUFF database,visible_nir_supervised_reference,train,Carbonate,Dolomite,main_training_keep,passes_provenance_and_spectral_quality_checks,1499.0413582787812,4,0.9999999999999991,0.040966330139040434,0.06305578011317704,The identification of this mineral has been confirmed by X-ray diffraction and chemical analysis,d:\dyt\raman\pigeonite\augmented_tongyi_physics4\Dolomite__R050129__Raman__780__0__unoriented__Raman_Data_RAW__27268.csv
PARENT_0373,RRUFF database,visible_nir_supervised_reference,reference_qc_excluded,Carbonate,Dolomite,manual_review_keep_in_metadata,high_cosmic_spike_or_discontinuity_fraction,3184.1811553281323,4,0.9736834021399299,0.06820086963923581,0.1027479091995221,The identification of this mineral has been confirmed by X-ray diffraction and chemical analysis,d:\dyt\raman\pigeonite\augmented_tongyi_physics4\Dolomite__R050129__Raman__532__0__unoriented__Raman_Data_RAW__27270.csv
PARENT_0374,RRUFF database,visible_nir_supervised_reference,reference_qc_excluded,Carbonate,Dolomite,manual_review_keep_in_metadata,rruff_identification_status_low_confidence,667.9143115332065,9,0.9999999999999977,0.002364295603545567,0.042602633617350893,The identification of this mineral has been determined only by Raman spectroscopy,d:\dyt\raman\pigeonite\augmented_tongyi_physics4\Dolomite__X050062__Raman__785__0__unoriented__Raman_Data_Processed__6480.csv
PARENT_0375,RRUFF database,visible_nir_supervised_reference,reference_qc_excluded,Carbonate,Dolomite,manual_review_keep_in_metadata,rruff_identification_status_low_confidence,1014.2671989417938,7,0.9999999999999984,0.0005790412936079892,0.052672347017815646,The identification of this mineral has been determined only by Raman spectroscopy,d:\dyt\raman\pigeonite\augmented_tongyi_physics4\Dolomite__X050063__Raman__785__0__unoriented__Raman_Data_Processed__6481.csv
PARENT_0376,RRUFF database,visible_nir_supervised_reference,val,Carbonate,Dolomite,main_training_keep,passes_provenance_and_spectral_quality_checks,285.4713771907998,3,0.9615683997831252,0.3229137112513052,0.017873100983020553,The identification of this mineral has been confirmed by X-ray diffraction and chemical analysis,d:\dyt\raman\pigeonite\augmented_tongyi_physics4\Dolomite__R050241__Raman__514__0__unoriented__Raman_Data_RAW__10645.csv
PARENT_0377,RRUFF database,visible_nir_supervised_reference,reference_qc_excluded,Carbonate,Dolomite,manual_review_keep_in_metadata,high_cosmic_spike_or_discontinuity_fraction,3836.9447990536605,4,0.9997596808194943,0.0033364793811615865,0.10185933710590138,The identification of this mineral has been confirmed by X-ray diffraction and chemical analysis,d:\dyt\raman\pigeonite\augmented_tongyi_physics4\Dolomite__R050241__Raman__780__0__unoriented__Raman_Data_RAW__28090.csv
PARENT_0378,RRUFF database,visible_nir_supervised_reference,reference_qc_excluded,Carbonate,Dolomite,manual_review_keep_in_metadata,high_cosmic_spike_or_discontinuity_fraction,2344.422967859371,4,0.920198634307874,0.1399312797998614,0.08151093439363817,The identification of this mineral has been confirmed by X-ray diffraction and chemical analysis,d:\dyt\raman\pigeonite\augmented_tongyi_physics4\Dolomite__R050241__Raman__532__0__unoriented__Raman_Data_RAW__28092.csv
PARENT_0379,RRUFF database,visible_nir_supervised_reference,train,Carbonate,Dolomite,main_training_keep,passes_provenance_and_spectral_quality_checks,407.19579458158483,4,0.9567382656860606,0.13677914737517402,0.03225806451612903,The identification of this mineral has been confirmed by X-ray diffraction and chemical analysis,d:\dyt\raman\pigeonite\augmented_tongyi_physics4\Dolomite__R050272__Raman__514__0__unoriented__Raman_Data_RAW__10691.csv
PARENT_0380,RRUFF database,visible_nir_supervised_reference,reference_qc_excluded,Carbonate,Dolomite,manual_review_keep_in_metadata,high_cosmic_spike_or_discontinuity_fraction,3846.494050732588,4,0.9934043694823443,0.011139123913294732,0.10828025477707007,The identification of this mineral has been confirmed by X-ray diffraction and chemical analysis,d:\dyt\raman\pigeonite\augmented_tongyi_physics4\Dolomite__R050272__Raman__532__0__unoriented__Raman_Data_RAW__28295.csv
PARENT_0381,RRUFF database,visible_nir_supervised_reference,reference_qc_excluded,Carbonate,Dolomite,manual_review_keep_in_metadata,high_cosmic_spike_or_discontinuity_fraction,3094.0974943197784,4,0.9999999999999998,0.00566681764369921,0.09539207760711399,The identification of this mineral has been confirmed by X-ray diffraction and chemical analysis,d:\dyt\raman\pigeonite\augmented_tongyi_physics4\Dolomite__R050272__Raman__780__0__unoriented__Raman_Data_RAW__28297.csv
PARENT_0382,RRUFF database,visible_nir_supervised_reference,train,Carbonate,Dolomite,main_training_keep,passes_provenance_and_spectral_quality_checks,294.843872147936,4,0.9490013907648942,0.40493419869019154,0.013562386980108499,The identification of this mineral has been confirmed by X-ray diffraction and chemical analysis,d:\dyt\raman\pigeonite\augmented_tongyi_physics4\Dolomite__R050357__Raman__514__0__unoriented__Raman_Data_RAW__10813.csv
PARENT_0383,RRUFF database,visible_nir_supervised_reference,reference_qc_excluded,Carbonate,Dolomite,manual_review_keep_in_metadata,high_cosmic_spike_or_discontinuity_fraction,2479.5271612466586,4,0.9952368198808876,0.04370852625802192,0.09704289879216993,The identification of this mineral has been confirmed by X-ray diffraction and chemical analysis,d:\dyt\raman\pigeonite\augmented_tongyi_physics4\Dolomite__R050357__Raman__532__0__unoriented__Raman_Data_RAW__29455.csv
PARENT_0384,RRUFF database,visible_nir_supervised_reference,reference_qc_excluded,Carbonate,Dolomite,manual_review_keep_in_metadata,high_cosmic_spike_or_discontinuity_fraction,1830.7974889665072,4,0.982401301894811,0.03812518886275422,0.08329845123482629,The identification of this mineral has been confirmed by X-ray diffraction and chemical analysis,d:\dyt\raman\pigeonite\augmented_tongyi_physics4\Dolomite__R050357__Raman__780__0__unoriented__Raman_Data_RAW__29457.csv
PARENT_0385,RRUFF database,visible_nir_supervised_reference,reference_qc_excluded,Carbonate,Dolomite,manual_review_keep_in_metadata,high_cosmic_spike_or_discontinuity_fraction,3445.3654143280182,4,0.9999999999999998,0.007335694057876735,0.10823716673298846,The identification of this mineral has been confirmed by X-ray diffraction and chemical analysis,d:\dyt\raman\pigeonite\augmented_tongyi_physics4\Dolomite__R050370__Raman__532__0__unoriented__Raman_Data_RAW__29621.csv
PARENT_0386,RRUFF database,visible_nir_supervised_reference,reference_qc_excluded,Carbonate,Dolomite,manual_review_keep_in_metadata,high_cosmic_spike_or_discontinuity_fraction,3445.3654143280182,4,0.9999999999999998,0.007335694057876735,0.10823716673298846,The identification of this mineral has been confirmed by X-ray diffraction and chemical analysis,d:\dyt\raman\pigeonite\augmented_tongyi_physics4\Dolomite__R050370__Raman__532__0__unoriented__Raman_Data_RAW__29621.csv
PARENT_0387,RRUFF database,visible_nir_supervised_reference,test,Carbonate,Dolomite,main_training_keep,passes_provenance_and_spectral_quality_checks,1671.5219664784122,4,0.7737970658781496,0.3960753959113026,0.07211155378486056,The identification of this mineral has been confirmed only by single crystal X-ray diffraction.,d:\dyt\raman\pigeonite\augmented_tongyi_physics4\Dolomite__R100118__Raman__532__0__unoriented__Raman_Data_RAW__34450.csv
PARENT_0388,RRUFF database,visible_nir_supervised_reference,test,Carbonate,Dolomite,main_training_keep,passes_provenance_and_spectral_quality_checks,2380.5906639992327,4,0.9999999999999989,0.004184722200484402,0.07841552142279709,The identification of this mineral has been confirmed only by single crystal X-ray diffraction.,d:\dyt\raman\pigeonite\augmented_tongyi_physics4\Dolomite__R100118__Raman__780__0__unoriented__Raman_Data_RAW__34452.csv
PARENT_0389,RRUFF database,visible_nir_supervised_reference,reference_qc_excluded,Carbonate,Dolomite,manual_review_keep_in_metadata,high_cosmic_spike_or_discontinuity_fraction,3343.9917090757763,4,0.872304166400764,0.2233379361399152,0.10438247011952191,The identification of this mineral has been confirmed only by single crystal X-ray diffraction.,d:\dyt\raman\pigeonite\augmented_tongyi_physics4\Dolomite__R100168__Raman__532__0__unoriented__Raman_Data_RAW__34679.csv
PARENT_0390,RRUFF database,visible_nir_supervised_reference,reference_qc_excluded,Carbonate,Dolomite,manual_review_keep_in_metadata,high_cosmic_spike_or_discontinuity_fraction,3478.012050719614,4,0.9920901295640208,0.007159750621240315,0.11883589329021826,The identification of this mineral has been confirmed only by single crystal X-ray diffraction.,d:\dyt\raman\pigeonite\augmented_tongyi_physics4\Dolomite__R100168__Raman__780__0__unoriented__Raman_Data_RAW__34681.csv
PARENT_0391,RRUFF database,visible_nir_supervised_reference,train,Carbonate,Magnesite,main_training_keep,passes_provenance_and_spectral_quality_checks,1485.7021467345946,4,1.0,0.026489235739910445,0.07423580786026202,The identification of this mineral has been confirmed by X-ray diffraction and chemical analysis,d:\dyt\raman\pigeonite\augmented_tongyi_physics4\Magnesite__R040114__Raman__514__0__unoriented__Raman_Data_RAW__9518.csv
PARENT_0392,RRUFF database,visible_nir_supervised_reference,reference_qc_excluded,Carbonate,Magnesite,manual_review_keep_in_metadata,high_cosmic_spike_or_discontinuity_fraction,3483.306855341333,4,0.9899433289337821,0.009300225363162056,0.08308730493462674,The identification of this mineral has been confirmed by X-ray diffraction and chemical analysis,d:\dyt\raman\pigeonite\augmented_tongyi_physics4\Magnesite__R040114__Raman__532__0__unoriented__Raman_Data_RAW__19695.csv
PARENT_0393,RRUFF database,visible_nir_supervised_reference,train,Carbonate,Magnesite,main_training_keep,passes_provenance_and_spectral_quality_checks,2581.563456559416,4,1.0,0.007515169580660694,0.0724826388888889,The identification of this mineral has been confirmed by X-ray diffraction and chemical analysis,d:\dyt\raman\pigeonite\augmented_tongyi_physics4\Magnesite__R040114__Raman__785__0__unoriented__Raman_Data_RAW__19697.csv
PARENT_0394,RRUFF database,visible_nir_supervised_reference,reference_qc_excluded,Carbonate,Magnesite,manual_review_keep_in_metadata,rruff_identification_status_low_confidence,3148.9119687003436,3,0.9999999999999994,2.3643320418201636e-05,0.07823392718822618,The identification of this mineral has been determined only by Raman spectroscopy,d:\dyt\raman\pigeonite\augmented_tongyi_physics4\Magnesite__X050115__Raman__785__0__unoriented__Raman_Data_Processed__6609.csv
PARENT_0395,RRUFF database,visible_nir_supervised_reference,reference_qc_excluded,Carbonate,Magnesite,manual_review_keep_in_metadata,rruff_identification_status_low_confidence,1914.0076242464484,3,0.9999999999999996,0.0001898281465631216,0.07513555383423702,The identification of this mineral has been determined only by Raman spectroscopy,d:\dyt\raman\pigeonite\augmented_tongyi_physics4\Magnesite__X050116__Raman__785__0__unoriented__Raman_Data_Processed__6610.csv
PARENT_0396,RRUFF database,visible_nir_supervised_reference,train,Carbonate,Magnesite,main_training_keep,passes_provenance_and_spectral_quality_checks,597.4821327255413,3,1.0,0.34500376449682724,0.039377289377289376,The identification of this mineral has been confirmed by X-ray diffraction and chemical analysis,d:\dyt\raman\pigeonite\augmented_tongyi_physics4\Magnesite__R050443__Raman__514__0__unoriented__Raman_Data_RAW__10890.csv
PARENT_0397,RRUFF database,visible_nir_supervised_reference,reference_qc_excluded,Carbonate,Magnesite,manual_review_keep_in_metadata,high_cosmic_spike_or_discontinuity_fraction,6677.026371849929,4,0.9946019388005928,0.004716460853749176,0.09868682849184242,The identification of this mineral has been confirmed by X-ray diffraction and chemical analysis,d:\dyt\raman\pigeonite\augmented_tongyi_physics4\Magnesite__R050443__Raman__532__0__unoriented__Raman_Data_RAW__30763.csv
PARENT_0398,RRUFF database,visible_nir_supervised_reference,reference_qc_excluded,Carbonate,Magnesite,manual_review_keep_in_metadata,high_cosmic_spike_or_discontinuity_fraction,3484.634673745908,4,0.9999999999999992,0.008196170260607118,0.082053354890865,The identification of this mineral has been confirmed by X-ray diffraction and chemical analysis,d:\dyt\raman\pigeonite\augmented_tongyi_physics4\Magnesite__R050443__Raman__780__0__unoriented__Raman_Data_RAW__30765.csv
PARENT_0399,RRUFF database,visible_nir_supervised_reference,reference_qc_excluded,Carbonate,Magnesite,manual_review_keep_in_metadata,high_cosmic_spike_or_discontinuity_fraction,12489.56429479913,4,0.9999999999999998,0.001921275739834233,0.13853503184713375,The identification of this mineral has been confirmed by X-ray diffraction and chemical analysis,d:\dyt\raman\pigeonite\augmented_tongyi_physics4\Magnesite__R050676__Raman__532__0__unoriented__Raman_Data_RAW__32896.csv
PARENT_0400,RRUFF database,visible_nir_supervised_reference,reference_qc_excluded,Carbonate,Magnesite,manual_review_keep_in_metadata,high_cosmic_spike_or_discontinuity_fraction,3189.284838550842,4,0.989458858691078,0.01568134407464145,0.08606060606060606,The identification of this mineral has been confirmed by X-ray diffraction and chemical analysis,d:\dyt\raman\pigeonite\augmented_tongyi_physics4\Magnesite__R050676__Raman__780__0__unoriented__Raman_Data_RAW__32898.csv
PARENT_0401,RRUFF database,visible_nir_supervised_reference,reference_qc_excluded,Carbonate,Nahcolite,manual_review_keep_in_metadata,high_cosmic_spike_or_discontinuity_fraction,1446.0207720255526,8,1.0,0.09124908646035029,0.1314822376480196,The identification of this mineral has been confirmed by X-ray diffraction and chemical analysis,d:\dyt\raman\pigeonite\augmented_tongyi_physics4\Nahcolite__R070237__Raman__532__0__unoriented__Raman_Data_RAW__20236.csv
PARENT_0402,RRUFF database,visible_nir_supervised_reference,train,Carbonate,Nahcolite,main_training_keep,passes_provenance_and_spectral_quality_checks,793.0955277761354,6,1.0,0.24116535719952076,0.07240017551557701,The identification of this mineral has been confirmed by X-ray diffraction and chemical analysis,d:\dyt\raman\pigeonite\augmented_tongyi_physics4\Nahcolite__R070237__Raman__785__0__unoriented__Raman_Data_RAW__20238.csv
PARENT_0403,RRUFF database,visible_nir_supervised_reference,train,Carbonate,Rhodochrosite,main_training_keep,passes_provenance_and_spectral_quality_checks,251.99106135554135,4,1.0,0.16253617816316315,0.04331797235023042,The identification of this mineral has been confirmed by X-ray diffraction and chemical analysis,d:\dyt\raman\pigeonite\augmented_tongyi_physics4\Rhodochrosite__R040133__Raman__514__0__unoriented__Raman_Data_RAW__9556.csv
PARENT_0404,RRUFF database,visible_nir_supervised_reference,reference_qc_excluded,Carbonate,Rhodochrosite,manual_review_keep_in_metadata,high_cosmic_spike_or_discontinuity_fraction,6126.970058966159,3,0.999262068505712,0.010311646333661828,0.10906040268456375,The identification of this mineral has been confirmed by X-ray diffraction and chemical analysis,d:\dyt\raman\pigeonite\augmented_tongyi_physics4\Rhodochrosite__R040133__Raman__532__0__unoriented__Raman_Data_RAW__19781.csv
PARENT_0405,RRUFF database,visible_nir_supervised_reference,reference_qc_excluded,Carbonate,Rhodochrosite,manual_review_keep_in_metadata,high_cosmic_spike_or_discontinuity_fraction,4426.17727074898,4,0.9994231231243713,0.0035694342296304815,0.09995517705064993,The identification of this mineral has been confirmed by X-ray diffraction and chemical analysis,d:\dyt\raman\pigeonite\augmented_tongyi_physics4\Rhodochrosite__R040133__Raman__785__0__unoriented__Raman_Data_RAW__19783.csv
PARENT_0406,RRUFF database,visible_nir_supervised_reference,train,Carbonate,Rhodochrosite,main_training_keep,passes_provenance_and_spectral_quality_checks,173.26745073568728,4,1.0,0.13258005605521214,0.030685920577617327,The identification of this mineral has been confirmed by X-ray diffraction and chemical analysis,d:\dyt\raman\pigeonite\augmented_tongyi_physics4\Rhodochrosite__R050019__Raman__514__0__unoriented__Raman_Data_RAW__9864.csv
PARENT_0407,RRUFF database,visible_nir_supervised_reference,reference_qc_excluded,Carbonate,Rhodochrosite,manual_review_keep_in_metadata,high_cosmic_spike_or_discontinuity_fraction,2351.3527281025517,3,0.9978377782919131,0.004800983540213003,0.08001641362330734,The identification of this mineral has been confirmed by X-ray diffraction and chemical analysis,d:\dyt\raman\pigeonite\augmented_tongyi_physics4\Rhodochrosite__R050019__Raman__532__0__unoriented__Raman_Data_RAW__21139.csv
PARENT_0408,RRUFF database,visible_nir_supervised_reference,train,Carbonate,Rhodochrosite,main_training_keep,passes_provenance_and_spectral_quality_checks,1404.7884702798744,4,0.9965678791216593,0.013112634557735692,0.06343763394770681,The identification of this mineral has been confirmed by X-ray diffraction and chemical analysis,d:\dyt\raman\pigeonite\augmented_tongyi_physics4\Rhodochrosite__R050019__Raman__785__0__unoriented__Raman_Data_RAW__21141.csv
PARENT_0409,RRUFF database,visible_nir_supervised_reference,train,Carbonate,Rhodochrosite,main_training_keep,passes_provenance_and_spectral_quality_checks,310.2367013409754,3,0.9854905518154351,0.13034450238734588,0.026595744680851064,The identification of this mineral has been confirmed by X-ray diffraction and chemical analysis,d:\dyt\raman\pigeonite\augmented_tongyi_physics4\Rhodochrosite__R050116__Raman__514__0__unoriented__Raman_Data_RAW__10105.csv
PARENT_0410,RRUFF database,visible_nir_supervised_reference,reference_qc_excluded,Carbonate,Rhodochrosite,manual_review_keep_in_metadata,high_cosmic_spike_or_discontinuity_fraction,4253.571591012612,3,0.9999999999999999,0.003178104485828736,0.1018821603927987,The identification of this mineral has been confirmed by X-ray diffraction and chemical analysis,d:\dyt\raman\pigeonite\augmented_tongyi_physics4\Rhodochrosite__R050116__Raman__532__0__unoriented__Raman_Data_RAW__27090.csv
PARENT_0411,RRUFF database,visible_nir_supervised_reference,reference_qc_excluded,Carbonate,Rhodochrosite,manual_review_keep_in_metadata,high_cosmic_spike_or_discontinuity_fraction,4396.821061146904,4,0.9999999999999999,0.0029001436240505226,0.09966914805624483,The identification of this mineral has been confirmed by X-ray diffraction and chemical analysis,d:\dyt\raman\pigeonite\augmented_tongyi_physics4\Rhodochrosite__R050116__Raman__780__0__unoriented__Raman_Data_RAW__27093.csv
PARENT_0412,RRUFF database,visible_nir_supervised_reference,reference_qc_excluded,Carbonate,Rhodochrosite,manual_review_keep_in_metadata,high_cosmic_spike_or_discontinuity_fraction,1125.0843075326206,5,0.9999999999999987,0.00013222298855990262,0.08675445391169635,The identification of this mineral has been determined only by Raman spectroscopy,d:\dyt\raman\pigeonite\augmented_tongyi_physics4\Rhodochrosite__X050138__Raman__785__0__unoriented__Raman_Data_Processed__6652.csv
PARENT_0413,RRUFF database,visible_nir_supervised_reference,reference_qc_excluded,Carbonate,Rhodochrosite,manual_review_keep_in_metadata,high_cosmic_spike_or_discontinuity_fraction,3588.0113345486693,4,0.9998488857067104,0.001379159130325118,0.09792993630573249,The identification of this mineral has been confirmed by X-ray diffraction.,d:\dyt\raman\pigeonite\augmented_tongyi_physics4\Rhodochrosite__R100002__Raman__532__0__unoriented__Raman_Data_RAW__33522.csv
PARENT_0414,RRUFF database,visible_nir_supervised_reference,test,Carbonate,Rhodochrosite,main_training_keep,passes_provenance_and_spectral_quality_checks,2709.2409793219226,3,0.9999999999999999,0.0035464854366100973,0.07235246564268391,The identification of this mineral has been confirmed by X-ray diffraction.,d:\dyt\raman\pigeonite\augmented_tongyi_physics4\Rhodochrosite__R100002__Raman__780__0__unoriented__Raman_Data_RAW__33526.csv
PARENT_0415,RRUFF database,visible_nir_supervised_reference,reference_qc_excluded,Carbonate,Rhodochrosite,manual_review_keep_in_metadata,high_cosmic_spike_or_discontinuity_fraction,6198.4062509770165,3,0.9886319105228182,0.03243576573714323,0.11075697211155379,The identification of this mineral has been confirmed by single-crystal X-ray diffraction.,d:\dyt\raman\pigeonite\augmented_tongyi_physics4\Rhodochrosite__R100162__Raman__532__0__unoriented__Raman_Data_RAW__34655.csv
PARENT_0416,RRUFF database,visible_nir_supervised_reference,reference_qc_excluded,Carbonate,Rhodochrosite,manual_review_keep_in_metadata,high_cosmic_spike_or_discontinuity_fraction,6412.987177649977,3,0.9999999999999999,0.0030054700146336893,0.0951571792693288,The identification of this mineral has been confirmed by single-crystal X-ray diffraction.,d:\dyt\raman\pigeonite\augmented_tongyi_physics4\Rhodochrosite__R100162__Raman__780__0__unoriented__Raman_Data_RAW__34657.csv
PARENT_0417,RRUFF database,visible_nir_supervised_reference,train,Carbonate,Siderite,main_training_keep,passes_provenance_and_spectral_quality_checks,593.6619128591909,3,0.9982326347653848,0.049925506248651726,0.04124656278643447,The identification of this mineral has been confirmed by X-ray diffraction and chemical analysis,d:\dyt\raman\pigeonite\augmented_tongyi_physics4\Siderite__R040034__Raman__514__0__unoriented__Raman_Data_RAW__9315.csv
PARENT_0418,RRUFF database,visible_nir_supervised_reference,train,Carbonate,Siderite,main_training_keep,passes_provenance_and_spectral_quality_checks,1837.420318318351,3,0.9999999999999996,0.05165078218780748,0.05941845764854614,The identification of this mineral has been confirmed by X-ray diffraction and chemical analysis,d:\dyt\raman\pigeonite\augmented_tongyi_physics4\Siderite__R040034__Raman__780__0__unoriented__Raman_Data_RAW__26348.csv
PARENT_0419,RRUFF database,visible_nir_supervised_reference,train,Carbonate,Siderite,main_training_keep,passes_provenance_and_spectral_quality_checks,2858.311546769084,3,0.9999999999999998,0.04432212351702059,0.07790549169859515,The identification of this mineral has been confirmed by X-ray diffraction and chemical analysis,d:\dyt\raman\pigeonite\augmented_tongyi_physics4\Siderite__R040034__Raman__532__0__unoriented__Raman_Data_RAW__26350.csv
PARENT_0420,RRUFF database,visible_nir_supervised_reference,reference_qc_excluded,Carbonate,Siderite,manual_review_keep_in_metadata,rruff_identification_status_low_confidence,2114.52315203676,2,0.9999999999999986,9.40158271923041e-05,0.056545313710302095,The identification of this mineral has been determined only by Raman spectroscopy,d:\dyt\raman\pigeonite\augmented_tongyi_physics4\Siderite__X050143__Raman__785__0__unoriented__Raman_Data_Processed__6663.csv
PARENT_0421,RRUFF database,visible_nir_supervised_reference,reference_qc_excluded,Carbonate,Siderite,manual_review_keep_in_metadata,rruff_identification_status_low_confidence,1358.7196056664138,2,0.9999999999999964,0.0002457580090334854,0.060418280402788536,The identification of this mineral has been determined only by Raman spectroscopy,d:\dyt\raman\pigeonite\augmented_tongyi_physics4\Siderite__X050144__Raman__785__0__unoriented__Raman_Data_Processed__6664.csv
PARENT_0422,RRUFF database,visible_nir_supervised_reference,reference_qc_excluded,Carbonate,Siderite,manual_review_keep_in_metadata,rruff_identification_status_low_confidence,346.87598498574357,2,0.35780432179011845,0.5595893530607291,0.0324254215304799,The identification of this mineral has been determined only by Raman spectroscopy,d:\dyt\raman\pigeonite\augmented_tongyi_physics4\Siderite__X050145__Raman__514__0__unoriented__Raman_Data_RAW__6682.csv
PARENT_0423,RRUFF database,visible_nir_supervised_reference,val,Carbonate,Siderite,main_training_keep,passes_provenance_and_spectral_quality_checks,216.2939258595059,3,0.8476348905633028,0.26750553197015653,0.01634877384196185,The identification of this mineral has been confirmed by X-ray diffraction and chemical analysis,d:\dyt\raman\pigeonite\augmented_tongyi_physics4\Siderite__R050262__Raman__514__0__unoriented__Raman_Data_RAW__10944.csv
PARENT_0424,RRUFF database,visible_nir_supervised_reference,reference_qc_excluded,Carbonate,Siderite,manual_review_keep_in_metadata,high_cosmic_spike_or_discontinuity_fraction,3645.694736671637,3,0.9937921307330531,0.022875167072755023,0.08240445859872611,The identification of this mineral has been confirmed by X-ray diffraction and chemical analysis,d:\dyt\raman\pigeonite\augmented_tongyi_physics4\Siderite__R050262__Raman__532__0__unoriented__Raman_Data_RAW__28257.csv
PARENT_0425,RRUFF database,visible_nir_supervised_reference,val,Carbonate,Siderite,main_training_keep,passes_provenance_and_spectral_quality_checks,1256.5072598433937,4,0.9999999999999994,0.04459978229320504,0.05254648342764753,The identification of this mineral has been confirmed by X-ray diffraction and chemical analysis,d:\dyt\raman\pigeonite\augmented_tongyi_physics4\Siderite__R050262__Raman__780__0__unoriented__Raman_Data_RAW__28259.csv
PARENT_0426,RRUFF database,visible_nir_supervised_reference,val,Carbonate,Siderite,main_training_keep,passes_provenance_and_spectral_quality_checks,587.5505058625668,3,0.9997398228892754,0.03629697687170357,0.04830053667262969,The identification of this mineral has been confirmed by X-ray diffraction and chemical analysis,d:\dyt\raman\pigeonite\augmented_tongyi_physics4\Siderite__R050349__Raman__514__0__unoriented__Raman_Data_RAW__10799.csv
PARENT_0427,RRUFF database,visible_nir_supervised_reference,val,Carbonate,Siderite,main_training_keep,passes_provenance_and_spectral_quality_checks,3198.635168794862,3,0.9999813237920145,0.019742469798748944,0.07759649820931158,The identification of this mineral has been confirmed by X-ray diffraction and chemical analysis,d:\dyt\raman\pigeonite\augmented_tongyi_physics4\Siderite__R050349__Raman__532__0__unoriented__Raman_Data_RAW__29279.csv
PARENT_0428,RRUFF database,visible_nir_supervised_reference,val,Carbonate,Siderite,main_training_keep,passes_provenance_and_spectral_quality_checks,1706.052299377504,4,0.9999999999999989,0.057312423499691616,0.06992724333063864,The identification of this mineral has been confirmed by X-ray diffraction and chemical analysis,d:\dyt\raman\pigeonite\augmented_tongyi_physics4\Siderite__R050349__Raman__780__0__unoriented__Raman_Data_RAW__29281.csv
PARENT_0429,RRUFF database,visible_nir_supervised_reference,train,Carbonate,Trona,main_training_keep,passes_provenance_and_spectral_quality_checks,310.7505351336846,4,0.8171490401863829,0.41914175460472386,0.0,The identification of this mineral has been confirmed by X-ray diffraction and chemical analysis,d:\dyt\raman\pigeonite\augmented_tongyi_physics4\Trona__R050228__Raman__514__0__unoriented__Raman_Data_RAW__16327.csv
PARENT_0430,RRUFF database,visible_nir_supervised_reference,train,Carbonate,Trona,main_training_keep,passes_provenance_and_spectral_quality_checks,128.53554499675062,8,0.9999999999999992,0.002554175742239731,0.0,The identification of this mineral has been confirmed by X-ray diffraction and chemical analysis,d:\dyt\raman\pigeonite\augmented_tongyi_physics4\Trona__R050228__Raman__780__0__unoriented__Raman_Data_RAW__28227.csv
PARENT_0431,RRUFF database,visible_nir_supervised_reference,train,Carbonate,Trona,main_training_keep,passes_provenance_and_spectral_quality_checks,50.27985263044475,44,0.9999999999999997,0.0048291305322335585,0.0,The identification of this mineral has been confirmed by X-ray diffraction and chemical analysis,d:\dyt\raman\pigeonite\augmented_tongyi_physics4\Trona__R050228__Raman__532__0__unoriented__Raman_Data_RAW__28228.csv
PARENT_0432,RRUFF database,visible_nir_supervised_reference,val,Carbonate,Trona,main_training_keep,passes_provenance_and_spectral_quality_checks,315.4044919286718,5,1.0,0.49713733022567136,0.05114503816793893,The identification of this mineral has been confirmed by X-ray diffraction and chemical analysis,d:\dyt\raman\pigeonite\augmented_tongyi_physics4\Trona__R050499__Raman__514__0__unoriented__Raman_Data_RAW__16321.csv
PARENT_0433,RRUFF database,visible_nir_supervised_reference,reference_qc_excluded,Carbonate,Trona,manual_review_keep_in_metadata,high_cosmic_spike_or_discontinuity_fraction,2225.8540024341055,4,0.6217203419954289,0.15535915431288932,0.08164915117219078,The identification of this mineral has been confirmed by X-ray diffraction and chemical analysis,d:\dyt\raman\pigeonite\augmented_tongyi_physics4\Trona__R050499__Raman__780__0__unoriented__Raman_Data_RAW__27310.csv
PARENT_0434,RRUFF database,visible_nir_supervised_reference,val,Carbonate,Trona,main_training_keep,passes_provenance_and_spectral_quality_checks,1433.016252821285,2,0.21393320319962905,0.5843008294079496,0.024380495603517186,The identification of this mineral has been confirmed by X-ray diffraction and chemical analysis,d:\dyt\raman\pigeonite\augmented_tongyi_physics4\Trona__R050499__Raman__532__0__unoriented__Raman_Data_RAW__27312.csv
PARENT_0612,RRUFF database,visible_nir_supervised_reference,train,Clay,Berthierine,main_training_keep,passes_provenance_and_spectral_quality_checks,207.10857277781662,4,0.48126526870188446,0.028318510946425186,0.0,The identification of this mineral has been confirmed only by single crystal X-ray diffraction.,d:\dyt\raman\pigeonite\augmented_tongyi_physics4\Berthierine__R110177__Raman__532__0__unoriented__Raman_Data_RAW__35981.csv
PARENT_0613,RRUFF database,visible_nir_supervised_reference,train,Clay,Berthierine,main_training_keep,passes_provenance_and_spectral_quality_checks,736.0710055781783,4,0.7346417272439683,0.35858349995004823,0.0,The identification of this mineral has been confirmed only by single crystal X-ray diffraction.,d:\dyt\raman\pigeonite\augmented_tongyi_physics4\Berthierine__R110177__Raman__780__0__unoriented__Raman_Data_RAW__35979.csv
PARENT_0631,RRUFF database,visible_nir_supervised_reference,train,Clay,Chamosite,main_training_keep,passes_provenance_and_spectral_quality_checks,592.2070778673823,7,0.9999999999999947,0.14240539928829185,0.007165605095541401,The identification of this mineral has been confirmed by X-ray diffraction and chemical analysis,d:\dyt\raman\pigeonite\augmented_tongyi_physics4\Chamosite__R060188__Raman__532__0__unoriented__Raman_Data_RAW__33229.csv
PARENT_0632,RRUFF database,visible_nir_supervised_reference,train,Clay,Chamosite,main_training_keep,passes_provenance_and_spectral_quality_checks,232.26094983296596,3,0.35024676465299,0.09447858258497921,0.0,The identification of this mineral has been confirmed by X-ray diffraction and chemical analysis,d:\dyt\raman\pigeonite\augmented_tongyi_physics4\Chamosite__R060188__Raman__780__0__unoriented__Raman_Data_RAW__33231.csv
PARENT_0649,RRUFF database,visible_nir_supervised_reference,reference_qc_excluded,Clay,Cookeite,manual_review_keep_in_metadata,phyllosilicate_without_detected_diagnostic_bands,2186.0138199865064,0,0.0,0.3677242896664161,0.0,The identification of this mineral has been made only by X-ray diffraction.,d:\dyt\raman\pigeonite\augmented_tongyi_physics4\Cookeite__R061103__Raman__532__0__unoriented__Raman_Data_RAW__16337.csv
PARENT_0650,RRUFF database,visible_nir_supervised_reference,val,Clay,Cookeite,main_training_keep,passes_provenance_and_spectral_quality_checks,1056.986001936965,20,0.9999999999999961,0.586387112941233,0.0,The identification of this mineral has been made only by X-ray diffraction.,d:\dyt\raman\pigeonite\augmented_tongyi_physics4\Cookeite__R061103__Raman__785__0__unoriented__Raman_Data_RAW__18218.csv
PARENT_0653,RRUFF database,visible_nir_supervised_reference,reference_qc_excluded,Clay,Dickite,manual_review_keep_in_metadata,phyllosilicate_without_detected_diagnostic_bands,942.8518846467023,0,0.0,0.8101519204304205,0.0004137360364087712,The identification of this mineral has been confirmed by X-ray diffraction and chemical analysis,d:\dyt\raman\pigeonite\augmented_tongyi_physics4\Dickite__R060298__Raman__532__0__unoriented__Raman_Data_RAW__33938.csv
PARENT_0654,RRUFF database,visible_nir_supervised_reference,train,Clay,Dickite,main_training_keep,passes_provenance_and_spectral_quality_checks,257.03122943163237,10,0.999999999999992,0.4730123844925857,0.0,The identification of this mineral has been confirmed by X-ray diffraction and chemical analysis,d:\dyt\raman\pigeonite\augmented_tongyi_physics4\Dickite__R060298__Raman__780__0__unoriented__Raman_Data_RAW__33940.csv
PARENT_0655,RRUFF database,visible_nir_supervised_reference,train,Clay,Dickite,main_training_keep,passes_provenance_and_spectral_quality_checks,1104.5219259418282,1,0.053532912686370164,0.7321085393760788,0.0011947431302270011,The identification of this mineral has been confirmed by X-ray diffraction.,d:\dyt\raman\pigeonite\augmented_tongyi_physics4\Dickite__R090054__Raman__532__0__unoriented__Raman_Data_RAW__32838.csv
PARENT_0656,RRUFF database,visible_nir_supervised_reference,train,Clay,Dickite,main_training_keep,passes_provenance_and_spectral_quality_checks,292.7450025179468,3,0.04959831550993345,0.07150755286100569,0.008488278092158448,The identification of this mineral has been confirmed by X-ray diffraction.,d:\dyt\raman\pigeonite\augmented_tongyi_physics4\Dickite__R090054__Raman__780__0__unoriented__Raman_Data_RAW__32840.csv
PARENT_0657,RRUFF database,visible_nir_supervised_reference,reference_qc_excluded,Clay,Dozyite,manual_review_keep_in_metadata,phyllosilicate_without_detected_diagnostic_bands,964.4851137012156,0,0.0,0.817264081441241,0.0003980891719745223,The identification of this mineral has been confirmed by single-crystal X-ray diffraction.,d:\dyt\raman\pigeonite\augmented_tongyi_physics4\Dozyite__R100040__Raman__532__0__unoriented__Raman_Data_RAW__33828.csv
PARENT_0658,RRUFF database,visible_nir_supervised_reference,train,Clay,Dozyite,main_training_keep,passes_provenance_and_spectral_quality_checks,670.8749563801526,11,0.9999999999999906,0.46446441983814657,0.0,The identification of this mineral has been confirmed by single-crystal X-ray diffraction.,d:\dyt\raman\pigeonite\augmented_tongyi_physics4\Dozyite__R100040__Raman__780__0__unoriented__Raman_Data_RAW__33830.csv
PARENT_0663,RRUFF database,visible_nir_supervised_reference,reference_qc_excluded,Clay,Hectorite,manual_review_keep_in_metadata,rruff_identification_status_low_confidence,813.099719307472,3,0.2932655741101158,0.28111521093745195,0.0008087343307723412,The identification of this mineral is not yet confirmed.,d:\dyt\raman\pigeonite\augmented_tongyi_physics4\Hectorite__R050134__Raman__780__0__unoriented__Raman_Data_RAW__27325.csv
PARENT_0664,RRUFF database,visible_nir_supervised_reference,reference_qc_excluded,Clay,Hectorite,manual_review_keep_in_metadata,rruff_identification_status_low_confidence,1402.8553946014665,1,1.0,0.2709724210202336,0.028662420382165606,The identification of this mineral is not yet confirmed.,d:\dyt\raman\pigeonite\augmented_tongyi_physics4\Hectorite__R050134__Raman__532__0__unoriented__Raman_Data_RAW__27327.csv
PARENT_0665,RRUFF database,visible_nir_supervised_reference,reference_qc_excluded,Clay,Hisingerite,manual_review_keep_in_metadata,rruff_identification_status_low_confidence,596.2014588547687,2,0.2527517046140667,0.2941355288569031,0.0,The identification of this mineral is not yet confirmed.,d:\dyt\raman\pigeonite\augmented_tongyi_physics4\Hisingerite__R070126__Raman__532__0__unoriented__Raman_Data_RAW__18148.csv
PARENT_0666,RRUFF database,visible_nir_supervised_reference,reference_qc_excluded,Clay,Hisingerite,manual_review_keep_in_metadata,rruff_identification_status_low_confidence,263.2234845324146,20,0.9999999999999998,0.30997651503491896,0.0,The identification of this mineral is not yet confirmed.,d:\dyt\raman\pigeonite\augmented_tongyi_physics4\Hisingerite__R070126__Raman__785__0__unoriented__Raman_Data_RAW__18150.csv
PARENT_0667,RRUFF database,visible_nir_supervised_reference,reference_qc_excluded,Clay,Hisingerite,manual_review_keep_in_metadata,rruff_identification_status_low_confidence,126.95777584583826,17,0.9999999999999987,0.6836376051344806,0.0,The identification of this mineral is not yet confirmed.,d:\dyt\raman\pigeonite\augmented_tongyi_physics4\Hisingerite__R070695__Raman__532__0__unoriented__Raman_Data_RAW__23090.csv
PARENT_0668,RRUFF database,visible_nir_supervised_reference,reference_qc_excluded,Clay,Hisingerite,manual_review_keep_in_metadata,rruff_identification_status_low_confidence;phyllosilicate_without_detected_diagnostic_bands,810.6495408293418,0,0.0,0.17164750300758425,0.0,The identification of this mineral is not yet confirmed.,d:\dyt\raman\pigeonite\augmented_tongyi_physics4\Hisingerite__R070695__Raman__780__0__unoriented__Raman_Data_RAW__23108.csv
PARENT_0681,RRUFF database,visible_nir_supervised_reference,reference_qc_excluded,Clay,Montmorillonite,manual_review_keep_in_metadata,phyllosilicate_without_detected_diagnostic_bands,1167.98624409071,0,0.0,0.5347166698748342,0.0,The identification of this mineral has been confirmed only by X-ray diffraction,d:\dyt\raman\pigeonite\augmented_tongyi_physics4\Montmorillonite__R110052__Raman__532__0__unoriented__Raman_Data_Processed__35457.csv
PARENT_0682,RRUFF database,visible_nir_supervised_reference,train,Clay,Montmorillonite,main_training_keep,passes_provenance_and_spectral_quality_checks,1448.6232106322818,5,0.9999999999999907,0.4795957670427978,0.0,The identification of this mineral has been confirmed only by X-ray diffraction,d:\dyt\raman\pigeonite\augmented_tongyi_physics4\Montmorillonite__R110052__Raman__780__0__unoriented__Raman_Data_RAW__35423.csv
PARENT_0683,RRUFF database,visible_nir_supervised_reference,reference_qc_excluded,Clay,Montmorillonite,manual_review_keep_in_metadata,phyllosilicate_without_detected_diagnostic_bands,1494.5071492261827,0,0.0,0.3250517889663955,0.0,The identification of this mineral has been confirmed only by X-ray diffraction,d:\dyt\raman\pigeonite\augmented_tongyi_physics4\Montmorillonite__R110053__Raman__532__0__unoriented__Raman_Data_Processed__35458.csv
PARENT_0684,RRUFF database,visible_nir_supervised_reference,train,Clay,Montmorillonite,main_training_keep,passes_provenance_and_spectral_quality_checks,574.6177422109475,11,0.9999999999999891,0.6169424321500864,0.0,The identification of this mineral has been confirmed only by X-ray diffraction,d:\dyt\raman\pigeonite\augmented_tongyi_physics4\Montmorillonite__R110053__Raman__780__0__unoriented__Raman_Data_RAW__35400.csv
PARENT_0711,RRUFF database,visible_nir_supervised_reference,reference_qc_excluded,Clay,Nacrite,manual_review_keep_in_metadata,phyllosilicate_without_detected_diagnostic_bands,2851.2610343685924,0,0.0,0.8247863337205837,0.021030042918454936,The identification of this mineral has been confirmed only by single crystal X-ray diffraction.,d:\dyt\raman\pigeonite\augmented_tongyi_physics4\Nacrite__R100066__Raman__532__0__unoriented__Raman_Data_RAW__33778.csv
PARENT_0712,RRUFF database,visible_nir_supervised_reference,train,Clay,Nacrite,main_training_keep,passes_provenance_and_spectral_quality_checks,773.548108025979,4,0.17332755559740973,0.45845009694247024,0.0024291497975708503,The identification of this mineral has been confirmed only by single crystal X-ray diffraction.,d:\dyt\raman\pigeonite\augmented_tongyi_physics4\Nacrite__R100066__Raman__780__0__unoriented__Raman_Data_RAW__33780.csv
PARENT_0719,RRUFF database,visible_nir_supervised_reference,reference_qc_excluded,Clay,Nontronite,manual_review_keep_in_metadata,rruff_identification_status_low_confidence,71.50873134201817,11,0.9999999999999707,0.0013541144852873678,0.0015760441292356187,The identification of this mineral is not yet confirmed.,d:\dyt\raman\pigeonite\augmented_tongyi_physics4\Nontronite__X050120__Raman__785__0__unoriented__Raman_Data_Processed__6624.csv
PARENT_0720,RRUFF database,visible_nir_supervised_reference,reference_qc_excluded,Clay,Nontronite,manual_review_keep_in_metadata,rruff_identification_status_low_confidence,272.82508312622446,8,0.999999999999998,0.0009329200789665022,0.03346303501945525,The identification of this mineral is not yet confirmed.,d:\dyt\raman\pigeonite\augmented_tongyi_physics4\Nontronite__X050121__Raman__785__0__unoriented__Raman_Data_Processed__6625.csv
PARENT_0721,RRUFF database,visible_nir_supervised_reference,train,Clay,Nontronite,main_training_keep,passes_provenance_and_spectral_quality_checks,406.36419844238435,8,0.5598403327093067,0.25064632873617404,0.0,The identification of this mineral has been confirmed only by chemical analysis,d:\dyt\raman\pigeonite\augmented_tongyi_physics4\Nontronite__R070286__Raman__785__0__unoriented__Raman_Data_RAW__20338.csv
PARENT_0722,RRUFF database,visible_nir_supervised_reference,train,Clay,Nontronite,main_training_keep,passes_provenance_and_spectral_quality_checks,408.2863367349691,13,0.9999999999999998,0.3572634171511076,0.0,The identification of this mineral has been confirmed only by chemical analysis,d:\dyt\raman\pigeonite\augmented_tongyi_physics4\Nontronite__R070286__Raman__532__0__unoriented__Raman_Data_RAW__20340.csv
PARENT_0736,RRUFF database,visible_nir_supervised_reference,train,Clay,Pyrophyllite,main_training_keep,passes_provenance_and_spectral_quality_checks,178.8806028245458,1,0.08923850192760249,0.24684507489741678,0.0,The identification of this mineral has been confirmed by X-ray diffraction and chemical analysis,d:\dyt\raman\pigeonite\augmented_tongyi_physics4\Pyrophyllite__R050051__Raman__514__0__unoriented__Raman_Data_RAW__11038.csv
PARENT_0737,RRUFF database,visible_nir_supervised_reference,train,Clay,Pyrophyllite,main_training_keep,passes_provenance_and_spectral_quality_checks,1405.2309550724724,4,0.4809634438158745,0.39918179132085496,0.004670912951167728,The identification of this mineral has been confirmed by X-ray diffraction and chemical analysis,d:\dyt\raman\pigeonite\augmented_tongyi_physics4\Pyrophyllite__R050051__Raman__532__0__unoriented__Raman_Data_RAW__21189.csv
PARENT_0738,RRUFF database,visible_nir_supervised_reference,train,Clay,Pyrophyllite,main_training_keep,passes_provenance_and_spectral_quality_checks,432.2600996512308,5,0.9999999999999998,0.3491323269787957,0.02199281867145422,The identification of this mineral has been confirmed by X-ray diffraction and chemical analysis,d:\dyt\raman\pigeonite\augmented_tongyi_physics4\Pyrophyllite__R050051__Raman__785__0__unoriented__Raman_Data_RAW__21191.csv
PARENT_0739,RRUFF database,visible_nir_supervised_reference,train,Clay,Pyrophyllite,main_training_keep,passes_provenance_and_spectral_quality_checks,218.56795836502803,3,0.1874224991180804,0.323816207368069,0.0,The identification of this mineral has been confirmed by X-ray diffraction and chemical analysis,d:\dyt\raman\pigeonite\augmented_tongyi_physics4\Pyrophyllite__R050108__Raman__514__0__unoriented__Raman_Data_RAW__5277.csv
PARENT_0740,RRUFF database,visible_nir_supervised_reference,train,Clay,Pyrophyllite,main_training_keep,passes_provenance_and_spectral_quality_checks,1885.6270286911597,3,0.630471583590466,0.45664364846478217,0.0,The identification of this mineral has been confirmed by X-ray diffraction and chemical analysis,d:\dyt\raman\pigeonite\augmented_tongyi_physics4\Pyrophyllite__R050108__Raman__780__0__unoriented__Raman_Data_RAW__27020.csv
PARENT_0741,RRUFF database,visible_nir_supervised_reference,train,Clay,Pyrophyllite,main_training_keep,passes_provenance_and_spectral_quality_checks,1789.5930060443764,1,0.030545064106010378,0.3543874258953778,0.0,The identification of this mineral has been confirmed by X-ray diffraction and chemical analysis,d:\dyt\raman\pigeonite\augmented_tongyi_physics4\Pyrophyllite__R050108__Raman__532__0__unoriented__Raman_Data_RAW__27022.csv
PARENT_0742,RRUFF database,visible_nir_supervised_reference,reference_qc_excluded,Clay,Pyrophyllite,manual_review_keep_in_metadata,rruff_identification_status_low_confidence,254.3112855468988,5,0.9999999999999937,0.0005098616819168417,0.022463206816421378,The identification of this mineral has been determined only by Raman spectroscopy,d:\dyt\raman\pigeonite\augmented_tongyi_physics4\Pyrophyllite__X050132__Raman__785__0__unoriented__Raman_Data_Processed__6639.csv
PARENT_0743,RRUFF database,visible_nir_supervised_reference,reference_qc_excluded,Clay,Pyrophyllite,manual_review_keep_in_metadata,rruff_identification_status_low_confidence,283.5668780262996,7,0.9999999999999986,0.0006725517692033777,0.034856700232378,The identification of this mineral has been determined only by Raman spectroscopy,d:\dyt\raman\pigeonite\augmented_tongyi_physics4\Pyrophyllite__X050133__Raman__785__0__unoriented__Raman_Data_Processed__6640.csv
PARENT_0753,RRUFF database,visible_nir_supervised_reference,train,Clay,Sepiolite,main_training_keep,passes_provenance_and_spectral_quality_checks,743.6660838561178,25,0.999999999999999,0.4983368545909683,0.0,The identification of this mineral has been made only by X-ray diffraction.,d:\dyt\raman\pigeonite\augmented_tongyi_physics4\Sepiolite__R070311__Raman__785__0__unoriented__Raman_Data_RAW__20575.csv
PARENT_0754,RRUFF database,visible_nir_supervised_reference,reference_qc_excluded,Clay,Sepiolite,manual_review_keep_in_metadata,phyllosilicate_without_detected_diagnostic_bands,1671.6010311602222,0,0.0,0.3755082043336871,0.0,The identification of this mineral has been made only by X-ray diffraction.,d:\dyt\raman\pigeonite\augmented_tongyi_physics4\Sepiolite__R070311__Raman__532__0__unoriented__Raman_Data_RAW__20577.csv
PARENT_0761,RRUFF database,visible_nir_supervised_reference,reference_qc_excluded,Clay,Swinefordite,manual_review_keep_in_metadata,rruff_identification_status_low_confidence,317.0595813870528,1,0.07775350271363062,0.21896777154304442,0.0,The identification of this mineral is not yet confirmed.,d:\dyt\raman\pigeonite\augmented_tongyi_physics4\Swinefordite__R070707__Raman__532__0__unoriented__Raman_Data_RAW__24165.csv
PARENT_0762,RRUFF database,visible_nir_supervised_reference,reference_qc_excluded,Clay,Swinefordite,manual_review_keep_in_metadata,rruff_identification_status_low_confidence;phyllosilicate_without_detected_diagnostic_bands,377.22647599128027,0,0.0,0.2728922379566099,0.0,The identification of this mineral is not yet confirmed.,d:\dyt\raman\pigeonite\augmented_tongyi_physics4\Swinefordite__R070707__Raman__780__0__unoriented__Raman_Data_RAW__24167.csv
PARENT_0763,RRUFF database,visible_nir_supervised_reference,train,Clay,Talc,main_training_keep,passes_provenance_and_spectral_quality_checks,149.38833278566298,2,0.1001184305106779,0.3221396650129952,0.0,The identification of this mineral has been confirmed by X-ray diffraction and chemical analysis,d:\dyt\raman\pigeonite\augmented_tongyi_physics4\Talc__R040137__Raman__514__0__unoriented__Raman_Data_RAW__9732.csv
PARENT_0764,RRUFF database,visible_nir_supervised_reference,train,Clay,Talc,main_training_keep,passes_provenance_and_spectral_quality_checks,1217.036443606055,3,0.24070223895596926,0.352690401058251,0.0029288702928870294,The identification of this mineral has been confirmed by X-ray diffraction and chemical analysis,d:\dyt\raman\pigeonite\augmented_tongyi_physics4\Talc__R040137__Raman__532__0__unoriented__Raman_Data_RAW__19797.csv
PARENT_0765,RRUFF database,visible_nir_supervised_reference,train,Clay,Talc,main_training_keep,passes_provenance_and_spectral_quality_checks,686.1602824164714,8,0.9999999999999999,0.4825102017648638,0.011722272317403066,The identification of this mineral has been confirmed by X-ray diffraction and chemical analysis,d:\dyt\raman\pigeonite\augmented_tongyi_physics4\Talc__R040137__Raman__785__0__unoriented__Raman_Data_RAW__19799.csv
PARENT_0766,RRUFF database,visible_nir_supervised_reference,val,Clay,Talc,main_training_keep,passes_provenance_and_spectral_quality_checks,131.212014126802,4,0.9999999999999998,0.39915654999443523,0.0,The identification of this mineral has been confirmed by X-ray diffraction and chemical analysis,d:\dyt\raman\pigeonite\augmented_tongyi_physics4\Talc__R050087__Raman__514__0__unoriented__Raman_Data_RAW__10061.csv
PARENT_0767,RRUFF database,visible_nir_supervised_reference,val,Clay,Talc,main_training_keep,passes_provenance_and_spectral_quality_checks,500.9496831657219,6,0.9302206510803295,0.3958183209710348,0.025136154168412233,The identification of this mineral has been confirmed by X-ray diffraction and chemical analysis,d:\dyt\raman\pigeonite\augmented_tongyi_physics4\Talc__R050087__Raman__532__0__unoriented__Raman_Data_RAW__21792.csv
PARENT_0768,RRUFF database,visible_nir_supervised_reference,val,Clay,Talc,main_training_keep,passes_provenance_and_spectral_quality_checks,803.8981665021757,8,0.9999999999999999,0.15083204030230848,0.05286343612334802,The identification of this mineral has been confirmed by X-ray diffraction and chemical analysis,d:\dyt\raman\pigeonite\augmented_tongyi_physics4\Talc__R050087__Raman__785__0__unoriented__Raman_Data_RAW__21794.csv
PARENT_0769,RRUFF database,visible_nir_supervised_reference,train,Clay,Talc,main_training_keep,passes_provenance_and_spectral_quality_checks,193.9833363808907,3,0.3166413768263563,0.3238828345794326,0.001184834123222749,The identification of this mineral has been confirmed by X-ray diffraction and chemical analysis,d:\dyt\raman\pigeonite\augmented_tongyi_physics4\Talc__R050058__Raman__514__0__unoriented__Raman_Data_RAW__9962.csv
PARENT_0770,RRUFF database,visible_nir_supervised_reference,train,Clay,Talc,main_training_keep,passes_provenance_and_spectral_quality_checks,1036.5337696330234,7,0.9999999999999998,0.4331107724603729,0.005143591941705958,The identification of this mineral has been confirmed by X-ray diffraction and chemical analysis,d:\dyt\raman\pigeonite\augmented_tongyi_physics4\Talc__R050058__Raman__532__0__unoriented__Raman_Data_RAW__21213.csv
PARENT_0771,RRUFF database,visible_nir_supervised_reference,train,Clay,Talc,main_training_keep,passes_provenance_and_spectral_quality_checks,843.9894187815461,6,0.9999999999999999,0.4676975793711389,0.02862335302135393,The identification of this mineral has been confirmed by X-ray diffraction and chemical analysis,d:\dyt\raman\pigeonite\augmented_tongyi_physics4\Talc__R050058__Raman__785__0__unoriented__Raman_Data_RAW__21215.csv
PARENT_0772,RRUFF database,visible_nir_supervised_reference,reference_qc_excluded,Clay,Talc,manual_review_keep_in_metadata,high_cosmic_spike_or_discontinuity_fraction,1388.0904226944565,6,0.999999999999998,0.00017048486193125802,0.1046875,The identification of this mineral has been determined only by Raman spectroscopy,d:\dyt\raman\pigeonite\augmented_tongyi_physics4\Talc__X050159__Raman__785__0__unoriented__Raman_Data_Processed__6056.csv
PARENT_0773,RRUFF database,visible_nir_supervised_reference,reference_qc_excluded,Clay,Talc,manual_review_keep_in_metadata,rruff_identification_status_low_confidence,311.4791160496047,7,0.9999999999999893,0.0013878990272864118,0.042868277474668745,The identification of this mineral has been determined only by Raman spectroscopy,d:\dyt\raman\pigeonite\augmented_tongyi_physics4\Talc__X050160__Raman__785__0__unoriented__Raman_Data_Processed__6689.csv
PARENT_0774,RRUFF database,visible_nir_supervised_reference,reference_qc_excluded,Clay,Talc,manual_review_keep_in_metadata,rruff_identification_status_low_confidence,366.2006748907997,7,0.9999999999999943,0.0003252984071311246,0.04941176470588235,The identification of this mineral has been determined only by Raman spectroscopy,d:\dyt\raman\pigeonite\augmented_tongyi_physics4\Talc__X050161__Raman__785__0__unoriented__Raman_Data_Processed__6691.csv
PARENT_0775,RRUFF database,visible_nir_supervised_reference,test,Clay,Vermiculite,main_training_keep,passes_provenance_and_spectral_quality_checks,1093.5619205966445,4,0.13065728082127964,0.5624517460940701,0.0011933174224343676,The identification of this mineral has been confirmed by X-ray diffraction and chemical analysis,d:\dyt\raman\pigeonite\augmented_tongyi_physics4\Vermiculite__R050490__Raman__532__0__unoriented__Raman_Data_RAW__31643.csv
PARENT_0776,RRUFF database,visible_nir_supervised_reference,test,Clay,Vermiculite,main_training_keep,passes_provenance_and_spectral_quality_checks,447.9066423536474,14,0.999999999999987,0.6212956355085323,0.0,The identification of this mineral has been confirmed by X-ray diffraction and chemical analysis,d:\dyt\raman\pigeonite\augmented_tongyi_physics4\Vermiculite__R050490__Raman__780__0__unoriented__Raman_Data_RAW__31645.csv
PARENT_0777,RRUFF database,visible_nir_supervised_reference,reference_qc_excluded,Clay,Willemseite,manual_review_keep_in_metadata,rruff_identification_status_low_confidence,2171.407273414959,17,0.9999999999999994,0.4896061831590865,0.0,The identification of this mineral is not yet confirmed.,d:\dyt\raman\pigeonite\augmented_tongyi_physics4\Willemseite__R061112__Raman__532__0__unoriented__Raman_Data_RAW__17356.csv
PARENT_0778,RRUFF database,visible_nir_supervised_reference,reference_qc_excluded,Clay,Yofortierite,manual_review_keep_in_metadata,rruff_identification_status_low_confidence;phyllosilicate_without_detected_diagnostic_bands,3367.651893769771,0,0.0,0.6519602662789217,0.011544585987261146,The identification of this mineral is not yet confirmed.,d:\dyt\raman\pigeonite\augmented_tongyi_physics4\Yofortierite__R080111__Raman__532__0__unoriented__Raman_Data_RAW__30108.csv
PARENT_0779,RRUFF database,visible_nir_supervised_reference,reference_qc_excluded,Clay,Yofortierite,manual_review_keep_in_metadata,rruff_identification_status_low_confidence,1863.3268732898932,19,0.9999999999999984,0.5447883673672218,0.0028305701577031944,The identification of this mineral is not yet confirmed.,d:\dyt\raman\pigeonite\augmented_tongyi_physics4\Yofortierite__R080111__Raman__780__0__unoriented__Raman_Data_RAW__30110.csv
PARENT_0489,RRUFF database,visible_nir_supervised_reference,reference_qc_excluded,Halides,Halite,exclude_from_closed_set,halide_class_not_used_as_closed_set_raman_class,82.76435123430282,54,0.9999999999999709,0.5502522100552587,0.0,The identification of this mineral has been confirmed by X-ray diffraction.,d:\dyt\raman\pigeonite\augmented_tongyi_physics4\Halite__R070292__Raman__785__0__unoriented__Raman_Data_RAW__20361.csv
PARENT_0490,RRUFF database,visible_nir_supervised_reference,reference_qc_excluded,Halides,Halite,exclude_from_closed_set,halide_class_not_used_as_closed_set_raman_class,60.49551409379787,31,0.07234984986358034,0.38538191655036996,0.0,The identification of this mineral has been confirmed by X-ray diffraction.,d:\dyt\raman\pigeonite\augmented_tongyi_physics4\Halite__R070292__Raman__532__0__unoriented__Raman_Data_RAW__20363.csv
PARENT_0491,RRUFF database,visible_nir_supervised_reference,reference_qc_excluded,Halides,Halite,exclude_from_closed_set,halide_class_not_used_as_closed_set_raman_class,270.0013228797539,16,0.9999999999999988,0.47020731467594,0.0,The identification of this mineral has been confirmed by X-ray diffraction and chemical analysis,d:\dyt\raman\pigeonite\augmented_tongyi_physics4\Halite__R070586__Raman__532__0__unoriented__Raman_Data_RAW__23114.csv
PARENT_0492,RRUFF database,visible_nir_supervised_reference,reference_qc_excluded,Halides,Halite,exclude_from_closed_set,halide_class_not_used_as_closed_set_raman_class,138.82119757407372,5,0.6668844981364133,0.09386118238966411,0.0,The identification of this mineral has been confirmed by X-ray diffraction and chemical analysis,d:\dyt\raman\pigeonite\augmented_tongyi_physics4\Halite__R070586__Raman__780__0__unoriented__Raman_Data_RAW__23116.csv
PARENT_0493,RRUFF database,visible_nir_supervised_reference,reference_qc_excluded,Halides,Halite,exclude_from_closed_set,halide_class_not_used_as_closed_set_raman_class,1179.4417952867338,1,0.06548700104305039,0.36823131864418956,0.0,The identification of this mineral has been confirmed by X-ray diffraction.,d:\dyt\raman\pigeonite\augmented_tongyi_physics4\Halite__R070534__Raman__785__0__unoriented__Raman_Data_RAW__22607.csv
PARENT_0494,RRUFF database,visible_nir_supervised_reference,reference_qc_excluded,Halides,Halite,exclude_from_closed_set,halide_class_not_used_as_closed_set_raman_class,573.3547567722592,17,0.09848238861942493,0.4012302104558818,0.0,The identification of this mineral has been confirmed by X-ray diffraction.,d:\dyt\raman\pigeonite\augmented_tongyi_physics4\Halite__R070534__Raman__532__0__unoriented__Raman_Data_RAW__22609.csv
PARENT_0199,RRUFF database,visible_nir_supervised_reference,train,K-Feldspar,Celsian,main_training_keep,passes_provenance_and_spectral_quality_checks,466.07415976625424,11,0.9845989972677301,0.010132100582951947,0.043010752688172046,The identification of this mineral is confirmed by single-crystal X-ray diffraction and chemical analysis.,d:\dyt\raman\pigeonite\data\Celsian__R060152__Raman__532__0__unoriented__Raman_Data_RAW__33109.csv
PARENT_0200,RRUFF database,visible_nir_supervised_reference,train,K-Feldspar,Celsian,main_training_keep,passes_provenance_and_spectral_quality_checks,236.38618338584538,6,0.9797793351294299,0.017766712786002743,0.019550342130987292,The identification of this mineral is confirmed by single-crystal X-ray diffraction and chemical analysis.,d:\dyt\raman\pigeonite\data\Celsian__R060152__Raman__780__0__unoriented__Raman_Data_RAW__33111.csv
PARENT_0201,RRUFF database,visible_nir_supervised_reference,train,K-Feldspar,Celsian,main_training_keep,passes_provenance_and_spectral_quality_checks,247.83700407598283,10,0.9999999999999986,0.11463720909855918,0.022482893450635387,The identification of this mineral has been confirmed by X-ray diffraction and chemical analysis,d:\dyt\raman\pigeonite\data\Celsian__R060460__Raman__532__0__unoriented__Raman_Data_RAW__35037.csv
PARENT_0202,RRUFF database,visible_nir_supervised_reference,train,K-Feldspar,Celsian,main_training_keep,passes_provenance_and_spectral_quality_checks,236.52293258482868,11,0.9964610139478272,0.03857427263136811,0.020527859237536656,The identification of this mineral has been confirmed by X-ray diffraction and chemical analysis,d:\dyt\raman\pigeonite\data\Celsian__R060460__Raman__780__0__unoriented__Raman_Data_RAW__35039.csv
PARENT_0203,RRUFF database,visible_nir_supervised_reference,reference_qc_excluded,K-Feldspar,Celsian,manual_review_keep_in_metadata,rruff_identification_status_low_confidence,378.5795611832721,2,0.09799667601049177,0.6670626227855262,0.002932551319648094,The identification of this mineral has been determined only by Raman spectroscopy,d:\dyt\raman\pigeonite\data\Celsian__R170048__Raman__532__0__unoriented__Raman_Data_RAW__40237.csv
PARENT_0204,RRUFF database,visible_nir_supervised_reference,reference_qc_excluded,K-Feldspar,Celsian,manual_review_keep_in_metadata,rruff_identification_status_low_confidence,202.45665322601712,10,0.9999999999999998,0.4495028077626496,0.0039100684261974585,The identification of this mineral has been determined only by Raman spectroscopy,d:\dyt\raman\pigeonite\data\Celsian__R170048__Raman__780__0__unoriented__Raman_Data_RAW__40239.csv
PARENT_0207,RRUFF database,visible_nir_supervised_reference,train,K-Feldspar,Microcline,main_training_keep,passes_provenance_and_spectral_quality_checks,211.132788544432,7,1.0,0.4818481663930311,0.01857282502443793,The identification of this mineral has been confirmed by X-ray diffraction and chemical analysis,d:\dyt\raman\pigeonite\data\Microcline__R040154__Raman__514__0__unoriented__Raman_Data_RAW__9630.csv
PARENT_0208,RRUFF database,visible_nir_supervised_reference,train,K-Feldspar,Microcline,main_training_keep,passes_provenance_and_spectral_quality_checks,229.30662540060035,8,0.9999999999999999,0.39938231737268926,0.022482893450635387,The identification of this mineral has been confirmed by X-ray diffraction and chemical analysis,d:\dyt\raman\pigeonite\data\Microcline__R040154__Raman__532__0__unoriented__Raman_Data_RAW__20765.csv
PARENT_0209,RRUFF database,visible_nir_supervised_reference,train,K-Feldspar,Microcline,main_training_keep,passes_provenance_and_spectral_quality_checks,628.5264051781298,8,0.9999999999999998,0.536421373521339,0.01466275659824047,The identification of this mineral has been confirmed by X-ray diffraction and chemical analysis,d:\dyt\raman\pigeonite\data\Microcline__R040154__Raman__785__0__unoriented__Raman_Data_RAW__20767.csv
PARENT_0210,RRUFF database,visible_nir_supervised_reference,train,K-Feldspar,Microcline,main_training_keep,passes_provenance_and_spectral_quality_checks,405.34108406493084,11,1.0,0.09113661900148615,0.06940371456500488,The identification of this mineral has been confirmed by X-ray diffraction and chemical analysis,d:\dyt\raman\pigeonite\data\Microcline__R050054__Raman__514__0__unoriented__Raman_Data_RAW__9931.csv
PARENT_0211,RRUFF database,visible_nir_supervised_reference,train,K-Feldspar,Microcline,main_training_keep,passes_provenance_and_spectral_quality_checks,305.09508552660236,10,0.9999999999999999,0.01715558900870489,0.053763440860215055,The identification of this mineral has been confirmed by X-ray diffraction and chemical analysis,d:\dyt\raman\pigeonite\data\Microcline__R050054__Raman__532__0__unoriented__Raman_Data_RAW__21201.csv
PARENT_0212,RRUFF database,visible_nir_supervised_reference,train,K-Feldspar,Microcline,main_training_keep,passes_provenance_and_spectral_quality_checks,955.0983321088306,5,0.9999999999999996,0.595483265465573,0.0,The identification of this mineral has been confirmed by X-ray diffraction and chemical analysis,d:\dyt\raman\pigeonite\data\Microcline__R050054__Raman__785__0__unoriented__Raman_Data_RAW__21203.csv
PARENT_0213,RRUFF database,visible_nir_supervised_reference,train,K-Feldspar,Microcline,main_training_keep,passes_provenance_and_spectral_quality_checks,225.90019031267795,10,1.0,0.4053382929777295,0.02346041055718475,The identification of this mineral has been confirmed by X-ray diffraction and chemical analysis,d:\dyt\raman\pigeonite\data\Microcline__R050150__Raman__514__0__unoriented__Raman_Data_RAW__10164.csv
PARENT_0214,RRUFF database,visible_nir_supervised_reference,train,K-Feldspar,Microcline,main_training_keep,passes_provenance_and_spectral_quality_checks,509.0515862972584,6,0.3270100139143561,0.3309414364004455,0.004887585532746823,The identification of this mineral has been confirmed by X-ray diffraction and chemical analysis,d:\dyt\raman\pigeonite\data\Microcline__R050150__Raman__532__0__unoriented__Raman_Data_RAW__27529.csv
PARENT_0215,RRUFF database,visible_nir_supervised_reference,train,K-Feldspar,Microcline,main_training_keep,passes_provenance_and_spectral_quality_checks,2046.374049389626,3,0.9999999999999999,0.4977413847328859,0.0,The identification of this mineral has been confirmed by X-ray diffraction and chemical analysis,d:\dyt\raman\pigeonite\data\Microcline__R050150__Raman__780__0__unoriented__Raman_Data_RAW__27531.csv
PARENT_0216,RRUFF database,visible_nir_supervised_reference,train,K-Feldspar,Microcline,main_training_keep,passes_provenance_and_spectral_quality_checks,304.2928197248399,5,1.0,0.32440566177161506,0.02932551319648094,The identification of this mineral has been confirmed by X-ray diffraction and chemical analysis,d:\dyt\raman\pigeonite\data\Microcline__R050193__Raman__514__0__unoriented__Raman_Data_RAW__10217.csv
PARENT_0217,RRUFF database,visible_nir_supervised_reference,train,K-Feldspar,Microcline,main_training_keep,passes_provenance_and_spectral_quality_checks,1535.2583709080302,4,0.9999999999999984,0.551216636433273,0.0,The identification of this mineral has been confirmed by X-ray diffraction and chemical analysis,d:\dyt\raman\pigeonite\data\Microcline__R050193__Raman__780__0__unoriented__Raman_Data_RAW__27807.csv
PARENT_0218,RRUFF database,visible_nir_supervised_reference,train,K-Feldspar,Microcline,main_training_keep,passes_provenance_and_spectral_quality_checks,490.40743113859463,6,0.9999999999999986,0.0003697414234265714,0.05865102639296188,The identification of this mineral has been confirmed by X-ray diffraction and chemical analysis,d:\dyt\raman\pigeonite\data\Microcline__R050193__Raman__532__0__unoriented__Raman_Data_RAW__27811.csv
PARENT_0219,RRUFF database,visible_nir_supervised_reference,reference_qc_excluded,K-Feldspar,Microcline,manual_review_keep_in_metadata,high_cosmic_spike_or_discontinuity_fraction,843.2640365687535,6,0.9999999999999987,0.01602725402627773,0.09775171065493646,The identification of this mineral has been determined only by Raman spectroscopy,d:\dyt\raman\pigeonite\data\Microcline__X050117__Raman__785__0__unoriented__Raman_Data_Processed__6612.csv
PARENT_0220,RRUFF database,visible_nir_supervised_reference,train,K-Feldspar,Microcline,main_training_keep,passes_provenance_and_spectral_quality_checks,277.3859102507435,10,0.9999999999999981,0.2603727156719787,0.021505376344086023,The identification of this mineral has been confirmed by single-crystal X-ray diffraction.,d:\dyt\raman\pigeonite\data\Microcline__R120005__Raman__532__0__unoriented__Raman_Data_RAW__36362.csv
PARENT_0221,RRUFF database,visible_nir_supervised_reference,train,K-Feldspar,Microcline,main_training_keep,passes_provenance_and_spectral_quality_checks,354.8787889166537,11,0.9999999999999981,0.3449678555490777,0.03812316715542522,The identification of this mineral has been confirmed by single-crystal X-ray diffraction.,d:\dyt\raman\pigeonite\data\Microcline__R120005__Raman__780__0__unoriented__Raman_Data_RAW__36364.csv
PARENT_0222,RRUFF database,visible_nir_supervised_reference,train,K-Feldspar,Microcline,main_training_keep,passes_provenance_and_spectral_quality_checks,597.0336366882791,5,0.9999999999999997,0.3123613795819563,0.04887585532746823,The identification of this mineral is confirmed by single-crystal X-ray diffraction and chemical analysis.,d:\dyt\raman\pigeonite\data\Microcline__R150015__Raman__532__0__unoriented__Raman_Data_RAW__39182.csv
PARENT_0223,RRUFF database,visible_nir_supervised_reference,train,K-Feldspar,Microcline,main_training_keep,passes_provenance_and_spectral_quality_checks,908.3500350721167,3,0.9999999999999988,0.5442505666696323,0.007820136852394917,The identification of this mineral is confirmed by single-crystal X-ray diffraction and chemical analysis.,d:\dyt\raman\pigeonite\data\Microcline__R150015__Raman__780__0__unoriented__Raman_Data_RAW__39184.csv
PARENT_0225,RRUFF database,visible_nir_supervised_reference,train,K-Feldspar,Orthoclase,main_training_keep,passes_provenance_and_spectral_quality_checks,266.3474116869529,3,1.0,0.34276944809426296,0.016617790811339198,The identification of this mineral has been confirmed by X-ray diffraction and chemical analysis,d:\dyt\raman\pigeonite\data\Orthoclase__R040055__Raman__514__0__unoriented__Raman_Data_RAW__9391.csv
PARENT_0226,RRUFF database,visible_nir_supervised_reference,train,K-Feldspar,Orthoclase,main_training_keep,passes_provenance_and_spectral_quality_checks,280.65536298215386,4,0.9164482643340601,0.09037729927664898,0.021505376344086023,The identification of this mineral has been confirmed by X-ray diffraction and chemical analysis,d:\dyt\raman\pigeonite\data\Orthoclase__R040055__Raman__785__0__unoriented__Raman_Data_RAW__15130.csv
PARENT_0227,RRUFF database,visible_nir_supervised_reference,train,K-Feldspar,Orthoclase,main_training_keep,passes_provenance_and_spectral_quality_checks,330.833278704942,6,0.9999999999999999,0.03116494160915795,0.024437927663734114,The identification of this mineral has been confirmed by X-ray diffraction and chemical analysis,d:\dyt\raman\pigeonite\data\Orthoclase__R040055__Raman__532__0__unoriented__Raman_Data_RAW__15132.csv
PARENT_0228,RRUFF database,visible_nir_supervised_reference,val,K-Feldspar,Orthoclase,main_training_keep,passes_provenance_and_spectral_quality_checks,628.0809750407744,4,1.0,0.04215590861896569,0.04887585532746823,The identification of this mineral is confirmed by single-crystal X-ray diffraction and chemical analysis.,d:\dyt\raman\pigeonite\data\Orthoclase__R050185__Raman__514__0__unoriented__Raman_Data_RAW__10205.csv
PARENT_0229,RRUFF database,visible_nir_supervised_reference,val,K-Feldspar,Orthoclase,main_training_keep,passes_provenance_and_spectral_quality_checks,668.9155354790825,6,0.942094870840431,0.10886745973496578,0.042033235581622676,The identification of this mineral is confirmed by single-crystal X-ray diffraction and chemical analysis.,d:\dyt\raman\pigeonite\data\Orthoclase__R050185__Raman__532__0__unoriented__Raman_Data_RAW__28160.csv
PARENT_0230,RRUFF database,visible_nir_supervised_reference,val,K-Feldspar,Orthoclase,main_training_keep,passes_provenance_and_spectral_quality_checks,785.2805130142714,3,0.9999999999999865,0.5437374482383238,0.0,The identification of this mineral is confirmed by single-crystal X-ray diffraction and chemical analysis.,d:\dyt\raman\pigeonite\data\Orthoclase__R050185__Raman__780__0__unoriented__Raman_Data_RAW__28162.csv
PARENT_0231,RRUFF database,visible_nir_supervised_reference,reference_qc_excluded,K-Feldspar,Orthoclase,manual_review_keep_in_metadata,high_cosmic_spike_or_discontinuity_fraction,1120.5145297486138,4,0.9999999999999979,9.37826038362922e-05,0.08504398826979472,The identification of this mineral has been determined only by Raman spectroscopy,d:\dyt\raman\pigeonite\data\Orthoclase__X050124.3__Raman__785__0__unoriented__Raman_Data_Processed__6629.csv
PARENT_0232,RRUFF database,visible_nir_supervised_reference,reference_qc_excluded,K-Feldspar,Orthoclase,manual_review_keep_in_metadata,rruff_identification_status_low_confidence,399.7631849465149,4,0.9999999999999992,0.0013768709709869084,0.04007820136852395,The identification of this mineral has been determined only by Raman spectroscopy,d:\dyt\raman\pigeonite\data\Orthoclase__X050125__Raman__785__0__unoriented__Raman_Data_Processed__6631.csv
PARENT_0233,RRUFF database,visible_nir_supervised_reference,reference_qc_excluded,K-Feldspar,Orthoclase,manual_review_keep_in_metadata,high_cosmic_spike_or_discontinuity_fraction,1972.1921285220399,4,0.9999999999999998,0.0036739678584712817,0.10752688172043011,The identification of this mineral has been determined only by Raman spectroscopy,d:\dyt\raman\pigeonite\data\Orthoclase__X050126__Raman__785__0__unoriented__Raman_Data_Processed__6632.csv
PARENT_0234,RRUFF database,visible_nir_supervised_reference,reference_qc_excluded,K-Feldspar,Orthoclase,manual_review_keep_in_metadata,high_cosmic_spike_or_discontinuity_fraction,1201.2094795192138,4,0.9999999999999998,0.004554148490872193,0.10263929618768329,The identification of this mineral has been determined only by Raman spectroscopy,d:\dyt\raman\pigeonite\data\Orthoclase__X050123.4__Raman__785__0__unoriented__Raman_Data_Processed__5992.csv
PARENT_0235,RRUFF database,visible_nir_supervised_reference,train,K-Feldspar,Orthoclase,main_training_keep,passes_provenance_and_spectral_quality_checks,497.6345453124434,5,0.9999999999999992,0.012025620782485019,0.047898338220918865,The identification of this mineral has been confirmed by X-ray diffraction and chemical analysis,d:\dyt\raman\pigeonite\data\Orthoclase__R050367__Raman__532__0__unoriented__Raman_Data_RAW__29606.csv
PARENT_0236,RRUFF database,visible_nir_supervised_reference,train,K-Feldspar,Orthoclase,main_training_keep,passes_provenance_and_spectral_quality_checks,960.5549558166774,14,0.9999999999999946,0.6265632407054027,0.0,The identification of this mineral has been confirmed by X-ray diffraction and chemical analysis,d:\dyt\raman\pigeonite\data\Orthoclase__R050367__Raman__780__0__unoriented__Raman_Data_RAW__29608.csv
PARENT_0237,RRUFF database,visible_nir_supervised_reference,reference_qc_excluded,K-Feldspar,Orthoclase,manual_review_keep_in_metadata,high_cosmic_spike_or_discontinuity_fraction,1176.1630713824898,4,0.9999999999999999,0.02828539892081138,0.10557184750733138,The identification of this mineral has been confirmed by X-ray diffraction and chemical analysis,d:\dyt\raman\pigeonite\data\Orthoclase__R060077__Raman__532__0__unoriented__Raman_Data_RAW__27545.csv
PARENT_0238,RRUFF database,visible_nir_supervised_reference,train,K-Feldspar,Orthoclase,main_training_keep,passes_provenance_and_spectral_quality_checks,659.7735696562527,5,0.9999999999999999,0.005270950044441791,0.04594330400782014,The identification of this mineral has been confirmed by X-ray diffraction and chemical analysis,d:\dyt\raman\pigeonite\data\Orthoclase__R070001__Raman__532__0__unoriented__Raman_Data_RAW__16777.csv
PARENT_0239,RRUFF database,visible_nir_supervised_reference,train,K-Feldspar,Orthoclase,main_training_keep,passes_provenance_and_spectral_quality_checks,353.9090230257908,5,0.9999999999999999,0.29998272215850236,0.02541544477028348,The identification of this mineral has been confirmed by X-ray diffraction and chemical analysis,d:\dyt\raman\pigeonite\data\Orthoclase__R070001__Raman__785__0__unoriented__Raman_Data_RAW__16779.csv
PARENT_0240,RRUFF database,visible_nir_supervised_reference,test,K-Feldspar,Orthoclase,main_training_keep,passes_provenance_and_spectral_quality_checks,401.0322229665723,6,0.9999999999999979,0.2919690033289205,0.04007820136852395,The identification of this mineral is confirmed by single-crystal X-ray diffraction and chemical analysis.,d:\dyt\raman\pigeonite\data\Orthoclase__R150014__Raman__532__0__unoriented__Raman_Data_RAW__39207.csv
PARENT_0241,RRUFF database,visible_nir_supervised_reference,test,K-Feldspar,Orthoclase,main_training_keep,passes_provenance_and_spectral_quality_checks,1250.8300315922697,5,0.9999999999999946,0.5359179144459549,0.0,The identification of this mineral is confirmed by single-crystal X-ray diffraction and chemical analysis.,d:\dyt\raman\pigeonite\data\Orthoclase__R150014__Raman__780__0__unoriented__Raman_Data_RAW__39209.csv
PARENT_0246,RRUFF database,visible_nir_supervised_reference,reference_qc_excluded,K-Feldspar,Sanidine,manual_review_keep_in_metadata,high_cosmic_spike_or_discontinuity_fraction,1424.8802484086525,3,0.9999999999999984,0.0035171730369124147,0.08699902248289346,The identification of this mineral has been determined by Raman spectroscopy and chemical analysis,d:\dyt\raman\pigeonite\data\Sanidine__X050140__Raman__785__0__unoriented__Raman_Data_Processed__6659.csv
PARENT_0247,RRUFF database,visible_nir_supervised_reference,reference_qc_excluded,K-Feldspar,Sanidine,manual_review_keep_in_metadata,high_cosmic_spike_or_discontinuity_fraction,1136.1330365360964,3,0.9938029265681431,0.03473717420949742,0.08895405669599218,The identification of this mineral has been confirmed by X-ray diffraction and chemical analysis,d:\dyt\raman\pigeonite\data\Sanidine__R060313__Raman__532__0__unoriented__Raman_Data_RAW__34072.csv
PARENT_0248,RRUFF database,visible_nir_supervised_reference,train,K-Feldspar,Sanidine,main_training_keep,passes_provenance_and_spectral_quality_checks,913.8815929993739,4,0.9999999999999993,0.04730294456301953,0.05180840664711633,The identification of this mineral has been confirmed by X-ray diffraction and chemical analysis,d:\dyt\raman\pigeonite\data\Sanidine__R060313__Raman__780__0__unoriented__Raman_Data_RAW__34074.csv
PARENT_0618,RRUFF database,visible_nir_supervised_reference,val,Mica,Annite,main_training_keep,passes_provenance_and_spectral_quality_checks,100.5786909654824,6,0.8487107309236415,0.12464492919321428,0.0,The identification of this mineral has been confirmed by X-ray diffraction and chemical analysis,d:\dyt\raman\pigeonite\augmented_tongyi_physics4\Annite__R060204__Raman__514__0__unoriented__Raman_Data_RAW__8408.csv
PARENT_0619,RRUFF database,visible_nir_supervised_reference,val,Mica,Annite,main_training_keep,passes_provenance_and_spectral_quality_checks,1707.6585278055713,3,0.9999999999999996,0.11236303936312547,0.05493630573248408,The identification of this mineral has been confirmed by X-ray diffraction and chemical analysis,d:\dyt\raman\pigeonite\augmented_tongyi_physics4\Annite__R060204__Raman__532__0__unoriented__Raman_Data_RAW__33303.csv
PARENT_0620,RRUFF database,visible_nir_supervised_reference,val,Mica,Annite,main_training_keep,passes_provenance_and_spectral_quality_checks,561.8158296114655,3,0.5103711244528442,0.10937637080927524,0.0,The identification of this mineral has been confirmed by X-ray diffraction and chemical analysis,d:\dyt\raman\pigeonite\augmented_tongyi_physics4\Annite__R060204__Raman__780__0__unoriented__Raman_Data_RAW__33305.csv
PARENT_0621,RRUFF database,visible_nir_supervised_reference,train,Mica,Annite,main_training_keep,passes_provenance_and_spectral_quality_checks,585.6536445206251,6,0.5197242920213965,0.13809723621735817,0.005968961400716275,The identification of this mineral has been confirmed by X-ray diffraction and chemical analysis,d:\dyt\raman\pigeonite\augmented_tongyi_physics4\Annite__R060211__Raman__532__0__unoriented__Raman_Data_RAW__39792.csv
PARENT_0622,RRUFF database,visible_nir_supervised_reference,reference_qc_excluded,Mica,Annite,manual_review_keep_in_metadata,phyllosilicate_without_detected_diagnostic_bands,1999.8750755551478,0,0.0,0.0764597500287214,0.01292929292929293,The identification of this mineral has been confirmed by X-ray diffraction and chemical analysis,d:\dyt\raman\pigeonite\augmented_tongyi_physics4\Annite__R060211__Raman__780__0__unoriented__Raman_Data_RAW__39794.csv
PARENT_0671,RRUFF database,visible_nir_supervised_reference,train,Mica,Kinoshitalite,main_training_keep,passes_provenance_and_spectral_quality_checks,861.2239333651619,9,0.8777243531586637,0.3833074248923961,0.005695687550854353,The identification of this mineral has been confirmed only by single crystal X-ray diffraction.,d:\dyt\raman\pigeonite\augmented_tongyi_physics4\Kinoshitalite__R070656__Raman__780__0__unoriented__Raman_Data_RAW__23928.csv
PARENT_0672,RRUFF database,visible_nir_supervised_reference,train,Mica,Kinoshitalite,main_training_keep,passes_provenance_and_spectral_quality_checks,502.6106338850912,4,0.1390298882212121,0.24492000551209595,0.0,The identification of this mineral has been confirmed only by single crystal X-ray diffraction.,d:\dyt\raman\pigeonite\augmented_tongyi_physics4\Kinoshitalite__R070656__Raman__532__0__unoriented__Raman_Data_RAW__23930.csv
PARENT_0677,RRUFF database,visible_nir_supervised_reference,train,Mica,Margarite,main_training_keep,passes_provenance_and_spectral_quality_checks,1147.2710513428508,3,0.1106961468585652,0.6015603904177136,0.0,The identification of this mineral has been confirmed by X-ray diffraction and chemical analysis,d:\dyt\raman\pigeonite\augmented_tongyi_physics4\Margarite__R060839__Raman__532__0__unoriented__Raman_Data_RAW__12926.csv
PARENT_0678,RRUFF database,visible_nir_supervised_reference,train,Mica,Margarite,main_training_keep,passes_provenance_and_spectral_quality_checks,607.2159501321381,4,0.9999999999999998,0.49913426945834977,0.0,The identification of this mineral has been confirmed by X-ray diffraction and chemical analysis,d:\dyt\raman\pigeonite\augmented_tongyi_physics4\Margarite__R060839__Raman__785__0__unoriented__Raman_Data_RAW__16831.csv
PARENT_0685,RRUFF database,visible_nir_supervised_reference,train,Mica,Muscovite,main_training_keep,passes_provenance_and_spectral_quality_checks,232.30746432529307,10,1.0,0.12103702237425909,0.027598896044158234,The identification of this mineral has been confirmed by X-ray diffraction and chemical analysis,d:\dyt\raman\pigeonite\augmented_tongyi_physics4\Muscovite__R040104__Raman__514__0__unoriented__Raman_Data_RAW__9500.csv
PARENT_0686,RRUFF database,visible_nir_supervised_reference,train,Mica,Muscovite,main_training_keep,passes_provenance_and_spectral_quality_checks,704.0524084866524,8,0.9356874914125368,0.057640753126073224,0.03158344003414426,The identification of this mineral has been confirmed by X-ray diffraction and chemical analysis,d:\dyt\raman\pigeonite\augmented_tongyi_physics4\Muscovite__R040104__Raman__532__0__unoriented__Raman_Data_RAW__15840.csv
PARENT_0687,RRUFF database,visible_nir_supervised_reference,train,Mica,Muscovite,main_training_keep,passes_provenance_and_spectral_quality_checks,599.3430148409066,9,0.8765519936768521,0.07517763391409213,0.02904040404040404,The identification of this mineral has been confirmed by X-ray diffraction and chemical analysis,d:\dyt\raman\pigeonite\augmented_tongyi_physics4\Muscovite__R040104__Raman__785__0__unoriented__Raman_Data_RAW__15842.csv
PARENT_0688,RRUFF database,visible_nir_supervised_reference,train,Mica,Muscovite,main_training_keep,passes_provenance_and_spectral_quality_checks,225.6778003967939,7,1.0,0.03628311642771348,0.026833631484794274,The identification of this mineral has been confirmed by X-ray diffraction and chemical analysis,d:\dyt\raman\pigeonite\augmented_tongyi_physics4\Muscovite__R040108__Raman__514__0__unoriented__Raman_Data_RAW__9508.csv
PARENT_0689,RRUFF database,visible_nir_supervised_reference,train,Mica,Muscovite,main_training_keep,passes_provenance_and_spectral_quality_checks,283.0324940484629,9,0.9999999999999998,0.02743027118663207,0.007021891780256092,The identification of this mineral has been confirmed by X-ray diffraction and chemical analysis,d:\dyt\raman\pigeonite\augmented_tongyi_physics4\Muscovite__R040108__Raman__532__0__unoriented__Raman_Data_RAW__19539.csv
PARENT_0690,RRUFF database,visible_nir_supervised_reference,train,Mica,Muscovite,main_training_keep,passes_provenance_and_spectral_quality_checks,502.289938190431,7,0.652701310465492,0.23870865545002354,0.022939677145284623,The identification of this mineral has been confirmed by X-ray diffraction and chemical analysis,d:\dyt\raman\pigeonite\augmented_tongyi_physics4\Muscovite__R040108__Raman__785__0__unoriented__Raman_Data_RAW__19541.csv
PARENT_0691,RRUFF database,visible_nir_supervised_reference,train,Mica,Muscovite,main_training_keep,passes_provenance_and_spectral_quality_checks,178.44419028380975,5,0.9999999999999999,0.5383784934180077,0.008348794063079777,The identification of this mineral has been confirmed by X-ray diffraction and chemical analysis,d:\dyt\raman\pigeonite\augmented_tongyi_physics4\Muscovite__R040124__Raman__514__0__unoriented__Raman_Data_RAW__9534.csv
PARENT_0692,RRUFF database,visible_nir_supervised_reference,train,Mica,Muscovite,main_training_keep,passes_provenance_and_spectral_quality_checks,444.6937040817437,9,0.9999999999999998,0.06306598734347516,0.01625659050966608,The identification of this mineral has been confirmed by X-ray diffraction and chemical analysis,d:\dyt\raman\pigeonite\augmented_tongyi_physics4\Muscovite__R040124__Raman__785__0__unoriented__Raman_Data_RAW__19730.csv
PARENT_0693,RRUFF database,visible_nir_supervised_reference,train,Mica,Muscovite,main_training_keep,passes_provenance_and_spectral_quality_checks,545.4325304019211,8,0.9999999999999998,0.04868632370482607,0.024484536082474227,The identification of this mineral has been confirmed by X-ray diffraction and chemical analysis,d:\dyt\raman\pigeonite\augmented_tongyi_physics4\Muscovite__R040124__Raman__532__0__unoriented__Raman_Data_RAW__19731.csv
PARENT_0694,RRUFF database,visible_nir_supervised_reference,train,Mica,Muscovite,main_training_keep,passes_provenance_and_spectral_quality_checks,192.28018834095187,3,0.2886983456579594,0.2544376825855869,0.0,The identification of this mineral has been confirmed by X-ray diffraction and chemical analysis,d:\dyt\raman\pigeonite\augmented_tongyi_physics4\Muscovite__R050080__Raman__514__0__unoriented__Raman_Data_RAW__10045.csv
PARENT_0695,RRUFF database,visible_nir_supervised_reference,train,Mica,Muscovite,main_training_keep,passes_provenance_and_spectral_quality_checks,963.7962032769839,4,0.22606445379970944,0.3534177624873472,0.0,The identification of this mineral has been confirmed by X-ray diffraction and chemical analysis,d:\dyt\raman\pigeonite\augmented_tongyi_physics4\Muscovite__R050080__Raman__532__0__unoriented__Raman_Data_RAW__21444.csv
PARENT_0696,RRUFF database,visible_nir_supervised_reference,train,Mica,Muscovite,main_training_keep,passes_provenance_and_spectral_quality_checks,403.5729735930254,9,0.7164363941300399,0.10401652692264003,0.008791208791208791,The identification of this mineral has been confirmed by X-ray diffraction and chemical analysis,d:\dyt\raman\pigeonite\augmented_tongyi_physics4\Muscovite__R050080__Raman__785__0__unoriented__Raman_Data_RAW__21446.csv
PARENT_0697,RRUFF database,visible_nir_supervised_reference,val,Mica,Muscovite,main_training_keep,passes_provenance_and_spectral_quality_checks,267.517653881751,9,1.0,0.006483488974886227,0.030276046304541407,The identification of this mineral has been confirmed by X-ray diffraction and chemical analysis,d:\dyt\raman\pigeonite\augmented_tongyi_physics4\Muscovite__R050188__Raman__514__0__unoriented__Raman_Data_RAW__10209.csv
PARENT_0698,RRUFF database,visible_nir_supervised_reference,val,Mica,Muscovite,main_training_keep,passes_provenance_and_spectral_quality_checks,733.6645850305141,8,0.9999999999999941,0.13967253396084559,0.022700119474313024,The identification of this mineral has been confirmed by X-ray diffraction and chemical analysis,d:\dyt\raman\pigeonite\augmented_tongyi_physics4\Muscovite__R050188__Raman__532__0__unoriented__Raman_Data_RAW__30078.csv
PARENT_0699,RRUFF database,visible_nir_supervised_reference,val,Mica,Muscovite,main_training_keep,passes_provenance_and_spectral_quality_checks,976.8613258105888,5,0.7780744743148349,0.10043595978500888,0.03315810756166599,The identification of this mineral has been confirmed by X-ray diffraction and chemical analysis,d:\dyt\raman\pigeonite\augmented_tongyi_physics4\Muscovite__R050188__Raman__780__0__unoriented__Raman_Data_RAW__30080.csv
PARENT_0700,RRUFF database,visible_nir_supervised_reference,train,Mica,Muscovite,main_training_keep,passes_provenance_and_spectral_quality_checks,1341.7725252919272,3,0.0632156618561721,0.7360999928571138,0.014735165272799682,The identification of this mineral has been confirmed by X-ray diffraction and chemical analysis,d:\dyt\raman\pigeonite\augmented_tongyi_physics4\Muscovite__R050198__Raman__532__0__unoriented__Raman_Data_RAW__30431.csv
PARENT_0701,RRUFF database,visible_nir_supervised_reference,train,Mica,Muscovite,main_training_keep,passes_provenance_and_spectral_quality_checks,1009.9332863002943,4,0.6731697875104028,0.23427948780757357,0.01940962393853619,The identification of this mineral has been confirmed by X-ray diffraction and chemical analysis,d:\dyt\raman\pigeonite\augmented_tongyi_physics4\Muscovite__R050198__Raman__780__0__unoriented__Raman_Data_RAW__30433.csv
PARENT_0702,RRUFF database,visible_nir_supervised_reference,reference_qc_excluded,Mica,Muscovite,manual_review_keep_in_metadata,rruff_identification_status_low_confidence,349.9165234737749,5,0.9999999999999953,0.0011266727083989107,0.042602633617350893,The identification of this mineral has been determined only by Raman spectroscopy,d:\dyt\raman\pigeonite\augmented_tongyi_physics4\Muscovite__X050119__Raman__785__0__unoriented__Raman_Data_Processed__6616.csv
PARENT_0703,RRUFF database,visible_nir_supervised_reference,train,Mica,Muscovite,main_training_keep,passes_provenance_and_spectral_quality_checks,933.5907730695799,7,0.9999999999999987,0.06806860277665144,0.04259554140127388,The identification of this mineral has been confirmed by X-ray diffraction and chemical analysis,d:\dyt\raman\pigeonite\augmented_tongyi_physics4\Muscovite__R060182__Raman__532__0__unoriented__Raman_Data_RAW__33205.csv
PARENT_0704,RRUFF database,visible_nir_supervised_reference,train,Mica,Muscovite,main_training_keep,passes_provenance_and_spectral_quality_checks,916.6063813538686,3,0.23980240730277552,0.039281945629452246,0.025050505050505052,The identification of this mineral has been confirmed by X-ray diffraction and chemical analysis,d:\dyt\raman\pigeonite\augmented_tongyi_physics4\Muscovite__R060182__Raman__780__0__unoriented__Raman_Data_RAW__33207.csv
PARENT_0705,RRUFF database,visible_nir_supervised_reference,reference_qc_excluded,Mica,Muscovite,manual_review_keep_in_metadata,continuum_or_fluorescence_dominated_weak_raman_bands;phyllosilicate_without_detected_diagnostic_bands,1233.8226981620844,0,0.0,0.8739004942248739,0.005173099880620772,The identification of this mineral has been made only by X-ray diffraction.,d:\dyt\raman\pigeonite\augmented_tongyi_physics4\Muscovite__R060266__Raman__532__0__unoriented__Raman_Data_RAW__33981.csv
PARENT_0706,RRUFF database,visible_nir_supervised_reference,train,Mica,Muscovite,main_training_keep,passes_provenance_and_spectral_quality_checks,308.28052698789253,7,0.1998431844832989,0.6508046744987926,0.0,The identification of this mineral has been made only by X-ray diffraction.,d:\dyt\raman\pigeonite\augmented_tongyi_physics4\Muscovite__R060266__Raman__780__0__unoriented__Raman_Data_RAW__33983.csv
PARENT_0707,RRUFF database,visible_nir_supervised_reference,test,Mica,Muscovite,main_training_keep,passes_provenance_and_spectral_quality_checks,858.7281181221898,5,0.5152817513436573,0.23724275416624238,0.014607679465776294,The identification of this mineral has been confirmed by X-ray diffraction and chemical analysis,d:\dyt\raman\pigeonite\augmented_tongyi_physics4\Muscovite__R061120__Raman__532__0__unoriented__Raman_Data_RAW__16359.csv
PARENT_0708,RRUFF database,visible_nir_supervised_reference,test,Mica,Muscovite,main_training_keep,passes_provenance_and_spectral_quality_checks,1174.4728468662413,7,0.9999999999999999,0.4408400318050392,0.009157509157509158,The identification of this mineral has been confirmed by X-ray diffraction and chemical analysis,d:\dyt\raman\pigeonite\augmented_tongyi_physics4\Muscovite__R061120__Raman__785__0__unoriented__Raman_Data_RAW__18684.csv
PARENT_0709,RRUFF database,visible_nir_supervised_reference,reference_qc_excluded,Mica,Muscovite,manual_review_keep_in_metadata,rruff_identification_status_low_confidence,873.8706373337018,8,0.9999999999999988,0.05851169442624494,0.029880478087649404,The identification of this mineral is not yet confirmed.,d:\dyt\raman\pigeonite\augmented_tongyi_physics4\Muscovite__R100147__Raman__532__0__unoriented__Raman_Data_RAW__34575.csv
PARENT_0710,RRUFF database,visible_nir_supervised_reference,reference_qc_excluded,Mica,Muscovite,manual_review_keep_in_metadata,rruff_identification_status_low_confidence,807.9810822984658,6,0.4624815628256023,0.16285419019935257,0.029911075181891674,The identification of this mineral is not yet confirmed.,d:\dyt\raman\pigeonite\augmented_tongyi_physics4\Muscovite__R100147__Raman__780__0__unoriented__Raman_Data_RAW__34573.csv
PARENT_0723,RRUFF database,visible_nir_supervised_reference,train,Mica,Paragonite,main_training_keep,passes_provenance_and_spectral_quality_checks,225.38790604642594,1,0.08626261434708264,0.21835494849981,0.0,The identification of this mineral has been confirmed by X-ray diffraction and chemical analysis,d:\dyt\raman\pigeonite\augmented_tongyi_physics4\Paragonite__R050447__Raman__514__0__unoriented__Raman_Data_RAW__10894.csv
PARENT_0724,RRUFF database,visible_nir_supervised_reference,train,Mica,Paragonite,main_training_keep,passes_provenance_and_spectral_quality_checks,669.9225868124732,7,0.9999999999999999,0.3428934067698388,0.0008845643520566122,The identification of this mineral has been confirmed by X-ray diffraction and chemical analysis,d:\dyt\raman\pigeonite\augmented_tongyi_physics4\Paragonite__R050447__Raman__785__0__unoriented__Raman_Data_RAW__15198.csv
PARENT_0725,RRUFF database,visible_nir_supervised_reference,train,Mica,Phlogopite,main_training_keep,passes_provenance_and_spectral_quality_checks,158.1516821901805,6,0.9999999999999999,0.5347533798809809,0.0009165902841429881,The identification of this mineral has been confirmed by X-ray diffraction and chemical analysis,d:\dyt\raman\pigeonite\augmented_tongyi_physics4\Phlogopite__R040144__Raman__514__0__unoriented__Raman_Data_RAW__9616.csv
PARENT_0726,RRUFF database,visible_nir_supervised_reference,train,Mica,Phlogopite,main_training_keep,passes_provenance_and_spectral_quality_checks,858.4553559135626,5,0.9684083944743532,0.009468868302130415,0.025608732157850547,The identification of this mineral has been confirmed by X-ray diffraction and chemical analysis,d:\dyt\raman\pigeonite\augmented_tongyi_physics4\Phlogopite__R040144__Raman__532__0__unoriented__Raman_Data_RAW__20739.csv
PARENT_0727,RRUFF database,visible_nir_supervised_reference,train,Mica,Phlogopite,main_training_keep,passes_provenance_and_spectral_quality_checks,960.8423423643789,5,0.9411979584899085,0.04472291809150405,0.02796271637816245,The identification of this mineral has been confirmed by X-ray diffraction and chemical analysis,d:\dyt\raman\pigeonite\augmented_tongyi_physics4\Phlogopite__R040144__Raman__785__0__unoriented__Raman_Data_RAW__20741.csv
PARENT_0728,RRUFF database,visible_nir_supervised_reference,train,Mica,Phlogopite,main_training_keep,passes_provenance_and_spectral_quality_checks,157.7028844477685,8,0.9999999999999999,0.30606964643920986,0.016589861751152075,The identification of this mineral has been confirmed by X-ray diffraction and chemical analysis,d:\dyt\raman\pigeonite\augmented_tongyi_physics4\Phlogopite__R050068__Raman__514__0__unoriented__Raman_Data_RAW__9976.csv
PARENT_0729,RRUFF database,visible_nir_supervised_reference,train,Mica,Phlogopite,main_training_keep,passes_provenance_and_spectral_quality_checks,468.95941363318315,7,0.6930309212067165,0.33010521118912983,0.010960105217010083,The identification of this mineral has been confirmed by X-ray diffraction and chemical analysis,d:\dyt\raman\pigeonite\augmented_tongyi_physics4\Phlogopite__R050068__Raman__785__0__unoriented__Raman_Data_RAW__21253.csv
PARENT_0730,RRUFF database,visible_nir_supervised_reference,train,Mica,Phlogopite,main_training_keep,passes_provenance_and_spectral_quality_checks,343.8425599416145,8,0.9999999999999997,0.16412631158695104,0.000847816871555744,The identification of this mineral has been confirmed by X-ray diffraction and chemical analysis,d:\dyt\raman\pigeonite\augmented_tongyi_physics4\Phlogopite__R050068__Raman__532__0__unoriented__Raman_Data_RAW__21255.csv
PARENT_0731,RRUFF database,visible_nir_supervised_reference,train,Mica,Phlogopite,main_training_keep,passes_provenance_and_spectral_quality_checks,245.48979703611909,5,0.3729765135645997,0.2426027798529524,0.0,The identification of this mineral has been confirmed by X-ray diffraction and chemical analysis,d:\dyt\raman\pigeonite\augmented_tongyi_physics4\Phlogopite__R050485__Raman__785__0__unoriented__Raman_Data_RAW__7316.csv
PARENT_0732,RRUFF database,visible_nir_supervised_reference,reference_qc_excluded,Mica,Phlogopite,manual_review_keep_in_metadata,phyllosilicate_without_detected_diagnostic_bands,1068.953421344756,0,0.0,0.8216752296539788,0.0,The identification of this mineral has been confirmed by X-ray diffraction and chemical analysis,d:\dyt\raman\pigeonite\augmented_tongyi_physics4\Phlogopite__R050485__Raman__532__0__unoriented__Raman_Data_RAW__31635.csv
PARENT_0733,RRUFF database,visible_nir_supervised_reference,reference_qc_excluded,Mica,Phlogopite,manual_review_keep_in_metadata,phyllosilicate_without_detected_diagnostic_bands,427.2968258003817,0,0.0,0.3279746470608228,0.0,The identification of this mineral has been confirmed by X-ray diffraction and chemical analysis,d:\dyt\raman\pigeonite\augmented_tongyi_physics4\Phlogopite__R050485__Raman__780__0__unoriented__Raman_Data_RAW__31637.csv
PARENT_0734,RRUFF database,visible_nir_supervised_reference,train,Mica,Phlogopite,main_training_keep,passes_provenance_and_spectral_quality_checks,397.7361916818125,5,0.9184915370793171,0.23676677618219644,0.0,The identification of this mineral has been confirmed by X-ray diffraction and chemical analysis,d:\dyt\raman\pigeonite\augmented_tongyi_physics4\Phlogopite__R070330__Raman__532__0__unoriented__Raman_Data_RAW__20672.csv
PARENT_0735,RRUFF database,visible_nir_supervised_reference,train,Mica,Phlogopite,main_training_keep,passes_provenance_and_spectral_quality_checks,287.2581918006679,5,0.4350265266296769,0.4335721573107392,0.0,The identification of this mineral has been confirmed by X-ray diffraction and chemical analysis,d:\dyt\raman\pigeonite\augmented_tongyi_physics4\Phlogopite__R070330__Raman__785__0__unoriented__Raman_Data_RAW__20674.csv
PARENT_0249,RRUFF database,visible_nir_supervised_reference,reference_qc_excluded,Olivine,Fayalite,manual_review_keep_in_metadata,rruff_identification_status_low_confidence,524.3632831546765,7,0.9999999999999961,0.009939135905068137,0.059628543499511244,The identification of this mineral has been determined only by Raman spectroscopy,d:\dyt\raman\pigeonite\data\Fayalite__X050076.4__Raman__785__0__unoriented__Raman_Data_Processed__6546.csv
PARENT_0250,RRUFF database,visible_nir_supervised_reference,reference_qc_excluded,Olivine,Fayalite,manual_review_keep_in_metadata,rruff_identification_status_low_confidence,988.6266877263877,4,1.0,0.0013986019935993397,0.050049067713444556,The identification of this mineral has been determined only by Raman spectroscopy,d:\dyt\raman\pigeonite\data\Fayalite__X050077__Raman__514__0__unoriented__Raman_Data_Processed__6563.csv
PARENT_0251,RRUFF database,visible_nir_supervised_reference,val,Olivine,Fayalite,main_training_keep,passes_provenance_and_spectral_quality_checks,430.1079003533722,4,0.9999999999999999,0.020752011605795196,0.028347996089931573,The identification of this mineral is confirmed by single-crystal X-ray diffraction and chemical analysis.,d:\dyt\raman\pigeonite\data\Fayalite__R070157__Raman__785__0__unoriented__Raman_Data_RAW__19276.csv
PARENT_0252,RRUFF database,visible_nir_supervised_reference,val,Olivine,Fayalite,main_training_keep,passes_provenance_and_spectral_quality_checks,385.68742418194574,5,0.9999999999999999,0.02581241807377402,0.028347996089931573,The identification of this mineral is confirmed by single-crystal X-ray diffraction and chemical analysis.,d:\dyt\raman\pigeonite\data\Fayalite__R070157__Raman__532__0__unoriented__Raman_Data_RAW__19278.csv
PARENT_0253,RRUFF database,visible_nir_supervised_reference,val,Olivine,Fayalite,main_training_keep,passes_provenance_and_spectral_quality_checks,405.4983326341986,5,0.9999999999999998,0.006672040570391969,0.02346041055718475,The identification of this mineral has been confirmed by X-ray diffraction and chemical analysis,d:\dyt\raman\pigeonite\data\Fayalite__R070374__Raman__785__0__unoriented__Raman_Data_RAW__20054.csv
PARENT_0254,RRUFF database,visible_nir_supervised_reference,val,Olivine,Fayalite,main_training_keep,passes_provenance_and_spectral_quality_checks,474.96287210278774,3,0.9811535782993352,0.012616762720458592,0.026392961876832845,The identification of this mineral has been confirmed by X-ray diffraction and chemical analysis,d:\dyt\raman\pigeonite\data\Fayalite__R070374__Raman__532__0__unoriented__Raman_Data_RAW__20056.csv
PARENT_0255,RRUFF database,visible_nir_supervised_reference,train,Olivine,Fayalite,main_training_keep,passes_provenance_and_spectral_quality_checks,808.7037698129491,3,0.9949961873776434,0.014458123027411236,0.04594330400782014,The identification of this mineral has been confirmed by X-ray diffraction and chemical analysis,d:\dyt\raman\pigeonite\data\Fayalite__R070293__Raman__532__0__unoriented__Raman_Data_RAW__20365.csv
PARENT_0256,RRUFF database,visible_nir_supervised_reference,train,Olivine,Fayalite,main_training_keep,passes_provenance_and_spectral_quality_checks,453.46323316959825,5,0.9999999999999998,0.011341492073774129,0.02541544477028348,The identification of this mineral has been confirmed by X-ray diffraction and chemical analysis,d:\dyt\raman\pigeonite\data\Fayalite__R070293__Raman__785__0__unoriented__Raman_Data_RAW__20367.csv
PARENT_0257,RRUFF database,visible_nir_supervised_reference,val,Olivine,Fayalite,main_training_keep,passes_provenance_and_spectral_quality_checks,1287.8552856128326,3,0.9999999999999993,0.003344559275085103,0.06744868035190615,The identification of this mineral is confirmed by single-crystal X-ray diffraction and chemical analysis.,d:\dyt\raman\pigeonite\data\Fayalite__R100102__Raman__532__0__unoriented__Raman_Data_RAW__34377.csv
PARENT_0258,RRUFF database,visible_nir_supervised_reference,val,Olivine,Fayalite,main_training_keep,passes_provenance_and_spectral_quality_checks,146.1335832616668,5,0.999999999999991,0.04914286793180777,0.0,The identification of this mineral is confirmed by single-crystal X-ray diffraction and chemical analysis.,d:\dyt\raman\pigeonite\data\Fayalite__R100102__Raman__780__0__unoriented__Raman_Data_RAW__34379.csv
PARENT_0259,RRUFF database,visible_nir_supervised_reference,train,Olivine,Fayalite,main_training_keep,passes_provenance_and_spectral_quality_checks,174.48066740790918,5,0.9999999999999954,0.05951848903737431,0.0,The identification of this mineral is confirmed by single-crystal X-ray diffraction and chemical analysis.,d:\dyt\raman\pigeonite\data\Fayalite__R100103__Raman__532__0__unoriented__Raman_Data_RAW__34369.csv
PARENT_0260,RRUFF database,visible_nir_supervised_reference,train,Olivine,Fayalite,main_training_keep,passes_provenance_and_spectral_quality_checks,43.41857285331833,8,0.9999999999999727,0.032032110672426145,0.0,The identification of this mineral is confirmed by single-crystal X-ray diffraction and chemical analysis.,d:\dyt\raman\pigeonite\data\Fayalite__R100103__Raman__780__0__unoriented__Raman_Data_RAW__34371.csv
PARENT_0261,RRUFF database,visible_nir_supervised_reference,test,Olivine,Fayalite,main_training_keep,passes_provenance_and_spectral_quality_checks,491.78010341765923,5,0.9999999999999983,0.015985120889775856,0.04007820136852395,The identification of this mineral is confirmed by single-crystal X-ray diffraction and chemical analysis.,d:\dyt\raman\pigeonite\data\Fayalite__R100104__Raman__532__0__unoriented__Raman_Data_RAW__34381.csv
PARENT_0262,RRUFF database,visible_nir_supervised_reference,reference_qc_excluded,Olivine,Forsterite,manual_review_keep_in_metadata,high_cosmic_spike_or_discontinuity_fraction,2188.8404014530493,4,1.0,0.05108779569150663,0.0967741935483871,The identification of this mineral has been confirmed by X-ray diffraction and chemical analysis,d:\dyt\raman\pigeonite\data\Forsterite__R040018__Raman__514__0__unoriented__Raman_Data_RAW__9283.csv
PARENT_0263,RRUFF database,visible_nir_supervised_reference,train,Olivine,Forsterite,main_training_keep,passes_provenance_and_spectral_quality_checks,656.6661588158219,5,0.906444777860486,0.14586882181393002,0.05474095796676442,The identification of this mineral has been confirmed by X-ray diffraction and chemical analysis,d:\dyt\raman\pigeonite\data\Forsterite__R040018__Raman__532__0__unoriented__Raman_Data_RAW__26074.csv
PARENT_0264,RRUFF database,visible_nir_supervised_reference,train,Olivine,Forsterite,main_training_keep,passes_provenance_and_spectral_quality_checks,389.2297935968011,8,0.9999999999999981,0.008437910375196558,0.043010752688172046,The identification of this mineral has been confirmed by X-ray diffraction and chemical analysis,d:\dyt\raman\pigeonite\data\Forsterite__R040018__Raman__780__0__unoriented__Raman_Data_RAW__26076.csv
PARENT_0265,RRUFF database,visible_nir_supervised_reference,reference_qc_excluded,Olivine,Forsterite,manual_review_keep_in_metadata,high_cosmic_spike_or_discontinuity_fraction,1002.5860651400967,5,1.0,0.13868979030571504,0.08308895405669599,The identification of this mineral has been confirmed by X-ray diffraction and chemical analysis,d:\dyt\raman\pigeonite\data\Forsterite__R040052__Raman__514__0__unoriented__Raman_Data_RAW__9349.csv
PARENT_0266,RRUFF database,visible_nir_supervised_reference,train,Olivine,Forsterite,main_training_keep,passes_provenance_and_spectral_quality_checks,595.511710285921,5,0.9292753704460234,0.11017355132455987,0.05865102639296188,The identification of this mineral has been confirmed by X-ray diffraction and chemical analysis,d:\dyt\raman\pigeonite\data\Forsterite__R040052__Raman__532__0__unoriented__Raman_Data_RAW__15116.csv
PARENT_0267,RRUFF database,visible_nir_supervised_reference,train,Olivine,Forsterite,main_training_keep,passes_provenance_and_spectral_quality_checks,630.2722737964147,6,0.9999999999999998,0.08159364896448695,0.06647116324535679,The identification of this mineral has been confirmed by X-ray diffraction and chemical analysis,d:\dyt\raman\pigeonite\data\Forsterite__R040052__Raman__785__0__unoriented__Raman_Data_RAW__15118.csv
PARENT_0268,RRUFF database,visible_nir_supervised_reference,train,Olivine,Forsterite,main_training_keep,passes_provenance_and_spectral_quality_checks,858.472856941904,4,1.0,0.14700077514183327,0.05474095796676442,The identification of this mineral has been confirmed by X-ray diffraction and chemical analysis,d:\dyt\raman\pigeonite\data\Forsterite__R040057__Raman__514__0__unoriented__Raman_Data_RAW__9395.csv
PARENT_0269,RRUFF database,visible_nir_supervised_reference,train,Olivine,Forsterite,main_training_keep,passes_provenance_and_spectral_quality_checks,884.4758394975169,6,0.9999999999999982,0.007755529844844413,0.06158357771260997,The identification of this mineral has been confirmed by X-ray diffraction and chemical analysis,d:\dyt\raman\pigeonite\data\Forsterite__R040057__Raman__780__0__unoriented__Raman_Data_RAW__31759.csv
PARENT_0270,RRUFF database,visible_nir_supervised_reference,train,Olivine,Forsterite,main_training_keep,passes_provenance_and_spectral_quality_checks,1722.356778328319,5,0.9999999999999993,0.0037715569423720633,0.07820136852394917,The identification of this mineral has been confirmed by X-ray diffraction and chemical analysis,d:\dyt\raman\pigeonite\data\Forsterite__R040057__Raman__532__0__unoriented__Raman_Data_RAW__31756.csv
PARENT_0271,RRUFF database,visible_nir_supervised_reference,train,Olivine,Forsterite,main_training_keep,passes_provenance_and_spectral_quality_checks,1134.027226730428,5,0.9592243025794177,0.09180128846457856,0.06256109481915934,The identification of this mineral has been confirmed by X-ray diffraction and chemical analysis,d:\dyt\raman\pigeonite\data\Forsterite__R050117__Raman__514__0__unoriented__Raman_Data_RAW__10107.csv
PARENT_0272,RRUFF database,visible_nir_supervised_reference,reference_qc_excluded,Olivine,Forsterite,manual_review_keep_in_metadata,high_cosmic_spike_or_discontinuity_fraction,1417.654064128995,4,0.9999999999999994,0.0014104268564555044,0.08699902248289346,The identification of this mineral has been confirmed by X-ray diffraction and chemical analysis,d:\dyt\raman\pigeonite\data\Forsterite__R050117__Raman__532__0__unoriented__Raman_Data_RAW__31763.csv
PARENT_0273,RRUFF database,visible_nir_supervised_reference,train,Olivine,Forsterite,main_training_keep,passes_provenance_and_spectral_quality_checks,560.3437521849056,4,0.9010035441768378,0.2828082389669481,0.03421309872922776,The identification of this mineral has been confirmed by X-ray diffraction and chemical analysis,d:\dyt\raman\pigeonite\data\Forsterite__R050117__Raman__780__0__unoriented__Raman_Data_RAW__31761.csv
PARENT_0274,RRUFF database,visible_nir_supervised_reference,reference_qc_excluded,Olivine,Forsterite,manual_review_keep_in_metadata,high_cosmic_spike_or_discontinuity_fraction,3567.4978714535623,9,0.9999999999999998,2.5009499467450598e-05,0.20332355816226785,The identification of this mineral has been determined only by Raman spectroscopy,d:\dyt\raman\pigeonite\data\Forsterite__X050080.4__Raman__785__0__unoriented__Raman_Data_Processed__6549.csv
PARENT_0275,RRUFF database,visible_nir_supervised_reference,reference_qc_excluded,Olivine,Forsterite,manual_review_keep_in_metadata,high_cosmic_spike_or_discontinuity_fraction,1105.8631072260691,6,0.9999999999999994,0.0013953960148617459,0.08406647116324535,The identification of this mineral has been determined only by Raman spectroscopy,d:\dyt\raman\pigeonite\data\Forsterite__X050081__Raman__785__0__unoriented__Raman_Data_Processed__6550.csv
PARENT_0276,RRUFF database,visible_nir_supervised_reference,reference_qc_excluded,Olivine,Forsterite,manual_review_keep_in_metadata,rruff_identification_status_low_confidence,853.8065278589809,8,0.9999999999999991,0.006517758933742798,0.06647116324535679,The identification of this mineral has been determined only by Raman spectroscopy,d:\dyt\raman\pigeonite\data\Forsterite__X050082__Raman__785__0__unoriented__Raman_Data_Processed__6551.csv
PARENT_0277,RRUFF database,visible_nir_supervised_reference,reference_qc_excluded,Olivine,Forsterite,manual_review_keep_in_metadata,high_cosmic_spike_or_discontinuity_fraction,1484.951235252246,8,0.9999999999999992,0.006221983766510156,0.11436950146627566,The identification of this mineral has been determined only by Raman spectroscopy,d:\dyt\raman\pigeonite\data\Forsterite__X050085__Raman__785__0__unoriented__Raman_Data_Processed__6556.csv
PARENT_0278,RRUFF database,visible_nir_supervised_reference,reference_qc_excluded,Olivine,Forsterite,manual_review_keep_in_metadata,high_cosmic_spike_or_discontinuity_fraction,1353.6873233296471,6,0.9999999999999992,0.005021297649976929,0.10557184750733138,The identification of this mineral has been determined only by Raman spectroscopy,d:\dyt\raman\pigeonite\data\Forsterite__X050086__Raman__785__0__unoriented__Raman_Data_Processed__6557.csv
PARENT_0279,RRUFF database,visible_nir_supervised_reference,reference_qc_excluded,Olivine,Forsterite,manual_review_keep_in_metadata,high_cosmic_spike_or_discontinuity_fraction,1820.9398621022858,8,0.9999999999999992,0.001530610966787088,0.1270772238514174,The identification of this mineral has been determined only by Raman spectroscopy,d:\dyt\raman\pigeonite\data\Forsterite__X050087__Raman__785__0__unoriented__Raman_Data_Processed__6558.csv
PARENT_0280,RRUFF database,visible_nir_supervised_reference,reference_qc_excluded,Olivine,Forsterite,manual_review_keep_in_metadata,rruff_identification_status_low_confidence,1015.0443054608315,7,0.9999999999999979,0.00936268300976402,0.07038123167155426,The identification of this mineral has been determined only by Raman spectroscopy,d:\dyt\raman\pigeonite\data\Forsterite__X050088__Raman__785__0__unoriented__Raman_Data_Processed__6559.csv
PARENT_0281,RRUFF database,visible_nir_supervised_reference,reference_qc_excluded,Olivine,Forsterite,manual_review_keep_in_metadata,high_cosmic_spike_or_discontinuity_fraction,1205.0933763497515,6,0.9999999999999991,0.007281224915129091,0.08504398826979472,The identification of this mineral has been determined only by Raman spectroscopy,d:\dyt\raman\pigeonite\data\Forsterite__X050089.4__Raman__785__0__unoriented__Raman_Data_Processed__6561.csv
PARENT_0282,RRUFF database,visible_nir_supervised_reference,reference_qc_excluded,Olivine,Forsterite,manual_review_keep_in_metadata,rruff_identification_status_low_confidence,428.46506735929813,6,0.9999999999999999,0.0018397466794308124,0.03925417075564279,The identification of this mineral has been determined only by Raman spectroscopy,d:\dyt\raman\pigeonite\data\Forsterite__X050090.4__Raman__514__0__unoriented__Raman_Data_Processed__6567.csv
PARENT_0283,RRUFF database,visible_nir_supervised_reference,reference_qc_excluded,Olivine,Forsterite,manual_review_keep_in_metadata,high_cosmic_spike_or_discontinuity_fraction,1801.9298407999286,6,0.9999999999999994,0.0037276468336696787,0.09579667644183773,The identification of this mineral has been confirmed by X-ray diffraction and chemical analysis,d:\dyt\raman\pigeonite\data\Forsterite__R060539__Raman__532__0__unoriented__Raman_Data_RAW__31766.csv
PARENT_0284,RRUFF database,visible_nir_supervised_reference,val,Olivine,Forsterite,main_training_keep,passes_provenance_and_spectral_quality_checks,685.6152728641945,7,0.9999999999999981,0.006480402674320127,0.05865102639296188,The identification of this mineral has been confirmed by X-ray diffraction and chemical analysis,d:\dyt\raman\pigeonite\data\Forsterite__R060539__Raman__780__0__unoriented__Raman_Data_RAW__31768.csv
PARENT_0285,RRUFF database,visible_nir_supervised_reference,train,Olivine,Forsterite,main_training_keep,passes_provenance_and_spectral_quality_checks,1269.0612638413966,7,0.9999999999999994,0.002495600582040723,0.07917888563049853,The identification of this mineral has been confirmed by X-ray diffraction and chemical analysis,d:\dyt\raman\pigeonite\data\Forsterite__R060535__Raman__532__0__unoriented__Raman_Data_RAW__31772.csv
PARENT_0286,RRUFF database,visible_nir_supervised_reference,reference_qc_excluded,Olivine,Forsterite,manual_review_keep_in_metadata,high_cosmic_spike_or_discontinuity_fraction,1763.7747923915417,7,0.9999999999999993,0.002001142500817383,0.09775171065493646,The identification of this mineral has been confirmed by X-ray diffraction and chemical analysis,d:\dyt\raman\pigeonite\data\Forsterite__R060551__Raman__532__0__unoriented__Raman_Data_RAW__31774.csv
PARENT_0287,RRUFF database,visible_nir_supervised_reference,val,Olivine,Forsterite,main_training_keep,passes_provenance_and_spectral_quality_checks,925.0855759397609,6,0.9999999999999971,0.0003067140044346628,0.06549364613880743,The identification of this mineral has been confirmed by X-ray diffraction and chemical analysis,d:\dyt\raman\pigeonite\data\Forsterite__R060551__Raman__780__0__unoriented__Raman_Data_RAW__31776.csv
PARENT_0288,RRUFF database,visible_nir_supervised_reference,reference_qc_excluded,Olivine,Forsterite,manual_review_keep_in_metadata,high_cosmic_spike_or_discontinuity_fraction,1063.5099085943505,4,0.9999999999999994,0.03800472875057709,0.09188660801564028,The identification of this mineral is confirmed by single-crystal X-ray diffraction and chemical analysis.,d:\dyt\raman\pigeonite\data\Forsterite__R100099__Raman__532__0__unoriented__Raman_Data_RAW__34357.csv
PARENT_0289,RRUFF database,visible_nir_supervised_reference,train,Olivine,Forsterite,main_training_keep,passes_provenance_and_spectral_quality_checks,1704.1024261731425,5,0.9999999999999979,0.46848445452292464,0.008797653958944282,The identification of this mineral is confirmed by single-crystal X-ray diffraction and chemical analysis.,d:\dyt\raman\pigeonite\data\Forsterite__R100099__Raman__780__0__unoriented__Raman_Data_RAW__34359.csv
PARENT_0290,RRUFF database,visible_nir_supervised_reference,test,Olivine,Forsterite,main_training_keep,passes_provenance_and_spectral_quality_checks,718.6012584280303,7,0.9568716682209931,0.030196689539958244,0.053763440860215055,The identification of this mineral is confirmed by single-crystal X-ray diffraction and chemical analysis.,d:\dyt\raman\pigeonite\data\Forsterite__R100100__Raman__532__0__unoriented__Raman_Data_RAW__34361.csv
PARENT_0291,RRUFF database,visible_nir_supervised_reference,test,Olivine,Forsterite,main_training_keep,passes_provenance_and_spectral_quality_checks,1056.9257997178092,6,0.9999999999999993,0.012747403253790236,0.07429130009775171,The identification of this mineral is confirmed by single-crystal X-ray diffraction and chemical analysis.,d:\dyt\raman\pigeonite\data\Forsterite__R100100__Raman__780__0__unoriented__Raman_Data_RAW__34363.csv
PARENT_0292,RRUFF database,visible_nir_supervised_reference,reference_qc_excluded,Olivine,Forsterite,manual_review_keep_in_metadata,high_cosmic_spike_or_discontinuity_fraction,1239.367953949405,4,0.9999999999999996,0.006592175256688773,0.08113391984359726,The identification of this mineral is confirmed by single-crystal X-ray diffraction and chemical analysis.,d:\dyt\raman\pigeonite\data\Forsterite__R100101__Raman__532__0__unoriented__Raman_Data_RAW__34365.csv
PARENT_0293,RRUFF database,visible_nir_supervised_reference,train,Olivine,Forsterite,main_training_keep,passes_provenance_and_spectral_quality_checks,507.86452256448064,7,0.9999999999999977,0.010313541653308325,0.05083088954056696,The identification of this mineral is confirmed by single-crystal X-ray diffraction and chemical analysis.,d:\dyt\raman\pigeonite\data\Forsterite__R100101__Raman__780__0__unoriented__Raman_Data_RAW__34367.csv
PARENT_0294,RRUFF database,visible_nir_supervised_reference,reference_qc_excluded,Olivine,Forsterite,manual_review_keep_in_metadata,high_cosmic_spike_or_discontinuity_fraction,1459.8690842845808,7,0.9999999999999997,0.0027429131765074224,0.10361681329423265,The identification of this mineral has been confirmed by single-crystal X-ray diffraction.,d:\dyt\raman\pigeonite\data\Forsterite__R100140__Raman__532__0__unoriented__Raman_Data_RAW__34543.csv
PARENT_0295,RRUFF database,visible_nir_supervised_reference,val,Olivine,Forsterite,main_training_keep,passes_provenance_and_spectral_quality_checks,809.6647175570134,6,0.9999999999999992,0.0009781643066192165,0.06940371456500488,The identification of this mineral has been confirmed by single-crystal X-ray diffraction.,d:\dyt\raman\pigeonite\data\Forsterite__R100140__Raman__780__0__unoriented__Raman_Data_RAW__34545.csv
PARENT_0195,RRUFF database,visible_nir_supervised_reference,val,Other Silicates,Buddingtonite,main_training_keep,passes_provenance_and_spectral_quality_checks,553.489523364509,0,0.0,0.3907585815398305,0.0,The identification of this mineral has been confirmed by X-ray diffraction.,d:\dyt\raman\pigeonite\data\Buddingtonite__R061115__Raman__532__0__unoriented__Raman_Data_RAW__16357.csv
PARENT_0196,RRUFF database,visible_nir_supervised_reference,val,Other Silicates,Buddingtonite,main_training_keep,passes_provenance_and_spectral_quality_checks,511.9915567401684,10,0.9999999999999993,0.5790559279866807,0.0,The identification of this mineral has been confirmed by X-ray diffraction.,d:\dyt\raman\pigeonite\data\Buddingtonite__R061115__Raman__785__0__unoriented__Raman_Data_RAW__18688.csv
PARENT_0205,RRUFF database,visible_nir_supervised_reference,reference_qc_excluded,Other Silicates,Filatovite,manual_review_keep_in_metadata,rruff_identification_status_low_confidence,478.3338750933883,3,0.6645623884726032,0.3054578816186677,0.0009775171065493646,The identification of this mineral is not yet confirmed.,d:\dyt\raman\pigeonite\data\Filatovite__R070030__Raman__532__0__unoriented__Raman_Data_RAW__16926.csv
PARENT_0206,RRUFF database,visible_nir_supervised_reference,reference_qc_excluded,Other Silicates,Filatovite,manual_review_keep_in_metadata,rruff_identification_status_low_confidence,71.37590509080188,8,0.9999999999999998,0.0039022950614657098,0.0,The identification of this mineral is not yet confirmed.,d:\dyt\raman\pigeonite\data\Filatovite__R070030__Raman__785__0__unoriented__Raman_Data_Processed__16927.csv
PARENT_0242,RRUFF database,visible_nir_supervised_reference,reference_qc_excluded,Other Silicates,Reedmergnerite,manual_review_keep_in_metadata,high_cosmic_spike_or_discontinuity_fraction,612.387241279976,12,0.8319698226386536,0.006021491822757014,0.10850439882697947,The identification of this mineral has been confirmed by X-ray diffraction and chemical analysis,d:\dyt\raman\pigeonite\data\Reedmergnerite__R060096__Raman__532__0__unoriented__Raman_Data_RAW__27641.csv
PARENT_0243,RRUFF database,visible_nir_supervised_reference,reference_qc_excluded,Other Silicates,Reedmergnerite,manual_review_keep_in_metadata,high_cosmic_spike_or_discontinuity_fraction,736.4942992613181,10,0.7381771042166707,0.008493550019584111,0.10459433040078202,The identification of this mineral has been confirmed by X-ray diffraction and chemical analysis,d:\dyt\raman\pigeonite\data\Reedmergnerite__R060096__Raman__780__0__unoriented__Raman_Data_RAW__27643.csv
PARENT_0244,RRUFF database,visible_nir_supervised_reference,reference_qc_excluded,Other Silicates,Rubicline,manual_review_keep_in_metadata,rruff_identification_status_low_confidence,289.8730159489234,7,0.9999999999999999,0.35246700731158476,0.03421309872922776,The identification of this mineral is not yet confirmed.,d:\dyt\raman\pigeonite\data\Rubicline__R070044__Raman__785__0__unoriented__Raman_Data_RAW__17304.csv
PARENT_0245,RRUFF database,visible_nir_supervised_reference,reference_qc_excluded,Other Silicates,Rubicline,manual_review_keep_in_metadata,rruff_identification_status_low_confidence,210.31079100571563,9,0.9999999999999999,0.44994921030319,0.015640273704789834,The identification of this mineral is not yet confirmed.,d:\dyt\raman\pigeonite\data\Rubicline__R070044__Raman__532__0__unoriented__Raman_Data_RAW__17306.csv
PARENT_0563,RRUFF database,visible_nir_supervised_reference,train,Other Silicates,Epidote,main_training_keep,passes_provenance_and_spectral_quality_checks,100.7895666247181,12,1.0,0.08510419292338606,0.0009199632014719411,The identification of this mineral has been confirmed by X-ray diffraction and chemical analysis,d:\dyt\raman\pigeonite\augmented_tongyi_physics4\Epidote__R040089__Raman__514__0__unoriented__Raman_Data_RAW__9458.csv
PARENT_0564,RRUFF database,visible_nir_supervised_reference,train,Other Silicates,Epidote,main_training_keep,passes_provenance_and_spectral_quality_checks,657.6880726344938,15,0.9095781861854267,0.05463413709981315,0.014449638759031025,The identification of this mineral has been confirmed by X-ray diffraction and chemical analysis,d:\dyt\raman\pigeonite\augmented_tongyi_physics4\Epidote__R040089__Raman__780__0__unoriented__Raman_Data_RAW__24821.csv
PARENT_0565,RRUFF database,visible_nir_supervised_reference,train,Other Silicates,Epidote,main_training_keep,passes_provenance_and_spectral_quality_checks,652.8532600189294,17,0.8943225904690933,0.03979037620403761,0.022175732217573223,The identification of this mineral has been confirmed by X-ray diffraction and chemical analysis,d:\dyt\raman\pigeonite\augmented_tongyi_physics4\Epidote__R040089__Raman__532__0__unoriented__Raman_Data_RAW__24823.csv
PARENT_0566,RRUFF database,visible_nir_supervised_reference,train,Other Silicates,Epidote,main_training_keep,passes_provenance_and_spectral_quality_checks,498.22569681294993,18,0.9999999999999999,0.030239285667317855,0.02782392026578073,The identification of this mineral has been confirmed by X-ray diffraction and chemical analysis,d:\dyt\raman\pigeonite\augmented_tongyi_physics4\Epidote__R040092__Raman__532__0__unoriented__Raman_Data_RAW__15692.csv
PARENT_0567,RRUFF database,visible_nir_supervised_reference,train,Other Silicates,Epidote,main_training_keep,passes_provenance_and_spectral_quality_checks,389.7624440803683,16,0.9999999999999999,0.06094126111409136,0.0025630072618539087,The identification of this mineral has been confirmed by X-ray diffraction and chemical analysis,d:\dyt\raman\pigeonite\augmented_tongyi_physics4\Epidote__R040092__Raman__785__0__unoriented__Raman_Data_RAW__15695.csv
PARENT_0568,RRUFF database,visible_nir_supervised_reference,reference_qc_excluded,Other Silicates,Epidote,manual_review_keep_in_metadata,high_cosmic_spike_or_discontinuity_fraction,313.7319385369704,15,1.0,0.04437769435313395,0.08129370629370629,The identification of this mineral has been confirmed by X-ray diffraction and chemical analysis,d:\dyt\raman\pigeonite\augmented_tongyi_physics4\Epidote__R050064__Raman__514__0__unoriented__Raman_Data_RAW__9970.csv
PARENT_0569,RRUFF database,visible_nir_supervised_reference,train,Other Silicates,Epidote,main_training_keep,passes_provenance_and_spectral_quality_checks,407.8129002595538,18,0.9999999999999999,0.029133575034279054,0.006714413607878245,The identification of this mineral has been confirmed by X-ray diffraction and chemical analysis,d:\dyt\raman\pigeonite\augmented_tongyi_physics4\Epidote__R050064__Raman__785__0__unoriented__Raman_Data_RAW__21233.csv
PARENT_0570,RRUFF database,visible_nir_supervised_reference,train,Other Silicates,Epidote,main_training_keep,passes_provenance_and_spectral_quality_checks,855.114487084105,14,0.9999999999999999,0.01960104630620394,0.025811823480432972,The identification of this mineral has been confirmed by X-ray diffraction and chemical analysis,d:\dyt\raman\pigeonite\augmented_tongyi_physics4\Epidote__R050064__Raman__532__0__unoriented__Raman_Data_RAW__21235.csv
PARENT_0571,RRUFF database,visible_nir_supervised_reference,train,Other Silicates,Epidote,main_training_keep,passes_provenance_and_spectral_quality_checks,480.13681394821447,13,0.7786538173597894,0.12480195566350522,0.009296685529506871,The identification of this mineral has been confirmed by X-ray diffraction and chemical analysis,d:\dyt\raman\pigeonite\augmented_tongyi_physics4\Epidote__R050131__Raman__780__0__unoriented__Raman_Data_RAW__27276.csv
PARENT_0572,RRUFF database,visible_nir_supervised_reference,train,Other Silicates,Epidote,main_training_keep,passes_provenance_and_spectral_quality_checks,425.38673641925317,15,0.9999999999999993,0.06122010397319811,0.0035842293906810036,The identification of this mineral has been confirmed by X-ray diffraction and chemical analysis,d:\dyt\raman\pigeonite\augmented_tongyi_physics4\Epidote__R050131__Raman__532__0__unoriented__Raman_Data_RAW__27278.csv
PARENT_0573,RRUFF database,visible_nir_supervised_reference,reference_qc_excluded,Other Silicates,Epidote,manual_review_keep_in_metadata,high_cosmic_spike_or_discontinuity_fraction,408.96586547325956,12,1.0,0.027574296717209956,0.11528384279475982,The identification of this mineral has been confirmed by X-ray diffraction and chemical analysis,d:\dyt\raman\pigeonite\augmented_tongyi_physics4\Epidote__R050191__Raman__514__0__unoriented__Raman_Data_RAW__10213.csv
PARENT_0574,RRUFF database,visible_nir_supervised_reference,train,Other Silicates,Epidote,main_training_keep,passes_provenance_and_spectral_quality_checks,452.1282870517118,19,0.6410150091960424,0.09084777178241232,0.021431459765467044,The identification of this mineral has been confirmed by X-ray diffraction and chemical analysis,d:\dyt\raman\pigeonite\augmented_tongyi_physics4\Epidote__R050191__Raman__780__0__unoriented__Raman_Data_RAW__27801.csv
PARENT_0575,RRUFF database,visible_nir_supervised_reference,train,Other Silicates,Epidote,main_training_keep,passes_provenance_and_spectral_quality_checks,530.3099003148544,16,0.9999999999999978,0.041179388331137684,0.015519299641862315,The identification of this mineral has been confirmed by X-ray diffraction and chemical analysis,d:\dyt\raman\pigeonite\augmented_tongyi_physics4\Epidote__R050191__Raman__532__0__unoriented__Raman_Data_RAW__27799.csv
PARENT_0576,RRUFF database,visible_nir_supervised_reference,reference_qc_excluded,Other Silicates,Epidote,manual_review_keep_in_metadata,high_cosmic_spike_or_discontinuity_fraction,313.55455009270923,15,1.0,0.06071150741131309,0.0956140350877193,The identification of this mineral has been confirmed by X-ray diffraction and chemical analysis,d:\dyt\raman\pigeonite\augmented_tongyi_physics4\Epidote__R050202__Raman__514__0__unoriented__Raman_Data_RAW__10591.csv
PARENT_0577,RRUFF database,visible_nir_supervised_reference,train,Other Silicates,Epidote,main_training_keep,passes_provenance_and_spectral_quality_checks,682.0033322253315,17,0.9999999999999996,0.1455829403589371,0.011947431302270013,The identification of this mineral has been confirmed by X-ray diffraction and chemical analysis,d:\dyt\raman\pigeonite\augmented_tongyi_physics4\Epidote__R050202__Raman__532__0__unoriented__Raman_Data_RAW__27864.csv
PARENT_0578,RRUFF database,visible_nir_supervised_reference,train,Other Silicates,Epidote,main_training_keep,passes_provenance_and_spectral_quality_checks,717.1320706749103,12,0.7262139511864805,0.13500406132477114,0.004448038819247877,The identification of this mineral has been confirmed by X-ray diffraction and chemical analysis,d:\dyt\raman\pigeonite\augmented_tongyi_physics4\Epidote__R050202__Raman__780__0__unoriented__Raman_Data_RAW__27878.csv
PARENT_0579,RRUFF database,visible_nir_supervised_reference,reference_qc_excluded,Other Silicates,Epidote,manual_review_keep_in_metadata,rruff_identification_status_low_confidence,365.35593316385825,14,0.9999999999999987,0.0009764680826514373,0.0766847405112316,The identification of this mineral has been determined only by Raman spectroscopy,d:\dyt\raman\pigeonite\augmented_tongyi_physics4\Epidote__X050073.4__Raman__785__0__unoriented__Raman_Data_Processed__6539.csv
PARENT_0580,RRUFF database,visible_nir_supervised_reference,train,Other Silicates,Epidote,main_training_keep,passes_provenance_and_spectral_quality_checks,266.58609838523574,13,1.0,0.03989590806973791,0.07130281690140845,The identification of this mineral has been confirmed by X-ray diffraction and chemical analysis,d:\dyt\raman\pigeonite\augmented_tongyi_physics4\Epidote__R050303__Raman__514__0__unoriented__Raman_Data_RAW__10741.csv
PARENT_0581,RRUFF database,visible_nir_supervised_reference,train,Other Silicates,Epidote,main_training_keep,passes_provenance_and_spectral_quality_checks,427.8543996772006,17,0.9999999999999959,0.024180678404128603,0.003227107704719645,The identification of this mineral has been confirmed by X-ray diffraction and chemical analysis,d:\dyt\raman\pigeonite\augmented_tongyi_physics4\Epidote__R050303__Raman__532__0__unoriented__Raman_Data_RAW__28732.csv
PARENT_0582,RRUFF database,visible_nir_supervised_reference,train,Other Silicates,Epidote,main_training_keep,passes_provenance_and_spectral_quality_checks,483.15769486807386,17,0.6050489939895822,0.1200541649233647,0.012295081967213115,The identification of this mineral has been confirmed by X-ray diffraction and chemical analysis,d:\dyt\raman\pigeonite\augmented_tongyi_physics4\Epidote__R050303__Raman__780__0__unoriented__Raman_Data_RAW__28734.csv
PARENT_0583,RRUFF database,visible_nir_supervised_reference,train,Other Silicates,Epidote,main_training_keep,passes_provenance_and_spectral_quality_checks,252.29674946459693,15,0.9999999999999994,0.0837250280145645,0.0,The identification of this mineral is confirmed by single-crystal X-ray diffraction and chemical analysis.,d:\dyt\raman\pigeonite\augmented_tongyi_physics4\Epidote__R070205__Raman__785__0__unoriented__Raman_Data_RAW__19340.csv
PARENT_0584,RRUFF database,visible_nir_supervised_reference,train,Other Silicates,Epidote,main_training_keep,passes_provenance_and_spectral_quality_checks,308.8723361858628,14,0.9999999999999997,0.0318140174698922,0.0,The identification of this mineral is confirmed by single-crystal X-ray diffraction and chemical analysis.,d:\dyt\raman\pigeonite\augmented_tongyi_physics4\Epidote__R070205__Raman__532__0__unoriented__Raman_Data_RAW__19342.csv
PARENT_0585,RRUFF database,visible_nir_supervised_reference,test,Other Silicates,Epidote,main_training_keep,passes_provenance_and_spectral_quality_checks,636.7549963454669,12,0.9999999999999993,0.025343936708137248,0.029880478087649404,The identification of this mineral has been confirmed by single-crystal X-ray diffraction.,d:\dyt\raman\pigeonite\augmented_tongyi_physics4\Epidote__R100129__Raman__532__0__unoriented__Raman_Data_RAW__34465.csv
PARENT_0586,RRUFF database,visible_nir_supervised_reference,test,Other Silicates,Epidote,main_training_keep,passes_provenance_and_spectral_quality_checks,439.7307975678695,17,0.9692087504516878,0.13472917656831931,0.02534275031159119,The identification of this mineral has been confirmed by single-crystal X-ray diffraction.,d:\dyt\raman\pigeonite\augmented_tongyi_physics4\Epidote__R100129__Raman__780__0__unoriented__Raman_Data_RAW__34467.csv
PARENT_0587,RRUFF database,visible_nir_supervised_reference,val,Other Silicates,Epidote,main_training_keep,passes_provenance_and_spectral_quality_checks,419.6856664340233,15,0.9999999999999994,0.03954176750538072,0.010756972111553785,The identification of this mineral has been confirmed by single-crystal X-ray diffraction.,d:\dyt\raman\pigeonite\augmented_tongyi_physics4\Epidote__R100148__Raman__532__0__unoriented__Raman_Data_RAW__34593.csv
PARENT_0588,RRUFF database,visible_nir_supervised_reference,val,Other Silicates,Epidote,main_training_keep,passes_provenance_and_spectral_quality_checks,403.77207091221163,17,0.9059688153042679,0.06223774870137976,0.013733905579399141,The identification of this mineral has been confirmed by single-crystal X-ray diffraction.,d:\dyt\raman\pigeonite\augmented_tongyi_physics4\Epidote__R100148__Raman__780__0__unoriented__Raman_Data_RAW__34595.csv
PARENT_0589,RRUFF database,visible_nir_supervised_reference,train,Other Silicates,Epidote,main_training_keep,passes_provenance_and_spectral_quality_checks,380.6696518689821,9,0.9999999999999982,0.3233058730868145,0.002147766323024055,The identification of this mineral has been confirmed only by single crystal X-ray diffraction.,d:\dyt\raman\pigeonite\augmented_tongyi_physics4\Epidote__R110127__Raman__532__0__unoriented__Raman_Data_RAW__35621.csv
PARENT_0590,RRUFF database,visible_nir_supervised_reference,train,Other Silicates,Epidote,main_training_keep,passes_provenance_and_spectral_quality_checks,743.2195626577205,12,0.9086928630090944,0.39287205732701164,0.0024281667341157424,The identification of this mineral has been confirmed only by single crystal X-ray diffraction.,d:\dyt\raman\pigeonite\augmented_tongyi_physics4\Epidote__R110127__Raman__780__0__unoriented__Raman_Data_RAW__35619.csv
PARENT_0591,RRUFF database,visible_nir_supervised_reference,train,Other Silicates,Epidote,main_training_keep,passes_provenance_and_spectral_quality_checks,624.5007422796691,14,0.9402259561997955,0.044533382404371796,0.021555367709213864,The identification of this mineral has been confirmed by single-crystal X-ray diffraction.,d:\dyt\raman\pigeonite\augmented_tongyi_physics4\Epidote__R110129__Raman__532__0__unoriented__Raman_Data_RAW__35645.csv
PARENT_0592,RRUFF database,visible_nir_supervised_reference,train,Other Silicates,Epidote,main_training_keep,passes_provenance_and_spectral_quality_checks,613.3915080749606,16,0.9316848338178979,0.06882566181519853,0.024882024882024883,The identification of this mineral has been confirmed by single-crystal X-ray diffraction.,d:\dyt\raman\pigeonite\augmented_tongyi_physics4\Epidote__R110129__Raman__780__0__unoriented__Raman_Data_RAW__35647.csv
PARENT_0593,RRUFF database,visible_nir_supervised_reference,train,Other Silicates,Topaz,main_training_keep,passes_provenance_and_spectral_quality_checks,730.9535968638846,8,1.0,0.057553430924643774,0.07953529937444147,The identification of this mineral has been confirmed by X-ray diffraction and chemical analysis,d:\dyt\raman\pigeonite\augmented_tongyi_physics4\Topaz__R040121__Raman__514__0__unoriented__Raman_Data_RAW__9528.csv
PARENT_0594,RRUFF database,visible_nir_supervised_reference,reference_qc_excluded,Other Silicates,Topaz,manual_review_keep_in_metadata,high_cosmic_spike_or_discontinuity_fraction,1045.5142140898986,10,0.9999999999999998,0.032031073259700775,0.08200734394124846,The identification of this mineral has been confirmed by X-ray diffraction and chemical analysis,d:\dyt\raman\pigeonite\augmented_tongyi_physics4\Topaz__R040121__Raman__532__0__unoriented__Raman_Data_RAW__19711.csv
PARENT_0595,RRUFF database,visible_nir_supervised_reference,train,Other Silicates,Topaz,main_training_keep,passes_provenance_and_spectral_quality_checks,461.2716523285208,14,0.9999999999999998,0.04908276117758344,0.05563032750112158,The identification of this mineral has been confirmed by X-ray diffraction and chemical analysis,d:\dyt\raman\pigeonite\augmented_tongyi_physics4\Topaz__R040121__Raman__785__0__unoriented__Raman_Data_RAW__19713.csv
PARENT_0596,RRUFF database,visible_nir_supervised_reference,train,Other Silicates,Topaz,main_training_keep,passes_provenance_and_spectral_quality_checks,367.90919398842885,9,0.9999999999999997,0.008112032746192098,0.05657093124456049,The identification of this mineral has been confirmed by X-ray diffraction and chemical analysis,d:\dyt\raman\pigeonite\augmented_tongyi_physics4\Topaz__R050176__Raman__514__0__unoriented__Raman_Data_RAW__12454.csv
PARENT_0597,RRUFF database,visible_nir_supervised_reference,train,Other Silicates,Topaz,main_training_keep,passes_provenance_and_spectral_quality_checks,1838.4870227497659,8,0.9972188912858021,0.016111979101863252,0.07599029911075182,The identification of this mineral has been confirmed by X-ray diffraction and chemical analysis,d:\dyt\raman\pigeonite\augmented_tongyi_physics4\Topaz__R050176__Raman__780__0__unoriented__Raman_Data_RAW__31431.csv
PARENT_0598,RRUFF database,visible_nir_supervised_reference,reference_qc_excluded,Other Silicates,Topaz,manual_review_keep_in_metadata,high_cosmic_spike_or_discontinuity_fraction,1595.7458130102827,14,0.9999999999999989,0.0102294041242578,0.10938743038981702,The identification of this mineral has been confirmed by X-ray diffraction and chemical analysis,d:\dyt\raman\pigeonite\augmented_tongyi_physics4\Topaz__R050176__Raman__532__0__unoriented__Raman_Data_RAW__31433.csv
PARENT_0599,RRUFF database,visible_nir_supervised_reference,test,Other Silicates,Topaz,main_training_keep,passes_provenance_and_spectral_quality_checks,466.49959610054475,9,1.0,0.05693599496478933,0.059388646288209605,The identification of this mineral has been confirmed by X-ray diffraction and chemical analysis,d:\dyt\raman\pigeonite\augmented_tongyi_physics4\Topaz__R050199__Raman__514__0__unoriented__Raman_Data_RAW__10229.csv
PARENT_0600,RRUFF database,visible_nir_supervised_reference,train,Other Silicates,Topaz,main_training_keep,passes_provenance_and_spectral_quality_checks,358.3484417145319,11,0.9999999999999999,0.15100862060024298,0.05231037489102005,The identification of this mineral has been confirmed by X-ray diffraction and chemical analysis,d:\dyt\raman\pigeonite\augmented_tongyi_physics4\Topaz__R050200__Raman__514__0__unoriented__Raman_Data_RAW__6337.csv
PARENT_0601,RRUFF database,visible_nir_supervised_reference,reference_qc_excluded,Other Silicates,Topaz,manual_review_keep_in_metadata,high_cosmic_spike_or_discontinuity_fraction,1398.6842086301795,9,0.9999999999999976,9.191856155060079e-05,0.0983733539891557,The identification of this mineral has been determined only by Raman spectroscopy,d:\dyt\raman\pigeonite\augmented_tongyi_physics4\Topaz__X050165.3__Raman__785__0__unoriented__Raman_Data_Processed__6699.csv
PARENT_0602,RRUFF database,visible_nir_supervised_reference,test,Other Silicates,Topaz,main_training_keep,passes_provenance_and_spectral_quality_checks,190.81159514864376,8,0.49089020488579954,0.2345611370946474,0.0288153681963714,The identification of this mineral has been confirmed by X-ray diffraction and chemical analysis,d:\dyt\raman\pigeonite\augmented_tongyi_physics4\Topaz__R050404__Raman__514__0__unoriented__Raman_Data_RAW__10860.csv
PARENT_0603,RRUFF database,visible_nir_supervised_reference,reference_qc_excluded,Other Silicates,Topaz,manual_review_keep_in_metadata,high_cosmic_spike_or_discontinuity_fraction,1276.942085205028,10,0.9999999999999984,0.009051879103663237,0.10982888977317946,The identification of this mineral has been confirmed by X-ray diffraction and chemical analysis,d:\dyt\raman\pigeonite\augmented_tongyi_physics4\Topaz__R050404__Raman__532__0__unoriented__Raman_Data_RAW__31435.csv
PARENT_0604,RRUFF database,visible_nir_supervised_reference,reference_qc_excluded,Other Silicates,Topaz,manual_review_keep_in_metadata,high_cosmic_spike_or_discontinuity_fraction,882.0913146924328,9,0.9934590312954233,0.024468940381378812,0.08932902182700081,The identification of this mineral has been confirmed by X-ray diffraction and chemical analysis,d:\dyt\raman\pigeonite\augmented_tongyi_physics4\Topaz__R050404__Raman__780__0__unoriented__Raman_Data_RAW__31437.csv
PARENT_0605,RRUFF database,visible_nir_supervised_reference,val,Other Silicates,Topaz,main_training_keep,passes_provenance_and_spectral_quality_checks,184.368299641629,8,0.6157648013300443,0.19871364097702926,0.036756756756756756,The identification of this mineral has been confirmed by X-ray diffraction and chemical analysis,d:\dyt\raman\pigeonite\augmented_tongyi_physics4\Topaz__R050405__Raman__514__0__unoriented__Raman_Data_RAW__10862.csv
PARENT_0606,RRUFF database,visible_nir_supervised_reference,reference_qc_excluded,Other Silicates,Topaz,manual_review_keep_in_metadata,high_cosmic_spike_or_discontinuity_fraction,1162.457222751441,11,0.9999999999999987,0.023673540417274853,0.12216474333465976,The identification of this mineral has been confirmed by X-ray diffraction and chemical analysis,d:\dyt\raman\pigeonite\augmented_tongyi_physics4\Topaz__R050405__Raman__532__0__unoriented__Raman_Data_RAW__31441.csv
PARENT_0607,RRUFF database,visible_nir_supervised_reference,val,Other Silicates,Topaz,main_training_keep,passes_provenance_and_spectral_quality_checks,635.3507956687288,13,0.9851573079355194,0.03530764837692945,0.06628940986257073,The identification of this mineral has been confirmed by X-ray diffraction and chemical analysis,d:\dyt\raman\pigeonite\augmented_tongyi_physics4\Topaz__R050405__Raman__780__0__unoriented__Raman_Data_RAW__31439.csv
PARENT_0608,RRUFF database,visible_nir_supervised_reference,train,Other Silicates,Topaz,main_training_keep,passes_provenance_and_spectral_quality_checks,523.9622568975336,8,0.9999999999999984,0.2801983701135987,0.031366075113495664,The identification of this mineral has been confirmed by X-ray diffraction and chemical analysis,d:\dyt\raman\pigeonite\augmented_tongyi_physics4\Topaz__R060024__Raman__532__0__unoriented__Raman_Data_RAW__26664.csv
PARENT_0609,RRUFF database,visible_nir_supervised_reference,train,Other Silicates,Topaz,main_training_keep,passes_provenance_and_spectral_quality_checks,489.278851133755,10,0.9999999999999969,0.03307051492135503,0.03717472118959108,The identification of this mineral has been confirmed by X-ray diffraction and chemical analysis,d:\dyt\raman\pigeonite\augmented_tongyi_physics4\Topaz__R060024__Raman__780__0__unoriented__Raman_Data_RAW__26666.csv
PARENT_0610,RRUFF database,visible_nir_supervised_reference,train,Other Silicates,Topaz,main_training_keep,passes_provenance_and_spectral_quality_checks,1063.1812690218705,8,0.9999999999999988,0.056113842289306576,0.05532617671345995,The identification of this mineral has been confirmed by X-ray diffraction and chemical analysis,d:\dyt\raman\pigeonite\augmented_tongyi_physics4\Topaz__R060026__Raman__532__0__unoriented__Raman_Data_RAW__26668.csv
PARENT_0611,RRUFF database,visible_nir_supervised_reference,train,Other Silicates,Topaz,main_training_keep,passes_provenance_and_spectral_quality_checks,1560.342097545706,7,0.9999999999999986,0.006575714215432063,0.06753458096013018,The identification of this mineral has been confirmed by X-ray diffraction and chemical analysis,d:\dyt\raman\pigeonite\augmented_tongyi_physics4\Topaz__R060026__Raman__780__0__unoriented__Raman_Data_RAW__26670.csv
PARENT_0614,RRUFF database,visible_nir_supervised_reference,train,Other Silicates,Amesite,main_training_keep,passes_provenance_and_spectral_quality_checks,695.0967357261429,14,1.0,0.024094981410817545,0.049352750809061485,The identification of this mineral is confirmed by single-crystal X-ray diffraction and chemical analysis.,d:\dyt\raman\pigeonite\augmented_tongyi_physics4\Amesite__R070132__Raman__532__0__unoriented__Raman_Data_RAW__18272.csv
PARENT_0615,RRUFF database,visible_nir_supervised_reference,train,Other Silicates,Amesite,main_training_keep,passes_provenance_and_spectral_quality_checks,420.07857499555774,14,0.9999999999999999,0.06485604549052659,0.01279317697228145,The identification of this mineral is confirmed by single-crystal X-ray diffraction and chemical analysis.,d:\dyt\raman\pigeonite\augmented_tongyi_physics4\Amesite__R070132__Raman__785__0__unoriented__Raman_Data_RAW__18274.csv
PARENT_0616,RRUFF database,visible_nir_supervised_reference,train,Other Silicates,Amesite,main_training_keep,passes_provenance_and_spectral_quality_checks,594.9174811446477,12,0.9999999999999998,0.07098938007481982,0.026248941574936496,The identification of this mineral is confirmed by single-crystal X-ray diffraction and chemical analysis.,d:\dyt\raman\pigeonite\augmented_tongyi_physics4\Amesite__R070116__Raman__785__0__unoriented__Raman_Data_RAW__18305.csv
PARENT_0617,RRUFF database,visible_nir_supervised_reference,train,Other Silicates,Amesite,main_training_keep,passes_provenance_and_spectral_quality_checks,320.2095211041877,11,0.9999999999999998,0.05398546903187659,0.00423908435777872,The identification of this mineral is confirmed by single-crystal X-ray diffraction and chemical analysis.,d:\dyt\raman\pigeonite\augmented_tongyi_physics4\Amesite__R070116__Raman__532__0__unoriented__Raman_Data_RAW__18307.csv
PARENT_0625,RRUFF database,visible_nir_supervised_reference,train,Other Silicates,Bannisterite,main_training_keep,passes_provenance_and_spectral_quality_checks,344.77067395341027,5,0.8669078837726312,0.09362812405332036,0.0,The identification of this mineral has been confirmed by X-ray diffraction and chemical analysis,d:\dyt\raman\pigeonite\augmented_tongyi_physics4\Bannisterite__R060817__Raman__532__0__unoriented__Raman_Data_RAW__12820.csv
PARENT_0626,RRUFF database,visible_nir_supervised_reference,train,Other Silicates,Bannisterite,main_training_keep,passes_provenance_and_spectral_quality_checks,390.3302952260716,4,0.8502719814803872,0.10149252251062958,0.0,The identification of this mineral has been confirmed by X-ray diffraction and chemical analysis,d:\dyt\raman\pigeonite\augmented_tongyi_physics4\Bannisterite__R060817__Raman__785__0__unoriented__Raman_Data_RAW__14676.csv
PARENT_0627,RRUFF database,visible_nir_supervised_reference,reference_qc_excluded,Other Silicates,Borocookeite,manual_review_keep_in_metadata,rruff_identification_status_low_confidence,2658.925978842601,0,0.0,0.7764843491207771,0.02549800796812749,The identification of this mineral is not yet confirmed.,d:\dyt\raman\pigeonite\augmented_tongyi_physics4\Borocookeite__R080076__Raman__532__0__unoriented__Raman_Data_RAW__28027.csv
PARENT_0628,RRUFF database,visible_nir_supervised_reference,reference_qc_excluded,Other Silicates,Borocookeite,manual_review_keep_in_metadata,rruff_identification_status_low_confidence,2987.1873601568427,5,0.9999999999999988,0.4910609578451364,0.003639304488475536,The identification of this mineral is not yet confirmed.,d:\dyt\raman\pigeonite\augmented_tongyi_physics4\Borocookeite__R080076__Raman__780__0__unoriented__Raman_Data_RAW__28029.csv
PARENT_0629,RRUFF database,visible_nir_supervised_reference,val,Other Silicates,Caryopilite,main_training_keep,passes_provenance_and_spectral_quality_checks,908.5110812617022,17,0.6319336487422726,0.4634421498918848,0.0,The identification of this mineral has been confirmed only by X-ray diffraction,d:\dyt\raman\pigeonite\augmented_tongyi_physics4\Caryopilite__R070180__Raman__532__0__unoriented__Raman_Data_RAW__19069.csv
PARENT_0630,RRUFF database,visible_nir_supervised_reference,val,Other Silicates,Caryopilite,main_training_keep,passes_provenance_and_spectral_quality_checks,319.02164432997404,6,0.8729371420789485,0.38620876999140386,0.0,The identification of this mineral has been confirmed only by X-ray diffraction,d:\dyt\raman\pigeonite\augmented_tongyi_physics4\Caryopilite__R070180__Raman__785__0__unoriented__Raman_Data_RAW__19071.csv
PARENT_0637,RRUFF database,visible_nir_supervised_reference,test,Other Silicates,Clinochlore,main_training_keep,passes_provenance_and_spectral_quality_checks,422.89870061603364,10,0.9999999999999999,0.02551059622801493,0.019559902200488997,The identification of this mineral has been confirmed by X-ray diffraction and chemical analysis,d:\dyt\raman\pigeonite\augmented_tongyi_physics4\Clinochlore__R060725__Raman__532__0__unoriented__Raman_Data_RAW__12272.csv
PARENT_0638,RRUFF database,visible_nir_supervised_reference,test,Other Silicates,Clinochlore,main_training_keep,passes_provenance_and_spectral_quality_checks,457.2608019055856,10,0.9740848148549779,0.10012352905148135,0.013389121338912133,The identification of this mineral has been confirmed by X-ray diffraction and chemical analysis,d:\dyt\raman\pigeonite\augmented_tongyi_physics4\Clinochlore__R060725__Raman__785__0__unoriented__Raman_Data_RAW__16810.csv
PARENT_0639,RRUFF database,visible_nir_supervised_reference,train,Other Silicates,Clinochlore,main_training_keep,passes_provenance_and_spectral_quality_checks,595.9775746548853,6,0.9999999999999998,0.05365291510405543,0.03218790778599391,The identification of this mineral has been confirmed by X-ray diffraction and chemical analysis,d:\dyt\raman\pigeonite\augmented_tongyi_physics4\Clinochlore__R061080__Raman__785__0__unoriented__Raman_Data_RAW__18547.csv
PARENT_0640,RRUFF database,visible_nir_supervised_reference,train,Other Silicates,Clinochlore,main_training_keep,passes_provenance_and_spectral_quality_checks,732.7154120668071,6,0.9999999999999999,0.06123008241025308,0.03875,The identification of this mineral has been confirmed by X-ray diffraction and chemical analysis,d:\dyt\raman\pigeonite\augmented_tongyi_physics4\Clinochlore__R061080__Raman__532__0__unoriented__Raman_Data_RAW__18545.csv
PARENT_0641,RRUFF database,visible_nir_supervised_reference,val,Other Silicates,Clinochlore,main_training_keep,passes_provenance_and_spectral_quality_checks,1124.1407890922974,7,0.966599113574035,0.10104265537028316,0.06130573248407643,The identification of this mineral has been confirmed only by single crystal X-ray diffraction.,d:\dyt\raman\pigeonite\augmented_tongyi_physics4\Clinochlore__R150146__Raman__532__0__unoriented__Raman_Data_RAW__39195.csv
PARENT_0642,RRUFF database,visible_nir_supervised_reference,val,Other Silicates,Clinochlore,main_training_keep,passes_provenance_and_spectral_quality_checks,1151.7893214787132,6,0.9265990103995873,0.10072079844958483,0.05699272433306386,The identification of this mineral has been confirmed only by single crystal X-ray diffraction.,d:\dyt\raman\pigeonite\augmented_tongyi_physics4\Clinochlore__R150146__Raman__780__0__unoriented__Raman_Data_RAW__39197.csv
PARENT_0643,RRUFF database,visible_nir_supervised_reference,val,Other Silicates,Clintonite,main_training_keep,passes_provenance_and_spectral_quality_checks,784.2298604375832,7,0.9999999999999999,0.06154291658199103,0.0229453483521068,The identification of this mineral is confirmed by single-crystal X-ray diffraction and chemical analysis.,d:\dyt\raman\pigeonite\augmented_tongyi_physics4\Clintonite__R070196__Raman__532__0__unoriented__Raman_Data_RAW__19517.csv
PARENT_0644,RRUFF database,visible_nir_supervised_reference,val,Other Silicates,Clintonite,main_training_keep,passes_provenance_and_spectral_quality_checks,806.1219365688247,4,0.9999999999999996,0.6090447086960383,0.0,The identification of this mineral is confirmed by single-crystal X-ray diffraction and chemical analysis.,d:\dyt\raman\pigeonite\augmented_tongyi_physics4\Clintonite__R070196__Raman__785__0__unoriented__Raman_Data_RAW__19519.csv
PARENT_0645,RRUFF database,visible_nir_supervised_reference,test,Other Silicates,Clintonite,main_training_keep,passes_provenance_and_spectral_quality_checks,515.9677947058357,7,0.9999999999999998,0.028487004769956182,0.01631116687578419,The identification of this mineral is confirmed by single-crystal X-ray diffraction and chemical analysis.,d:\dyt\raman\pigeonite\augmented_tongyi_physics4\Clintonite__R070197__Raman__532__0__unoriented__Raman_Data_RAW__19526.csv
PARENT_0646,RRUFF database,visible_nir_supervised_reference,test,Other Silicates,Clintonite,main_training_keep,passes_provenance_and_spectral_quality_checks,968.2176292120953,14,0.9999999999999978,0.6093451451451292,0.0,The identification of this mineral is confirmed by single-crystal X-ray diffraction and chemical analysis.,d:\dyt\raman\pigeonite\augmented_tongyi_physics4\Clintonite__R070197__Raman__785__0__unoriented__Raman_Data_RAW__19528.csv
PARENT_0647,RRUFF database,visible_nir_supervised_reference,train,Other Silicates,Clintonite,main_training_keep,passes_provenance_and_spectral_quality_checks,350.02863376810063,6,0.9999999999999996,0.2963179431148453,0.004604051565377533,The identification of this mineral has been confirmed by X-ray diffraction and chemical analysis,d:\dyt\raman\pigeonite\augmented_tongyi_physics4\Clintonite__R070229__Raman__785__0__unoriented__Raman_Data_RAW__20113.csv
PARENT_0648,RRUFF database,visible_nir_supervised_reference,train,Other Silicates,Clintonite,main_training_keep,passes_provenance_and_spectral_quality_checks,468.36006093300927,8,0.9999999999999999,0.06547278639119683,0.012922050854522717,The identification of this mineral has been confirmed by X-ray diffraction and chemical analysis,d:\dyt\raman\pigeonite\augmented_tongyi_physics4\Clintonite__R070229__Raman__532__0__unoriented__Raman_Data_RAW__20111.csv
PARENT_0651,RRUFF database,visible_nir_supervised_reference,train,Other Silicates,Cronstedtite,main_training_keep,passes_provenance_and_spectral_quality_checks,212.33307830327078,6,0.6059482474180264,0.08116532783141085,0.0,The identification of this mineral is confirmed by single-crystal X-ray diffraction and chemical analysis.,d:\dyt\raman\pigeonite\augmented_tongyi_physics4\Cronstedtite__R061026__Raman__785__0__unoriented__Raman_Data_RAW__14436.csv
PARENT_0652,RRUFF database,visible_nir_supervised_reference,train,Other Silicates,Cronstedtite,main_training_keep,passes_provenance_and_spectral_quality_checks,63.84634084758044,41,0.9975191252770346,0.18182875244110028,0.0,The identification of this mineral is confirmed by single-crystal X-ray diffraction and chemical analysis.,d:\dyt\raman\pigeonite\augmented_tongyi_physics4\Cronstedtite__R061026__Raman__532__0__unoriented__Raman_Data_RAW__14438.csv
PARENT_0659,RRUFF database,visible_nir_supervised_reference,train,Other Silicates,Friedelite,main_training_keep,passes_provenance_and_spectral_quality_checks,1317.1940299225073,7,0.9999999999999983,0.024639398533132375,0.04882017900732303,The identification of this mineral has been confirmed by X-ray diffraction and chemical analysis,d:\dyt\raman\pigeonite\augmented_tongyi_physics4\Friedelite__R060364__Raman__532__0__unoriented__Raman_Data_RAW__34286.csv
PARENT_0660,RRUFF database,visible_nir_supervised_reference,train,Other Silicates,Friedelite,main_training_keep,passes_provenance_and_spectral_quality_checks,663.5567392190773,9,0.9999999999999971,0.05246462008628879,0.03272727272727273,The identification of this mineral has been confirmed by X-ray diffraction and chemical analysis,d:\dyt\raman\pigeonite\augmented_tongyi_physics4\Friedelite__R060364__Raman__780__0__unoriented__Raman_Data_RAW__34288.csv
PARENT_0661,RRUFF database,visible_nir_supervised_reference,train,Other Silicates,Friedelite,main_training_keep,passes_provenance_and_spectral_quality_checks,819.1934614023943,3,0.5751762235749918,0.5528356229626336,0.036093418259023353,The identification of this mineral is confirmed by single-crystal X-ray diffraction and chemical analysis.,d:\dyt\raman\pigeonite\augmented_tongyi_physics4\Friedelite__R070085__Raman__532__0__unoriented__Raman_Data_RAW__17773.csv
PARENT_0662,RRUFF database,visible_nir_supervised_reference,train,Other Silicates,Friedelite,main_training_keep,passes_provenance_and_spectral_quality_checks,514.5404083111706,7,0.9479503771232665,0.06762324789278024,0.026110856619331196,The identification of this mineral is confirmed by single-crystal X-ray diffraction and chemical analysis.,d:\dyt\raman\pigeonite\augmented_tongyi_physics4\Friedelite__R070085__Raman__785__0__unoriented__Raman_Data_RAW__17775.csv
PARENT_0669,RRUFF database,visible_nir_supervised_reference,train,Other Silicates,Kellyite,main_training_keep,passes_provenance_and_spectral_quality_checks,196.03801690006875,14,0.9999999999999996,0.17569178318338283,0.0,The identification of this mineral has been confirmed by X-ray diffraction and chemical analysis,d:\dyt\raman\pigeonite\augmented_tongyi_physics4\Kellyite__R060903__Raman__532__0__unoriented__Raman_Data_RAW__14084.csv
PARENT_0670,RRUFF database,visible_nir_supervised_reference,train,Other Silicates,Kellyite,main_training_keep,passes_provenance_and_spectral_quality_checks,264.90771508886814,15,0.9999999999999994,0.32384364462517556,0.0,The identification of this mineral has been confirmed by X-ray diffraction and chemical analysis,d:\dyt\raman\pigeonite\augmented_tongyi_physics4\Kellyite__R060903__Raman__785__0__unoriented__Raman_Data_RAW__14088.csv
PARENT_0675,RRUFF database,visible_nir_supervised_reference,train,Other Silicates,Manandonite,main_training_keep,passes_provenance_and_spectral_quality_checks,510.1473524438959,9,0.7653836739449948,0.20953961934613682,0.0,The identification of this mineral has been confirmed only by single crystal X-ray diffraction.,d:\dyt\raman\pigeonite\augmented_tongyi_physics4\Manandonite__R060968__Raman__785__0__unoriented__Raman_Data_RAW__13817.csv
PARENT_0676,RRUFF database,visible_nir_supervised_reference,train,Other Silicates,Manandonite,main_training_keep,passes_provenance_and_spectral_quality_checks,746.5576495485101,16,0.7184813557523384,0.42340785058587105,0.0,The identification of this mineral has been confirmed only by single crystal X-ray diffraction.,d:\dyt\raman\pigeonite\augmented_tongyi_physics4\Manandonite__R060968__Raman__532__0__unoriented__Raman_Data_RAW__13821.csv
PARENT_0679,RRUFF database,visible_nir_supervised_reference,train,Other Silicates,Mcgillite,main_training_keep,passes_provenance_and_spectral_quality_checks,753.154116230482,8,0.9999999999999988,0.032359914717705954,0.04304778303917348,The identification of this mineral has been confirmed by single-crystal X-ray diffraction.,d:\dyt\raman\pigeonite\augmented_tongyi_physics4\Mcgillite__R110206__Raman__532__0__unoriented__Raman_Data_RAW__36009.csv
PARENT_0680,RRUFF database,visible_nir_supervised_reference,train,Other Silicates,Mcgillite,main_training_keep,passes_provenance_and_spectral_quality_checks,720.5253183540002,10,0.9999999999999982,0.12941551159585893,0.037566353613719884,The identification of this mineral has been confirmed by single-crystal X-ray diffraction.,d:\dyt\raman\pigeonite\augmented_tongyi_physics4\Mcgillite__R110206__Raman__780__0__unoriented__Raman_Data_RAW__36011.csv
PARENT_0713,RRUFF database,visible_nir_supervised_reference,train,Other Silicates,Nelenite,main_training_keep,passes_provenance_and_spectral_quality_checks,565.1862447257748,9,0.9999999999999966,0.18635617964291776,0.01432550736171906,The identification of this mineral is confirmed by single-crystal X-ray diffraction and chemical analysis.,d:\dyt\raman\pigeonite\augmented_tongyi_physics4\Nelenite__R120148__Raman__532__0__unoriented__Raman_Data_RAW__37299.csv
PARENT_0714,RRUFF database,visible_nir_supervised_reference,train,Other Silicates,Nelenite,main_training_keep,passes_provenance_and_spectral_quality_checks,657.9603674545957,8,0.6199189102534453,0.07729657713266799,0.019393939393939394,The identification of this mineral is confirmed by single-crystal X-ray diffraction and chemical analysis.,d:\dyt\raman\pigeonite\augmented_tongyi_physics4\Nelenite__R120148__Raman__780__0__unoriented__Raman_Data_RAW__37303.csv
PARENT_0715,RRUFF database,visible_nir_supervised_reference,test,Other Silicates,Nelenite,main_training_keep,passes_provenance_and_spectral_quality_checks,1599.6060740758817,6,0.16953805991309756,0.3310588965548773,0.0,The identification of this mineral has been confirmed only by single crystal X-ray diffraction.,d:\dyt\raman\pigeonite\augmented_tongyi_physics4\Nelenite__R120150__Raman__532__0__unoriented__Raman_Data_RAW__38105.csv
PARENT_0716,RRUFF database,visible_nir_supervised_reference,test,Other Silicates,Nelenite,main_training_keep,passes_provenance_and_spectral_quality_checks,999.0601620562938,14,0.9999999999999798,0.5242312368891625,0.0,The identification of this mineral has been confirmed only by single crystal X-ray diffraction.,d:\dyt\raman\pigeonite\augmented_tongyi_physics4\Nelenite__R120150__Raman__780__0__unoriented__Raman_Data_RAW__38107.csv
PARENT_0717,RRUFF database,visible_nir_supervised_reference,reference_qc_excluded,Other Silicates,Nepouite,manual_review_keep_in_metadata,rruff_identification_status_low_confidence;continuum_or_fluorescence_dominated_weak_raman_bands,3058.8957331664983,0,0.0,0.8508340260107949,0.020294468762435337,The identification of this mineral is not yet confirmed.,d:\dyt\raman\pigeonite\augmented_tongyi_physics4\Nepouite__R120106__Raman__532__0__unoriented__Raman_Data_RAW__36938.csv
PARENT_0718,RRUFF database,visible_nir_supervised_reference,reference_qc_excluded,Other Silicates,Nepouite,manual_review_keep_in_metadata,rruff_identification_status_low_confidence,999.6370797279374,15,0.9149844563431305,0.47111756159843826,0.0032336297493936943,The identification of this mineral is not yet confirmed.,d:\dyt\raman\pigeonite\augmented_tongyi_physics4\Nepouite__R120106__Raman__780__0__unoriented__Raman_Data_RAW__36936.csv
PARENT_0744,RRUFF database,visible_nir_supervised_reference,train,Other Silicates,PyrosmaliteFe,main_training_keep,passes_provenance_and_spectral_quality_checks,474.7112839208068,7,1.0,0.03563515479345438,0.056768558951965066,The identification of this mineral has been confirmed by X-ray diffraction and chemical analysis,d:\dyt\raman\pigeonite\augmented_tongyi_physics4\PyrosmaliteFe__R050158__Raman__514__0__unoriented__Raman_Data_RAW__10174.csv
PARENT_0745,RRUFF database,visible_nir_supervised_reference,train,Other Silicates,PyrosmaliteFe,main_training_keep,passes_provenance_and_spectral_quality_checks,989.3792716687532,8,0.9999999999999996,0.10211712155905331,0.0350457984866587,The identification of this mineral has been confirmed by X-ray diffraction and chemical analysis,d:\dyt\raman\pigeonite\augmented_tongyi_physics4\PyrosmaliteFe__R050158__Raman__532__0__unoriented__Raman_Data_RAW__27664.csv
PARENT_0746,RRUFF database,visible_nir_supervised_reference,train,Other Silicates,PyrosmaliteFe,main_training_keep,passes_provenance_and_spectral_quality_checks,606.1907636023531,10,0.9999999999999974,0.06122678520022517,0.026273241713823767,The identification of this mineral has been confirmed by X-ray diffraction and chemical analysis,d:\dyt\raman\pigeonite\augmented_tongyi_physics4\PyrosmaliteFe__R050158__Raman__780__0__unoriented__Raman_Data_RAW__27666.csv
PARENT_0747,RRUFF database,visible_nir_supervised_reference,train,Other Silicates,PyrosmaliteFe,main_training_keep,passes_provenance_and_spectral_quality_checks,906.2461637774115,4,0.9999999999999994,0.06909384576808553,0.027918781725888325,The identification of this mineral is confirmed by single-crystal X-ray diffraction and chemical analysis.,d:\dyt\raman\pigeonite\augmented_tongyi_physics4\PyrosmaliteFe__R060438__Raman__532__0__unoriented__Raman_Data_RAW__35012.csv
PARENT_0748,RRUFF database,visible_nir_supervised_reference,train,Other Silicates,PyrosmaliteFe,main_training_keep,passes_provenance_and_spectral_quality_checks,77.18101644734804,15,0.9999999999999812,0.1608155329065905,0.0,The identification of this mineral is confirmed by single-crystal X-ray diffraction and chemical analysis.,d:\dyt\raman\pigeonite\augmented_tongyi_physics4\PyrosmaliteFe__R060438__Raman__780__0__unoriented__Raman_Data_RAW__35016.csv
PARENT_0749,RRUFF database,visible_nir_supervised_reference,train,Other Silicates,PyrosmaliteFe,main_training_keep,passes_provenance_and_spectral_quality_checks,781.9955111852646,5,0.9805865358519559,0.17277690847244323,0.0253955037468776,The identification of this mineral has been confirmed only by X-ray diffraction,d:\dyt\raman\pigeonite\augmented_tongyi_physics4\PyrosmaliteFe__R070313__Raman__532__0__unoriented__Raman_Data_RAW__20608.csv
PARENT_0750,RRUFF database,visible_nir_supervised_reference,train,Other Silicates,PyrosmaliteFe,main_training_keep,passes_provenance_and_spectral_quality_checks,527.4951518541616,5,0.9520393442478575,0.09625600120732603,0.018377409233527566,The identification of this mineral has been confirmed only by X-ray diffraction,d:\dyt\raman\pigeonite\augmented_tongyi_physics4\PyrosmaliteFe__R070313__Raman__785__0__unoriented__Raman_Data_RAW__20610.csv
PARENT_0751,RRUFF database,visible_nir_supervised_reference,reference_qc_excluded,Other Silicates,PyrosmaliteMn,manual_review_keep_in_metadata,high_cosmic_spike_or_discontinuity_fraction,2021.2927942133686,4,0.9999999999999994,0.01557036698634433,0.08836023789294817,The identification of this mineral has been confirmed only by single crystal X-ray diffraction.,d:\dyt\raman\pigeonite\augmented_tongyi_physics4\PyrosmaliteMn__R110207__Raman__532__0__unoriented__Raman_Data_RAW__36017.csv
PARENT_0752,RRUFF database,visible_nir_supervised_reference,train,Other Silicates,PyrosmaliteMn,main_training_keep,passes_provenance_and_spectral_quality_checks,1154.2875896520966,8,0.9999999999999993,0.16117501880927304,0.06669411280362289,The identification of this mineral has been confirmed only by single crystal X-ray diffraction.,d:\dyt\raman\pigeonite\augmented_tongyi_physics4\PyrosmaliteMn__R110207__Raman__780__0__unoriented__Raman_Data_RAW__36019.csv
PARENT_0755,RRUFF database,visible_nir_supervised_reference,val,Other Silicates,Stilpnomelane,main_training_keep,passes_provenance_and_spectral_quality_checks,291.06824752357716,6,0.9999999999999861,0.15586158917418705,0.0,The identification of this mineral has been confirmed by single-crystal X-ray diffraction.,d:\dyt\raman\pigeonite\augmented_tongyi_physics4\Stilpnomelane__R060334__Raman__532__0__unoriented__Raman_Data_RAW__36840.csv
PARENT_0756,RRUFF database,visible_nir_supervised_reference,val,Other Silicates,Stilpnomelane,main_training_keep,passes_provenance_and_spectral_quality_checks,353.64833230644587,7,0.5277832146943648,0.22896385664057467,0.0008084074373484236,The identification of this mineral has been confirmed by single-crystal X-ray diffraction.,d:\dyt\raman\pigeonite\augmented_tongyi_physics4\Stilpnomelane__R060334__Raman__780__0__unoriented__Raman_Data_RAW__36842.csv
PARENT_0757,RRUFF database,visible_nir_supervised_reference,test,Other Silicates,Stilpnomelane,main_training_keep,passes_provenance_and_spectral_quality_checks,246.32581388119303,6,0.6836677538413594,0.23357071240648758,0.0,The identification of this mineral has been confirmed by single-crystal X-ray diffraction.,d:\dyt\raman\pigeonite\augmented_tongyi_physics4\Stilpnomelane__R070696__Raman__780__0__unoriented__Raman_Data_RAW__23086.csv
PARENT_0758,RRUFF database,visible_nir_supervised_reference,test,Other Silicates,Stilpnomelane,main_training_keep,passes_provenance_and_spectral_quality_checks,214.16707658050646,2,0.2164302068776019,0.06418497726505164,0.0,The identification of this mineral has been confirmed by single-crystal X-ray diffraction.,d:\dyt\raman\pigeonite\augmented_tongyi_physics4\Stilpnomelane__R070696__Raman__532__0__unoriented__Raman_Data_RAW__23088.csv
PARENT_0759,RRUFF database,visible_nir_supervised_reference,train,Other Silicates,Stilpnomelane,main_training_keep,passes_provenance_and_spectral_quality_checks,102.83946178725293,14,0.13608673592074438,0.21178618717345218,0.0,The identification of this mineral has been confirmed by single-crystal X-ray diffraction.,d:\dyt\raman\pigeonite\augmented_tongyi_physics4\Stilpnomelane__R110195__Raman__532__0__unoriented__Raman_Data_RAW__36037.csv
PARENT_0760,RRUFF database,visible_nir_supervised_reference,train,Other Silicates,Stilpnomelane,main_training_keep,passes_provenance_and_spectral_quality_checks,874.3874385867321,5,0.6571801289621437,0.3764816337401526,0.0,The identification of this mineral has been confirmed by single-crystal X-ray diffraction.,d:\dyt\raman\pigeonite\augmented_tongyi_physics4\Stilpnomelane__R110195__Raman__780__0__unoriented__Raman_Data_RAW__36039.csv
PARENT_0495,RRUFF database,visible_nir_supervised_reference,train,Oxides/Hydroxides,Hematite,main_training_keep,passes_provenance_and_spectral_quality_checks,456.4694413433162,4,0.9999999999999998,0.227024453808867,0.006454587367450438,The identification of this mineral has been confirmed by X-ray diffraction and chemical analysis,d:\dyt\raman\pigeonite\augmented_tongyi_physics4\Hematite__R040024__Raman__785__0__unoriented__Raman_Data_RAW__9722.csv
PARENT_0496,RRUFF database,visible_nir_supervised_reference,train,Oxides/Hydroxides,Hematite,main_training_keep,passes_provenance_and_spectral_quality_checks,266.52731011115475,9,0.9999999999999996,0.10765470651946979,0.010061242344706912,The identification of this mineral has been confirmed by X-ray diffraction and chemical analysis,d:\dyt\raman\pigeonite\augmented_tongyi_physics4\Hematite__R040024__Raman__532__0__unoriented__Raman_Data_RAW__14831.csv
PARENT_0497,RRUFF database,visible_nir_supervised_reference,reference_qc_excluded,Oxides/Hydroxides,Hematite,manual_review_keep_in_metadata,rruff_identification_status_low_confidence,807.0076304274993,5,0.9999999999999976,0.00022323917227837036,0.069713400464756,The identification of this mineral has been determined only by Raman spectroscopy,d:\dyt\raman\pigeonite\augmented_tongyi_physics4\Hematite__X050102__Raman__785__0__unoriented__Raman_Data_Processed__6586.csv
PARENT_0498,RRUFF database,visible_nir_supervised_reference,train,Oxides/Hydroxides,Hematite,main_training_keep,passes_provenance_and_spectral_quality_checks,265.945311860382,9,0.9999999999999998,0.21662070480326404,0.00847457627118644,The identification of this mineral has been confirmed by X-ray diffraction and chemical analysis,d:\dyt\raman\pigeonite\augmented_tongyi_physics4\Hematite__R050300__Raman__514__0__unoriented__Raman_Data_RAW__10735.csv
PARENT_0499,RRUFF database,visible_nir_supervised_reference,train,Oxides/Hydroxides,Hematite,main_training_keep,passes_provenance_and_spectral_quality_checks,356.38192676070656,9,0.8466709250661091,0.1113444009924289,0.008595988538681949,The identification of this mineral has been confirmed by X-ray diffraction and chemical analysis,d:\dyt\raman\pigeonite\augmented_tongyi_physics4\Hematite__R050300__Raman__532__0__unoriented__Raman_Data_RAW__28798.csv
PARENT_0500,RRUFF database,visible_nir_supervised_reference,train,Oxides/Hydroxides,Hematite,main_training_keep,passes_provenance_and_spectral_quality_checks,1251.7004885053686,5,0.9999999999999949,0.00042054349579736475,0.05645496056454961,The identification of this mineral has been confirmed by X-ray diffraction and chemical analysis,d:\dyt\raman\pigeonite\augmented_tongyi_physics4\Hematite__R050300__Raman__780__0__unoriented__Raman_Data_RAW__28801.csv
PARENT_0501,RRUFF database,visible_nir_supervised_reference,train,Oxides/Hydroxides,Hematite,main_training_keep,passes_provenance_and_spectral_quality_checks,564.661946131307,5,0.9999999999999998,0.17958671646557806,0.039573143619386394,The identification of this mineral has been confirmed by X-ray diffraction and chemical analysis,d:\dyt\raman\pigeonite\augmented_tongyi_physics4\Hematite__R060190__Raman__785__0__unoriented__Raman_Data_RAW__8272.csv
PARENT_0502,RRUFF database,visible_nir_supervised_reference,train,Oxides/Hydroxides,Hematite,main_training_keep,passes_provenance_and_spectral_quality_checks,277.2456921425778,9,0.4805889471898686,0.03560190855341396,0.0,The identification of this mineral has been confirmed by X-ray diffraction and chemical analysis,d:\dyt\raman\pigeonite\augmented_tongyi_physics4\Hematite__R060190__Raman__532__0__unoriented__Raman_Data_RAW__33240.csv
PARENT_0503,RRUFF database,visible_nir_supervised_reference,train,Oxides/Hydroxides,Hematite,main_training_keep,passes_provenance_and_spectral_quality_checks,220.13198958335394,6,0.9573524598845538,0.1425388098964453,0.0,The identification of this mineral has been confirmed by X-ray diffraction and chemical analysis,d:\dyt\raman\pigeonite\augmented_tongyi_physics4\Hematite__R060190__Raman__780__0__unoriented__Raman_Data_RAW__33242.csv
PARENT_0504,RRUFF database,visible_nir_supervised_reference,test,Oxides/Hydroxides,Hematite,main_training_keep,passes_provenance_and_spectral_quality_checks,580.0594651472409,1,0.05356749572028504,0.2938777431990639,0.0,The identification of this mineral has been confirmed by X-ray diffraction and chemical analysis,d:\dyt\raman\pigeonite\augmented_tongyi_physics4\Hematite__R070240__Raman__532__0__unoriented__Raman_Data_RAW__20191.csv
PARENT_0505,RRUFF database,visible_nir_supervised_reference,test,Oxides/Hydroxides,Hematite,main_training_keep,passes_provenance_and_spectral_quality_checks,471.18382685006196,0,0.0,0.7488787261862205,0.0,The identification of this mineral has been confirmed by X-ray diffraction and chemical analysis,d:\dyt\raman\pigeonite\augmented_tongyi_physics4\Hematite__R070240__Raman__785__0__unoriented__Raman_Data_RAW__20193.csv
PARENT_0506,RRUFF database,visible_nir_supervised_reference,val,Oxides/Hydroxides,Hematite,main_training_keep,passes_provenance_and_spectral_quality_checks,651.6818010080256,6,0.999999999999999,0.07153877004040902,0.03706859821048147,The identification of this mineral is confirmed by single-crystal X-ray diffraction and chemical analysis.,d:\dyt\raman\pigeonite\augmented_tongyi_physics4\Hematite__R110013__Raman__532__0__unoriented__Raman_Data_RAW__35207.csv
PARENT_0507,RRUFF database,visible_nir_supervised_reference,reference_qc_excluded,Oxides/Hydroxides,Hematite,manual_review_keep_in_metadata,high_cosmic_spike_or_discontinuity_fraction,4375.924294449345,6,0.9999999999999999,0.03543595339971806,0.1412859560067682,The identification of this mineral is confirmed by single-crystal X-ray diffraction and chemical analysis.,d:\dyt\raman\pigeonite\augmented_tongyi_physics4\Hematite__R110013__Raman__780__0__unoriented__Raman_Data_RAW__35209.csv
PARENT_0508,RRUFF database,visible_nir_supervised_reference,train,Oxides/Hydroxides,Manganite,main_training_keep,passes_provenance_and_spectral_quality_checks,613.4144302313649,9,0.9999999999999999,0.0014271984163263265,0.02040816326530612,The identification of this mineral has been confirmed by X-ray diffraction and chemical analysis,d:\dyt\raman\pigeonite\augmented_tongyi_physics4\Manganite__R060827__Raman__785__0__unoriented__Raman_Data_RAW__12851.csv
PARENT_0509,RRUFF database,visible_nir_supervised_reference,train,Oxides/Hydroxides,Manganite,main_training_keep,passes_provenance_and_spectral_quality_checks,228.0857745954218,8,0.9945893113334874,0.009320401040791057,0.0,The identification of this mineral has been confirmed by X-ray diffraction and chemical analysis,d:\dyt\raman\pigeonite\augmented_tongyi_physics4\Manganite__R060827__Raman__532__0__unoriented__Raman_Data_RAW__14479.csv
PARENT_0510,RRUFF database,visible_nir_supervised_reference,train,Oxides/Hydroxides,Manganite,main_training_keep,passes_provenance_and_spectral_quality_checks,430.2704840105365,5,0.9999999999999998,0.21375199777351128,0.0004175365344467641,The identification of this mineral is confirmed by single-crystal X-ray diffraction and chemical analysis.,d:\dyt\raman\pigeonite\augmented_tongyi_physics4\Manganite__R070269__Raman__532__0__unoriented__Raman_Data_RAW__20205.csv
PARENT_0511,RRUFF database,visible_nir_supervised_reference,train,Oxides/Hydroxides,Manganite,main_training_keep,passes_provenance_and_spectral_quality_checks,417.8371816911138,4,0.9999999999999996,0.16701362521783417,0.005179110919292188,The identification of this mineral is confirmed by single-crystal X-ray diffraction and chemical analysis.,d:\dyt\raman\pigeonite\augmented_tongyi_physics4\Manganite__R070269__Raman__785__0__unoriented__Raman_Data_RAW__20209.csv
PARENT_0512,RRUFF database,visible_nir_supervised_reference,test,Oxides/Hydroxides,Manganite,main_training_keep,passes_provenance_and_spectral_quality_checks,1037.7425351136606,9,1.0,0.03426180752863365,0.05213074058750517,The identification of this mineral has been confirmed by X-ray diffraction and chemical analysis,d:\dyt\raman\pigeonite\augmented_tongyi_physics4\Manganite__R070593__Raman__780__0__unoriented__Raman_Data_RAW__23165.csv
PARENT_0513,RRUFF database,visible_nir_supervised_reference,test,Oxides/Hydroxides,Manganite,main_training_keep,passes_provenance_and_spectral_quality_checks,479.71591382680333,7,0.9999999999999999,0.005329116207901843,0.012063227953410981,The identification of this mineral has been confirmed by X-ray diffraction and chemical analysis,d:\dyt\raman\pigeonite\augmented_tongyi_physics4\Manganite__R070593__Raman__532__0__unoriented__Raman_Data_RAW__23234.csv
PARENT_0514,RRUFF database,visible_nir_supervised_reference,train,Oxides/Hydroxides,Brucite,main_training_keep,passes_provenance_and_spectral_quality_checks,270.447776967131,3,0.6187897543459911,0.4068416590483187,0.0,The identification of this mineral has been confirmed by X-ray diffraction and chemical analysis,d:\dyt\raman\pigeonite\augmented_tongyi_physics4\Brucite__R040077__Raman__514__0__unoriented__Raman_Data_RAW__9442.csv
PARENT_0515,RRUFF database,visible_nir_supervised_reference,train,Oxides/Hydroxides,Brucite,main_training_keep,passes_provenance_and_spectral_quality_checks,435.28170843618676,4,0.9548804369195981,0.2850582846972408,0.0024989587671803417,The identification of this mineral has been confirmed by X-ray diffraction and chemical analysis,d:\dyt\raman\pigeonite\augmented_tongyi_physics4\Brucite__R040077__Raman__532__0__unoriented__Raman_Data_RAW__15844.csv
PARENT_0516,RRUFF database,visible_nir_supervised_reference,train,Oxides/Hydroxides,Brucite,main_training_keep,passes_provenance_and_spectral_quality_checks,233.36944903780082,5,0.9999999999999989,0.495470836074338,0.0017338534893801473,The identification of this mineral has been confirmed by X-ray diffraction and chemical analysis,d:\dyt\raman\pigeonite\augmented_tongyi_physics4\Brucite__R040077__Raman__785__0__unoriented__Raman_Data_RAW__15846.csv
PARENT_0517,RRUFF database,visible_nir_supervised_reference,test,Oxides/Hydroxides,Brucite,main_training_keep,passes_provenance_and_spectral_quality_checks,1057.329948098041,2,0.9999999999999961,0.00036828609221121236,0.04662104362703165,The identification of this mineral has been confirmed by X-ray diffraction and chemical analysis,d:\dyt\raman\pigeonite\augmented_tongyi_physics4\Brucite__R050455__Raman__780__0__unoriented__Raman_Data_RAW__30864.csv
PARENT_0518,RRUFF database,visible_nir_supervised_reference,test,Oxides/Hydroxides,Brucite,main_training_keep,passes_provenance_and_spectral_quality_checks,1269.3091674104826,2,0.1495968864078543,0.7355323630287774,0.017508953442101075,The identification of this mineral has been confirmed by X-ray diffraction and chemical analysis,d:\dyt\raman\pigeonite\augmented_tongyi_physics4\Brucite__R050455__Raman__532__0__unoriented__Raman_Data_RAW__30862.csv
PARENT_0811,RRUFF database,visible_nir_supervised_reference,val,Oxides/Hydroxides,Chromite,main_training_keep,passes_provenance_and_spectral_quality_checks,144.63265974357142,12,0.999999999999982,0.001239004878325166,0.0,The identification of this mineral has been confirmed only by single crystal X-ray diffraction.,d:\dyt\raman\pigeonite\augmented_tongyi_physics4\Chromite__R110059__Raman__532__0__unoriented__Raman_Data_Processed__35576.csv
PARENT_0930,RRUFF database,visible_nir_supervised_reference,train,Oxides/Hydroxides,Ilmenite,main_training_keep,passes_provenance_and_spectral_quality_checks,1409.2268163414678,2,0.9999999999999978,0.3528874408537134,0.0444624090541633,The identification of this mineral has been confirmed only by single crystal X-ray diffraction.,d:\dyt\raman\pigeonite\augmented_tongyi_physics4\Ilmenite__R130214__Raman__780__0__unoriented__Raman_Data_RAW__37796.csv
PARENT_0931,RRUFF database,visible_nir_supervised_reference,train,Oxides/Hydroxides,Ilmenite,main_training_keep,passes_provenance_and_spectral_quality_checks,71.76340196965893,25,0.9999999999999295,0.004911460461192645,0.0,The identification of this mineral has been confirmed only by single crystal X-ray diffraction.,d:\dyt\raman\pigeonite\augmented_tongyi_physics4\Ilmenite__R130214__Raman__532__0__unoriented__Raman_Data_Processed__37793.csv
PARENT_0932,RRUFF database,visible_nir_supervised_reference,train,Oxides/Hydroxides,Ilmenite,main_training_keep,passes_provenance_and_spectral_quality_checks,1241.8124461881998,3,0.9999999999999976,0.00028271563637253887,0.053252032520325204,The identification of this mineral has been confirmed only by single crystal X-ray diffraction.,d:\dyt\raman\pigeonite\augmented_tongyi_physics4\Ilmenite__R130214__Raman__780__0__unoriented__Raman_Data_Processed__37880.csv
PARENT_0933,RRUFF database,visible_nir_supervised_reference,train,Oxides/Hydroxides,Ilmenite,main_training_keep,passes_provenance_and_spectral_quality_checks,65.43637553007119,21,0.999999999999946,0.0009136858167474515,0.0,The identification of this mineral has been confirmed by X-ray diffraction and chemical analysis,d:\dyt\raman\pigeonite\augmented_tongyi_physics4\Ilmenite__R060149__Raman__532__0__unoriented__Raman_Data_Processed__33100.csv
PARENT_0934,RRUFF database,visible_nir_supervised_reference,train,Oxides/Hydroxides,Ilmenite,main_training_keep,passes_provenance_and_spectral_quality_checks,181.1080374547421,5,0.9999999999999666,0.002822772925428076,0.0,The identification of this mineral has been confirmed by X-ray diffraction and chemical analysis,d:\dyt\raman\pigeonite\augmented_tongyi_physics4\Ilmenite__R060149__Raman__780__0__unoriented__Raman_Data_Processed__33102.csv
PARENT_0935,RRUFF database,visible_nir_supervised_reference,val,Oxides/Hydroxides,Chromite,main_training_keep,passes_provenance_and_spectral_quality_checks,145.06396210628762,14,0.999999999999984,0.002901601373753636,0.0,The identification of this mineral has been confirmed only by single crystal X-ray diffraction.,d:\dyt\raman\pigeonite\augmented_tongyi_physics4\Chromite__R110059__Raman__780__0__unoriented__Raman_Data_Processed__35578.csv
PARENT_0936,RRUFF database,visible_nir_supervised_reference,train,Oxides/Hydroxides,Chromite,main_training_keep,passes_provenance_and_spectral_quality_checks,398.7882789666963,4,0.9999999999999939,0.002934656081273244,0.0,The identification of this mineral has been confirmed only by single crystal X-ray diffraction.,d:\dyt\raman\pigeonite\augmented_tongyi_physics4\Chromite__R110060__Raman__532__0__unoriented__Raman_Data_Processed__35574.csv
PARENT_0937,RRUFF database,visible_nir_supervised_reference,train,Oxides/Hydroxides,Chromite,main_training_keep,passes_provenance_and_spectral_quality_checks,568.2444078276388,2,0.7061396603934167,0.17659691469863134,0.0,The identification of this mineral has been confirmed only by single crystal X-ray diffraction.,d:\dyt\raman\pigeonite\augmented_tongyi_physics4\Chromite__R110060__Raman__532__0__unoriented__Raman_Data_RAW__35573.csv
PARENT_0938,RRUFF database,visible_nir_supervised_reference,train,Oxides/Hydroxides,Chromite,main_training_keep,passes_provenance_and_spectral_quality_checks,402.94789195345555,4,0.9999999999999807,0.001316071022696487,0.0,The identification of this mineral has been confirmed only by single crystal X-ray diffraction.,d:\dyt\raman\pigeonite\augmented_tongyi_physics4\Chromite__R110060__Raman__780__0__unoriented__Raman_Data_Processed__35572.csv
PARENT_0939,RRUFF database,visible_nir_supervised_reference,train,Oxides/Hydroxides,Chromite,main_training_keep,passes_provenance_and_spectral_quality_checks,533.7570105083411,4,0.9999999999999826,0.4766745128791185,0.0,The identification of this mineral has been confirmed only by single crystal X-ray diffraction.,d:\dyt\raman\pigeonite\augmented_tongyi_physics4\Chromite__R110060__Raman__780__0__unoriented__Raman_Data_RAW__35570.csv
PARENT_0296,RRUFF database,visible_nir_supervised_reference,test,Phosphate,Ardealite,main_training_keep,passes_provenance_and_spectral_quality_checks,109.07737340615286,27,0.9999999999999996,0.0025234607829241794,0.0,The identification of this mineral has been confirmed by X-ray diffraction and chemical analysis,d:\dyt\raman\pigeonite\augmented_tongyi_physics4\Ardealite__R060233__Raman__532__0__unoriented__Raman_Data_Processed__33447.csv
PARENT_0297,RRUFF database,visible_nir_supervised_reference,test,Phosphate,Ardealite,main_training_keep,passes_provenance_and_spectral_quality_checks,2346.801096595169,15,0.9407846800936144,0.46517289448317395,0.0,The identification of this mineral has been confirmed by X-ray diffraction and chemical analysis,d:\dyt\raman\pigeonite\augmented_tongyi_physics4\Ardealite__R060233__Raman__532__0__unoriented__Raman_Data_RAW__33446.csv
PARENT_0298,RRUFF database,visible_nir_supervised_reference,test,Phosphate,Ardealite,main_training_keep,passes_provenance_and_spectral_quality_checks,1576.818334326336,18,0.9999999999999969,0.5401693932818257,0.0,The identification of this mineral has been confirmed by X-ray diffraction and chemical analysis,d:\dyt\raman\pigeonite\augmented_tongyi_physics4\Ardealite__R060233__Raman__780__0__unoriented__Raman_Data_RAW__33448.csv
PARENT_0299,RRUFF database,visible_nir_supervised_reference,test,Phosphate,Brushite,main_training_keep,passes_provenance_and_spectral_quality_checks,487.86330991906,13,0.9725418132138177,0.22953960401617685,0.01154639175257732,The identification of this mineral has been confirmed by single-crystal X-ray diffraction.,d:\dyt\raman\pigeonite\augmented_tongyi_physics4\Brushite__R070554__Raman__532__0__unoriented__Raman_Data_RAW__22918.csv
PARENT_0300,RRUFF database,visible_nir_supervised_reference,test,Phosphate,Brushite,main_training_keep,passes_provenance_and_spectral_quality_checks,228.46564324159027,13,0.9999999999999999,0.15344905218383265,0.0,The identification of this mineral has been confirmed by single-crystal X-ray diffraction.,d:\dyt\raman\pigeonite\augmented_tongyi_physics4\Brushite__R070554__Raman__785__0__unoriented__Raman_Data_RAW__22920.csv
PARENT_0301,RRUFF database,visible_nir_supervised_reference,train,Phosphate,ChurchiteY,main_training_keep,passes_provenance_and_spectral_quality_checks,913.862116170438,10,0.9999999999999999,0.7017851219718169,0.014790468364831553,The identification of this mineral is confirmed by single-crystal X-ray diffraction and chemical analysis.,d:\dyt\raman\pigeonite\augmented_tongyi_physics4\ChurchiteY__R050421__Raman__532__0__unoriented__Raman_Data_RAW__7251.csv
PARENT_0302,RRUFF database,visible_nir_supervised_reference,train,Phosphate,ChurchiteY,main_training_keep,passes_provenance_and_spectral_quality_checks,452.813014886153,8,0.9999999999999989,0.16617212736858553,0.020521590423257803,The identification of this mineral is confirmed by single-crystal X-ray diffraction and chemical analysis.,d:\dyt\raman\pigeonite\augmented_tongyi_physics4\ChurchiteY__R060424__Raman__532__0__unoriented__Raman_Data_RAW__34969.csv
PARENT_0303,RRUFF database,visible_nir_supervised_reference,train,Phosphate,ChurchiteY,main_training_keep,passes_provenance_and_spectral_quality_checks,253.60938158155398,8,0.9999999999999958,0.285378781642604,0.01044841097083152,The identification of this mineral is confirmed by single-crystal X-ray diffraction and chemical analysis.,d:\dyt\raman\pigeonite\augmented_tongyi_physics4\ChurchiteY__R060424__Raman__780__0__unoriented__Raman_Data_RAW__34971.csv
PARENT_0313,RRUFF database,visible_nir_supervised_reference,reference_qc_excluded,Phosphate,Pharmacolite,manual_review_keep_in_metadata,high_cosmic_spike_or_discontinuity_fraction,2551.790554085397,7,0.960548176858817,0.11421285567025992,0.08993235177079188,The identification of this mineral is confirmed by single-crystal X-ray diffraction and chemical analysis.,d:\dyt\raman\pigeonite\augmented_tongyi_physics4\Pharmacolite__R050537__Raman__532__0__unoriented__Raman_Data_RAW__32235.csv
PARENT_0314,RRUFF database,visible_nir_supervised_reference,val,Phosphate,Pharmacolite,main_training_keep,passes_provenance_and_spectral_quality_checks,1139.7759156134905,4,0.9999999999999998,0.4577297184385851,0.04729183508488278,The identification of this mineral is confirmed by single-crystal X-ray diffraction and chemical analysis.,d:\dyt\raman\pigeonite\augmented_tongyi_physics4\Pharmacolite__R050537__Raman__780__0__unoriented__Raman_Data_RAW__32233.csv
PARENT_0315,RRUFF database,visible_nir_supervised_reference,train,Phosphate,Pharmacolite,main_training_keep,passes_provenance_and_spectral_quality_checks,521.1028542578839,4,0.24787193311976646,0.462677656578274,0.0,The identification of this mineral has been confirmed only by single crystal X-ray diffraction.,d:\dyt\raman\pigeonite\augmented_tongyi_physics4\Pharmacolite__R070517__Raman__532__0__unoriented__Raman_Data_RAW__22506.csv
PARENT_0316,RRUFF database,visible_nir_supervised_reference,train,Phosphate,Pharmacolite,main_training_keep,passes_provenance_and_spectral_quality_checks,434.52240310406273,10,0.9999999999999998,0.24969970043131406,0.008598452278589854,The identification of this mineral has been confirmed only by single crystal X-ray diffraction.,d:\dyt\raman\pigeonite\augmented_tongyi_physics4\Pharmacolite__R070517__Raman__785__0__unoriented__Raman_Data_RAW__22508.csv
PARENT_0435,RRUFF database,visible_nir_supervised_reference,test,Phosphate,Fluorapatite,main_training_keep,passes_provenance_and_spectral_quality_checks,310.43534265320426,4,0.9700815398179957,0.24870494850252894,0.03425925925925926,The identification of this mineral has been confirmed by X-ray diffraction and chemical analysis,d:\dyt\raman\pigeonite\augmented_tongyi_physics4\Fluorapatite__R040098__Raman__514__0__unoriented__Raman_Data_RAW__9474.csv
PARENT_0436,RRUFF database,visible_nir_supervised_reference,test,Phosphate,Fluorapatite,main_training_keep,passes_provenance_and_spectral_quality_checks,1569.02803507078,5,0.6818792524588315,0.2611127744628594,0.02286453839516825,The identification of this mineral has been confirmed by X-ray diffraction and chemical analysis,d:\dyt\raman\pigeonite\augmented_tongyi_physics4\Fluorapatite__R040098__Raman__532__0__unoriented__Raman_Data_RAW__15710.csv
PARENT_0437,RRUFF database,visible_nir_supervised_reference,reference_qc_excluded,Phosphate,Fluorapatite,manual_review_keep_in_metadata,high_cosmic_spike_or_discontinuity_fraction,7887.880348614851,2,0.29132898194955037,0.013180436074748007,0.08105906313645621,The identification of this mineral has been confirmed by X-ray diffraction and chemical analysis,d:\dyt\raman\pigeonite\augmented_tongyi_physics4\Fluorapatite__R040098__Raman__785__0__unoriented__Raman_Data_RAW__15712.csv
PARENT_0438,RRUFF database,visible_nir_supervised_reference,test,Phosphate,Fluorapatite,main_training_keep,passes_provenance_and_spectral_quality_checks,317.95451558348975,4,0.9728478718171539,0.47307119475934006,0.010044642857142858,The identification of this mineral has been confirmed by X-ray diffraction and chemical analysis,d:\dyt\raman\pigeonite\augmented_tongyi_physics4\Fluorapatite__R050122__Raman__514__0__unoriented__Raman_Data_RAW__10115.csv
PARENT_0439,RRUFF database,visible_nir_supervised_reference,train,Phosphate,Fluorapatite,main_training_keep,passes_provenance_and_spectral_quality_checks,441.6183811564394,5,0.7231737450364673,0.37931540100572664,0.011001100110011002,The identification of this mineral has been confirmed by X-ray diffraction and chemical analysis,d:\dyt\raman\pigeonite\augmented_tongyi_physics4\Fluorapatite__R050194__Raman__514__0__unoriented__Raman_Data_RAW__6271.csv
PARENT_0440,RRUFF database,visible_nir_supervised_reference,train,Phosphate,Fluorapatite,main_training_keep,passes_provenance_and_spectral_quality_checks,2093.3986360823205,4,0.9999999999999998,0.005737098733675545,0.057015770319450064,The identification of this mineral has been confirmed by X-ray diffraction and chemical analysis,d:\dyt\raman\pigeonite\augmented_tongyi_physics4\Fluorapatite__R050194__Raman__780__0__unoriented__Raman_Data_RAW__27814.csv
PARENT_0441,RRUFF database,visible_nir_supervised_reference,train,Phosphate,Fluorapatite,main_training_keep,passes_provenance_and_spectral_quality_checks,1689.6879729978668,0,0.0,0.6040260621540219,0.0003979307600477517,The identification of this mineral has been confirmed by X-ray diffraction and chemical analysis,d:\dyt\raman\pigeonite\augmented_tongyi_physics4\Fluorapatite__R050194__Raman__532__0__unoriented__Raman_Data_RAW__27816.csv
PARENT_0442,RRUFF database,visible_nir_supervised_reference,train,Phosphate,Fluorapatite,main_training_keep,passes_provenance_and_spectral_quality_checks,557.0631990672982,1,0.602263869475631,0.3444845827615606,0.012235817575083427,The identification of this mineral has been confirmed by X-ray diffraction and chemical analysis,d:\dyt\raman\pigeonite\augmented_tongyi_physics4\Fluorapatite__R050192__Raman__514__0__unoriented__Raman_Data_RAW__10219.csv
PARENT_0443,RRUFF database,visible_nir_supervised_reference,train,Phosphate,Fluorapatite,main_training_keep,passes_provenance_and_spectral_quality_checks,5543.596017761404,1,0.07678912696442318,0.008095444924914348,0.04731095835018197,The identification of this mineral has been confirmed by X-ray diffraction and chemical analysis,d:\dyt\raman\pigeonite\augmented_tongyi_physics4\Fluorapatite__R050192__Raman__780__0__unoriented__Raman_Data_RAW__27803.csv
PARENT_0444,RRUFF database,visible_nir_supervised_reference,train,Phosphate,Fluorapatite,main_training_keep,passes_provenance_and_spectral_quality_checks,2067.3070501122565,2,0.23076138974843363,0.2292131312129921,0.008356545961002786,The identification of this mineral has been confirmed by X-ray diffraction and chemical analysis,d:\dyt\raman\pigeonite\augmented_tongyi_physics4\Fluorapatite__R050192__Raman__532__0__unoriented__Raman_Data_RAW__27805.csv
PARENT_0445,RRUFF database,visible_nir_supervised_reference,test,Phosphate,Fluorapatite,main_training_keep,passes_provenance_and_spectral_quality_checks,421.0047064250741,4,0.9630451670919624,0.4676231988081382,0.014436958614051972,The identification of this mineral has been confirmed by X-ray diffraction and chemical analysis,d:\dyt\raman\pigeonite\augmented_tongyi_physics4\Fluorapatite__R050274__Raman__514__0__unoriented__Raman_Data_RAW__10693.csv
PARENT_0446,RRUFF database,visible_nir_supervised_reference,test,Phosphate,Fluorapatite,main_training_keep,passes_provenance_and_spectral_quality_checks,4000.259491564873,2,0.12048043399342935,0.031052811236176116,0.041632983023443815,The identification of this mineral has been confirmed by X-ray diffraction and chemical analysis,d:\dyt\raman\pigeonite\augmented_tongyi_physics4\Fluorapatite__R050274__Raman__780__0__unoriented__Raman_Data_RAW__28392.csv
PARENT_0447,RRUFF database,visible_nir_supervised_reference,test,Phosphate,Fluorapatite,main_training_keep,passes_provenance_and_spectral_quality_checks,1334.5521532507955,2,0.1151791167261973,0.45851863687092304,0.00238758456028651,The identification of this mineral has been confirmed by X-ray diffraction and chemical analysis,d:\dyt\raman\pigeonite\augmented_tongyi_physics4\Fluorapatite__R050274__Raman__532__0__unoriented__Raman_Data_RAW__28394.csv
PARENT_0448,RRUFF database,visible_nir_supervised_reference,train,Phosphate,Fluorapatite,main_training_keep,passes_provenance_and_spectral_quality_checks,2062.478823618263,0,0.0,0.6694683812170118,0.013535031847133758,The identification of this mineral has been confirmed by X-ray diffraction and chemical analysis,d:\dyt\raman\pigeonite\augmented_tongyi_physics4\Fluorapatite__R060070__Raman__532__0__unoriented__Raman_Data_RAW__27302.csv
PARENT_0449,RRUFF database,visible_nir_supervised_reference,reference_qc_excluded,Phosphate,Fluorapatite,manual_review_keep_in_metadata,high_cosmic_spike_or_discontinuity_fraction,3064.0986068524767,5,0.3601015212550611,0.026155393338733398,0.08932902182700081,The identification of this mineral has been confirmed by X-ray diffraction and chemical analysis,d:\dyt\raman\pigeonite\augmented_tongyi_physics4\Fluorapatite__R060070__Raman__780__0__unoriented__Raman_Data_RAW__27304.csv
PARENT_0450,RRUFF database,visible_nir_supervised_reference,reference_qc_excluded,Phosphate,Fluorapatite,manual_review_keep_in_metadata,rruff_identification_status_low_confidence,85.82102029013593,2,1.0,0.46981427999138153,0.007162041181736795,The identification of this mineral has been determined only by Raman spectroscopy,d:\dyt\raman\pigeonite\augmented_tongyi_physics4\Fluorapatite__X050079__Raman__514__0__unoriented__Raman_Data_RAW__6998.csv
PARENT_0451,RRUFF database,visible_nir_supervised_reference,train,Phosphate,Fluorapatite,main_training_keep,passes_provenance_and_spectral_quality_checks,236.10982473231095,4,1.0,0.4038474256887628,0.016964285714285713,The identification of this mineral has been confirmed by X-ray diffraction and chemical analysis,d:\dyt\raman\pigeonite\augmented_tongyi_physics4\Fluorapatite__R050340__Raman__514__0__unoriented__Raman_Data_RAW__10785.csv
PARENT_0452,RRUFF database,visible_nir_supervised_reference,train,Phosphate,Fluorapatite,main_training_keep,passes_provenance_and_spectral_quality_checks,1801.4316100832282,4,0.8412622858512212,0.2798041056100681,0.04390243902439024,The identification of this mineral has been confirmed by X-ray diffraction and chemical analysis,d:\dyt\raman\pigeonite\augmented_tongyi_physics4\Fluorapatite__R050340__Raman__532__0__unoriented__Raman_Data_RAW__29129.csv
PARENT_0453,RRUFF database,visible_nir_supervised_reference,train,Phosphate,Fluorapatite,main_training_keep,passes_provenance_and_spectral_quality_checks,4663.521430562205,2,0.08292906572341861,0.02116473060838303,0.0468050468050468,The identification of this mineral has been confirmed by X-ray diffraction and chemical analysis,d:\dyt\raman\pigeonite\augmented_tongyi_physics4\Fluorapatite__R050340__Raman__780__0__unoriented__Raman_Data_RAW__29131.csv
PARENT_0454,RRUFF database,visible_nir_supervised_reference,train,Phosphate,Fluorapatite,main_training_keep,passes_provenance_and_spectral_quality_checks,1951.2107320973096,4,0.7214464772828562,0.5034077972227443,0.038599283724631915,The identification of this mineral has been confirmed by X-ray diffraction and chemical analysis,d:\dyt\raman\pigeonite\augmented_tongyi_physics4\Fluorapatite__R050369__Raman__532__0__unoriented__Raman_Data_RAW__29617.csv
PARENT_0455,RRUFF database,visible_nir_supervised_reference,train,Phosphate,Fluorapatite,main_training_keep,passes_provenance_and_spectral_quality_checks,4568.809850901653,3,0.12024766945574265,0.023309487235707062,0.05092966855295069,The identification of this mineral has been confirmed by X-ray diffraction and chemical analysis,d:\dyt\raman\pigeonite\augmented_tongyi_physics4\Fluorapatite__R050369__Raman__780__0__unoriented__Raman_Data_RAW__29619.csv
PARENT_0456,RRUFF database,visible_nir_supervised_reference,val,Phosphate,Fluorapatite,main_training_keep,passes_provenance_and_spectral_quality_checks,1012.1077870361881,0,0.0,0.7352142243496111,0.0,The identification of this mineral has been confirmed by X-ray diffraction and chemical analysis,d:\dyt\raman\pigeonite\augmented_tongyi_physics4\Fluorapatite__R050401__Raman__532__0__unoriented__Raman_Data_RAW__29911.csv
PARENT_0457,RRUFF database,visible_nir_supervised_reference,val,Phosphate,Fluorapatite,main_training_keep,passes_provenance_and_spectral_quality_checks,5911.774009162403,1,0.06991427848787903,0.00014644986045111714,0.044341216216216214,The identification of this mineral has been confirmed by X-ray diffraction and chemical analysis,d:\dyt\raman\pigeonite\augmented_tongyi_physics4\Fluorapatite__R050401__Raman__780__0__unoriented__Raman_Data_RAW__29913.csv
PARENT_0458,RRUFF database,visible_nir_supervised_reference,train,Phosphate,Fluorapatite,main_training_keep,passes_provenance_and_spectral_quality_checks,3121.259245797705,4,0.8656583069739002,0.3160979580031576,0.06486271388778353,The identification of this mineral has been confirmed by X-ray diffraction and chemical analysis,d:\dyt\raman\pigeonite\augmented_tongyi_physics4\Fluorapatite__R050529__Raman__532__0__unoriented__Raman_Data_RAW__32205.csv
PARENT_0459,RRUFF database,visible_nir_supervised_reference,train,Phosphate,Fluorapatite,main_training_keep,passes_provenance_and_spectral_quality_checks,1898.4214658384628,4,0.9999999999999993,0.005853478451534042,0.05578011317704123,The identification of this mineral has been confirmed by X-ray diffraction and chemical analysis,d:\dyt\raman\pigeonite\augmented_tongyi_physics4\Fluorapatite__R050529__Raman__780__0__unoriented__Raman_Data_RAW__32207.csv
PARENT_0460,RRUFF database,visible_nir_supervised_reference,train,Phosphate,Fluorapatite,main_training_keep,passes_provenance_and_spectral_quality_checks,1398.491932476858,4,0.554238726461834,0.0427114879804756,0.0026654820079964462,The identification of this mineral is confirmed by single-crystal X-ray diffraction and chemical analysis.,d:\dyt\raman\pigeonite\augmented_tongyi_physics4\Fluorapatite__R050617__Raman__780__0__unoriented__Raman_Data_RAW__26370.csv
PARENT_0461,RRUFF database,visible_nir_supervised_reference,train,Phosphate,Fluorapatite,main_training_keep,passes_provenance_and_spectral_quality_checks,1392.9169442025661,4,0.8248462123619547,0.40778513039529457,0.016026992830029525,The identification of this mineral is confirmed by single-crystal X-ray diffraction and chemical analysis.,d:\dyt\raman\pigeonite\augmented_tongyi_physics4\Fluorapatite__R050617__Raman__532__0__unoriented__Raman_Data_RAW__26372.csv
PARENT_0462,RRUFF database,visible_nir_supervised_reference,test,Phosphate,Fluorapatite,main_training_keep,passes_provenance_and_spectral_quality_checks,2773.0600845759805,2,0.2558865964465125,0.6082929355075493,0.030652866242038217,The identification of this mineral has been confirmed by X-ray diffraction and chemical analysis,d:\dyt\raman\pigeonite\augmented_tongyi_physics4\Fluorapatite__R060184__Raman__532__0__unoriented__Raman_Data_RAW__33213.csv
PARENT_0463,RRUFF database,visible_nir_supervised_reference,test,Phosphate,Fluorapatite,main_training_keep,passes_provenance_and_spectral_quality_checks,7243.025347830141,1,0.10139832050322527,0.02918436948910699,0.06626262626262626,The identification of this mineral has been confirmed by X-ray diffraction and chemical analysis,d:\dyt\raman\pigeonite\augmented_tongyi_physics4\Fluorapatite__R060184__Raman__780__0__unoriented__Raman_Data_RAW__33215.csv
PARENT_0464,RRUFF database,visible_nir_supervised_reference,train,Phosphate,Fluorapatite,main_training_keep,passes_provenance_and_spectral_quality_checks,1913.029842963267,4,0.799518399827371,0.1708633016077776,0.03153153153153153,The identification of this mineral has been confirmed by X-ray diffraction and chemical analysis,d:\dyt\raman\pigeonite\augmented_tongyi_physics4\Fluorapatite__R060333__Raman__532__0__unoriented__Raman_Data_RAW__9123.csv
PARENT_0465,RRUFF database,visible_nir_supervised_reference,train,Phosphate,Fluorapatite,main_training_keep,passes_provenance_and_spectral_quality_checks,5779.257784085011,2,0.14297405274200825,0.005534236201531462,0.06328600405679513,The identification of this mineral has been confirmed by X-ray diffraction and chemical analysis,d:\dyt\raman\pigeonite\augmented_tongyi_physics4\Fluorapatite__R060333__Raman__785__0__unoriented__Raman_Data_RAW__20583.csv
PARENT_0466,RRUFF database,visible_nir_supervised_reference,train,Phosphate,Fluorapatite,main_training_keep,passes_provenance_and_spectral_quality_checks,1711.123480486511,7,0.7212676800534336,0.7329717694880415,0.0,The identification of this mineral has been confirmed by X-ray diffraction and chemical analysis,d:\dyt\raman\pigeonite\augmented_tongyi_physics4\Fluorapatite__R060421__Raman__532__0__unoriented__Raman_Data_RAW__34947.csv
PARENT_0467,RRUFF database,visible_nir_supervised_reference,train,Phosphate,Fluorapatite,main_training_keep,passes_provenance_and_spectral_quality_checks,607.1978699977565,4,0.9999999999999997,0.1462740862513888,0.02259654889071487,The identification of this mineral has been confirmed by X-ray diffraction and chemical analysis,d:\dyt\raman\pigeonite\augmented_tongyi_physics4\Fluorapatite__R060421__Raman__780__0__unoriented__Raman_Data_RAW__34949.csv
PARENT_0144,RRUFF database,visible_nir_supervised_reference,reference_qc_excluded,Plagioclase,Labradorite,manual_review_keep_in_metadata,rruff_identification_status_low_confidence,358.4593184015887,6,0.9999999999999967,0.004840439153332654,0.030303030303030304,The identification of this mineral has been determined only by Raman spectroscopy,d:\dyt\raman\pigeonite\data\Labradorite__X050108__Raman__785__0__unoriented__Raman_Data_Processed__6602.csv
PARENT_0145,RRUFF database,visible_nir_supervised_reference,reference_qc_excluded,Plagioclase,Labradorite,manual_review_keep_in_metadata,rruff_identification_status_low_confidence,468.9383024396105,7,0.9999999999999983,0.0012977234721197161,0.03812316715542522,The identification of this mineral has been determined only by Raman spectroscopy,d:\dyt\raman\pigeonite\data\Labradorite__X050110__Raman__785__0__unoriented__Raman_Data_Processed__6603.csv
PARENT_0146,RRUFF database,visible_nir_supervised_reference,reference_qc_excluded,Plagioclase,Labradorite,manual_review_keep_in_metadata,rruff_identification_status_low_confidence,185.12899989061188,8,0.9999999999999888,0.04983093473788198,0.019550342130987292,The identification of this mineral has been determined only by Raman spectroscopy,d:\dyt\raman\pigeonite\data\Labradorite__X050111__Raman__785__0__unoriented__Raman_Data_Processed__6605.csv
PARENT_0147,RRUFF database,visible_nir_supervised_reference,reference_qc_excluded,Plagioclase,Labradorite,manual_review_keep_in_metadata,rruff_identification_status_low_confidence,289.64789999225906,7,0.9999999999999978,0.01895231939497501,0.028347996089931573,The identification of this mineral has been determined only by Raman spectroscopy,d:\dyt\raman\pigeonite\data\Labradorite__X050189__Raman__785__0__unoriented__Raman_Data_Processed__6638.csv
PARENT_0148,RRUFF database,visible_nir_supervised_reference,train,Plagioclase,Albite,main_training_keep,passes_provenance_and_spectral_quality_checks,220.47374011135622,6,1.0,0.5013716768899934,0.010752688172043012,The identification of this mineral has been confirmed by X-ray diffraction and chemical analysis,d:\dyt\raman\pigeonite\data\Albite__R040068__Raman__514__0__unoriented__Raman_Data_RAW__9426.csv
PARENT_0149,RRUFF database,visible_nir_supervised_reference,train,Plagioclase,Albite,main_training_keep,passes_provenance_and_spectral_quality_checks,226.9075631918679,12,0.9999999999999999,0.10734947537511692,0.04007820136852395,The identification of this mineral has been confirmed by X-ray diffraction and chemical analysis,d:\dyt\raman\pigeonite\data\Albite__R040068__Raman__532__0__unoriented__Raman_Data_RAW__15182.csv
PARENT_0150,RRUFF database,visible_nir_supervised_reference,train,Plagioclase,Albite,main_training_keep,passes_provenance_and_spectral_quality_checks,241.17415901773987,10,0.8707268323919614,0.03524822564980598,0.03519061583577713,The identification of this mineral has been confirmed by X-ray diffraction and chemical analysis,d:\dyt\raman\pigeonite\data\Albite__R040068__Raman__785__0__unoriented__Raman_Data_RAW__15184.csv
PARENT_0151,RRUFF database,visible_nir_supervised_reference,train,Plagioclase,Albite,main_training_keep,passes_provenance_and_spectral_quality_checks,352.28101621437116,8,1.0,0.29193619328088416,0.05180840664711633,The identification of this mineral has been confirmed by X-ray diffraction and chemical analysis,d:\dyt\raman\pigeonite\data\Albite__R040129__Raman__514__0__unoriented__Raman_Data_RAW__9550.csv
PARENT_0152,RRUFF database,visible_nir_supervised_reference,reference_qc_excluded,Plagioclase,Albite,manual_review_keep_in_metadata,high_cosmic_spike_or_discontinuity_fraction,475.57792238703047,10,1.0,0.03006882131579796,0.08211143695014662,The identification of this mineral has been confirmed by X-ray diffraction and chemical analysis,d:\dyt\raman\pigeonite\data\Albite__R040129__Raman__532__0__unoriented__Raman_Data_RAW__19751.csv
PARENT_0153,RRUFF database,visible_nir_supervised_reference,train,Plagioclase,Albite,main_training_keep,passes_provenance_and_spectral_quality_checks,414.2700157308873,11,0.9996412458613094,0.01420387207351096,0.0772238514173998,The identification of this mineral has been confirmed by X-ray diffraction and chemical analysis,d:\dyt\raman\pigeonite\data\Albite__R040129__Raman__785__0__unoriented__Raman_Data_RAW__19753.csv
PARENT_0154,RRUFF database,visible_nir_supervised_reference,reference_qc_excluded,Plagioclase,Albite,manual_review_keep_in_metadata,high_cosmic_spike_or_discontinuity_fraction,784.1141722671372,11,0.9999999999999992,0.007690714958799704,0.13587487781036167,The identification of this mineral has been determined only by Raman spectroscopy,d:\dyt\raman\pigeonite\data\Albite__X050005__Raman__785__0__unoriented__Raman_Data_Processed__6442.csv
PARENT_0155,RRUFF database,visible_nir_supervised_reference,reference_qc_excluded,Plagioclase,Albite,manual_review_keep_in_metadata,rruff_identification_status_low_confidence,426.29503419075814,10,0.9999999999999989,0.057502983045588964,0.07038123167155426,The identification of this mineral has been determined only by Raman spectroscopy,d:\dyt\raman\pigeonite\data\Albite__X050006__Raman__785__0__unoriented__Raman_Data_Processed__6443.csv
PARENT_0156,RRUFF database,visible_nir_supervised_reference,reference_qc_excluded,Plagioclase,Albite,manual_review_keep_in_metadata,high_cosmic_spike_or_discontinuity_fraction,1033.6099319804202,10,0.9999999999999987,0.009830900662061846,0.13294232649071358,The identification of this mineral has been determined only by Raman spectroscopy,d:\dyt\raman\pigeonite\data\Albite__X050007__Raman__785__0__unoriented__Raman_Data_Processed__6444.csv
PARENT_0157,RRUFF database,visible_nir_supervised_reference,reference_qc_excluded,Plagioclase,Albite,manual_review_keep_in_metadata,high_cosmic_spike_or_discontinuity_fraction,900.2938900212431,10,0.999999999999998,0.003160035116183523,0.1241446725317693,The identification of this mineral has been determined only by Raman spectroscopy,d:\dyt\raman\pigeonite\data\Albite__X050008__Raman__785__0__unoriented__Raman_Data_Processed__6445.csv
PARENT_0158,RRUFF database,visible_nir_supervised_reference,train,Plagioclase,Albite,main_training_keep,passes_provenance_and_spectral_quality_checks,509.07664324017514,6,0.8685774225409307,0.026210502966872724,0.05278592375366569,The identification of this mineral has been determined by Raman spectroscopy and chemical analysis,d:\dyt\raman\pigeonite\data\Albite__X050014__Raman__785__0__unoriented__Raman_Data_Processed__6453.csv
PARENT_0159,RRUFF database,visible_nir_supervised_reference,reference_qc_excluded,Plagioclase,Albite,manual_review_keep_in_metadata,rruff_identification_status_low_confidence,253.56808657283895,8,0.9999999999999947,0.0009388323765925903,0.03128054740957967,The identification of this mineral has been determined only by Raman spectroscopy,d:\dyt\raman\pigeonite\data\Albite__X050127__Raman__785__0__unoriented__Raman_Data_Processed__6633.csv
PARENT_0160,RRUFF database,visible_nir_supervised_reference,reference_qc_excluded,Plagioclase,Albite,manual_review_keep_in_metadata,high_cosmic_spike_or_discontinuity_fraction,846.5005942120731,9,1.0,0.001661417368627539,0.09872922776148582,The identification of this mineral has been confirmed by X-ray diffraction and chemical analysis,d:\dyt\raman\pigeonite\data\Albite__R050253__Raman__514__0__unoriented__Raman_Data_RAW__10663.csv
PARENT_0161,RRUFF database,visible_nir_supervised_reference,reference_qc_excluded,Plagioclase,Albite,manual_review_keep_in_metadata,high_cosmic_spike_or_discontinuity_fraction,543.094751264177,10,0.9999999999999998,0.026986649495831797,0.08993157380254155,The identification of this mineral has been confirmed by X-ray diffraction and chemical analysis,d:\dyt\raman\pigeonite\data\Albite__R050253__Raman__532__0__unoriented__Raman_Data_RAW__28171.csv
PARENT_0162,RRUFF database,visible_nir_supervised_reference,reference_qc_excluded,Plagioclase,Albite,manual_review_keep_in_metadata,high_cosmic_spike_or_discontinuity_fraction,674.5824966137365,8,0.9621855292026902,0.045877718926866,0.08993157380254155,The identification of this mineral has been confirmed by X-ray diffraction and chemical analysis,d:\dyt\raman\pigeonite\data\Albite__R050253__Raman__780__0__unoriented__Raman_Data_RAW__28173.csv
PARENT_0163,RRUFF database,visible_nir_supervised_reference,test,Plagioclase,Albite,main_training_keep,passes_provenance_and_spectral_quality_checks,241.32094072251914,5,1.0,0.5780124710438497,0.030303030303030304,The identification of this mineral has been confirmed by X-ray diffraction and chemical analysis,d:\dyt\raman\pigeonite\data\Albite__R050402__Raman__514__0__unoriented__Raman_Data_RAW__10858.csv
PARENT_0164,RRUFF database,visible_nir_supervised_reference,reference_qc_excluded,Plagioclase,Albite,manual_review_keep_in_metadata,high_cosmic_spike_or_discontinuity_fraction,680.5070988287791,10,0.9999999999999997,0.005994283673429402,0.10557184750733138,The identification of this mineral has been confirmed by X-ray diffraction and chemical analysis,d:\dyt\raman\pigeonite\data\Albite__R050402__Raman__532__0__unoriented__Raman_Data_RAW__30005.csv
PARENT_0165,RRUFF database,visible_nir_supervised_reference,reference_qc_excluded,Plagioclase,Albite,manual_review_keep_in_metadata,high_cosmic_spike_or_discontinuity_fraction,844.6081162949744,10,0.9833873774217468,0.014335148935214159,0.11241446725317693,The identification of this mineral has been confirmed by X-ray diffraction and chemical analysis,d:\dyt\raman\pigeonite\data\Albite__R050402__Raman__780__0__unoriented__Raman_Data_RAW__30007.csv
PARENT_0166,RRUFF database,visible_nir_supervised_reference,train,Plagioclase,Albite,main_training_keep,passes_provenance_and_spectral_quality_checks,609.1520111346488,2,0.4836691288585256,0.4442850520672537,0.016617790811339198,The identification of this mineral has been confirmed by X-ray diffraction and chemical analysis,d:\dyt\raman\pigeonite\data\Albite__R060054__Raman__780__0__unoriented__Raman_Data_RAW__26967.csv
PARENT_0167,RRUFF database,visible_nir_supervised_reference,reference_qc_excluded,Plagioclase,Albite,manual_review_keep_in_metadata,high_cosmic_spike_or_discontinuity_fraction,987.0366955849901,4,0.9999999999999997,0.03034104494505827,0.10459433040078202,The identification of this mineral has been confirmed by X-ray diffraction and chemical analysis,d:\dyt\raman\pigeonite\data\Albite__R060054__Raman__532__0__unoriented__Raman_Data_RAW__26969.csv
PARENT_0168,RRUFF database,visible_nir_supervised_reference,train,Plagioclase,Albite,main_training_keep,passes_provenance_and_spectral_quality_checks,294.7036925482329,5,0.9999999999999999,0.5317449279166765,0.015640273704789834,The identification of this mineral has been confirmed by X-ray diffraction and chemical analysis,d:\dyt\raman\pigeonite\data\Albite__R070268__Raman__532__0__unoriented__Raman_Data_RAW__20223.csv
PARENT_0169,RRUFF database,visible_nir_supervised_reference,train,Plagioclase,Albite,main_training_keep,passes_provenance_and_spectral_quality_checks,439.08961860012425,3,0.3995829031980107,0.07295506808761698,0.007820136852394917,The identification of this mineral has been confirmed by X-ray diffraction and chemical analysis,d:\dyt\raman\pigeonite\data\Albite__R070268__Raman__785__0__unoriented__Raman_Data_RAW__20225.csv
PARENT_0170,RRUFF database,visible_nir_supervised_reference,reference_qc_excluded,Plagioclase,Albite,manual_review_keep_in_metadata,high_cosmic_spike_or_discontinuity_fraction,668.4533123020401,9,0.9999999999999997,0.02110552330837041,0.08113391984359726,The identification of this mineral has been confirmed by single-crystal X-ray diffraction.,d:\dyt\raman\pigeonite\data\Albite__R100169__Raman__532__0__unoriented__Raman_Data_RAW__34687.csv
PARENT_0171,RRUFF database,visible_nir_supervised_reference,reference_qc_excluded,Plagioclase,Albite,manual_review_keep_in_metadata,high_cosmic_spike_or_discontinuity_fraction,826.1036411567552,10,0.9999999999999997,0.050940106903736834,0.10459433040078202,The identification of this mineral has been confirmed by single-crystal X-ray diffraction.,d:\dyt\raman\pigeonite\data\Albite__R100169__Raman__780__0__unoriented__Raman_Data_RAW__34689.csv
PARENT_0172,RRUFF database,visible_nir_supervised_reference,test,Plagioclase,Albite,main_training_keep,passes_provenance_and_spectral_quality_checks,651.1448719864532,8,0.9999999999999999,0.0007908281960788064,0.07624633431085044,The identification of this mineral has been determined by Raman spectroscopy and chemical analysis,d:\dyt\raman\pigeonite\data\Albite__R230008__Raman__532__0__depolarized__Raman_Data_RAW__40822.csv
PARENT_0173,RRUFF database,visible_nir_supervised_reference,reference_qc_excluded,Plagioclase,Andesine,manual_review_keep_in_metadata,rruff_identification_status_low_confidence,630.5741782588473,5,0.9786039146406815,0.007106389652207337,0.05474095796676442,The identification of this mineral has been determined only by Raman spectroscopy,d:\dyt\raman\pigeonite\data\Andesine__X050013__Raman__785__0__unoriented__Raman_Data_Processed__6452.csv
PARENT_0174,RRUFF database,visible_nir_supervised_reference,train,Plagioclase,Anorthite,main_training_keep,passes_provenance_and_spectral_quality_checks,236.00333521792894,8,0.9999999999999999,0.47446830654506084,0.0009775171065493646,The identification of this mineral has been confirmed by X-ray diffraction and chemical analysis,d:\dyt\raman\pigeonite\data\Anorthite__R040059__Raman__514__0__unoriented__Raman_Data_RAW__9397.csv
PARENT_0175,RRUFF database,visible_nir_supervised_reference,train,Plagioclase,Anorthite,main_training_keep,passes_provenance_and_spectral_quality_checks,381.661232531654,7,0.931580157021698,0.044132479442621345,0.024437927663734114,The identification of this mineral has been confirmed by X-ray diffraction and chemical analysis,d:\dyt\raman\pigeonite\data\Anorthite__R040059__Raman__780__0__unoriented__Raman_Data_RAW__26650.csv
PARENT_0176,RRUFF database,visible_nir_supervised_reference,train,Plagioclase,Anorthite,main_training_keep,passes_provenance_and_spectral_quality_checks,256.64563688255987,9,0.9999999999999988,0.038369818991472814,0.015640273704789834,The identification of this mineral has been confirmed by X-ray diffraction and chemical analysis,d:\dyt\raman\pigeonite\data\Anorthite__R040059__Raman__532__0__unoriented__Raman_Data_RAW__26654.csv
PARENT_0177,RRUFF database,visible_nir_supervised_reference,train,Plagioclase,Anorthite,main_training_keep,passes_provenance_and_spectral_quality_checks,301.7023245692535,6,1.0,0.42624581709674236,0.019550342130987292,The identification of this mineral has been confirmed by X-ray diffraction and chemical analysis,d:\dyt\raman\pigeonite\data\Anorthite__R050104__Raman__514__0__unoriented__Raman_Data_RAW__10083.csv
PARENT_0178,RRUFF database,visible_nir_supervised_reference,train,Plagioclase,Anorthite,main_training_keep,passes_provenance_and_spectral_quality_checks,277.026398815033,3,0.5302937104299407,0.6488690398038255,0.0009775171065493646,The identification of this mineral has been confirmed by X-ray diffraction and chemical analysis,d:\dyt\raman\pigeonite\data\Anorthite__R050104__Raman__780__0__unoriented__Raman_Data_RAW__27004.csv
PARENT_0179,RRUFF database,visible_nir_supervised_reference,train,Plagioclase,Anorthite,main_training_keep,passes_provenance_and_spectral_quality_checks,544.310503734112,6,0.9986365610148955,0.014434973131399801,0.03616813294232649,The identification of this mineral has been confirmed by X-ray diffraction and chemical analysis,d:\dyt\raman\pigeonite\data\Anorthite__R050104__Raman__532__0__unoriented__Raman_Data_RAW__27006.csv
PARENT_0180,RRUFF database,visible_nir_supervised_reference,train,Plagioclase,Anorthite,main_training_keep,passes_provenance_and_spectral_quality_checks,354.0502789314947,10,0.9999999999999987,0.0017702582357399,0.030303030303030304,The identification of this mineral has been confirmed by X-ray diffraction and chemical analysis,d:\dyt\raman\pigeonite\data\Anorthite__X050020__Raman__785__0__unoriented__Raman_Data_Processed__6457.csv
PARENT_0181,RRUFF database,visible_nir_supervised_reference,reference_qc_excluded,Plagioclase,Anorthite,manual_review_keep_in_metadata,rruff_identification_status_low_confidence,449.32913777003193,10,0.9999999999999989,0.022398463358991757,0.042033235581622676,The identification of this mineral has been determined only by Raman spectroscopy,d:\dyt\raman\pigeonite\data\Anorthite__X050021__Raman__785__0__unoriented__Raman_Data_Processed__6458.csv
PARENT_0182,RRUFF database,visible_nir_supervised_reference,train,Plagioclase,Anorthite,main_training_keep,passes_provenance_and_spectral_quality_checks,419.58541682572127,4,0.9999999999999966,0.2868881552583403,0.021505376344086023,The identification of this mineral has been confirmed by X-ray diffraction and chemical analysis,d:\dyt\raman\pigeonite\data\Anorthite__R060082__Raman__532__0__unoriented__Raman_Data_RAW__27581.csv
PARENT_0183,RRUFF database,visible_nir_supervised_reference,train,Plagioclase,Anorthite,main_training_keep,passes_provenance_and_spectral_quality_checks,389.7422845375775,3,0.9999999999999936,0.47222196924039783,0.010752688172043012,The identification of this mineral has been confirmed by X-ray diffraction and chemical analysis,d:\dyt\raman\pigeonite\data\Anorthite__R060082__Raman__780__0__unoriented__Raman_Data_RAW__27583.csv
PARENT_0184,RRUFF database,visible_nir_supervised_reference,train,Plagioclase,Anorthite,main_training_keep,passes_provenance_and_spectral_quality_checks,455.0343259896018,6,0.9999999999999996,0.14532068983647298,0.02346041055718475,The identification of this mineral has been confirmed by X-ray diffraction and chemical analysis,d:\dyt\raman\pigeonite\data\Anorthite__R060193__Raman__532__0__unoriented__Raman_Data_RAW__33259.csv
PARENT_0185,RRUFF database,visible_nir_supervised_reference,val,Plagioclase,Anorthite,main_training_keep,passes_provenance_and_spectral_quality_checks,479.2424481491476,4,0.9999999999999994,0.3670175771574204,0.026392961876832845,The identification of this mineral has been confirmed by X-ray diffraction and chemical analysis,d:\dyt\raman\pigeonite\data\Anorthite__R060221__Raman__532__0__unoriented__Raman_Data_RAW__33378.csv
PARENT_0186,RRUFF database,visible_nir_supervised_reference,val,Plagioclase,Anorthite,main_training_keep,passes_provenance_and_spectral_quality_checks,363.7151522471752,3,0.9999999999999974,0.5037634328855088,0.01466275659824047,The identification of this mineral has been confirmed by X-ray diffraction and chemical analysis,d:\dyt\raman\pigeonite\data\Anorthite__R060221__Raman__780__0__unoriented__Raman_Data_RAW__33380.csv
PARENT_0187,RRUFF database,visible_nir_supervised_reference,val,Plagioclase,Anorthite,main_training_keep,passes_provenance_and_spectral_quality_checks,392.4997401733905,7,0.9999999999999994,0.006569575796341829,0.026392961876832845,The identification of this mineral has been confirmed by X-ray diffraction and chemical analysis,d:\dyt\raman\pigeonite\data\Anorthite__R060275__Raman__532__0__unoriented__Raman_Data_RAW__33993.csv
PARENT_0188,RRUFF database,visible_nir_supervised_reference,val,Plagioclase,Anorthite,main_training_keep,passes_provenance_and_spectral_quality_checks,366.6002274294278,2,0.18625290752151805,0.6962735444499399,0.0009775171065493646,The identification of this mineral has been confirmed by X-ray diffraction and chemical analysis,d:\dyt\raman\pigeonite\data\Anorthite__R060275__Raman__780__0__unoriented__Raman_Data_RAW__33995.csv
PARENT_0189,RRUFF database,visible_nir_supervised_reference,train,Plagioclase,Anorthite,main_training_keep,passes_provenance_and_spectral_quality_checks,156.45558842859768,8,0.9999999999999998,0.09946459048842722,0.0,The identification of this mineral is confirmed by single-crystal X-ray diffraction and chemical analysis.,d:\dyt\raman\pigeonite\data\Anorthite__R070510__Raman__532__0__unoriented__Raman_Data_RAW__22461.csv
PARENT_0190,RRUFF database,visible_nir_supervised_reference,train,Plagioclase,Anorthite,main_training_keep,passes_provenance_and_spectral_quality_checks,215.55370709389982,3,0.6354261549658454,0.5811586587056686,0.0,The identification of this mineral is confirmed by single-crystal X-ray diffraction and chemical analysis.,d:\dyt\raman\pigeonite\data\Anorthite__R070510__Raman__785__0__unoriented__Raman_Data_RAW__22463.csv
PARENT_0191,RRUFF database,visible_nir_supervised_reference,train,Plagioclase,Anorthite,main_training_keep,passes_provenance_and_spectral_quality_checks,158.5784590551138,11,0.9999999999999998,0.11279175448045876,0.0,The identification of this mineral has been confirmed only by chemical analysis,d:\dyt\raman\pigeonite\data\Anorthite__R070598__Raman__532__0__unoriented__Raman_Data_RAW__23147.csv
PARENT_0192,RRUFF database,visible_nir_supervised_reference,train,Plagioclase,Anorthite,main_training_keep,passes_provenance_and_spectral_quality_checks,129.6958561557669,7,0.45616037603252113,0.3672322873950224,0.0,The identification of this mineral has been confirmed only by chemical analysis,d:\dyt\raman\pigeonite\data\Anorthite__R070598__Raman__780__0__unoriented__Raman_Data_RAW__23149.csv
PARENT_0193,RRUFF database,visible_nir_supervised_reference,val,Plagioclase,Anorthite,main_training_keep,passes_provenance_and_spectral_quality_checks,434.23913666008997,6,0.9999999999999991,0.15959056096106322,0.026392961876832845,The identification of this mineral has been confirmed only by single crystal X-ray diffraction.,d:\dyt\raman\pigeonite\data\Anorthite__R100170__Raman__532__0__unoriented__Raman_Data_RAW__34702.csv
PARENT_0194,RRUFF database,visible_nir_supervised_reference,val,Plagioclase,Anorthite,main_training_keep,passes_provenance_and_spectral_quality_checks,265.49998892113746,6,0.9999999999999989,0.06679866668022771,0.004887585532746823,The identification of this mineral has been confirmed only by single crystal X-ray diffraction.,d:\dyt\raman\pigeonite\data\Anorthite__R100170__Raman__780__0__unoriented__Raman_Data_RAW__34704.csv
PARENT_0197,RRUFF database,visible_nir_supervised_reference,reference_qc_excluded,Plagioclase,Bytownite,manual_review_keep_in_metadata,rruff_identification_status_low_confidence,358.4064376736346,10,0.9999999999999964,0.007864538652889828,0.02541544477028348,The identification of this mineral has been determined only by Raman spectroscopy,d:\dyt\raman\pigeonite\data\Bytownite__X050032__Raman__785__0__unoriented__Raman_Data_Processed__6464.csv
PARENT_0198,RRUFF database,visible_nir_supervised_reference,reference_qc_excluded,Plagioclase,Bytownite,manual_review_keep_in_metadata,rruff_identification_status_low_confidence,415.56901219064275,7,0.9999999999999984,0.009335088198874571,0.02541544477028348,The identification of this mineral has been determined only by Raman spectroscopy,d:\dyt\raman\pigeonite\data\Bytownite__X050033__Raman__785__0__unoriented__Raman_Data_Processed__6465.csv
PARENT_0224,RRUFF database,visible_nir_supervised_reference,reference_qc_excluded,Plagioclase,Oligoclase,manual_review_keep_in_metadata,high_cosmic_spike_or_discontinuity_fraction,527.5217530422377,10,0.9999999999999951,0.00721643439691929,0.08504398826979472,The identification of this mineral has been determined only by Raman spectroscopy,d:\dyt\raman\pigeonite\data\Oligoclase__X050122__Raman__785__0__unoriented__Raman_Data_Processed__6628.csv
PARENT_0000,RRUFF database,visible_nir_supervised_reference,train,Pyroxene,Diopside,main_training_keep,passes_provenance_and_spectral_quality_checks,737.4651207742121,5,0.5293088283143343,0.1803162565561727,0.06744868035190615,The identification of this mineral has been confirmed by X-ray diffraction and chemical analysis,d:\dyt\raman\pigeonite\data\Diopside__R040009__Raman__532__0__unoriented__Raman_Data_RAW__26213.csv
PARENT_0001,RRUFF database,visible_nir_supervised_reference,train,Pyroxene,Diopside,main_training_keep,passes_provenance_and_spectral_quality_checks,288.3247875461855,6,0.5301495028178853,0.18428924045270664,0.030303030303030304,The identification of this mineral has been confirmed by X-ray diffraction and chemical analysis,d:\dyt\raman\pigeonite\data\Diopside__R040009__Raman__514__0__unoriented__Raman_Data_RAW__10295.csv
PARENT_0002,RRUFF database,visible_nir_supervised_reference,train,Pyroxene,Diopside,main_training_keep,passes_provenance_and_spectral_quality_checks,410.1318184798678,8,0.8076930390614421,0.10004157049458778,0.053763440860215055,The identification of this mineral has been confirmed by X-ray diffraction and chemical analysis,d:\dyt\raman\pigeonite\data\Diopside__R040009__Raman__780__0__unoriented__Raman_Data_RAW__26211.csv
PARENT_0003,RRUFF database,visible_nir_supervised_reference,train,Pyroxene,Diopside,main_training_keep,passes_provenance_and_spectral_quality_checks,644.6160595965862,3,0.06814507247011425,0.2957831898256113,0.0,The identification of this mineral has been confirmed by X-ray diffraction and chemical analysis,d:\dyt\raman\pigeonite\data\Diopside__R040097__Raman__532__0__unoriented__Raman_Data_RAW__24829.csv
PARENT_0004,RRUFF database,visible_nir_supervised_reference,train,Pyroxene,Diopside,main_training_keep,passes_provenance_and_spectral_quality_checks,392.38012898088175,7,0.3191564028053793,0.347317669042763,0.0,The identification of this mineral has been confirmed by X-ray diffraction and chemical analysis,d:\dyt\raman\pigeonite\data\Diopside__R040097__Raman__780__0__unoriented__Raman_Data_RAW__24831.csv
PARENT_0005,RRUFF database,visible_nir_supervised_reference,reference_qc_excluded,Pyroxene,Diopside,manual_review_keep_in_metadata,rruff_identification_status_low_confidence,186.98564146084738,8,0.9999999999999928,0.0016981985879554304,0.0019550342130987292,The identification of this mineral has been determined only by Raman spectroscopy,d:\dyt\raman\pigeonite\data\Diopside__X050056.3__Raman__785__0__unoriented__Raman_Data_Processed__6473.csv
PARENT_0006,RRUFF database,visible_nir_supervised_reference,reference_qc_excluded,Pyroxene,Diopside,manual_review_keep_in_metadata,rruff_identification_status_low_confidence,118.77529669264484,12,0.9999999999999793,0.1375762669046993,0.0,The identification of this mineral has been determined only by Raman spectroscopy,d:\dyt\raman\pigeonite\data\Diopside__X050056.4__Raman__785__0__unoriented__Raman_Data_Processed__6474.csv
PARENT_0007,RRUFF database,visible_nir_supervised_reference,reference_qc_excluded,Pyroxene,Diopside,manual_review_keep_in_metadata,high_cosmic_spike_or_discontinuity_fraction,768.36378699015,6,0.9999999999999979,0.0014796391676945094,0.10948191593352884,The identification of this mineral has been determined only by Raman spectroscopy,d:\dyt\raman\pigeonite\data\Diopside__X050057.3__Raman__785__0__unoriented__Raman_Data_Processed__6475.csv
PARENT_0008,RRUFF database,visible_nir_supervised_reference,reference_qc_excluded,Pyroxene,Diopside,manual_review_keep_in_metadata,high_cosmic_spike_or_discontinuity_fraction,397.26399649929766,6,0.9999999999999972,0.01419395021365787,0.0801564027370479,The identification of this mineral has been determined only by Raman spectroscopy,d:\dyt\raman\pigeonite\data\Diopside__X050058.3__Raman__785__0__unoriented__Raman_Data_Processed__6477.csv
PARENT_0009,RRUFF database,visible_nir_supervised_reference,reference_qc_excluded,Pyroxene,Diopside,manual_review_keep_in_metadata,high_cosmic_spike_or_discontinuity_fraction,758.9977176008513,9,0.9999999999999983,0.012550737054588791,0.08308895405669599,The identification of this mineral has been determined only by Raman spectroscopy,d:\dyt\raman\pigeonite\data\Diopside__X050059__Raman__785__0__unoriented__Raman_Data_Processed__6479.csv
PARENT_0010,RRUFF database,visible_nir_supervised_reference,reference_qc_excluded,Pyroxene,Diopside,manual_review_keep_in_metadata,high_cosmic_spike_or_discontinuity_fraction,762.4268808492775,7,0.9999999999999999,0.006124487923773302,0.09872922776148582,The identification of this mineral has been determined only by Raman spectroscopy,d:\dyt\raman\pigeonite\data\Diopside__X050060__Raman__514__0__unoriented__Raman_Data_RAW__6525.csv
PARENT_0011,RRUFF database,visible_nir_supervised_reference,train,Pyroxene,Diopside,main_training_keep,passes_provenance_and_spectral_quality_checks,552.3984762286244,4,0.7577138495187057,0.17034275077225014,0.06451612903225806,The identification of this mineral has been confirmed by X-ray diffraction and chemical analysis,d:\dyt\raman\pigeonite\data\Diopside__R050406__Raman__532__0__unoriented__Raman_Data_RAW__30047.csv
PARENT_0012,RRUFF database,visible_nir_supervised_reference,train,Pyroxene,Diopside,main_training_keep,passes_provenance_and_spectral_quality_checks,542.2661996557506,5,0.6181180136122771,0.3042579801114121,0.010752688172043012,The identification of this mineral has been confirmed by X-ray diffraction and chemical analysis,d:\dyt\raman\pigeonite\data\Diopside__R050406__Raman__780__0__unoriented__Raman_Data_RAW__30049.csv
PARENT_0013,RRUFF database,visible_nir_supervised_reference,val,Pyroxene,Diopside,main_training_keep,passes_provenance_and_spectral_quality_checks,525.5952299383855,4,0.4550885509916218,0.4629492189803226,0.044965786901270774,The identification of this mineral has been confirmed by X-ray diffraction and chemical analysis,d:\dyt\raman\pigeonite\data\Diopside__R050496__Raman__532__0__unoriented__Raman_Data_RAW__32237.csv
PARENT_0014,RRUFF database,visible_nir_supervised_reference,val,Pyroxene,Diopside,main_training_keep,passes_provenance_and_spectral_quality_checks,177.83278476320638,6,0.7669647738229053,0.27576572837630065,0.0,The identification of this mineral has been confirmed by X-ray diffraction and chemical analysis,d:\dyt\raman\pigeonite\data\Diopside__R050496__Raman__780__0__unoriented__Raman_Data_RAW__32239.csv
PARENT_0015,RRUFF database,visible_nir_supervised_reference,reference_qc_excluded,Pyroxene,Diopside,manual_review_keep_in_metadata,high_cosmic_spike_or_discontinuity_fraction,839.9766569348201,7,0.999999999999999,0.012295411532212796,0.12218963831867058,The identification of this mineral has been confirmed by X-ray diffraction and chemical analysis,d:\dyt\raman\pigeonite\data\Diopside__R050666__Raman__532__0__unoriented__Raman_Data_RAW__32868.csv
PARENT_0016,RRUFF database,visible_nir_supervised_reference,train,Pyroxene,Diopside,main_training_keep,passes_provenance_and_spectral_quality_checks,308.1908093809919,9,0.9809207595821648,0.019970607292618535,0.0469208211143695,The identification of this mineral has been confirmed by X-ray diffraction and chemical analysis,d:\dyt\raman\pigeonite\data\Diopside__R050666__Raman__780__0__unoriented__Raman_Data_RAW__32870.csv
PARENT_0017,RRUFF database,visible_nir_supervised_reference,val,Pyroxene,Diopside,main_training_keep,passes_provenance_and_spectral_quality_checks,458.683139192893,9,0.9661029234807771,0.07879578685291588,0.05571847507331378,The identification of this mineral is confirmed by single-crystal X-ray diffraction and chemical analysis.,d:\dyt\raman\pigeonite\data\Diopside__R060061__Raman__532__0__unoriented__Raman_Data_RAW__27056.csv
PARENT_0018,RRUFF database,visible_nir_supervised_reference,val,Pyroxene,Diopside,main_training_keep,passes_provenance_and_spectral_quality_checks,415.3046094005823,10,0.9810104906707369,0.016470100076982068,0.05767350928641251,The identification of this mineral is confirmed by single-crystal X-ray diffraction and chemical analysis.,d:\dyt\raman\pigeonite\data\Diopside__R060061__Raman__780__0__unoriented__Raman_Data_RAW__27054.csv
PARENT_0019,RRUFF database,visible_nir_supervised_reference,train,Pyroxene,Diopside,main_training_keep,passes_provenance_and_spectral_quality_checks,469.35336329841226,2,0.09787846496712431,0.46570713510185097,0.0,The identification of this mineral has been confirmed by X-ray diffraction and chemical analysis,d:\dyt\raman\pigeonite\data\Diopside__R060085__Raman__532__0__unoriented__Raman_Data_RAW__27595.csv
PARENT_0020,RRUFF database,visible_nir_supervised_reference,train,Pyroxene,Diopside,main_training_keep,passes_provenance_and_spectral_quality_checks,219.2450065567168,5,0.45923522944732553,0.14888042415054706,0.0,The identification of this mineral has been confirmed by X-ray diffraction and chemical analysis,d:\dyt\raman\pigeonite\data\Diopside__R060085__Raman__780__0__unoriented__Raman_Data_RAW__36683.csv
PARENT_0021,RRUFF database,visible_nir_supervised_reference,reference_qc_excluded,Pyroxene,Diopside,manual_review_keep_in_metadata,high_cosmic_spike_or_discontinuity_fraction,864.8784627726767,6,0.9775575288220512,0.016337664222410366,0.12316715542521994,The identification of this mineral has been confirmed by X-ray diffraction and chemical analysis,d:\dyt\raman\pigeonite\data\Diopside__R060171__Raman__532__0__unoriented__Raman_Data_RAW__33158.csv
PARENT_0022,RRUFF database,visible_nir_supervised_reference,train,Pyroxene,Diopside,main_training_keep,passes_provenance_and_spectral_quality_checks,746.3604572511625,8,0.9999999999999994,0.3470518652324679,0.06158357771260997,The identification of this mineral has been confirmed by X-ray diffraction and chemical analysis,d:\dyt\raman\pigeonite\data\Diopside__R060171__Raman__780__0__unoriented__Raman_Data_RAW__33160.csv
PARENT_0023,RRUFF database,visible_nir_supervised_reference,train,Pyroxene,Diopside,main_training_keep,passes_provenance_and_spectral_quality_checks,498.5635479618335,9,0.9471183354298276,0.044446501192308266,0.07820136852394917,The identification of this mineral has been confirmed by X-ray diffraction and chemical analysis,d:\dyt\raman\pigeonite\data\Diopside__R060276__Raman__532__0__unoriented__Raman_Data_RAW__34009.csv
PARENT_0024,RRUFF database,visible_nir_supervised_reference,train,Pyroxene,Diopside,main_training_keep,passes_provenance_and_spectral_quality_checks,185.48568118586064,5,0.9999999999999998,0.0401147544290007,0.0039100684261974585,The identification of this mineral has been confirmed by X-ray diffraction and chemical analysis,d:\dyt\raman\pigeonite\data\Diopside__R060861__Raman__532__0__unoriented__Raman_Data_RAW__13064.csv
PARENT_0025,RRUFF database,visible_nir_supervised_reference,train,Pyroxene,Diopside,main_training_keep,passes_provenance_and_spectral_quality_checks,295.95881884656484,4,0.9999999999999998,0.0707867429822315,0.01857282502443793,The identification of this mineral has been confirmed by X-ray diffraction and chemical analysis,d:\dyt\raman\pigeonite\data\Diopside__R060861__Raman__785__0__unoriented__Raman_Data_RAW__18641.csv
PARENT_0026,RRUFF database,visible_nir_supervised_reference,test,Pyroxene,Diopside,main_training_keep,passes_provenance_and_spectral_quality_checks,490.20123194966664,7,0.9999999999999998,0.01980232237801755,0.06060606060606061,The identification of this mineral has been confirmed by X-ray diffraction and chemical analysis,d:\dyt\raman\pigeonite\data\Diopside__R070123__Raman__532__0__unoriented__Raman_Data_RAW__18437.csv
PARENT_0027,RRUFF database,visible_nir_supervised_reference,test,Pyroxene,Diopside,main_training_keep,passes_provenance_and_spectral_quality_checks,116.70268105497067,9,0.9999999999999994,0.12554049008033147,0.0009775171065493646,The identification of this mineral has been confirmed by X-ray diffraction and chemical analysis,d:\dyt\raman\pigeonite\data\Diopside__R070123__Raman__785__0__unoriented__Raman_Data_RAW__18439.csv
PARENT_0028,RRUFF database,visible_nir_supervised_reference,train,Pyroxene,Diopside,main_training_keep,passes_provenance_and_spectral_quality_checks,1816.6315490305112,2,0.12728114774214494,0.31927203500177326,0.010752688172043012,The identification of this mineral has been confirmed by single-crystal X-ray diffraction.,d:\dyt\raman\pigeonite\data\Diopside__R090046__Raman__532__0__unoriented__Raman_Data_RAW__32775.csv
PARENT_0029,RRUFF database,visible_nir_supervised_reference,reference_qc_excluded,Pyroxene,Diopside,manual_review_keep_in_metadata,high_cosmic_spike_or_discontinuity_fraction,1015.9350549076484,7,0.9980331680374148,0.01832671038435943,0.10654936461388075,The identification of this mineral has been confirmed by single-crystal X-ray diffraction.,d:\dyt\raman\pigeonite\data\Diopside__R110128__Raman__532__0__unoriented__Raman_Data_RAW__35623.csv
PARENT_0030,RRUFF database,visible_nir_supervised_reference,train,Pyroxene,Diopside,main_training_keep,passes_provenance_and_spectral_quality_checks,642.594664836206,7,0.9670097774419191,0.11653908028223622,0.07429130009775171,The identification of this mineral has been confirmed by single-crystal X-ray diffraction.,d:\dyt\raman\pigeonite\data\Diopside__R110128__Raman__780__0__unoriented__Raman_Data_RAW__35625.csv
PARENT_0031,RRUFF database,visible_nir_supervised_reference,test,Pyroxene,Diopside,main_training_keep,passes_provenance_and_spectral_quality_checks,490.59167703201155,6,0.8099492647343312,0.1759623111487652,0.07331378299120235,The identification of this mineral has been confirmed only by single crystal X-ray diffraction.,d:\dyt\raman\pigeonite\data\Diopside__R120003__Raman__532__0__unoriented__Raman_Data_RAW__36354.csv
PARENT_0032,RRUFF database,visible_nir_supervised_reference,reference_qc_excluded,Pyroxene,Diopside,manual_review_keep_in_metadata,high_cosmic_spike_or_discontinuity_fraction,534.7010354550265,7,0.9898983082560193,0.062086501916362495,0.08308895405669599,The identification of this mineral has been confirmed only by single crystal X-ray diffraction.,d:\dyt\raman\pigeonite\data\Diopside__R120003__Raman__780__0__unoriented__Raman_Data_RAW__36356.csv
PARENT_0033,RRUFF database,visible_nir_supervised_reference,reference_qc_excluded,Pyroxene,Augite,manual_review_keep_in_metadata,rruff_identification_status_low_confidence,149.6776388901664,8,0.9999999999999989,0.09611937433094554,0.019550342130987292,The identification of this mineral has been determined only by Raman spectroscopy,d:\dyt\raman\pigeonite\data\Augite__X050024__Raman__785__0__unoriented__Raman_Data_Processed__6460.csv
PARENT_0034,RRUFF database,visible_nir_supervised_reference,reference_qc_excluded,Pyroxene,Augite,manual_review_keep_in_metadata,rruff_identification_status_low_confidence,158.64157701212804,6,0.9999999999999917,0.0028312727785380423,0.0019550342130987292,The identification of this mineral has been determined only by Raman spectroscopy,d:\dyt\raman\pigeonite\data\Augite__X050025__Raman__785__0__unoriented__Raman_Data_Processed__6461.csv
PARENT_0035,RRUFF database,visible_nir_supervised_reference,train,Pyroxene,Augite,main_training_keep,passes_provenance_and_spectral_quality_checks,215.54899679607945,7,0.9999999999999998,0.11793978594764626,0.013685239491691105,The identification of this mineral has been confirmed by X-ray diffraction and chemical analysis,d:\dyt\raman\pigeonite\data\Augite__R061086__Raman__532__0__unoriented__Raman_Data_RAW__15932.csv
PARENT_0036,RRUFF database,visible_nir_supervised_reference,train,Pyroxene,Augite,main_training_keep,passes_provenance_and_spectral_quality_checks,291.06455129238816,4,0.23801754629213356,0.31108038085197615,0.0,The identification of this mineral has been confirmed by X-ray diffraction and chemical analysis,d:\dyt\raman\pigeonite\data\Augite__R061086__Raman__785__0__unoriented__Raman_Data_RAW__15934.csv
PARENT_0037,RRUFF database,visible_nir_supervised_reference,train,Pyroxene,Augite,main_training_keep,passes_provenance_and_spectral_quality_checks,178.85012391832325,5,0.9999999999999997,0.08714215271496581,0.0,The identification of this mineral is confirmed by single-crystal X-ray diffraction and chemical analysis.,d:\dyt\raman\pigeonite\data\Augite__R061108__Raman__532__0__unoriented__Raman_Data_RAW__16309.csv
PARENT_0038,RRUFF database,visible_nir_supervised_reference,train,Pyroxene,Augite,main_training_keep,passes_provenance_and_spectral_quality_checks,85.27545549467972,7,0.6140359104602354,0.3598869201756943,0.0,The identification of this mineral is confirmed by single-crystal X-ray diffraction and chemical analysis.,d:\dyt\raman\pigeonite\data\Augite__R061108__Raman__785__0__unoriented__Raman_Data_RAW__16311.csv
PARENT_0039,RRUFF database,visible_nir_supervised_reference,train,Pyroxene,Augite,main_training_keep,passes_provenance_and_spectral_quality_checks,236.9939275874807,5,0.993215816810823,0.18963538209087408,0.013685239491691105,The identification of this mineral is confirmed by single-crystal X-ray diffraction and chemical analysis.,d:\dyt\raman\pigeonite\data\Augite__R070231__Raman__532__0__unoriented__Raman_Data_RAW__20123.csv
PARENT_0040,RRUFF database,visible_nir_supervised_reference,train,Pyroxene,Augite,main_training_keep,passes_provenance_and_spectral_quality_checks,153.63654503199533,5,0.6845027516637195,0.35202744844719636,0.0,The identification of this mineral is confirmed by single-crystal X-ray diffraction and chemical analysis.,d:\dyt\raman\pigeonite\data\Augite__R070231__Raman__785__0__unoriented__Raman_Data_RAW__20125.csv
PARENT_0041,RRUFF database,visible_nir_supervised_reference,reference_qc_excluded,Pyroxene,Augite,manual_review_keep_in_metadata,high_cosmic_spike_or_discontinuity_fraction,786.2302470751786,7,0.9999999999999981,0.03351969436402933,0.10361681329423265,The identification of this mineral has been confirmed only by single crystal X-ray diffraction.,d:\dyt\raman\pigeonite\data\Augite__R110063__Raman__532__0__unoriented__Raman_Data_RAW__35393.csv
PARENT_0042,RRUFF database,visible_nir_supervised_reference,reference_qc_excluded,Pyroxene,Augite,manual_review_keep_in_metadata,high_cosmic_spike_or_discontinuity_fraction,653.5781372764159,7,0.9668062731536313,0.054506593857403696,0.09872922776148582,The identification of this mineral has been confirmed only by single crystal X-ray diffraction.,d:\dyt\raman\pigeonite\data\Augite__R110063__Raman__780__0__unoriented__Raman_Data_RAW__35395.csv
PARENT_0043,RRUFF database,visible_nir_supervised_reference,test,Pyroxene,Hedenbergite,main_training_keep,passes_provenance_and_spectral_quality_checks,342.8074728852227,4,0.6166964121555494,0.19352482499312296,0.028347996089931573,The identification of this mineral has been confirmed by X-ray diffraction and chemical analysis,d:\dyt\raman\pigeonite\data\Hedenbergite__R050030__Raman__514__0__unoriented__Raman_Data_RAW__9912.csv
PARENT_0044,RRUFF database,visible_nir_supervised_reference,test,Pyroxene,Hedenbergite,main_training_keep,passes_provenance_and_spectral_quality_checks,756.8033589498368,5,1.0,0.016991345203017212,0.07917888563049853,The identification of this mineral has been confirmed by X-ray diffraction and chemical analysis,d:\dyt\raman\pigeonite\data\Hedenbergite__R050030__Raman__532__0__unoriented__Raman_Data_RAW__21078.csv
PARENT_0045,RRUFF database,visible_nir_supervised_reference,test,Pyroxene,Hedenbergite,main_training_keep,passes_provenance_and_spectral_quality_checks,410.5500999840821,8,0.9999999999999998,0.04210115261568625,0.06549364613880743,The identification of this mineral has been confirmed by X-ray diffraction and chemical analysis,d:\dyt\raman\pigeonite\data\Hedenbergite__R050030__Raman__785__0__unoriented__Raman_Data_RAW__21080.csv
PARENT_0046,RRUFF database,visible_nir_supervised_reference,train,Pyroxene,Hedenbergite,main_training_keep,passes_provenance_and_spectral_quality_checks,491.6194532288364,6,0.9999999999999991,0.26312695308590817,0.06060606060606061,The identification of this mineral has been confirmed by X-ray diffraction and chemical analysis,d:\dyt\raman\pigeonite\data\Hedenbergite__R060040__Raman__532__0__unoriented__Raman_Data_RAW__38696.csv
PARENT_0047,RRUFF database,visible_nir_supervised_reference,train,Pyroxene,Hedenbergite,main_training_keep,passes_provenance_and_spectral_quality_checks,374.38220572943703,5,0.2689907169053649,0.21769032417327744,0.005865102639296188,The identification of this mineral has been confirmed by X-ray diffraction and chemical analysis,d:\dyt\raman\pigeonite\data\Hedenbergite__R060040__Raman__780__0__unoriented__Raman_Data_RAW__38698.csv
PARENT_0048,RRUFF database,visible_nir_supervised_reference,reference_qc_excluded,Pyroxene,Hedenbergite,manual_review_keep_in_metadata,high_cosmic_spike_or_discontinuity_fraction,1039.8951046756738,6,1.0,0.006775257733599122,0.10166177908113393,The identification of this mineral has been made only by X-ray diffraction.,d:\dyt\raman\pigeonite\data\Hedenbergite__R070136__Raman__532__0__unoriented__Raman_Data_RAW__18440.csv
PARENT_0049,RRUFF database,visible_nir_supervised_reference,reference_qc_excluded,Pyroxene,Hedenbergite,manual_review_keep_in_metadata,high_cosmic_spike_or_discontinuity_fraction,737.4896553018178,7,0.9999999999999999,0.014947839859264657,0.08406647116324535,The identification of this mineral has been made only by X-ray diffraction.,d:\dyt\raman\pigeonite\data\Hedenbergite__R070136__Raman__785__0__unoriented__Raman_Data_RAW__18442.csv
PARENT_0050,RRUFF database,visible_nir_supervised_reference,val,Pyroxene,Hedenbergite,main_training_keep,passes_provenance_and_spectral_quality_checks,512.9038989824155,4,0.6715409168457426,0.25706678585028225,0.02932551319648094,The identification of this mineral is confirmed by single-crystal X-ray diffraction and chemical analysis.,d:\dyt\raman\pigeonite\data\Hedenbergite__R070236__Raman__532__0__unoriented__Raman_Data_RAW__20240.csv
PARENT_0051,RRUFF database,visible_nir_supervised_reference,val,Pyroxene,Hedenbergite,main_training_keep,passes_provenance_and_spectral_quality_checks,356.66961982672757,6,0.9999999999999998,0.09861584014303913,0.04007820136852395,The identification of this mineral is confirmed by single-crystal X-ray diffraction and chemical analysis.,d:\dyt\raman\pigeonite\data\Hedenbergite__R070236__Raman__785__0__unoriented__Raman_Data_RAW__20242.csv
PARENT_0052,RRUFF database,visible_nir_supervised_reference,train,Pyroxene,Pigeonite,main_training_keep,passes_provenance_and_spectral_quality_checks,452.80177896817014,3,0.743757111584545,0.08015211587778827,0.033235581622678395,The identification of this mineral has been confirmed by single-crystal X-ray diffraction.,d:\dyt\raman\pigeonite\data\Pigeonite__R200002__Raman__532__0__unoriented__Raman_Data_RAW__40480.csv
PARENT_0053,RRUFF database,visible_nir_supervised_reference,train,Pyroxene,Pigeonite,main_training_keep,passes_provenance_and_spectral_quality_checks,1044.9301226107148,5,0.3134680865357329,0.31754092642897314,0.008484848484848486,The identification of this mineral has been confirmed by single-crystal X-ray diffraction.,d:\dyt\raman\pigeonite\augmented_tongyi_physics4\Pigeonite__R200002__Raman__780__0__unoriented__Raman_Data_RAW__40482.csv
PARENT_0054,RRUFF database,visible_nir_supervised_reference,reference_qc_excluded,Pyroxene,Enstatite,manual_review_keep_in_metadata,high_cosmic_spike_or_discontinuity_fraction,682.392615036506,5,0.9999999999999999,0.0018933167179559767,0.09286412512218964,The identification of this mineral has been confirmed by X-ray diffraction and chemical analysis,d:\dyt\raman\pigeonite\data\Enstatite__R040093__Raman__532__0__unoriented__Raman_Data_RAW__15697.csv
PARENT_0055,RRUFF database,visible_nir_supervised_reference,train,Pyroxene,Enstatite,main_training_keep,passes_provenance_and_spectral_quality_checks,411.9352946122367,8,0.991123644321863,0.02802905407828854,0.06842619745845552,The identification of this mineral has been confirmed by X-ray diffraction and chemical analysis,d:\dyt\raman\pigeonite\data\Enstatite__R040093__Raman__785__0__unoriented__Raman_Data_RAW__15699.csv
PARENT_0056,RRUFF database,visible_nir_supervised_reference,train,Pyroxene,Enstatite,main_training_keep,passes_provenance_and_spectral_quality_checks,405.7636754898186,10,0.9999999999999998,0.012660023354348487,0.07038123167155426,The identification of this mineral has been confirmed by X-ray diffraction and chemical analysis,d:\dyt\raman\pigeonite\data\Enstatite__R040094__Raman__532__0__unoriented__Raman_Data_RAW__15703.csv
PARENT_0057,RRUFF database,visible_nir_supervised_reference,train,Pyroxene,Enstatite,main_training_keep,passes_provenance_and_spectral_quality_checks,320.710672617213,7,0.9510653553341213,0.009373697364686448,0.03714565004887586,The identification of this mineral has been confirmed by X-ray diffraction and chemical analysis,d:\dyt\raman\pigeonite\data\Enstatite__R040094__Raman__785__0__unoriented__Raman_Data_RAW__15701.csv
PARENT_0058,RRUFF database,visible_nir_supervised_reference,reference_qc_excluded,Pyroxene,Enstatite,manual_review_keep_in_metadata,high_cosmic_spike_or_discontinuity_fraction,560.9903888704167,8,0.9999999999999964,0.0016080447330565806,0.093841642228739,The identification of this mineral has been determined only by Raman spectroscopy,d:\dyt\raman\pigeonite\data\Enstatite__X050192__Raman__785__0__unoriented__Raman_Data_Processed__6493.csv
PARENT_0059,RRUFF database,visible_nir_supervised_reference,reference_qc_excluded,Pyroxene,Enstatite,manual_review_keep_in_metadata,rruff_identification_status_low_confidence,253.571217479552,6,0.9999999999999887,0.0383894625708869,0.008797653958944282,The identification of this mineral has been determined only by Raman spectroscopy,d:\dyt\raman\pigeonite\data\Enstatite__X050068.3__Raman__785__0__unoriented__Raman_Data_Processed__6531.csv
PARENT_0060,RRUFF database,visible_nir_supervised_reference,reference_qc_excluded,Pyroxene,Enstatite,manual_review_keep_in_metadata,rruff_identification_status_low_confidence,353.34392018544224,6,0.9999999999999953,0.0015350407943437291,0.03714565004887586,The identification of this mineral has been determined only by Raman spectroscopy,d:\dyt\raman\pigeonite\data\Enstatite__X050068.4__Raman__785__0__unoriented__Raman_Data_Processed__6532.csv
PARENT_0061,RRUFF database,visible_nir_supervised_reference,reference_qc_excluded,Pyroxene,Enstatite,manual_review_keep_in_metadata,rruff_identification_status_low_confidence,285.9208991697932,6,0.9999999999999933,0.04979466072903632,0.026392961876832845,The identification of this mineral has been determined only by Raman spectroscopy,d:\dyt\raman\pigeonite\data\Enstatite__X050068.5__Raman__785__0__unoriented__Raman_Data_Processed__6533.csv
PARENT_0062,RRUFF database,visible_nir_supervised_reference,reference_qc_excluded,Pyroxene,Enstatite,manual_review_keep_in_metadata,high_cosmic_spike_or_discontinuity_fraction,575.314828630087,7,0.9999999999999972,0.0009191666642765741,0.08797653958944282,The identification of this mineral has been determined only by Raman spectroscopy,d:\dyt\raman\pigeonite\data\Enstatite__X050069__Raman__785__0__unoriented__Raman_Data_Processed__6534.csv
PARENT_0063,RRUFF database,visible_nir_supervised_reference,reference_qc_excluded,Pyroxene,Enstatite,manual_review_keep_in_metadata,high_cosmic_spike_or_discontinuity_fraction,617.5269575704936,7,0.9999999999999974,0.023595854454751816,0.10752688172043011,The identification of this mineral has been determined only by Raman spectroscopy,d:\dyt\raman\pigeonite\data\Enstatite__X050193__Raman__785__0__unoriented__Raman_Data_Processed__6535.csv
PARENT_0064,RRUFF database,visible_nir_supervised_reference,reference_qc_excluded,Pyroxene,Enstatite,manual_review_keep_in_metadata,rruff_identification_status_low_confidence,163.92124286754867,10,0.9999999999999958,0.03511598349191127,0.009775171065493646,The identification of this mineral has been determined only by Raman spectroscopy,d:\dyt\raman\pigeonite\data\Enstatite__X050070__Raman__785__0__unoriented__Raman_Data_Processed__6537.csv
PARENT_0065,RRUFF database,visible_nir_supervised_reference,train,Pyroxene,Enstatite,main_training_keep,passes_provenance_and_spectral_quality_checks,470.96206163051755,9,0.9999999999999996,0.02463654255439466,0.07526881720430108,The identification of this mineral has been confirmed by X-ray diffraction and chemical analysis,d:\dyt\raman\pigeonite\data\Enstatite__R050644__Raman__532__0__unoriented__Raman_Data_RAW__32740.csv
PARENT_0066,RRUFF database,visible_nir_supervised_reference,train,Pyroxene,Enstatite,main_training_keep,passes_provenance_and_spectral_quality_checks,269.99220656148515,7,0.8528816033757513,0.06271750005733713,0.02541544477028348,The identification of this mineral has been confirmed by X-ray diffraction and chemical analysis,d:\dyt\raman\pigeonite\data\Enstatite__R050644__Raman__780__0__unoriented__Raman_Data_RAW__32742.csv
PARENT_0067,RRUFF database,visible_nir_supervised_reference,test,Pyroxene,Enstatite,main_training_keep,passes_provenance_and_spectral_quality_checks,405.16977913583696,9,0.8092882588175416,0.2781066592269924,0.03225806451612903,The identification of this mineral has been confirmed by X-ray diffraction and chemical analysis,d:\dyt\raman\pigeonite\data\Enstatite__R060630__Raman__532__0__unoriented__Raman_Data_RAW__39461.csv
PARENT_0068,RRUFF database,visible_nir_supervised_reference,reference_qc_excluded,Pyroxene,Enstatite,manual_review_keep_in_metadata,high_cosmic_spike_or_discontinuity_fraction,710.928077191899,7,0.7869156645603266,0.07118923497718138,0.08308895405669599,The identification of this mineral has been confirmed by X-ray diffraction and chemical analysis,d:\dyt\raman\pigeonite\data\Enstatite__R060630__Raman__780__0__unoriented__Raman_Data_RAW__39463.csv
PARENT_0069,RRUFF database,visible_nir_supervised_reference,train,Pyroxene,Enstatite,main_training_keep,passes_provenance_and_spectral_quality_checks,478.0019421494082,5,0.35399326193064795,0.3421110659450924,0.033235581622678395,The identification of this mineral has been confirmed by X-ray diffraction and chemical analysis,d:\dyt\raman\pigeonite\data\Enstatite__R060744__Raman__532__0__unoriented__Raman_Data_RAW__12668.csv
PARENT_0070,RRUFF database,visible_nir_supervised_reference,train,Pyroxene,Enstatite,main_training_keep,passes_provenance_and_spectral_quality_checks,254.0380598966942,7,0.7604805644950046,0.23861143567489884,0.013685239491691105,The identification of this mineral has been confirmed by X-ray diffraction and chemical analysis,d:\dyt\raman\pigeonite\data\Enstatite__R060744__Raman__785__0__unoriented__Raman_Data_RAW__14574.csv
PARENT_0071,RRUFF database,visible_nir_supervised_reference,train,Pyroxene,Enstatite,main_training_keep,passes_provenance_and_spectral_quality_checks,438.53705164901737,2,0.7906080792578059,0.42566556923127424,0.0,The identification of this mineral has been confirmed by X-ray diffraction and chemical analysis,d:\dyt\raman\pigeonite\data\Enstatite__R070097__Raman__785__0__unoriented__Raman_Data_RAW__17011.csv
PARENT_0072,RRUFF database,visible_nir_supervised_reference,train,Pyroxene,Enstatite,main_training_keep,passes_provenance_and_spectral_quality_checks,695.8833180351963,1,0.0918734471861929,0.4198445161459923,0.0,The identification of this mineral has been confirmed by X-ray diffraction and chemical analysis,d:\dyt\raman\pigeonite\data\Enstatite__R070097__Raman__532__0__unoriented__Raman_Data_RAW__17013.csv
PARENT_0073,RRUFF database,visible_nir_supervised_reference,val,Pyroxene,Enstatite,main_training_keep,passes_provenance_and_spectral_quality_checks,487.22962623061363,6,0.9999999999999999,0.020155369209257822,0.056695992179863146,The identification of this mineral has been confirmed by X-ray diffraction and chemical analysis,d:\dyt\raman\pigeonite\data\Enstatite__R070418__Raman__785__0__unoriented__Raman_Data_RAW__21598.csv
PARENT_0074,RRUFF database,visible_nir_supervised_reference,reference_qc_excluded,Pyroxene,Enstatite,manual_review_keep_in_metadata,high_cosmic_spike_or_discontinuity_fraction,630.8660942090265,8,0.9999999999999999,0.02330483358559256,0.08308895405669599,The identification of this mineral has been confirmed by X-ray diffraction and chemical analysis,d:\dyt\raman\pigeonite\data\Enstatite__R070418__Raman__532__0__unoriented__Raman_Data_RAW__21600.csv
PARENT_0075,RRUFF database,visible_nir_supervised_reference,train,Pyroxene,Enstatite,main_training_keep,passes_provenance_and_spectral_quality_checks,280.12551018503086,9,0.98380000517599,0.033365278288042574,0.05474095796676442,The identification of this mineral has been confirmed by X-ray diffraction and chemical analysis,d:\dyt\raman\pigeonite\data\Enstatite__R070550__Raman__532__0__unoriented__Raman_Data_RAW__22712.csv
PARENT_0076,RRUFF database,visible_nir_supervised_reference,train,Pyroxene,Enstatite,main_training_keep,passes_provenance_and_spectral_quality_checks,344.1969975897501,7,0.9625580779938661,0.014803434268998059,0.04105571847507331,The identification of this mineral has been confirmed by X-ray diffraction and chemical analysis,d:\dyt\raman\pigeonite\data\Enstatite__R070550__Raman__785__0__unoriented__Raman_Data_RAW__22714.csv
PARENT_0077,RRUFF database,visible_nir_supervised_reference,reference_qc_excluded,Pyroxene,Enstatite,manual_review_keep_in_metadata,high_cosmic_spike_or_discontinuity_fraction,465.6557940409603,8,1.0,0.008346034913565404,0.08211143695014662,The identification of this mineral has been confirmed by X-ray diffraction.,d:\dyt\raman\pigeonite\data\Enstatite__R070641__Raman__532__0__unoriented__Raman_Data_RAW__24255.csv
PARENT_0078,RRUFF database,visible_nir_supervised_reference,reference_qc_excluded,Pyroxene,Enstatite,manual_review_keep_in_metadata,high_cosmic_spike_or_discontinuity_fraction,465.6557940409603,8,1.0,0.008346034913565404,0.08211143695014662,The identification of this mineral has been confirmed by X-ray diffraction.,d:\dyt\raman\pigeonite\data\Enstatite__R070641__Raman__532__0__unoriented__Raman_Data_RAW__24255.csv
PARENT_0079,RRUFF database,visible_nir_supervised_reference,train,Pyroxene,Enstatite,main_training_keep,passes_provenance_and_spectral_quality_checks,228.7840326312949,7,0.9999999999999954,0.08388712330116009,0.005865102639296188,The identification of this mineral has been confirmed by single-crystal X-ray diffraction.,d:\dyt\raman\pigeonite\data\Enstatite__R100093__Raman__532__0__unoriented__Raman_Data_RAW__34337.csv
PARENT_0080,RRUFF database,visible_nir_supervised_reference,train,Pyroxene,Enstatite,main_training_keep,passes_provenance_and_spectral_quality_checks,111.09683541825329,5,0.9999999999999793,0.13459862819544224,0.0,The identification of this mineral has been confirmed by single-crystal X-ray diffraction.,d:\dyt\raman\pigeonite\data\Enstatite__R100093__Raman__780__0__unoriented__Raman_Data_RAW__34339.csv
PARENT_0081,RRUFF database,visible_nir_supervised_reference,train,Pyroxene,Enstatite,main_training_keep,passes_provenance_and_spectral_quality_checks,370.1193997034485,6,0.8752755998795686,0.4238607245882946,0.03519061583577713,The identification of this mineral has been confirmed only by single crystal X-ray diffraction.,d:\dyt\raman\pigeonite\data\Enstatite__R120168__Raman__532__0__unoriented__Raman_Data_RAW__37242.csv
PARENT_0082,RRUFF database,visible_nir_supervised_reference,train,Pyroxene,Enstatite,main_training_keep,passes_provenance_and_spectral_quality_checks,370.1193997034485,6,0.8752755998795686,0.4238607245882946,0.03519061583577713,The identification of this mineral has been confirmed only by single crystal X-ray diffraction.,d:\dyt\raman\pigeonite\data\Enstatite__R120168__Raman__532__0__unoriented__Raman_Data_RAW__37242.csv
PARENT_0083,RRUFF database,visible_nir_supervised_reference,train,Pyroxene,Enstatite,main_training_keep,passes_provenance_and_spectral_quality_checks,186.8250708151096,7,0.8201229793582863,0.13700238722693273,0.0,The identification of this mineral has been confirmed by single-crystal X-ray diffraction.,d:\dyt\raman\pigeonite\data\Enstatite__R120174__Raman__532__0__unoriented__Raman_Data_RAW__37875.csv
PARENT_0084,RRUFF database,visible_nir_supervised_reference,train,Pyroxene,Enstatite,main_training_keep,passes_provenance_and_spectral_quality_checks,302.263127835392,6,0.5744142878675755,0.2272690999656929,0.006842619745845552,The identification of this mineral has been confirmed by single-crystal X-ray diffraction.,d:\dyt\raman\pigeonite\data\Enstatite__R120174__Raman__780__0__unoriented__Raman_Data_RAW__37877.csv
PARENT_0085,RRUFF database,visible_nir_supervised_reference,train,Pyroxene,Aegirine,main_training_keep,passes_provenance_and_spectral_quality_checks,224.87430264346065,8,0.9999999999999999,0.03974358805561264,0.019550342130987292,The identification of this mineral has been confirmed by X-ray diffraction and chemical analysis,d:\dyt\raman\pigeonite\data\Aegirine__R040054__Raman__514__0__unoriented__Raman_Data_RAW__9389.csv
PARENT_0086,RRUFF database,visible_nir_supervised_reference,train,Pyroxene,Aegirine,main_training_keep,passes_provenance_and_spectral_quality_checks,227.09697440638402,11,0.9999999999999999,0.04223151469486614,0.005865102639296188,The identification of this mineral has been confirmed by X-ray diffraction and chemical analysis,d:\dyt\raman\pigeonite\data\Aegirine__R040054__Raman__532__0__unoriented__Raman_Data_RAW__15126.csv
PARENT_0087,RRUFF database,visible_nir_supervised_reference,train,Pyroxene,Aegirine,main_training_keep,passes_provenance_and_spectral_quality_checks,115.03628912318885,12,0.9055734718952309,0.13184482736291941,0.0,The identification of this mineral has been confirmed by X-ray diffraction and chemical analysis,d:\dyt\raman\pigeonite\data\Aegirine__R040054__Raman__785__0__unoriented__Raman_Data_RAW__15128.csv
PARENT_0088,RRUFF database,visible_nir_supervised_reference,train,Pyroxene,Aegirine,main_training_keep,passes_provenance_and_spectral_quality_checks,351.2648001814768,10,1.0,0.040356840982654206,0.04985337243401759,The identification of this mineral has been confirmed by X-ray diffraction and chemical analysis,d:\dyt\raman\pigeonite\data\Aegirine__R050074__Raman__514__0__unoriented__Raman_Data_RAW__9980.csv
PARENT_0089,RRUFF database,visible_nir_supervised_reference,train,Pyroxene,Aegirine,main_training_keep,passes_provenance_and_spectral_quality_checks,272.54802538862526,11,0.9999999999999998,0.0480320332067976,0.016617790811339198,The identification of this mineral has been confirmed by X-ray diffraction and chemical analysis,d:\dyt\raman\pigeonite\data\Aegirine__R050074__Raman__532__0__unoriented__Raman_Data_RAW__21278.csv
PARENT_0090,RRUFF database,visible_nir_supervised_reference,train,Pyroxene,Aegirine,main_training_keep,passes_provenance_and_spectral_quality_checks,106.72089739623469,11,0.9999999999999994,0.05205704986965861,0.0009775171065493646,The identification of this mineral has been confirmed by X-ray diffraction and chemical analysis,d:\dyt\raman\pigeonite\data\Aegirine__R050074__Raman__785__0__unoriented__Raman_Data_RAW__21280.csv
PARENT_0091,RRUFF database,visible_nir_supervised_reference,train,Pyroxene,Aegirine,main_training_keep,passes_provenance_and_spectral_quality_checks,232.47676340893426,11,0.9999999999999998,0.02061924703106311,0.04887585532746823,The identification of this mineral is confirmed by single-crystal X-ray diffraction and chemical analysis.,d:\dyt\raman\pigeonite\data\Aegirine__R061093__Raman__532__0__unoriented__Raman_Data_RAW__15970.csv
PARENT_0092,RRUFF database,visible_nir_supervised_reference,train,Pyroxene,Aegirine,main_training_keep,passes_provenance_and_spectral_quality_checks,367.3177854735221,11,0.9562745136386804,0.011274768215397784,0.06842619745845552,The identification of this mineral is confirmed by single-crystal X-ray diffraction and chemical analysis.,d:\dyt\raman\pigeonite\data\Aegirine__R061093__Raman__785__0__unoriented__Raman_Data_RAW__15972.csv
PARENT_0093,RRUFF database,visible_nir_supervised_reference,train,Pyroxene,Aegirine,main_training_keep,passes_provenance_and_spectral_quality_checks,374.0791873419554,9,0.9999999999999998,0.018880294925329676,0.019550342130987292,The identification of this mineral is confirmed by single-crystal X-ray diffraction and chemical analysis.,d:\dyt\raman\pigeonite\data\Aegirine__R070125__Raman__532__0__unoriented__Raman_Data_RAW__18518.csv
PARENT_0094,RRUFF database,visible_nir_supervised_reference,train,Pyroxene,Aegirine,main_training_keep,passes_provenance_and_spectral_quality_checks,94.15955221069862,9,0.8096451972086657,0.09610539343334766,0.0,The identification of this mineral is confirmed by single-crystal X-ray diffraction and chemical analysis.,d:\dyt\raman\pigeonite\data\Aegirine__R070125__Raman__785__0__unoriented__Raman_Data_RAW__18540.csv
PARENT_0095,RRUFF database,visible_nir_supervised_reference,train,Pyroxene,Aegirine,main_training_keep,passes_provenance_and_spectral_quality_checks,205.8251816170792,11,0.759339786663715,0.15424554571218696,0.0,The identification of this mineral has been confirmed by single-crystal X-ray diffraction.,d:\dyt\raman\pigeonite\data\Aegirine__R070253__Raman__532__0__unoriented__Raman_Data_RAW__33955.csv
PARENT_0096,RRUFF database,visible_nir_supervised_reference,train,Pyroxene,Aegirine,main_training_keep,passes_provenance_and_spectral_quality_checks,194.89298393236004,9,0.4933417632459558,0.15694758580786727,0.0,The identification of this mineral has been confirmed by single-crystal X-ray diffraction.,d:\dyt\raman\pigeonite\data\Aegirine__R070253__Raman__780__0__unoriented__Raman_Data_RAW__33957.csv
PARENT_0097,RRUFF database,visible_nir_supervised_reference,reference_qc_excluded,Pyroxene,Aegirine,manual_review_keep_in_metadata,high_cosmic_spike_or_discontinuity_fraction,463.4568397868976,15,0.9999999999999943,0.012676521047901863,0.14076246334310852,The identification of this mineral has been confirmed by single-crystal X-ray diffraction.,d:\dyt\raman\pigeonite\data\Aegirine__R120144__Raman__532__0__unoriented__Raman_Data_RAW__37198.csv
PARENT_0098,RRUFF database,visible_nir_supervised_reference,reference_qc_excluded,Pyroxene,Aegirine,manual_review_keep_in_metadata,high_cosmic_spike_or_discontinuity_fraction,332.68239887246426,11,0.9996583111658826,0.10383725050618078,0.093841642228739,The identification of this mineral has been confirmed by single-crystal X-ray diffraction.,d:\dyt\raman\pigeonite\data\Aegirine__R120144__Raman__780__0__unoriented__Raman_Data_RAW__37200.csv
PARENT_0099,RRUFF database,visible_nir_supervised_reference,reference_qc_excluded,Pyroxene,Aegirine,manual_review_keep_in_metadata,high_cosmic_spike_or_discontinuity_fraction,778.3933098095857,11,0.9999999999999998,0.010412351693179642,0.15151515151515152,The identification of this mineral has been confirmed only by single crystal X-ray diffraction.,d:\dyt\raman\pigeonite\data\Aegirine__R120167__Raman__532__0__unoriented__Raman_Data_RAW__37238.csv
PARENT_0100,RRUFF database,visible_nir_supervised_reference,reference_qc_excluded,Pyroxene,Aegirine,manual_review_keep_in_metadata,high_cosmic_spike_or_discontinuity_fraction,588.3247989775674,11,0.9999999999999986,0.06882982582887594,0.13196480938416422,The identification of this mineral has been confirmed only by single crystal X-ray diffraction.,d:\dyt\raman\pigeonite\data\Aegirine__R120167__Raman__780__0__unoriented__Raman_Data_RAW__37240.csv
PARENT_0101,RRUFF database,visible_nir_supervised_reference,reference_qc_excluded,Pyroxene,Clinoenstatite,manual_review_keep_in_metadata,rruff_identification_status_low_confidence,137.47519540507238,10,0.9999999999999943,0.06637257563886025,0.010752688172043012,The identification of this mineral has been determined only by Raman spectroscopy,d:\dyt\raman\pigeonite\data\Clinoenstatite__X050038__Raman__785__0__unoriented__Raman_Data_Processed__6466.csv
PARENT_0102,RRUFF database,visible_nir_supervised_reference,train,Pyroxene,Clinoenstatite,main_training_keep,passes_provenance_and_spectral_quality_checks,306.54163118300437,7,0.3063349097685418,0.5428607952533183,0.02346041055718475,The identification of this mineral is confirmed by single-crystal X-ray diffraction and chemical analysis.,d:\dyt\raman\pigeonite\data\Clinoenstatite__R070276__Raman__532__0__unoriented__Raman_Data_RAW__20377.csv
PARENT_0103,RRUFF database,visible_nir_supervised_reference,train,Pyroxene,Clinoenstatite,main_training_keep,passes_provenance_and_spectral_quality_checks,198.74546219710825,12,0.9999999999999997,0.4524005956525622,0.0,The identification of this mineral is confirmed by single-crystal X-ray diffraction and chemical analysis.,d:\dyt\raman\pigeonite\data\Clinoenstatite__R070276__Raman__785__0__unoriented__Raman_Data_RAW__20380.csv
PARENT_0104,RRUFF database,visible_nir_supervised_reference,train,Pyroxene,Clinoferrosilite,main_training_keep,passes_provenance_and_spectral_quality_checks,107.54988269342948,5,0.9999999999999845,0.7069337036243999,0.0,The identification of this mineral has been confirmed by single-crystal X-ray diffraction.,d:\dyt\raman\pigeonite\data\Clinoferrosilite__R141085__Raman__532__0__unoriented__Raman_Data_RAW__40006.csv
PARENT_0105,RRUFF database,visible_nir_supervised_reference,train,Pyroxene,Clinoferrosilite,main_training_keep,passes_provenance_and_spectral_quality_checks,706.1873898150702,4,0.8034343931746908,0.27623374733377876,0.044965786901270774,The identification of this mineral has been confirmed by single-crystal X-ray diffraction.,d:\dyt\raman\pigeonite\data\Clinoferrosilite__R141085__Raman__780__0__unoriented__Raman_Data_RAW__40004.csv
PARENT_0106,RRUFF database,visible_nir_supervised_reference,train,Pyroxene,Donpeacorite,main_training_keep,passes_provenance_and_spectral_quality_checks,166.1548655776093,11,0.9498133333498348,0.365526621128026,0.0,The identification of this mineral is confirmed by single-crystal X-ray diffraction and chemical analysis.,d:\dyt\raman\pigeonite\data\Donpeacorite__R060646__Raman__532__0__unoriented__Raman_Data_RAW__21790.csv
PARENT_0107,RRUFF database,visible_nir_supervised_reference,train,Pyroxene,Donpeacorite,main_training_keep,passes_provenance_and_spectral_quality_checks,293.72625070255793,2,0.1524313323062287,0.3568408958354272,0.0,The identification of this mineral is confirmed by single-crystal X-ray diffraction and chemical analysis.,d:\dyt\raman\pigeonite\data\Donpeacorite__R060646__Raman__785__0__unoriented__Raman_Data_RAW__21788.csv
PARENT_0108,RRUFF database,visible_nir_supervised_reference,train,Pyroxene,Esseneite,main_training_keep,passes_provenance_and_spectral_quality_checks,249.79151275495857,5,0.7198138333005655,0.06674816534072377,0.0,The identification of this mineral has been confirmed only by single crystal X-ray diffraction.,d:\dyt\raman\pigeonite\data\Esseneite__R061123__Raman__785__0__unoriented__Raman_Data_RAW__22259.csv
PARENT_0109,RRUFF database,visible_nir_supervised_reference,train,Pyroxene,Esseneite,main_training_keep,passes_provenance_and_spectral_quality_checks,171.74653988310757,4,0.643027069548513,0.1995222166929035,0.0,The identification of this mineral has been confirmed only by single crystal X-ray diffraction.,d:\dyt\raman\pigeonite\data\Esseneite__R061123__Raman__532__0__unoriented__Raman_Data_RAW__22257.csv
PARENT_0110,RRUFF database,visible_nir_supervised_reference,reference_qc_excluded,Pyroxene,Ferrosilite,manual_review_keep_in_metadata,rruff_identification_status_low_confidence,495.9287433233593,6,0.9999999999999998,0.008707005741831876,0.05083088954056696,The identification of this mineral is not yet confirmed.,d:\dyt\raman\pigeonite\data\Ferrosilite__X050187__Raman__514__0__unoriented__Raman_Data_RAW__6544.csv
PARENT_0111,RRUFF database,visible_nir_supervised_reference,val,Pyroxene,Ferrosilite,main_training_keep,passes_provenance_and_spectral_quality_checks,197.70280313670804,7,0.9999999999999999,0.006729682955916495,0.015640273704789834,The identification of this mineral is confirmed by single-crystal X-ray diffraction and chemical analysis.,d:\dyt\raman\pigeonite\data\Ferrosilite__R070386__Raman__532__0__unoriented__Raman_Data_RAW__22224.csv
PARENT_0112,RRUFF database,visible_nir_supervised_reference,val,Pyroxene,Ferrosilite,main_training_keep,passes_provenance_and_spectral_quality_checks,137.5444197821534,4,0.4766180950042902,0.25211805746148486,0.0,The identification of this mineral is confirmed by single-crystal X-ray diffraction and chemical analysis.,d:\dyt\raman\pigeonite\data\Ferrosilite__R070386__Raman__785__0__unoriented__Raman_Data_RAW__22226.csv
PARENT_0113,RRUFF database,visible_nir_supervised_reference,train,Pyroxene,Ferrosilite,main_training_keep,passes_provenance_and_spectral_quality_checks,168.9340817652265,8,0.9999999999999999,0.01767654627579191,0.011730205278592375,The identification of this mineral is confirmed by single-crystal X-ray diffraction and chemical analysis.,d:\dyt\raman\pigeonite\data\Ferrosilite__R070387__Raman__532__0__unoriented__Raman_Data_RAW__22236.csv
PARENT_0114,RRUFF database,visible_nir_supervised_reference,train,Pyroxene,Ferrosilite,main_training_keep,passes_provenance_and_spectral_quality_checks,196.00805782652023,7,0.8665987670947348,0.18247621968981698,0.0,The identification of this mineral is confirmed by single-crystal X-ray diffraction and chemical analysis.,d:\dyt\raman\pigeonite\data\Ferrosilite__R070387__Raman__785__0__unoriented__Raman_Data_RAW__22238.csv
PARENT_0115,RRUFF database,visible_nir_supervised_reference,train,Pyroxene,Jadeite,main_training_keep,passes_provenance_and_spectral_quality_checks,256.2772858754957,10,0.9306501216528981,0.15853604239133692,0.039100684261974585,The identification of this mineral has been confirmed by X-ray diffraction and chemical analysis,d:\dyt\raman\pigeonite\data\Jadeite__R050220__Raman__514__0__unoriented__Raman_Data_RAW__10617.csv
PARENT_0116,RRUFF database,visible_nir_supervised_reference,train,Pyroxene,Jadeite,main_training_keep,passes_provenance_and_spectral_quality_checks,482.0964344787708,7,0.8294669677762511,0.14215550215417014,0.039100684261974585,The identification of this mineral has been confirmed by X-ray diffraction and chemical analysis,d:\dyt\raman\pigeonite\data\Jadeite__R050220__Raman__780__0__unoriented__Raman_Data_RAW__28011.csv
PARENT_0117,RRUFF database,visible_nir_supervised_reference,train,Pyroxene,Jadeite,main_training_keep,passes_provenance_and_spectral_quality_checks,441.6741558052647,9,0.9999999999999987,0.030616958010112216,0.07038123167155426,The identification of this mineral has been confirmed by X-ray diffraction and chemical analysis,d:\dyt\raman\pigeonite\data\Jadeite__R050220__Raman__532__0__unoriented__Raman_Data_RAW__28013.csv
PARENT_0118,RRUFF database,visible_nir_supervised_reference,test,Pyroxene,Johannsenite,main_training_keep,passes_provenance_and_spectral_quality_checks,355.04814934138614,5,0.9999999999999978,0.4367552668085398,0.033235581622678395,The identification of this mineral is confirmed by single-crystal X-ray diffraction and chemical analysis.,d:\dyt\raman\pigeonite\data\Johannsenite__R140753__Raman__780__0__unoriented__Raman_Data_RAW__39149.csv
PARENT_0119,RRUFF database,visible_nir_supervised_reference,test,Pyroxene,Johannsenite,main_training_keep,passes_provenance_and_spectral_quality_checks,448.56242451264785,6,0.9999999999999991,0.1739692036146279,0.04594330400782014,The identification of this mineral is confirmed by single-crystal X-ray diffraction and chemical analysis.,d:\dyt\raman\pigeonite\data\Johannsenite__R140753__Raman__532__0__unoriented__Raman_Data_RAW__39147.csv
PARENT_0120,RRUFF database,visible_nir_supervised_reference,val,Pyroxene,Kanoite,main_training_keep,passes_provenance_and_spectral_quality_checks,490.8213185134684,4,0.4574252087648969,0.3954047883206679,0.02346041055718475,The identification of this mineral has been confirmed by X-ray diffraction and chemical analysis,d:\dyt\raman\pigeonite\data\Kanoite__R061134__Raman__532__0__unoriented__Raman_Data_RAW__16733.csv
PARENT_0121,RRUFF database,visible_nir_supervised_reference,val,Pyroxene,Kanoite,main_training_keep,passes_provenance_and_spectral_quality_checks,191.24372992147823,5,0.8680025295828133,0.16526941337546444,0.0039100684261974585,The identification of this mineral has been confirmed by X-ray diffraction and chemical analysis,d:\dyt\raman\pigeonite\data\Kanoite__R061134__Raman__785__0__unoriented__Raman_Data_RAW__16735.csv
PARENT_0122,RRUFF database,visible_nir_supervised_reference,reference_qc_excluded,Pyroxene,Kosmochlor,manual_review_keep_in_metadata,high_cosmic_spike_or_discontinuity_fraction,490.8664716342365,10,0.9549138148593302,0.054930346024333845,0.08993157380254155,The identification of this mineral is confirmed by single-crystal X-ray diffraction and chemical analysis.,d:\dyt\raman\pigeonite\data\Kosmochlor__R120015__Raman__532__0__unoriented__Raman_Data_RAW__36221.csv
PARENT_0123,RRUFF database,visible_nir_supervised_reference,reference_qc_excluded,Pyroxene,Kushiroite,manual_review_keep_in_metadata,rruff_identification_status_low_confidence,172.01487274179448,10,0.9999999999999971,0.10364793419945477,0.0,The identification of this mineral is not yet confirmed.,d:\dyt\raman\pigeonite\data\Kushiroite__R110134__Raman__532__0__unoriented__Raman_Data_RAW__35667.csv
PARENT_0124,RRUFF database,visible_nir_supervised_reference,reference_qc_excluded,Pyroxene,Kushiroite,manual_review_keep_in_metadata,rruff_identification_status_low_confidence,213.64281920690843,6,0.9014046127269969,0.5439592842507239,0.0,The identification of this mineral is not yet confirmed.,d:\dyt\raman\pigeonite\data\Kushiroite__R110134__Raman__780__0__unoriented__Raman_Data_RAW__35669.csv
PARENT_0125,RRUFF database,visible_nir_supervised_reference,train,Pyroxene,Omphacite,main_training_keep,passes_provenance_and_spectral_quality_checks,426.7228536838103,6,1.0,0.0619316893461907,0.028347996089931573,The identification of this mineral is confirmed by single-crystal X-ray diffraction and chemical analysis.,d:\dyt\raman\pigeonite\data\Omphacite__R061129__Raman__532__0__unoriented__Raman_Data_RAW__16699.csv
PARENT_0126,RRUFF database,visible_nir_supervised_reference,train,Pyroxene,Omphacite,main_training_keep,passes_provenance_and_spectral_quality_checks,189.93477894324073,6,0.9862503299771047,0.0380215518595475,0.015640273704789834,The identification of this mineral is confirmed by single-crystal X-ray diffraction and chemical analysis.,d:\dyt\raman\pigeonite\data\Omphacite__R061129__Raman__785__0__unoriented__Raman_Data_RAW__16701.csv
PARENT_0127,RRUFF database,visible_nir_supervised_reference,test,Pyroxene,Omphacite,main_training_keep,passes_provenance_and_spectral_quality_checks,339.10736028537326,8,0.9999999999999996,0.08690644890414824,0.02541544477028348,The identification of this mineral has been confirmed only by single crystal X-ray diffraction.,d:\dyt\raman\pigeonite\data\Omphacite__R110038__Raman__532__0__unoriented__Raman_Data_RAW__35350.csv
PARENT_0128,RRUFF database,visible_nir_supervised_reference,test,Pyroxene,Omphacite,main_training_keep,passes_provenance_and_spectral_quality_checks,324.9972195098493,4,0.316316002049573,0.28579122612754604,0.0009775171065493646,The identification of this mineral has been confirmed only by single crystal X-ray diffraction.,d:\dyt\raman\pigeonite\data\Omphacite__R110038__Raman__780__0__unoriented__Raman_Data_RAW__35352.csv
PARENT_0129,RRUFF database,visible_nir_supervised_reference,val,Pyroxene,Petedunnite,main_training_keep,passes_provenance_and_spectral_quality_checks,834.2905548303869,4,0.11723953526109965,0.3525688211561677,0.0,The identification of this mineral is confirmed by single-crystal X-ray diffraction and chemical analysis.,d:\dyt\raman\pigeonite\data\Petedunnite__R070207__Raman__532__0__unoriented__Raman_Data_RAW__19336.csv
PARENT_0130,RRUFF database,visible_nir_supervised_reference,val,Pyroxene,Petedunnite,main_training_keep,passes_provenance_and_spectral_quality_checks,100.50283977973942,7,0.9999999999999992,0.5022216442975939,0.0,The identification of this mineral is confirmed by single-crystal X-ray diffraction and chemical analysis.,d:\dyt\raman\pigeonite\data\Petedunnite__R070207__Raman__785__0__unoriented__Raman_Data_RAW__19338.csv
PARENT_0131,RRUFF database,visible_nir_supervised_reference,test,Pyroxene,Spodumene,main_training_keep,passes_provenance_and_spectral_quality_checks,440.50280421339585,7,0.49864829550826567,0.19298710671631483,0.011730205278592375,The identification of this mineral has been confirmed by X-ray diffraction and chemical analysis,d:\dyt\raman\pigeonite\data\Spodumene__R040050__Raman__514__0__unoriented__Raman_Data_RAW__9345.csv
PARENT_0132,RRUFF database,visible_nir_supervised_reference,reference_qc_excluded,Pyroxene,Spodumene,manual_review_keep_in_metadata,high_cosmic_spike_or_discontinuity_fraction,623.3984933492616,9,0.9982571893951495,0.016537967463273143,0.10850439882697947,The identification of this mineral has been confirmed by X-ray diffraction and chemical analysis,d:\dyt\raman\pigeonite\data\Spodumene__R040050__Raman__780__0__unoriented__Raman_Data_RAW__26644.csv
PARENT_0133,RRUFF database,visible_nir_supervised_reference,test,Pyroxene,Spodumene,main_training_keep,passes_provenance_and_spectral_quality_checks,1093.5292524564984,2,0.12671741025051947,0.4398260877363576,0.0,The identification of this mineral has been confirmed by X-ray diffraction and chemical analysis,d:\dyt\raman\pigeonite\data\Spodumene__R040050__Raman__532__0__unoriented__Raman_Data_RAW__26646.csv
PARENT_0134,RRUFF database,visible_nir_supervised_reference,reference_qc_excluded,Pyroxene,Spodumene,manual_review_keep_in_metadata,high_cosmic_spike_or_discontinuity_fraction,884.092551778488,14,0.9999999999999994,0.0002748805343892659,0.2130987292277615,The identification of this mineral has been determined only by Raman spectroscopy,d:\dyt\raman\pigeonite\data\Spodumene__X050152__Raman__785__0__unoriented__Raman_Data_Processed__6601.csv
PARENT_0135,RRUFF database,visible_nir_supervised_reference,reference_qc_excluded,Pyroxene,Spodumene,manual_review_keep_in_metadata,high_cosmic_spike_or_discontinuity_fraction,1386.1879836927014,12,0.9999999999999993,0.00010565511618205109,0.22189638318670576,The identification of this mineral has been determined only by Raman spectroscopy,d:\dyt\raman\pigeonite\data\Spodumene__X050153.4__Raman__785__0__unoriented__Raman_Data_Processed__6669.csv
PARENT_0136,RRUFF database,visible_nir_supervised_reference,reference_qc_excluded,Pyroxene,Spodumene,manual_review_keep_in_metadata,high_cosmic_spike_or_discontinuity_fraction,614.5292308920071,14,0.9999999999999997,0.0019874705395008757,0.1798631476050831,The identification of this mineral has been determined only by Raman spectroscopy,d:\dyt\raman\pigeonite\data\Spodumene__X050154__Raman__785__0__unoriented__Raman_Data_Processed__6670.csv
PARENT_0137,RRUFF database,visible_nir_supervised_reference,reference_qc_excluded,Pyroxene,Spodumene,manual_review_keep_in_metadata,high_cosmic_spike_or_discontinuity_fraction,469.89028476638623,11,0.9999999999999963,0.005900360784775809,0.10557184750733138,The identification of this mineral has been confirmed by X-ray diffraction and chemical analysis,d:\dyt\raman\pigeonite\data\Spodumene__X050155.4__Raman__785__0__unoriented__Raman_Data_Processed__6672.csv
PARENT_0138,RRUFF database,visible_nir_supervised_reference,reference_qc_excluded,Pyroxene,Spodumene,manual_review_keep_in_metadata,high_cosmic_spike_or_discontinuity_fraction,796.8037381172721,12,0.9999999999999971,0.00030754248445196845,0.14271749755620725,The identification of this mineral has been confirmed by X-ray diffraction and chemical analysis,d:\dyt\raman\pigeonite\data\Spodumene__X050155.3__Raman__785__0__unoriented__Raman_Data_Processed__6671.csv
PARENT_0139,RRUFF database,visible_nir_supervised_reference,train,Pyroxene,Spodumene,main_training_keep,passes_provenance_and_spectral_quality_checks,495.3388646837565,5,0.21369557014433782,0.2712977625278855,0.0009775171065493646,The identification of this mineral has been confirmed by X-ray diffraction and chemical analysis,d:\dyt\raman\pigeonite\data\Spodumene__R050252__Raman__514__0__unoriented__Raman_Data_RAW__10661.csv
PARENT_0140,RRUFF database,visible_nir_supervised_reference,train,Pyroxene,Spodumene,main_training_keep,passes_provenance_and_spectral_quality_checks,240.5188464388107,11,0.9999999999999982,0.10310680671387962,0.028347996089931573,The identification of this mineral has been confirmed by X-ray diffraction and chemical analysis,d:\dyt\raman\pigeonite\data\Spodumene__R050252__Raman__780__0__unoriented__Raman_Data_RAW__28167.csv
PARENT_0141,RRUFF database,visible_nir_supervised_reference,train,Pyroxene,Spodumene,main_training_keep,passes_provenance_and_spectral_quality_checks,2300.2493561449037,2,0.13940134386850866,0.42678855908738295,0.0,The identification of this mineral has been confirmed by X-ray diffraction and chemical analysis,d:\dyt\raman\pigeonite\data\Spodumene__R050252__Raman__532__0__unoriented__Raman_Data_RAW__28169.csv
PARENT_0142,RRUFF database,visible_nir_supervised_reference,test,Pyroxene,Spodumene,main_training_keep,passes_provenance_and_spectral_quality_checks,1014.3033613980209,2,0.11785288652192642,0.30091483738925323,0.0,The identification of this mineral has been confirmed by X-ray diffraction and chemical analysis,d:\dyt\raman\pigeonite\data\Spodumene__R060039__Raman__532__0__unoriented__Raman_Data_RAW__26872.csv
PARENT_0143,RRUFF database,visible_nir_supervised_reference,test,Pyroxene,Spodumene,main_training_keep,passes_provenance_and_spectral_quality_checks,449.8385574607226,9,0.7813426435909725,0.1763960007868825,0.03225806451612903,The identification of this mineral has been confirmed by X-ray diffraction and chemical analysis,d:\dyt\raman\pigeonite\data\Spodumene__R060039__Raman__780__0__unoriented__Raman_Data_RAW__26874.csv
PARENT_0623,RRUFF database,visible_nir_supervised_reference,train,Serpentine,Antigorite,main_training_keep,passes_provenance_and_spectral_quality_checks,714.0005775240037,4,0.24161619081418095,0.4129791079578757,0.0016799664006719867,The identification of this mineral has been confirmed by X-ray diffraction and chemical analysis,d:\dyt\raman\pigeonite\augmented_tongyi_physics4\Antigorite__R070228__Raman__532__0__unoriented__Raman_Data_RAW__20103.csv
PARENT_0624,RRUFF database,visible_nir_supervised_reference,train,Serpentine,Antigorite,main_training_keep,passes_provenance_and_spectral_quality_checks,290.0287082059406,5,0.9999999999999997,0.10495216473521653,0.0009111617312072893,The identification of this mineral has been confirmed by X-ray diffraction and chemical analysis,d:\dyt\raman\pigeonite\augmented_tongyi_physics4\Antigorite__R070228__Raman__785__0__unoriented__Raman_Data_RAW__20105.csv
PARENT_0633,RRUFF database,visible_nir_supervised_reference,reference_qc_excluded,Serpentine,Chrysotile,manual_review_keep_in_metadata,rruff_identification_status_low_confidence,967.4999984083388,3,0.22898321621753437,0.30948235497367704,0.0012458471760797341,The identification of this mineral is not yet confirmed.,d:\dyt\raman\pigeonite\augmented_tongyi_physics4\Chrysotile__R070088__Raman__532__0__unoriented__Raman_Data_RAW__17431.csv
PARENT_0634,RRUFF database,visible_nir_supervised_reference,reference_qc_excluded,Serpentine,Chrysotile,manual_review_keep_in_metadata,rruff_identification_status_low_confidence,718.3274722746891,8,0.9999999999999998,0.08643536268970209,0.040798980025499365,The identification of this mineral is not yet confirmed.,d:\dyt\raman\pigeonite\augmented_tongyi_physics4\Chrysotile__R070088__Raman__785__0__unoriented__Raman_Data_RAW__15057.csv
PARENT_0635,RRUFF database,visible_nir_supervised_reference,reference_qc_excluded,Serpentine,Chrysotile,manual_review_keep_in_metadata,rruff_identification_status_low_confidence,1162.4257554800636,3,0.32462520506272485,0.2893408468498061,0.004979253112033195,The identification of this mineral is not yet confirmed.,d:\dyt\raman\pigeonite\augmented_tongyi_physics4\Chrysotile__R070355__Raman__532__0__unoriented__Raman_Data_RAW__21589.csv
PARENT_0636,RRUFF database,visible_nir_supervised_reference,reference_qc_excluded,Serpentine,Chrysotile,manual_review_keep_in_metadata,rruff_identification_status_low_confidence,470.39156503823125,7,0.9999999999999998,0.21856326410265342,0.0,The identification of this mineral is not yet confirmed.,d:\dyt\raman\pigeonite\augmented_tongyi_physics4\Chrysotile__R070355__Raman__785__0__unoriented__Raman_Data_RAW__21587.csv
PARENT_0673,RRUFF database,visible_nir_supervised_reference,train,Serpentine,Lizardite,main_training_keep,passes_provenance_and_spectral_quality_checks,1555.7869781027023,1,0.054456657980469135,0.30740077928392034,0.0,The identification of this mineral has been confirmed by X-ray diffraction and chemical analysis,d:\dyt\raman\pigeonite\augmented_tongyi_physics4\Lizardite__R060006__Raman__532__0__unoriented__Raman_Data_RAW__26462.csv
PARENT_0674,RRUFF database,visible_nir_supervised_reference,train,Serpentine,Lizardite,main_training_keep,passes_provenance_and_spectral_quality_checks,2504.87615558929,5,0.3859230493468123,0.36505322454077366,0.029771615008156605,The identification of this mineral has been confirmed by X-ray diffraction and chemical analysis,d:\dyt\raman\pigeonite\augmented_tongyi_physics4\Lizardite__R060006__Raman__780__0__unoriented__Raman_Data_RAW__26464.csv
PARENT_0519,RRUFF database,visible_nir_supervised_reference,train,Silica Phase,Quartz,main_training_keep,passes_provenance_and_spectral_quality_checks,315.9612170514264,3,1.0,0.16458758999617176,0.03894927536231884,The identification of this mineral has been confirmed by X-ray diffraction and chemical analysis,d:\dyt\raman\pigeonite\augmented_tongyi_physics4\Quartz__R040031__Raman__514__0__unoriented__Raman_Data_RAW__9311.csv
PARENT_0520,RRUFF database,visible_nir_supervised_reference,reference_qc_excluded,Silica Phase,Quartz,manual_review_keep_in_metadata,high_cosmic_spike_or_discontinuity_fraction,2095.7441766704,5,0.9999999999999996,0.015997344436601967,0.10589700996677741,The identification of this mineral has been confirmed by X-ray diffraction and chemical analysis,d:\dyt\raman\pigeonite\augmented_tongyi_physics4\Quartz__R040031__Raman__780__0__unoriented__Raman_Data_RAW__26340.csv
PARENT_0521,RRUFF database,visible_nir_supervised_reference,reference_qc_excluded,Silica Phase,Quartz,manual_review_keep_in_metadata,high_cosmic_spike_or_discontinuity_fraction,2790.3741213754083,4,0.9999999999999998,0.0022883326458469425,0.1090610906109061,The identification of this mineral has been confirmed by X-ray diffraction and chemical analysis,d:\dyt\raman\pigeonite\augmented_tongyi_physics4\Quartz__R040031__Raman__532__0__unoriented__Raman_Data_RAW__26342.csv
PARENT_0522,RRUFF database,visible_nir_supervised_reference,train,Silica Phase,Quartz,main_training_keep,passes_provenance_and_spectral_quality_checks,180.4901875946771,3,1.0,0.4294884113112917,0.01904761904761905,The identification of this mineral has been confirmed by X-ray diffraction and chemical analysis,d:\dyt\raman\pigeonite\augmented_tongyi_physics4\Quartz__R050125__Raman__514__0__unoriented__Raman_Data_RAW__10121.csv
PARENT_0523,RRUFF database,visible_nir_supervised_reference,reference_qc_excluded,Silica Phase,Quartz,manual_review_keep_in_metadata,high_cosmic_spike_or_discontinuity_fraction,4096.4799961968465,5,0.9999999999999997,0.004845496450821452,0.12420382165605096,The identification of this mineral has been confirmed by X-ray diffraction and chemical analysis,d:\dyt\raman\pigeonite\augmented_tongyi_physics4\Quartz__R050125__Raman__532__0__unoriented__Raman_Data_RAW__31946.csv
PARENT_0524,RRUFF database,visible_nir_supervised_reference,reference_qc_excluded,Silica Phase,Quartz,manual_review_keep_in_metadata,high_cosmic_spike_or_discontinuity_fraction,2499.4894975997913,4,0.9999999999999991,0.018733214839240783,0.10549717057396928,The identification of this mineral has been confirmed by X-ray diffraction and chemical analysis,d:\dyt\raman\pigeonite\augmented_tongyi_physics4\Quartz__R050125__Raman__780__0__unoriented__Raman_Data_RAW__31944.csv
PARENT_0525,RRUFF database,visible_nir_supervised_reference,reference_qc_excluded,Silica Phase,Quartz,manual_review_keep_in_metadata,high_cosmic_spike_or_discontinuity_fraction,2777.662541560773,4,0.9999999999999996,0.012696981799122457,0.10429936305732485,The identification of this mineral has been confirmed by X-ray diffraction and chemical analysis,d:\dyt\raman\pigeonite\augmented_tongyi_physics4\Quartz__R060604__Raman__532__0__unoriented__Raman_Data_RAW__31948.csv
PARENT_0526,RRUFF database,visible_nir_supervised_reference,reference_qc_excluded,Silica Phase,Quartz,manual_review_keep_in_metadata,high_cosmic_spike_or_discontinuity_fraction,2209.721654531866,4,0.999403249796877,0.013377020173255467,0.103071948261924,The identification of this mineral has been confirmed by X-ray diffraction and chemical analysis,d:\dyt\raman\pigeonite\augmented_tongyi_physics4\Quartz__R060604__Raman__780__0__unoriented__Raman_Data_RAW__31950.csv
PARENT_0527,RRUFF database,visible_nir_supervised_reference,reference_qc_excluded,Silica Phase,Quartz,manual_review_keep_in_metadata,high_cosmic_spike_or_discontinuity_fraction,3461.295608543025,4,0.9999999999999998,0.009988176569312125,0.12022292993630573,The identification of this mineral has been determined only by Raman spectroscopy,d:\dyt\raman\pigeonite\augmented_tongyi_physics4\Quartz__X080015__Raman__532__0__unoriented__Raman_Data_RAW__31561.csv
PARENT_0528,RRUFF database,visible_nir_supervised_reference,reference_qc_excluded,Silica Phase,Quartz,manual_review_keep_in_metadata,high_cosmic_spike_or_discontinuity_fraction,2786.5669576504574,4,0.9993767128814158,0.010331181699304443,0.11200970481196927,The identification of this mineral has been determined only by Raman spectroscopy,d:\dyt\raman\pigeonite\augmented_tongyi_physics4\Quartz__X080015__Raman__780__0__unoriented__Raman_Data_RAW__31559.csv
PARENT_0529,RRUFF database,visible_nir_supervised_reference,reference_qc_excluded,Silica Phase,Quartz,manual_review_keep_in_metadata,high_cosmic_spike_or_discontinuity_fraction,4953.331472473165,3,0.9999999999999999,0.004912919339937312,0.14484679665738162,The identification of this mineral has been determined only by Raman spectroscopy,d:\dyt\raman\pigeonite\augmented_tongyi_physics4\Quartz__X080016__Raman__532__0__unoriented__Raman_Data_RAW__31554.csv
PARENT_0530,RRUFF database,visible_nir_supervised_reference,reference_qc_excluded,Silica Phase,Quartz,manual_review_keep_in_metadata,high_cosmic_spike_or_discontinuity_fraction,3301.2697425920696,4,0.9999999999999998,0.01051329473122449,0.11039223615042458,The identification of this mineral has been determined only by Raman spectroscopy,d:\dyt\raman\pigeonite\augmented_tongyi_physics4\Quartz__X080016__Raman__780__0__unoriented__Raman_Data_RAW__31557.csv
PARENT_0531,RRUFF database,visible_nir_supervised_reference,train,Silica Phase,Quartz,main_training_keep,passes_provenance_and_spectral_quality_checks,2426.405373950944,3,0.9999999999999999,0.44576992832059253,0.07330677290836653,The identification of this mineral has been confirmed by single-crystal X-ray diffraction.,d:\dyt\raman\pigeonite\augmented_tongyi_physics4\Quartz__R100134__Raman__532__0__unoriented__Raman_Data_RAW__34501.csv
PARENT_0532,RRUFF database,visible_nir_supervised_reference,reference_qc_excluded,Silica Phase,Quartz,manual_review_keep_in_metadata,high_cosmic_spike_or_discontinuity_fraction,1799.9999376637998,6,0.9999999999999998,0.06106572127217775,0.10428455941794665,The identification of this mineral has been confirmed by single-crystal X-ray diffraction.,d:\dyt\raman\pigeonite\augmented_tongyi_physics4\Quartz__R100134__Raman__780__0__unoriented__Raman_Data_RAW__34503.csv
PARENT_0533,RRUFF database,visible_nir_supervised_reference,reference_qc_excluded,Silica Phase,Quartz,manual_review_keep_in_metadata,high_cosmic_spike_or_discontinuity_fraction,3223.7586518215476,4,0.9995935379564278,0.02225218306312227,0.11681487469684722,The identification of this mineral has been confirmed by single-crystal X-ray diffraction.,d:\dyt\raman\pigeonite\augmented_tongyi_physics4\Quartz__R110104__Raman__780__0__unoriented__Raman_Data_RAW__36246.csv
PARENT_0534,RRUFF database,visible_nir_supervised_reference,reference_qc_excluded,Silica Phase,Quartz,manual_review_keep_in_metadata,high_cosmic_spike_or_discontinuity_fraction,2196.375577566377,5,0.9999999999999997,0.07186048527436038,0.08794269797055312,The identification of this mineral has been confirmed by single-crystal X-ray diffraction.,d:\dyt\raman\pigeonite\augmented_tongyi_physics4\Quartz__R110104__Raman__532__0__unoriented__Raman_Data_RAW__36249.csv
PARENT_0535,RRUFF database,visible_nir_supervised_reference,reference_qc_excluded,Silica Phase,Quartz,manual_review_keep_in_metadata,high_cosmic_spike_or_discontinuity_fraction,4338.942467095277,4,0.9999999999999998,0.01559677386791874,0.13864187550525464,The identification of this mineral has been confirmed by single-crystal X-ray diffraction.,d:\dyt\raman\pigeonite\augmented_tongyi_physics4\Quartz__R110108__Raman__780__0__unoriented__Raman_Data_RAW__36254.csv
PARENT_0536,RRUFF database,visible_nir_supervised_reference,reference_qc_excluded,Silica Phase,Quartz,manual_review_keep_in_metadata,high_cosmic_spike_or_discontinuity_fraction,2485.936567023109,6,0.9999999999999998,0.30903029236992874,0.10390127388535032,The identification of this mineral has been confirmed by single-crystal X-ray diffraction.,d:\dyt\raman\pigeonite\augmented_tongyi_physics4\Quartz__R110108__Raman__532__0__unoriented__Raman_Data_RAW__36256.csv
PARENT_0537,RRUFF database,visible_nir_supervised_reference,reference_qc_excluded,Silica Phase,Quartz,manual_review_keep_in_metadata,high_cosmic_spike_or_discontinuity_fraction,2885.795759501705,5,1.0,0.02052032926454039,0.1285828025477707,The identification of this mineral has been determined only by Raman spectroscopy,d:\dyt\raman\pigeonite\augmented_tongyi_physics4\Quartz__R150074__Raman__532__0__unoriented__Raman_Data_RAW__38602.csv
PARENT_0538,RRUFF database,visible_nir_supervised_reference,reference_qc_excluded,Silica Phase,Quartz,manual_review_keep_in_metadata,high_cosmic_spike_or_discontinuity_fraction,3996.600234347279,4,0.9984633035849892,0.024583858601881982,0.15117219078415522,The identification of this mineral has been determined only by Raman spectroscopy,d:\dyt\raman\pigeonite\augmented_tongyi_physics4\Quartz__R150074__Raman__780__0__unoriented__Raman_Data_RAW__38604.csv
PARENT_0539,RRUFF database,visible_nir_supervised_reference,reference_qc_excluded,Silica Phase,Quartz,manual_review_keep_in_metadata,rruff_identification_status_low_confidence,1514.2613174611336,3,0.9999999999999999,0.16987791032506072,0.0653126244524094,The identification of this mineral has been determined only by Raman spectroscopy,d:\dyt\raman\pigeonite\augmented_tongyi_physics4\Quartz__R150091__Raman__532__0__unoriented__Raman_Data_RAW__39167.csv
PARENT_0540,RRUFF database,visible_nir_supervised_reference,reference_qc_excluded,Silica Phase,Quartz,manual_review_keep_in_metadata,high_cosmic_spike_or_discontinuity_fraction,1692.6945141666977,5,0.9975142077575804,0.03649002396903142,0.08043654001616815,The identification of this mineral has been determined only by Raman spectroscopy,d:\dyt\raman\pigeonite\augmented_tongyi_physics4\Quartz__R150091__Raman__780__0__unoriented__Raman_Data_RAW__39171.csv
PARENT_0541,RRUFF database,visible_nir_supervised_reference,train,Silica Phase,Opal,main_training_keep,passes_provenance_and_spectral_quality_checks,230.88838795558988,5,0.9999999999999997,0.47090501300974436,0.0,The identification of this mineral has been confirmed by X-ray diffraction and chemical analysis,d:\dyt\raman\pigeonite\augmented_tongyi_physics4\Opal__R060652__Raman__532__0__unoriented__Raman_Data_RAW__10421.csv
PARENT_0542,RRUFF database,visible_nir_supervised_reference,train,Silica Phase,Opal,main_training_keep,passes_provenance_and_spectral_quality_checks,1926.0821944480938,2,0.23149908868221442,0.08669846989843925,0.013333333333333334,The identification of this mineral has been confirmed by X-ray diffraction and chemical analysis,d:\dyt\raman\pigeonite\augmented_tongyi_physics4\Opal__R060652__Raman__780__0__unoriented__Raman_Data_RAW__38598.csv
PARENT_0543,RRUFF database,visible_nir_supervised_reference,train,Silica Phase,Opal,main_training_keep,passes_provenance_and_spectral_quality_checks,433.4598775716933,3,0.9999999999999998,0.31424203007188234,0.0,The identification of this mineral has been confirmed by X-ray diffraction and chemical analysis,d:\dyt\raman\pigeonite\augmented_tongyi_physics4\Opal__R060653__Raman__532__0__unoriented__Raman_Data_RAW__10439.csv
PARENT_0544,RRUFF database,visible_nir_supervised_reference,train,Silica Phase,Opal,main_training_keep,passes_provenance_and_spectral_quality_checks,2074.091915803756,1,0.15976804587922203,0.17473515926663843,0.01494949494949495,The identification of this mineral has been confirmed by X-ray diffraction and chemical analysis,d:\dyt\raman\pigeonite\augmented_tongyi_physics4\Opal__R060653__Raman__780__0__unoriented__Raman_Data_RAW__38600.csv
PARENT_0545,RRUFF database,visible_nir_supervised_reference,val,Silica Phase,Opal,main_training_keep,passes_provenance_and_spectral_quality_checks,449.6118008254903,4,0.9999999999999999,0.32633718465350364,0.0,The identification of this mineral has been confirmed by X-ray diffraction and chemical analysis,d:\dyt\raman\pigeonite\augmented_tongyi_physics4\Opal__R060651__Raman__532__0__unoriented__Raman_Data_RAW__10431.csv
PARENT_0546,RRUFF database,visible_nir_supervised_reference,val,Silica Phase,Opal,main_training_keep,passes_provenance_and_spectral_quality_checks,1905.8564781068096,2,0.4172682681112394,0.20625656609733442,0.011717171717171718,The identification of this mineral has been confirmed by X-ray diffraction and chemical analysis,d:\dyt\raman\pigeonite\augmented_tongyi_physics4\Opal__R060651__Raman__780__0__unoriented__Raman_Data_RAW__38596.csv
PARENT_0547,RRUFF database,visible_nir_supervised_reference,test,Silica Phase,Opal,main_training_keep,passes_provenance_and_spectral_quality_checks,411.33321108982125,5,0.9999999999999999,0.16493935368131843,0.0,The identification of this mineral has been confirmed by X-ray diffraction and chemical analysis,d:\dyt\raman\pigeonite\augmented_tongyi_physics4\Opal__R060650__Raman__532__0__unoriented__Raman_Data_RAW__10435.csv
PARENT_0548,RRUFF database,visible_nir_supervised_reference,test,Silica Phase,Opal,main_training_keep,passes_provenance_and_spectral_quality_checks,1960.5984706263205,2,0.3353787233010057,0.2513978263045622,0.011313131313131313,The identification of this mineral has been confirmed by X-ray diffraction and chemical analysis,d:\dyt\raman\pigeonite\augmented_tongyi_physics4\Opal__R060650__Raman__780__0__unoriented__Raman_Data_RAW__38594.csv
PARENT_0549,RRUFF database,visible_nir_supervised_reference,reference_qc_excluded,Silica Phase,Opal,manual_review_keep_in_metadata,rruff_identification_status_low_confidence,254.72558149481088,5,0.42448261210337757,0.5025744576070758,0.0012652889076339097,The identification of this mineral has been determined only by Raman spectroscopy,d:\dyt\raman\pigeonite\augmented_tongyi_physics4\Opal__X070002__Raman__532__0__unoriented__Raman_Data_RAW__20592.csv
PARENT_0550,RRUFF database,visible_nir_supervised_reference,reference_qc_excluded,Silica Phase,Opal,manual_review_keep_in_metadata,rruff_identification_status_low_confidence,303.19543647876293,8,0.9999999999999996,0.035940074877923084,0.008849557522123894,The identification of this mineral has been determined only by Raman spectroscopy,d:\dyt\raman\pigeonite\augmented_tongyi_physics4\Opal__X070002__Raman__785__0__unoriented__Raman_Data_RAW__20594.csv
PARENT_0551,RRUFF database,visible_nir_supervised_reference,reference_qc_excluded,Silica Phase,Opal,manual_review_keep_in_metadata,rruff_identification_status_low_confidence,516.0294208774324,16,0.9999999999999982,0.4689003653335269,0.0,The identification of this mineral is not yet confirmed.,d:\dyt\raman\pigeonite\augmented_tongyi_physics4\Opal__X070003__Raman__785__0__unoriented__Raman_Data_RAW__20598.csv
PARENT_0552,RRUFF database,visible_nir_supervised_reference,reference_qc_excluded,Silica Phase,Opal,manual_review_keep_in_metadata,rruff_identification_status_low_confidence,383.2516056014327,5,0.9869291691403784,0.22199197704977225,0.0,The identification of this mineral is not yet confirmed.,d:\dyt\raman\pigeonite\augmented_tongyi_physics4\Opal__X070003__Raman__532__0__unoriented__Raman_Data_RAW__20596.csv
PARENT_0553,RRUFF database,visible_nir_supervised_reference,reference_qc_excluded,Silica Phase,Opal,manual_review_keep_in_metadata,rruff_identification_status_low_confidence,577.7541611364446,5,0.9999999999999999,0.16432779380058776,0.00414765657403567,The identification of this mineral is not yet confirmed.,d:\dyt\raman\pigeonite\augmented_tongyi_physics4\Opal__R070627__Raman__532__0__unoriented__Raman_Data_RAW__23477.csv
PARENT_0554,RRUFF database,visible_nir_supervised_reference,reference_qc_excluded,Silica Phase,Opal,manual_review_keep_in_metadata,rruff_identification_status_low_confidence,949.9533864440108,4,0.6906976370261859,0.12850312239123188,0.026251025430680888,The identification of this mineral is not yet confirmed.,d:\dyt\raman\pigeonite\augmented_tongyi_physics4\Opal__R070627__Raman__780__0__unoriented__Raman_Data_RAW__23479.csv
PARENT_0555,RRUFF database,visible_nir_supervised_reference,reference_qc_excluded,Silica Phase,Opal,manual_review_keep_in_metadata,rruff_identification_status_low_confidence,559.6110226193042,8,0.9999999999999964,0.09715614362358577,0.0,The identification of this mineral has been determined only by Raman spectroscopy,d:\dyt\raman\pigeonite\augmented_tongyi_physics4\Opal__X080017__Raman__532__0__unoriented__Raman_Data_RAW__31579.csv
PARENT_0556,RRUFF database,visible_nir_supervised_reference,reference_qc_excluded,Silica Phase,Opal,manual_review_keep_in_metadata,rruff_identification_status_low_confidence,2410.7239288486917,1,0.2762254215574915,0.29616588002314936,0.003234937323089365,The identification of this mineral has been determined only by Raman spectroscopy,d:\dyt\raman\pigeonite\augmented_tongyi_physics4\Opal__X080017__Raman__780__0__unoriented__Raman_Data_RAW__31583.csv
PARENT_0557,RRUFF database,visible_nir_supervised_reference,reference_qc_excluded,Silica Phase,Opal,manual_review_keep_in_metadata,rruff_identification_status_low_confidence,1850.255132355232,3,0.9999999999999999,0.3061177517951422,0.03422204536410665,The identification of this mineral is not yet confirmed.,d:\dyt\raman\pigeonite\augmented_tongyi_physics4\Opal__X080018__Raman__532__0__unoriented__Raman_Data_RAW__31577.csv
PARENT_0558,RRUFF database,visible_nir_supervised_reference,reference_qc_excluded,Silica Phase,Opal,manual_review_keep_in_metadata,rruff_identification_status_low_confidence,3020.117477106443,5,0.4098960382294947,0.003226489275776819,0.0715729882733522,The identification of this mineral is not yet confirmed.,d:\dyt\raman\pigeonite\augmented_tongyi_physics4\Opal__X080018__Raman__780__0__unoriented__Raman_Data_RAW__31575.csv
PARENT_0559,RRUFF database,visible_nir_supervised_reference,reference_qc_excluded,Silica Phase,Opal,manual_review_keep_in_metadata,rruff_identification_status_low_confidence,176.92375485756682,12,0.9999999999999915,0.2900661506840057,0.0,The identification of this mineral is not yet confirmed.,d:\dyt\raman\pigeonite\augmented_tongyi_physics4\Opal__R100149__Raman__532__0__unoriented__Raman_Data_RAW__34597.csv
PARENT_0560,RRUFF database,visible_nir_supervised_reference,reference_qc_excluded,Silica Phase,Opal,manual_review_keep_in_metadata,rruff_identification_status_low_confidence,232.08603570274138,5,0.7121033002083152,0.4204527224001855,0.0,The identification of this mineral is not yet confirmed.,d:\dyt\raman\pigeonite\augmented_tongyi_physics4\Opal__R100149__Raman__780__0__unoriented__Raman_Data_RAW__34599.csv
PARENT_0561,RRUFF database,visible_nir_supervised_reference,reference_qc_excluded,Silica Phase,Opal,manual_review_keep_in_metadata,rruff_identification_status_low_confidence,899.1818967851569,5,0.5519038306620407,0.15097051523637142,0.002542372881355932,The identification of this mineral is not yet confirmed.,d:\dyt\raman\pigeonite\augmented_tongyi_physics4\Opal__R110107__Raman__532__0__unoriented__Raman_Data_RAW__35741.csv
PARENT_0562,RRUFF database,visible_nir_supervised_reference,reference_qc_excluded,Silica Phase,Opal,manual_review_keep_in_metadata,rruff_identification_status_low_confidence,963.4890206843755,2,0.0876920761992317,0.14185472848939912,0.0,The identification of this mineral is not yet confirmed.,d:\dyt\raman\pigeonite\augmented_tongyi_physics4\Opal__R110107__Raman__780__0__unoriented__Raman_Data_RAW__35743.csv
PARENT_0304,RRUFF database,visible_nir_supervised_reference,train,Sulfate,Gypsum,main_training_keep,passes_provenance_and_spectral_quality_checks,220.72092304503147,4,1.0,0.2111211091632993,0.022492970946579195,The identification of this mineral has been confirmed by X-ray diffraction.,d:\dyt\raman\pigeonite\augmented_tongyi_physics4\Gypsum__R040029__Raman__514__0__unoriented__Raman_Data_RAW__9307.csv
PARENT_0305,RRUFF database,visible_nir_supervised_reference,train,Sulfate,Gypsum,main_training_keep,passes_provenance_and_spectral_quality_checks,650.1402550548594,7,0.9999999999999996,0.1890246179861483,0.02729528535980149,The identification of this mineral has been confirmed by X-ray diffraction.,d:\dyt\raman\pigeonite\augmented_tongyi_physics4\Gypsum__R040029__Raman__780__0__unoriented__Raman_Data_RAW__26329.csv
PARENT_0306,RRUFF database,visible_nir_supervised_reference,train,Sulfate,Gypsum,main_training_keep,passes_provenance_and_spectral_quality_checks,1008.1692569728935,4,0.9999999999999998,0.17042532359111193,0.036544850498338874,The identification of this mineral has been confirmed by X-ray diffraction.,d:\dyt\raman\pigeonite\augmented_tongyi_physics4\Gypsum__R040029__Raman__532__0__unoriented__Raman_Data_RAW__26331.csv
PARENT_0307,RRUFF database,visible_nir_supervised_reference,reference_qc_excluded,Sulfate,Gypsum,manual_review_keep_in_metadata,high_cosmic_spike_or_discontinuity_fraction,1194.6875261637229,4,0.9999999999999991,0.00029565702808982713,0.08985282726568551,The identification of this mineral has been determined only by Raman spectroscopy,d:\dyt\raman\pigeonite\augmented_tongyi_physics4\Gypsum__X050096__Raman__785__0__unoriented__Raman_Data_Processed__6575.csv
PARENT_0308,RRUFF database,visible_nir_supervised_reference,reference_qc_excluded,Sulfate,Gypsum,manual_review_keep_in_metadata,rruff_identification_status_low_confidence,487.20372345384817,4,0.9999999999999983,0.00017604526430770682,0.049573973663826494,The identification of this mineral has been determined only by Raman spectroscopy,d:\dyt\raman\pigeonite\augmented_tongyi_physics4\Gypsum__X050097__Raman__785__0__unoriented__Raman_Data_Processed__6576.csv
PARENT_0309,RRUFF database,visible_nir_supervised_reference,reference_qc_excluded,Sulfate,Gypsum,manual_review_keep_in_metadata,rruff_identification_status_low_confidence,835.202170156085,4,0.9999999999999984,0.00046928561891393383,0.07900852052672347,The identification of this mineral has been determined only by Raman spectroscopy,d:\dyt\raman\pigeonite\augmented_tongyi_physics4\Gypsum__X050098__Raman__785__0__unoriented__Raman_Data_Processed__6577.csv
PARENT_0310,RRUFF database,visible_nir_supervised_reference,reference_qc_excluded,Sulfate,Gypsum,manual_review_keep_in_metadata,high_cosmic_spike_or_discontinuity_fraction,559.335383578983,6,0.9999999999999991,0.00013537216037783265,0.09295120061967467,The identification of this mineral has been determined only by Raman spectroscopy,d:\dyt\raman\pigeonite\augmented_tongyi_physics4\Gypsum__X050099__Raman__785__0__unoriented__Raman_Data_Processed__6578.csv
PARENT_0311,RRUFF database,visible_nir_supervised_reference,reference_qc_excluded,Sulfate,Gypsum,manual_review_keep_in_metadata,high_cosmic_spike_or_discontinuity_fraction,2795.5804741519696,5,1.0,0.012422242122291887,0.12101910828025478,The identification of this mineral has been confirmed by X-ray diffraction.,d:\dyt\raman\pigeonite\augmented_tongyi_physics4\Gypsum__R060509__Raman__532__0__unoriented__Raman_Data_RAW__39075.csv
PARENT_0312,RRUFF database,visible_nir_supervised_reference,reference_qc_excluded,Sulfate,Gypsum,manual_review_keep_in_metadata,high_cosmic_spike_or_discontinuity_fraction,2219.9707581711846,5,1.0,0.014843536069006848,0.13945028294260306,The identification of this mineral has been confirmed by X-ray diffraction.,d:\dyt\raman\pigeonite\augmented_tongyi_physics4\Gypsum__R060509__Raman__780__0__unoriented__Raman_Data_RAW__39077.csv
PARENT_0468,RRUFF database,visible_nir_supervised_reference,test,Sulfate,Anhydrite,main_training_keep,passes_provenance_and_spectral_quality_checks,887.574816164903,5,1.0,0.05281402907638747,0.07374890254609306,The identification of this mineral has been confirmed by X-ray diffraction and chemical analysis,d:\dyt\raman\pigeonite\augmented_tongyi_physics4\Anhydrite__R040012__Raman__514__0__unoriented__Raman_Data_RAW__9273.csv
PARENT_0469,RRUFF database,visible_nir_supervised_reference,reference_qc_excluded,Sulfate,Anhydrite,manual_review_keep_in_metadata,high_cosmic_spike_or_discontinuity_fraction,4334.411547476408,7,0.9989454593298642,0.004790089375257745,0.17464212678936605,The identification of this mineral has been confirmed by X-ray diffraction and chemical analysis,d:\dyt\raman\pigeonite\augmented_tongyi_physics4\Anhydrite__R040012__Raman__532__0__unoriented__Raman_Data_RAW__26317.csv
PARENT_0470,RRUFF database,visible_nir_supervised_reference,reference_qc_excluded,Sulfate,Anhydrite,manual_review_keep_in_metadata,high_cosmic_spike_or_discontinuity_fraction,2917.6934413189488,7,0.9999999999999993,0.003737504666540321,0.14802494802494803,The identification of this mineral has been confirmed by X-ray diffraction and chemical analysis,d:\dyt\raman\pigeonite\augmented_tongyi_physics4\Anhydrite__R040012__Raman__780__0__unoriented__Raman_Data_RAW__26319.csv
PARENT_0471,RRUFF database,visible_nir_supervised_reference,test,Sulfate,Anhydrite,main_training_keep,passes_provenance_and_spectral_quality_checks,471.765630226212,5,1.0,0.17158098533421187,0.04608294930875576,The identification of this mineral has been confirmed by X-ray diffraction and chemical analysis,d:\dyt\raman\pigeonite\augmented_tongyi_physics4\Anhydrite__R040061__Raman__514__0__unoriented__Raman_Data_RAW__9401.csv
PARENT_0472,RRUFF database,visible_nir_supervised_reference,test,Sulfate,Anhydrite,main_training_keep,passes_provenance_and_spectral_quality_checks,1241.3409245340395,5,0.8483553342049573,0.2766389264679606,0.061494015683037556,The identification of this mineral has been confirmed by X-ray diffraction and chemical analysis,d:\dyt\raman\pigeonite\augmented_tongyi_physics4\Anhydrite__R040061__Raman__532__0__unoriented__Raman_Data_RAW__15148.csv
PARENT_0473,RRUFF database,visible_nir_supervised_reference,test,Sulfate,Anhydrite,main_training_keep,passes_provenance_and_spectral_quality_checks,1162.189864014278,8,1.0,0.03546873187602497,0.07836456558773425,The identification of this mineral has been confirmed by X-ray diffraction and chemical analysis,d:\dyt\raman\pigeonite\augmented_tongyi_physics4\Anhydrite__R040061__Raman__785__0__unoriented__Raman_Data_RAW__15150.csv
PARENT_0474,RRUFF database,visible_nir_supervised_reference,reference_qc_excluded,Sulfate,Anhydrite,manual_review_keep_in_metadata,high_cosmic_spike_or_discontinuity_fraction,2072.3536321524934,4,0.9999999999999993,0.00010172420290058735,0.09527498063516654,The identification of this mineral has been determined only by Raman spectroscopy,d:\dyt\raman\pigeonite\augmented_tongyi_physics4\Anhydrite__X050017__Raman__785__0__unoriented__Raman_Data_Processed__6456.csv
PARENT_0475,RRUFF database,visible_nir_supervised_reference,train,Sulfate,Anhydrite,main_training_keep,passes_provenance_and_spectral_quality_checks,511.5159536126499,2,0.9999999999999998,0.7451783185495022,0.007797270955165692,The identification of this mineral has been confirmed by X-ray diffraction and chemical analysis,d:\dyt\raman\pigeonite\augmented_tongyi_physics4\Anhydrite__R061102__Raman__785__0__unoriented__Raman_Data_RAW__18158.csv
PARENT_0476,RRUFF database,visible_nir_supervised_reference,train,Sulfate,Anhydrite,main_training_keep,passes_provenance_and_spectral_quality_checks,1361.097650146694,8,0.9999999999999999,0.4644810594522623,0.01311336717428088,The identification of this mineral has been confirmed by X-ray diffraction and chemical analysis,d:\dyt\raman\pigeonite\augmented_tongyi_physics4\Anhydrite__R061102__Raman__532__0__unoriented__Raman_Data_RAW__18156.csv
PARENT_0477,RRUFF database,visible_nir_supervised_reference,reference_qc_excluded,Sulfate,Epsomite,manual_review_keep_in_metadata,rruff_identification_status_low_confidence,200.84135400409744,4,0.9999999999999974,0.0013007863163553505,0.017041053446940357,The identification of this mineral has been determined only by Raman spectroscopy,d:\dyt\raman\pigeonite\augmented_tongyi_physics4\Epsomite__X050074__Raman__785__0__unoriented__Raman_Data_Processed__6540.csv
PARENT_0478,RRUFF database,visible_nir_supervised_reference,reference_qc_excluded,Sulfate,Epsomite,manual_review_keep_in_metadata,rruff_identification_status_low_confidence,2137.8344278784334,4,0.9999999999999999,0.04263569603249361,0.037420382165605094,The identification of this mineral has been determined only by Raman spectroscopy,d:\dyt\raman\pigeonite\augmented_tongyi_physics4\Epsomite__R150060__Raman__532__0__unoriented__Raman_Data_RAW__38390.csv
PARENT_0479,RRUFF database,visible_nir_supervised_reference,reference_qc_excluded,Sulfate,Epsomite,manual_review_keep_in_metadata,rruff_identification_status_low_confidence,1156.6506769397463,4,0.9999999999999996,0.032071486858803434,0.027890056588520614,The identification of this mineral has been determined only by Raman spectroscopy,d:\dyt\raman\pigeonite\augmented_tongyi_physics4\Epsomite__R150060__Raman__780__0__unoriented__Raman_Data_RAW__38391.csv
PARENT_0480,RRUFF database,visible_nir_supervised_reference,train,Sulfate,Natroalunite,main_training_keep,passes_provenance_and_spectral_quality_checks,1108.8938729345778,3,0.11225127822865616,0.3104838979336337,0.0008539709649871904,The identification of this mineral has been confirmed only by X-ray diffraction,d:\dyt\raman\pigeonite\augmented_tongyi_physics4\Natroalunite__R060406__Raman__532__0__unoriented__Raman_Data_RAW__35093.csv
PARENT_0481,RRUFF database,visible_nir_supervised_reference,train,Sulfate,Natroalunite,main_training_keep,passes_provenance_and_spectral_quality_checks,976.8843626015114,5,0.3960473198755958,0.3220152490440145,0.004312203536006899,The identification of this mineral has been confirmed only by X-ray diffraction,d:\dyt\raman\pigeonite\augmented_tongyi_physics4\Natroalunite__R060406__Raman__780__0__unoriented__Raman_Data_RAW__35095.csv
PARENT_0482,RRUFF database,visible_nir_supervised_reference,test,Sulfate,Natrojarosite,main_training_keep,passes_provenance_and_spectral_quality_checks,284.74393392792905,13,0.9999999999999999,0.03168507768002469,0.06607929515418502,The identification of this mineral has been confirmed by X-ray diffraction and chemical analysis,d:\dyt\raman\pigeonite\augmented_tongyi_physics4\Natrojarosite__R050471__Raman__514__0__unoriented__Raman_Data_RAW__10906.csv
PARENT_0483,RRUFF database,visible_nir_supervised_reference,test,Sulfate,Natrojarosite,main_training_keep,passes_provenance_and_spectral_quality_checks,950.3026318299358,10,0.9999999999999993,0.036207453679484594,0.07879029048945484,The identification of this mineral has been confirmed by X-ray diffraction and chemical analysis,d:\dyt\raman\pigeonite\augmented_tongyi_physics4\Natrojarosite__R050471__Raman__532__0__unoriented__Raman_Data_RAW__30933.csv
PARENT_0484,RRUFF database,visible_nir_supervised_reference,test,Sulfate,Natrojarosite,main_training_keep,passes_provenance_and_spectral_quality_checks,718.5679502068739,10,0.8702826121999536,0.02802710716724729,0.044975688816855756,The identification of this mineral has been confirmed by X-ray diffraction and chemical analysis,d:\dyt\raman\pigeonite\augmented_tongyi_physics4\Natrojarosite__R050471__Raman__780__0__unoriented__Raman_Data_RAW__30936.csv
PARENT_0485,RRUFF database,visible_nir_supervised_reference,reference_qc_excluded,Sulfate,Natrojarosite,manual_review_keep_in_metadata,high_cosmic_spike_or_discontinuity_fraction,847.1679393966458,10,0.9999999999999967,0.022310655142448448,0.0807799442896936,The identification of this mineral has been confirmed by X-ray diffraction and chemical analysis,d:\dyt\raman\pigeonite\augmented_tongyi_physics4\Natrojarosite__R050289__Raman__532__0__unoriented__Raman_Data_RAW__28635.csv
PARENT_0486,RRUFF database,visible_nir_supervised_reference,train,Sulfate,Natrojarosite,main_training_keep,passes_provenance_and_spectral_quality_checks,596.6901905628248,10,0.6773061423673343,0.22859830278678425,0.02028639618138425,The identification of this mineral has been confirmed by X-ray diffraction and chemical analysis,d:\dyt\raman\pigeonite\augmented_tongyi_physics4\Natrojarosite__R050289__Raman__780__0__unoriented__Raman_Data_RAW__28637.csv
PARENT_0487,RRUFF database,visible_nir_supervised_reference,reference_qc_excluded,Sulfate,Natrojarosite,manual_review_keep_in_metadata,high_cosmic_spike_or_discontinuity_fraction,1099.2446432479103,10,0.9999999999999998,0.00924264509038471,0.10549363057324841,The identification of this mineral has been confirmed only by single crystal X-ray diffraction.,d:\dyt\raman\pigeonite\augmented_tongyi_physics4\Natrojarosite__R080062__Raman__532__0__unoriented__Raman_Data_RAW__28549.csv
PARENT_0488,RRUFF database,visible_nir_supervised_reference,reference_qc_excluded,Sulfate,Natrojarosite,manual_review_keep_in_metadata,high_cosmic_spike_or_discontinuity_fraction,854.6137621851541,10,0.8879572003610924,0.015128841627106612,0.08976951071572989,The identification of this mineral has been confirmed only by single crystal X-ray diffraction.,d:\dyt\raman\pigeonite\augmented_tongyi_physics4\Natrojarosite__R080062__Raman__780__0__unoriented__Raman_Data_RAW__28554.csv
