display_model,model,params,val_macro_f1,accuracy,macro_f1,weighted_f1
PCA-SVM,pca_svm,"{""stride"": 8, ""pca"": 80, ""C"": 10.0, ""gamma"": 0.001}",0.764966043098076,,0.7024525370089886,
MST,mst,"{""lr"": 3e-05, ""d_model"": 128, ""layers"": 4, ""patch"": 4}",0.7252364925266845,0.7669172932330827,0.694833611807296,0.7626077097505669
Standard Transformer,standard_transformer,"{""lr"": 3e-05, ""d_model"": 128, ""layers"": 4, ""patch"": 8}",0.759134699028316,0.7593984962406015,0.6858914139857338,0.7436565814786085
Optimized 1D-CNN,cnn,"{""lr"": 0.0003, ""dropout"": 0.4}",0.6873103830904342,0.6691729323308271,0.5520312363551027,0.6595980608292475
PLS-DA,pls_da,"{""stride"": 8, ""components"": 12}",0.4759129759129759,,0.3846308976615882,
