wavenumber_cm-1,intensity
755.67159,0.00022060488370326977
757.73905,0.0
759.80651,0.0
761.87398,0.00769521141634876
763.94144,0.008690537905068175
766.0089,0.0034868325488136846
768.07636,0.014843451175423746
770.14383,0.03772810071354464
772.21129,0.047340402251166466
774.27875,0.06433707304522616
776.34621,0.07544858733354745
778.41368,0.11836103421068227
780.48114,0.12431407084654225
782.5486,0.16384619030935083
784.61606,0.18420214726186485
786.68353,0.20850322345502792
788.75099,0.211189017421835
790.81845,0.21100037745272637
792.88591,0.1779772992970818
794.95338,0.14893100817371566
797.02084,0.13485950703536145
799.0883,0.10422603001195428
801.15576,0.07484546761713165
803.22323,0.05474993172598489
805.29069,0.003920578281202834
807.35815,0.00029813455087792463
809.42561,0.0
811.49308,0.0
813.56054,0.0015426576873489293
815.628,0.004826202467146271
817.69546,0.0
819.76293,0.0
819.76293,0.0
819.76293,0.003076044931571204
819.76293,0.006554169539798504
819.76293,0.0005936117400910031
821.83039,0.003988648350897983
821.83039,0.0
823.89785,0.00012919665987359784
823.89785,0.0
823.89785,0.005569710498587544
823.89785,0.0
823.89785,0.0
825.96531,0.003398070656107285
825.96531,0.0031967077878526594
825.96531,0.0020368165996819056
825.96531,0.0
825.96531,0.0056164885525581704
825.96531,0.0011634595100816628
825.96531,0.003980891674537274
825.96531,0.002539826763009462
825.96531,0.006548901187482845
825.96531,0.058779067290259654
825.96531,0.057574212117007036
825.96531,0.007306056769296257
825.96531,0.0
825.96531,0.004027539412779788
828.03278,0.0101084582010176
828.03278,0.0
828.03278,0.005739362841284036
828.03278,0.06571092773526294
828.03278,0.002499185278497642
828.03278,0.0
828.03278,0.0
828.03278,0.0007880218448785297
828.03278,0.008096726281842152
828.03278,0.052052670216801974
828.03278,0.0052519881957938655
828.03278,0.0
828.03278,0.0
828.03278,0.0
828.03278,0.008426915017019134
828.03278,0.008297322619037106
828.03278,0.015180647038568579
830.10024,0.0
830.10024,0.0177021021126838
830.10024,0.017783986529257095
830.10024,0.008081235211892584
830.10024,0.07787761573419012
830.10024,0.0014896014019762007
830.10024,0.049107452573965676
830.10024,0.02890501604744228
830.10024,0.0017200207654602937
832.1677,0.010249928507493648
832.1677,0.04042152488683127
832.1677,0.047724893561779835
832.1677,0.03443616372578148
832.1677,0.0746242455413226
832.1677,0.033590948029609505
834.23516,0.08592975367485248
834.23516,0.09829947193802792
836.30262,0.08914266825760876
836.30262,0.08475481680054191
836.30262,0.11354098119283304
838.37009,0.133213642202023
838.37009,0.11634766679857954
838.37009,0.10573125135234626
840.43755,0.1441254479920431
840.43755,0.18198553615921748
840.43755,0.10964627315740397
840.43755,0.1873872258772396
840.43755,0.12325440533527987
842.50501,0.20929120063968285
842.50501,0.19371616107580916
842.50501,0.12679917117700315
842.50501,0.10896222889096752
842.50501,0.17410543713263754
842.50501,0.21643716354196002
842.50501,0.16800043157268021
842.50501,0.13538353710628984
842.50501,0.14492431899667685
842.50501,0.13099193940632853
842.50501,0.2163129022786497
844.57247,0.1790131794139822
844.57247,0.1817089386274603
844.57247,0.15149577242179046
844.57247,0.177123688312513
844.57247,0.21359699953579125
844.57247,0.15131874170861273
844.57247,0.15279585057700107
844.57247,0.22315400268502616
846.63994,0.18811507002733205
846.63994,0.17066566169944924
846.63994,0.22329192816534388
848.7074,0.2470157475348337
848.7074,0.23962008216843558
848.7074,0.21641753154298188
848.7074,0.2578681243021255
850.77486,0.2521898346955387
850.77486,0.2272958733484132
852.84232,0.23495970121152407
854.90979,0.23253147840128474
856.97725,0.2290445085754651
859.04471,0.23436191352874977
861.11217,0.22365345835085754
863.17964,0.2374665613308765
869.38202,0.2534025577025253
869.38202,0.2757474825303662
871.44949,0.2632357252768136
871.44949,0.2388392709337755
871.44949,0.2286909340040495
873.51695,0.23762871693787554
873.51695,0.256126638829971
873.51695,0.24666466128136438
875.58441,0.23533976924231115
877.65187,0.2249779288446985
879.71934,0.21379605483497802
879.71934,0.21540930113715506
879.71934,0.2154489123223737
881.7868,0.19365209973217684
881.7868,0.1016147615895287
883.85426,0.04070452044061227
883.85426,0.1795922597146947
883.85426,0.2012596385666805
883.85426,0.19576025290187155
883.85426,0.05949510026425762
883.85426,0.04826562745434838
883.85426,0.16853648456752132
883.85426,0.08250045054351837
883.85426,0.02337257746956946
883.85426,0.05687005334273459
883.85426,0.06449682758271061
883.85426,0.06672840885837883
883.85426,0.10544388610131511
885.92172,0.1568282932116655
885.92172,0.12284660086005154
885.92172,0.04524241406221333
885.92172,0.15136918788933465
885.92172,0.023468758678389257
885.92172,0.07360169078149058
885.92172,0.017301067971141445
885.92172,0.10267437946032147
885.92172,0.08000809787483462
887.98919,0.120538181286579
887.98919,0.02555365428979141
887.98919,0.1404331246686109
887.98919,0.15303914776432354
887.98919,0.11670990833312722
887.98919,0.16345695828978068
887.98919,0.09245518705402833
890.05665,0.06143066921994541
890.05665,0.1273326053051256
890.05665,0.007697297268693074
890.05665,0.12056738634684099
892.12411,0.030150142241479373
892.12411,0.010976550875878607
892.12411,0.06247375396331699
894.19157,0.0
894.19157,0.0
896.25904,0.0019617824745205045
896.25904,0.0
898.3265,0.0
898.3265,0.0
898.3265,0.0
898.3265,0.0
898.3265,0.0
898.3265,0.001971266198306778
900.39396,0.0
900.39396,0.0004406185018502242
902.46142,0.0018953500737152202
902.46142,0.0
902.46142,0.0
902.46142,0.0
902.46142,0.0
902.46142,0.003136849937798931
902.46142,0.0
902.46142,0.004040730377383025
904.52889,0.0
904.52889,0.0
904.52889,0.005297660216680626
904.52889,0.012431633136528775
906.59635,0.0007267287002832663
906.59635,0.005101873466684561
906.59635,0.004733571347884482
906.59635,0.004713676623430773
906.59635,0.0
908.66381,0.0
908.66381,0.0030752249440927507
910.73127,0.0
910.73127,0.0
910.73127,0.0
912.79874,0.007284248657607113
914.8662,0.0005204422347317513
916.93366,0.0
919.00112,0.019772186648858898
921.06859,0.004073826002499764
923.13605,0.0
925.20351,0.001301009445131862
927.27097,0.008680044390130441
929.33844,0.0
931.4059,0.0
933.47336,0.0
935.54082,0.0
937.60829,0.0
939.67575,0.0
941.74321,0.0023951735641690045
943.81067,0.05052918645751711
943.81067,0.004563337418929631
945.87814,0.005667763735671992
945.87814,0.06505956265483673
947.9456,0.04219445433533018
947.9456,0.08220508968896675
950.01306,0.09442987462933183
950.01306,0.08219595898942103
952.08052,0.11651283032719574
952.08052,0.09160536600781705
954.14799,0.12498609407362751
954.14799,0.13968031928710395
956.21545,0.15050343544677833
956.21545,0.148764073249342
958.28291,0.17341475832178918
958.28291,0.1583708366283663
960.35037,0.18946486724359557
960.35037,0.19391395871757827
962.41784,0.1924957695028335
962.41784,0.19364981621414226
964.4853,0.21609906223523376
964.4853,0.20454192102861027
966.55276,0.20521395337125536
966.55276,0.20910378731492743
968.62022,0.20225226594511178
968.62022,0.20372880018161763
970.68769,0.19959671354517117
970.68769,0.18776893952095697
972.75515,0.18781168448399177
972.75515,0.18265694197009213
974.82261,0.1883932074766366
974.82261,0.1910393580279655
976.89007,0.17782625880077604
976.89007,0.1706292321469046
978.95754,0.156272840687279
978.95754,0.15758769668367253
981.025,0.13922447810698965
981.025,0.14313936355163626
983.09246,0.13147948095807688
985.15992,0.10865137290093063
987.22739,0.09816838882066097
989.29485,0.08948503741159171
991.36231,0.07313921446402269
993.42977,0.06456927996162094
995.49724,0.05709213019097013
997.5647,0.05811916013102562
999.63216,0.08487195761926655
1001.69962,0.08956419135574667
1003.76709,0.1176582953269625
1005.83455,0.13758692079088602
1007.90201,0.1478362091325595
1009.96947,0.17155694170844407
1012.03694,0.196960092623125
1014.1044,0.2333770536517724
1016.17186,0.2421793766283673
1018.23932,0.25988586099820843
1020.30679,0.26007680205281947
1022.37425,0.2408691004031561
1024.44171,0.2175672946591483
1026.50917,0.19367498589042093
1028.57663,0.18186696654114648
1030.6441,0.1501460404822018
1032.71156,0.14221479492524913
1034.77902,0.16106789790677906
1036.84648,0.18672264817213344
1038.91395,0.21089207258039183
1040.98141,0.23238473389623654
1043.04887,0.2472938528126384
1045.11633,0.29049621238922807
1047.1838,0.3210109831532026
1049.25126,0.3192107649735066
1051.31872,0.3335316455336795
1053.38618,0.3162842865696231
1055.45365,0.31882526901328906
1057.52111,0.3040376714364028
1059.58857,0.2712079775243088
1061.65603,0.23253581106141255
1063.7235,0.21027048572142915
1065.79096,0.19522100803586673
1067.85842,0.17292936442737109
1069.92588,0.14357743516377525
1071.99335,0.12563905588066662
1074.06081,0.12715857673553063
1076.12827,0.13537263699330224
1078.19573,0.13823299666674355
1078.19573,0.11365738951863491
1078.19573,0.0233884162638426
1080.2632,0.13221688431605896
1080.2632,0.1682970513041077
1080.2632,0.02294689773601312
1082.33066,0.004030920425919749
1082.33066,0.17217723923214956
1082.33066,0.15841568237294912
1084.39812,0.026967383393290474
1084.39812,0.2016162489074048
1084.39812,0.16885336315762445
1086.46558,0.17843921485373024
1086.46558,0.20234115873205397
1086.46558,0.025441318687911104
1088.53305,0.14902696990008643
1088.53305,0.16783026827096473
1088.53305,0.018994392188874266
1090.60051,0.017076702229356314
1090.60051,0.1693170017845798
1090.60051,0.14729057527974293
1092.66797,0.15635150418729155
1092.66797,0.13508008201759517
1092.66797,0.01732455254130877
1094.73543,0.010212417714231205
1094.73543,0.1163324683627151
1094.73543,0.12126337509394053
1096.8029,0.10145847295506136
1096.8029,0.12512900363910634
1096.8029,0.01607636109085006
1098.87036,0.014791947853498593
1098.87036,0.09796483689312688
1098.87036,0.06797860891262412
1100.93782,0.04343547698457316
1100.93782,0.019746955682846137
1100.93782,0.0855300892607257
1103.00528,0.06747294698890907
1103.00528,0.010847978385191642
1105.07275,0.00460439788696747
1105.07275,0.048854378948546565
1107.14021,0.0
1109.20767,0.0
1111.27513,0.0
1113.3426,0.0
1113.3426,0.004319991816655441
1115.41006,0.0
1115.41006,0.015477196822704663
1117.47752,0.0012035823182073183
1117.47752,0.0
1119.54498,0.004091263492183945
1119.54498,0.0
1121.61245,0.0035368121013044642
1121.61245,0.0
1123.67991,0.0
1123.67991,0.0
1125.74737,0.0
1125.74737,0.0
1127.81483,0.004841347619734626
1127.81483,0.0005976435202469341
1129.8823,0.0
1131.94976,0.0024404951882158296
1134.01722,0.0
1136.08468,0.0031449590078595456
1138.15215,0.0035918503779034283
1140.21961,0.0
1140.21961,0.006738730908241134
1142.28707,0.0028136463440273135
1142.28707,0.009308239218408636
1144.35453,0.0
1144.35453,0.008149034026240036
1146.422,0.0
1146.422,0.002196482682676494
1148.48946,0.0
1148.48946,0.003799894158605326
1150.55692,0.0010406657282798686
1150.55692,0.005762154338505293
1152.62438,0.0
1152.62438,0.022555637761405335
1152.62438,0.0054995938903701115
1154.69185,0.0023841373473895548
1154.69185,0.011917922067289248
1154.69185,0.03938769750353526
1156.75931,0.015643632265995355
1156.75931,0.012950531070770346
1156.75931,0.05801710805407791
1158.82677,0.021929532941695314
1158.82677,0.050383487018528926
1158.82677,0.023301105730224387
1160.89423,0.05603576674416084
1160.89423,0.03395687829925661
1160.89423,0.053425755954478696
1162.9617,0.038858255547445514
1162.9617,0.06592008395610983
1162.9617,0.05036714752442079
1165.02916,0.035138255804838064
1165.02916,0.06489607383764512
1165.02916,0.03731430804253973
1167.09662,0.029264492622211577
1167.09662,0.0252058157487005
1169.16408,0.017741251027820776
1169.16408,0.022698287990668163
1171.23155,0.000500925902053051
1171.23155,0.0027300241386706546
1173.29901,0.005835943623638102
1173.29901,0.0
1175.36647,0.011405331847686096
1175.36647,0.0011033569534900569
1177.43393,0.0006452512957560321
1177.43393,0.0
1179.5014,0.0
1179.5014,0.004164025215325526
1181.56886,0.0009354923354905047
1181.56886,0.0
1183.63632,0.014331583842556605
1185.70378,0.01920402529277054
1187.77125,0.035021601988982305
1189.83871,0.06273950631178427
1191.90617,0.07513476013966286
1193.97363,0.10266065474133006
1196.0411,0.11176034572671231
1198.10856,0.12155493564341935
1200.17602,0.14295277377857268
1202.24348,0.1646753541720718
1204.31095,0.1680731404157022
1206.37841,0.1784511228899974
1208.44587,0.18270991758380264
1210.51333,0.17087631691287763
1212.5808,0.17584346467991366
1214.64826,0.15579550936885814
1216.71572,0.1477585117069342
1218.78318,0.12439563930762651
1220.85064,0.10466661557588341
1222.91811,0.09342705816096901
1224.98557,0.07270966890040367
1227.05303,0.05470066204158955
1229.12049,0.038576511710709895
1231.18796,0.032207310021339426
1231.18796,0.0
1231.18796,0.008350030319423645
1231.18796,0.00038052538537299084
1231.18796,0.012148872139938373
1233.25542,0.07278568145323075
1233.25542,0.06616924583671861
1233.25542,0.019853642690238434
1235.32288,0.08106126523121006
1235.32288,0.0346298042498939
1235.32288,0.03480428883955101
1235.32288,0.06731069073322467
1235.32288,0.02866577675179269
1235.32288,0.052332928173973677
1235.32288,0.054964523127606656
1235.32288,0.052882273970193426
1237.39034,0.1513046411283642
1237.39034,0.0763452954762794
1237.39034,0.17150778038058784
1237.39034,0.10704316416091035
1237.39034,0.14934457866453024
1239.45781,0.16747263232304818
1239.45781,0.14430018277904927
1239.45781,0.09898816211399307
1239.45781,0.12332891782063046
1239.45781,0.15741605491320657
1241.52527,0.10277515198389774
1241.52527,0.1059936869919012
1241.52527,0.1734960141539126
1241.52527,0.1773970034141222
1241.52527,0.18916281531520945
1241.52527,0.11665265773323678
1241.52527,0.12522701179893014
1241.52527,0.1425757824604391
1241.52527,0.10883154694285971
1241.52527,0.14016095665350567
1243.59273,0.12939873642640476
1243.59273,0.11519192075621582
1243.59273,0.1405906448282767
1243.59273,0.18942111664832476
1243.59273,0.15972899855781528
1245.66019,0.18870586538424608
1245.66019,0.18845813676388956
1247.72766,0.19443564543199435
1247.72766,0.19091045911918325
1247.72766,0.20071362840696988
1249.79512,0.23401957542005644
1249.79512,0.22115259991653058
1249.79512,0.20207002570323013
1249.79512,0.23407279474561618
1249.79512,0.2340346666440792
1249.79512,0.23117632611645425
1249.79512,0.2354527288688659
1249.79512,0.2469154679939751
1251.86258,0.246153742312438
1251.86258,0.2672366213996239
1251.86258,0.2762319231477229
1251.86258,0.30475856700484977
1251.86258,0.24752201250526198
1251.86258,0.22637464162982562
1251.86258,0.28792422704349396
1251.86258,0.250218812355633
1251.86258,0.18832349201924478
1253.93004,0.18932078942195701
1253.93004,0.20019660524858268
1253.93004,0.2945496614290192
1253.93004,0.21315460975019382
1253.93004,0.24792632804777434
1253.93004,0.29460901543207807
1253.93004,0.2708340852013423
1253.93004,0.25684660975861223
1253.93004,0.28304705951442466
1255.99751,0.3138574754381345
1255.99751,0.2752517300630566
1255.99751,0.28546292095119097
1255.99751,0.3403100269984959
1255.99751,0.3341425837452054
1255.99751,0.3186652092071421
1255.99751,0.28023007642202036
1255.99751,0.32984938469512093
1255.99751,0.22434350851057988
1255.99751,0.3310608119775333
1258.06497,0.28933874886953326
1258.06497,0.29045439855598937
1258.06497,0.34903688496962215
1258.06497,0.35019965091245464
1260.13243,0.3592119058539817
1260.13243,0.3169315986726658
1260.13243,0.3246229142568765
1262.19989,0.3330734874758075
1262.19989,0.3544498584650113
1262.19989,0.3329976719213663
1264.26736,0.3683011909955608
1264.26736,0.3832456017507103
1264.26736,0.3876196450242362
1264.26736,0.3723156220307595
1264.26736,0.3650654379030684
1264.26736,0.3713641503860689
1264.26736,0.3566809639831143
1264.26736,0.37764836350636705
1266.33482,0.38646221073033327
1266.33482,0.36795415639374096
1266.33482,0.3746672121831004
1268.40228,0.381067949255067
1268.40228,0.388875486641676
1268.40228,0.3778279056389148
1268.40228,0.38878569943655866
1270.46974,0.3839831606135743
1270.46974,0.39463602480805743
1270.46974,0.3894841368021002
1272.53721,0.385345649690104
1272.53721,0.3755933677382992
1272.53721,0.38605441839637067
1274.60467,0.38907389440133255
1274.60467,0.38898068780103673
1274.60467,0.3929655680281389
1276.67213,0.39009061516731786
1276.67213,0.38983462049502493
1276.67213,0.38620067323086527
1278.73959,0.3717144341689591
1278.73959,0.38317224038179326
1278.73959,0.36348474672995823
1280.80706,0.39610747770633387
1280.80706,0.3624115535787271
1280.80706,0.38242971293039774
1280.80706,0.35619841682160996
1280.80706,0.37576876408870186
1280.80706,0.35413427855080987
1280.80706,0.3638986010420748
1280.80706,0.36528136537239914
1282.87452,0.36586715985529883
1282.87452,0.36674915721301726
1282.87452,0.3439845199729843
1282.87452,0.3370039846035735
1282.87452,0.3394206757899941
1282.87452,0.3541921928324154
1282.87452,0.33704506224792896
1282.87452,0.2987314412058798
1282.87452,0.34040531713586064
1282.87452,0.2931969366623875
1282.87452,0.2952320043189412
1282.87452,0.3049891377099152
1284.94198,0.3095568268889202
1284.94198,0.2701012432271625
1284.94198,0.31320857074592595
1284.94198,0.32318250701629847
1284.94198,0.27024239910283226
1284.94198,0.3274216617952075
1287.00944,0.3058018229553901
1287.00944,0.2731710333337381
1287.00944,0.30510752029377636
1287.00944,0.250905375410246
1287.00944,0.2552555287284629
1287.00944,0.30671016526806016
1289.07691,0.24094692933152775
1289.07691,0.24488625713162543
1289.07691,0.2861757081958747
1289.07691,0.2450905884110941
1289.07691,0.23968678227251286
1289.07691,0.2974270050427297
1291.14437,0.28696875799451277
1291.14437,0.29005429391675536
1293.21183,0.3082101828010686
1293.21183,0.29422198103068903
1295.27929,0.31811818174242823
1295.27929,0.3167884301434262
1297.34676,0.3264977292461379
1297.34676,0.3347909005631409
1299.41422,0.34579261498032976
1299.41422,0.34586528802444366
1301.48168,0.37030757935208525
1301.48168,0.3633684286564507
1303.54914,0.36905284806206745
1303.54914,0.377995841646843
1305.61661,0.37656205833597745
1305.61661,0.37224440940063014
1307.68407,0.3796830952928761
1307.68407,0.3825693846452579
1309.75153,0.3591184156732769
1309.75153,0.357181461994043
1311.81899,0.36716414666466024
1311.81899,0.35748042224176385
1313.88646,0.3508269764172191
1313.88646,0.33920840324402357
1315.95392,0.3398691018481805
1315.95392,0.3291045757415642
1318.02138,0.31424977089842715
1318.02138,0.31646139071916596
1320.08884,0.2981237739400895
1320.08884,0.2841383650841626
1322.15631,0.2619218535095712
1322.15631,0.27371004171236
1324.22377,0.24539700438735756
1324.22377,0.25739041971836424
1326.29123,0.22503347825435568
1326.29123,0.23155120013954902
1328.35869,0.2124714628109986
1328.35869,0.22008982570299096
1330.42616,0.20895553500271022
1330.42616,0.19691023201010116
1332.49362,0.1761690908582581
1332.49362,0.17400007362853065
1334.56108,0.15754714933891567
1336.62854,0.14882642573835742
1338.69601,0.14477672305351688
1340.76347,0.13815017566142967
1342.83093,0.15472884260388056
1344.89839,0.15038485557790063
1346.96586,0.1778773404433533
1349.03332,0.21238871210791171
1351.10078,0.22840409953365298
1353.16824,0.24558142103191996
1355.23571,0.2647856229464797
1357.30317,0.2716967860696038
1359.37063,0.21567576887914425
1359.37063,0.25590679992347537
1361.43809,0.2518389467346163
1363.50556,0.2254954947408254
1365.57302,0.21682268256566356
1367.64048,0.18038357839786437
1369.70794,0.1381412768662696
1371.77541,0.11299822825926419
1373.84287,0.08411702921248267
1375.91033,0.07071904621825202
1377.97779,0.06083071160182273
1380.04526,0.09511923176285944
1382.11272,0.11746894505320069
1384.18018,0.1275780130207885
1386.24764,0.14679708208416012
1388.31511,0.1859837435532735
1390.38257,0.21628714445453093
1392.45003,0.24510328847667923
1394.51749,0.2509379525560527
1396.58496,0.2752695090542513
1398.65242,0.24392240065830567
1400.71988,0.23984990371156248
1402.78734,0.21157641279413344
1404.85481,0.1899155475977199
1406.92227,0.1578110033322756
1408.98973,0.1279109090666788
1411.05719,0.09769001930234818
1413.12465,0.06201714936212246
1415.19212,0.03839297427801773
1417.25958,0.03157364169330064
1419.32704,0.01853976950166057
1421.3945,0.03783697409978671
1423.46197,0.032397541923369154
1425.52943,0.045276450364038934
1427.59689,0.05618159638657191
1429.66435,0.07542226379101129
1431.73182,0.08915458795212483
1433.79928,0.09822135172164506
1435.86674,0.1134770378624833
1437.9342,0.13047468314392904
1440.00167,0.13297672073279634
1442.06913,0.15417179254260527
1444.13659,0.15866250610682786
1446.20405,0.1876642636341037
1448.27152,0.17863264316538105
1450.33898,0.16287425023781826
1452.40644,0.15111374309822262
1454.4739,0.1322237042826418
1456.54137,0.0935576782116981
1458.60883,0.06805151846264093
1460.67629,0.04540804616148799
1462.74375,0.007605780133751269
1464.81122,0.005836387704844438
1466.87868,0.002474445341310478
1468.94614,0.0
1471.0136,0.007869758634551909
1473.08107,0.0
1475.14853,0.004505823392209046
1477.21599,0.005090168482745201
1479.28345,0.015377151927863143
1481.35092,0.06053267540119928
1483.41838,0.10894114285655726
1485.48584,0.16863692216325868
1487.5533,0.23475573182155768
1489.62077,0.2890697376765163
1491.68823,0.3537924152632522
1493.75569,0.35848992566989735
1495.82315,0.3681312135216128
1497.89062,0.38115571587891944
1499.95808,0.3695017410001065
1502.02554,0.3451587235898353
1504.093,0.3101419551771134
1506.16047,0.2784368017485213
1508.22793,0.25627990432185077
1510.29539,0.2272592682328167
1512.36285,0.21338474389655843
1514.43032,0.19783197972503097
1516.49778,0.10867446379131528
1516.49778,0.08444474709578326
1516.49778,0.09471336432132817
1516.49778,0.24771167773291913
1516.49778,0.08922621807859081
1516.49778,0.1090551273580335
1516.49778,0.11467690284489655
1518.56524,0.38597415292861575
1518.56524,0.4065703108732257
1518.56524,0.3114966643160167
1518.56524,0.3832683802421399
1518.56524,0.16603840928685182
1518.56524,0.4141596512730042
1518.56524,0.40299819241300167
1518.56524,0.3893502310016387
1520.6327,0.20748338317264922
1520.6327,0.580732862182965
1520.6327,0.611115725751816
1520.6327,0.5987512442265377
1520.6327,0.19547633353863939
1520.6327,0.5913957301433701
1520.6327,0.5909272670816652
1520.6327,0.19328624983945292
1520.6327,0.14638623073530296
1520.6327,0.39364298535630166
1520.6327,0.16419261013631406
1520.6327,0.1750532072415339
1520.6327,0.5696683740376857
1520.6327,0.19720184182577533
1520.6327,0.5931666235015697
1520.6327,0.33645905359343775
1520.6327,0.5816683309385879
1520.6327,0.5056835489516944
1520.6327,0.5031010832816145
1520.6327,0.5202630040912588
1520.6327,0.5229958957201323
1520.6327,0.439107841054894
1520.6327,0.44660067296558925
1520.6327,0.19653613288115535
1520.6327,0.37659425228348864
1520.6327,0.42303500144483397
1520.6327,0.19860500277779614
1522.70017,0.2590244624038579
1522.70017,0.27451864481454685
1522.70017,0.2053479615316089
1522.70017,0.3579403598113132
1522.70017,0.2568834120381718
1522.70017,0.20313941102183705
1522.70017,0.18505206139322233
1522.70017,0.21036944514565645
1522.70017,0.20218275946294412
1522.70017,0.2092178535606669
1522.70017,0.37191902938413257
1522.70017,0.322297646350109
1522.70017,0.3231828138463239
1522.70017,0.3130684735479766
1522.70017,0.30413659165933565
1522.70017,0.22701602060210033
1522.70017,0.3381321061533099
1522.70017,0.34788876260952234
1522.70017,0.3449874386261512
1522.70017,0.43635738884451264
1522.70017,0.2541020383266691
1522.70017,0.36771662209882255
1522.70017,0.6057779803680419
1522.70017,0.27661791842002176
1522.70017,0.25771058684080256
1522.70017,0.5998267856542655
1522.70017,0.286930132292735
1522.70017,0.2820674641739168
1522.70017,0.25495357002821956
1522.70017,0.5082856725742335
1522.70017,0.31001397642249057
1522.70017,0.2865098367255328
1522.70017,0.5576067724694018
1522.70017,0.31565225441648115
1522.70017,0.49327528661532116
1524.76763,0.3969003896895281
1524.76763,0.5356416405137429
1524.76763,0.6470141028785665
1524.76763,0.4325234173704803
1524.76763,0.4786063914326201
1524.76763,0.5308327494659213
1524.76763,0.48683375892233255
1524.76763,0.34114970962054314
1524.76763,0.5342790758914066
1524.76763,0.631032460346843
1524.76763,0.4013136774541903
1524.76763,0.38807846385628203
1524.76763,0.5559697733116551
1524.76763,0.37315350733536284
1524.76763,0.3300606333443664
1526.83509,0.5613907691465527
1526.83509,0.5769801318073241
1526.83509,0.6541935802412041
1526.83509,0.6000070461588705
1526.83509,0.5554200242400853
1526.83509,0.5916704360390759
1526.83509,0.6892822487258488
1526.83509,0.7127391769957124
1526.83509,0.7049009948563614
1526.83509,0.4889671295713475
1526.83509,0.4769449074681275
1526.83509,0.4839226918073943
1526.83509,0.4992136686236973
1526.83509,0.695396362925609
1526.83509,0.579567888864439
1526.83509,0.7060954989368612
1526.83509,0.7320849001720281
1526.83509,0.6913074508209036
1526.83509,0.4840030063442863
1526.83509,0.5797947522035432
1528.90255,0.7401720992775184
1528.90255,0.7576482479418817
1528.90255,0.7510270112173499
1528.90255,0.7401019161993768
1528.90255,0.6988751930622136
1528.90255,0.7058688406336082
1528.90255,0.6876062577609828
1530.97002,0.6928871749311151
1530.97002,0.7706805342773355
1533.03748,0.7724243343444154
1535.10494,0.7737276488487247
1537.1724,0.767976567001532
1539.23987,0.769637104047813
1541.30733,0.7674594019404093
1543.37479,0.768773574621044
1545.44225,0.7713447400525919
1547.50972,0.7729366632049811
1549.57718,0.7758204652328801
1551.64464,0.7768716894700084
1551.64464,0.7670686460351642
1551.64464,0.7527282085874853
1551.64464,0.7372467388469709
1551.64464,0.743867673509564
1551.64464,0.7391007265142864
1551.64464,0.7416266290271812
1551.64464,0.7645959474504889
1553.7121,0.7348741246568039
1553.7121,0.7223536081098041
1553.7121,0.7292295338751822
1555.77957,0.6987382644251355
1555.77957,0.7204346381908493
1555.77957,0.715627334618289
1555.77957,0.7294672536605366
1555.77957,0.7043202650641333
1557.84703,0.684091563709784
1557.84703,0.6853859722713386
1559.91449,0.6818255840936157
1559.91449,0.6802760433633499
1559.91449,0.6525659217337745
1559.91449,0.6665338786150067
1559.91449,0.6548732037464888
1559.91449,0.6538301354803374
1561.98195,0.6517977369594957
1561.98195,0.6328893796269822
1561.98195,0.6418648246314623
1564.04942,0.627070164940071
1564.04942,0.5192355832276414
1566.11688,0.6046214920169968
1566.11688,0.5919392849244105
1566.11688,0.4953672661143304
1566.11688,0.6090046392750798
1566.11688,0.6066693705019399
1566.11688,0.6199637458078747
1566.11688,0.6207457862645771
1568.18434,0.5520683934323147
1568.18434,0.5930610068356417
1568.18434,0.5651454195550634
1568.18434,0.47557818202136787
1568.18434,0.5216268728355393
1570.2518,0.39389156997351804
1570.2518,0.5617667994640378
1570.2518,0.47411725108766306
1570.2518,0.4172049715955127
1570.2518,0.4814198301148536
1570.2518,0.3718692316855702
1570.2518,0.5165941884174146
1570.2518,0.5509388308805157
1570.2518,0.5455847990296221
1570.2518,0.5552917429010507
1570.2518,0.4508079734891274
1570.2518,0.5416760349176932
1570.2518,0.5338738562086287
1572.31927,0.41130734698925886
1572.31927,0.38222984777106467
1572.31927,0.5215675259955325
1572.31927,0.5242206024890247
1572.31927,0.5153374398869434
1572.31927,0.4691800619303308
1572.31927,0.42919642251152645
1572.31927,0.428155492833519
1572.31927,0.45678685048575135
1572.31927,0.395405496663045
1572.31927,0.45958235844593087
1572.31927,0.49075379178357137
1572.31927,0.42045482131507617
1572.31927,0.419422772264875
1572.31927,0.4251127224124562
1572.31927,0.4833201965267781
1572.31927,0.4994551195160947
1572.31927,0.3742804349594421
1572.31927,0.383207903841246
1572.31927,0.3949869847140713
1572.31927,0.3728969690043179
1574.38673,0.3899654549562605
1574.38673,0.4706908653433913
1574.38673,0.39612571777316286
1574.38673,0.3186060004159557
1574.38673,0.31104856191489555
1574.38673,0.30213823645857407
1574.38673,0.2823004936423478
1574.38673,0.29712413753967076
1574.38673,0.437659345989657
1574.38673,0.43027870280685987
1574.38673,0.4450134175498702
1574.38673,0.34415319216780355
1576.45419,0.36484894529461304
1576.45419,0.3224352565612267
1576.45419,0.3376541319951314
1576.45419,0.3348904325976859
1576.45419,0.28801457044896844
1576.45419,0.2751102494037203
1576.45419,0.2661902310038556
1576.45419,0.26506164839437857
1576.45419,0.2618312243855909
1578.52165,0.31591730477987057
1578.52165,0.3200477243679732
1578.52165,0.230968012991272
1578.52165,0.24872323838354152
1580.58912,0.24578469311260967
1580.58912,0.23277963307083693
1580.58912,0.29977560518704166
1582.65658,0.2844187304202394
1582.65658,0.228909007168984
1582.65658,0.21497003584138924
1582.65658,0.2182344330512085
1584.72404,0.24080393034394226
1584.72404,0.2440284172448311
1584.72404,0.28981161975455877
1584.72404,0.22378367726160342
1584.72404,0.2765825265630048
1584.72404,0.2567239249030444
1584.72404,0.2586751396988186
1584.72404,0.2620632656989573
1584.72404,0.30162795066280146
1584.72404,0.3095615483064731
1584.72404,0.32429120998794336
1584.72404,0.33024146613112826
1584.72404,0.2291789974864145
1584.72404,0.22151569231594012
1586.7915,0.3125335187532669
1586.7915,0.3151065684034648
1586.7915,0.31468050553508264
1586.7915,0.29295490171774624
1586.7915,0.3322116938440374
1586.7915,0.2702082371023278
1586.7915,0.30400193517989405
1586.7915,0.24088680231866313
1588.85897,0.32837152059687047
1588.85897,0.2862101622120405
1588.85897,0.3994458090035811
1588.85897,0.36038429072752803
1588.85897,0.3830564953664954
1588.85897,0.3716325597325521
1588.85897,0.3599544747422648
1588.85897,0.35761303835627345
1588.85897,0.3539280065790246
1588.85897,0.28960617858165255
1588.85897,0.36205571973179385
1590.92643,0.3476721332852349
1590.92643,0.3967467888795142
1590.92643,0.39877424464451583
1592.99389,0.3638880562282907
1592.99389,0.40940632468958005
1592.99389,0.4031989167476982
1595.06135,0.4140237877853227
1595.06135,0.3929608975960095
1597.12882,0.4144848671841282
1597.12882,0.3876801416391559
1599.19628,0.37197817943052613
1599.19628,0.40297766281258185
1599.19628,0.38291499352540953
1599.19628,0.3913499910893944
1601.26374,0.40309301542382897
1601.26374,0.37701992887304353
1601.26374,0.36410514990065723
1601.26374,0.4003579138410692
1601.26374,0.3434372466263396
1601.26374,0.3943982096957972
1603.3312,0.34877068917284954
1603.3312,0.2674086637661648
1603.3312,0.29160451714856434
1603.3312,0.2746192638940615
1603.3312,0.3047083929180346
1603.3312,0.38553863136921884
1603.3312,0.29824207402416153
1603.3312,0.39939985786446347
1603.3312,0.29909525337359666
1605.39867,0.29998486473758545
1605.39867,0.3413547300596595
1605.39867,0.2554385387190717
1605.39867,0.20214075500551545
1605.39867,0.2122731087073184
1605.39867,0.2683425345280983
1605.39867,0.15072942507455114
1605.39867,0.20223203246824514
1605.39867,0.1911399750366812
1605.39867,0.2588845206022014
1607.46613,0.30709599965566287
1607.46613,0.16065638205381136
1607.46613,0.32536704773094627
1607.46613,0.1834455513260877
1607.46613,0.2485146223563058
1607.46613,0.3208914402550141
1607.46613,0.1728889686840867
1607.46613,0.13846629906145708
1607.46613,0.1811405917227227
1607.46613,0.21062254481311615
1607.46613,0.23079472451510674
1609.53359,0.1566255948937562
1609.53359,0.2460468260952885
1609.53359,0.24420318037588937
1609.53359,0.22640476552702757
1609.53359,0.3134885920956809
1609.53359,0.14521114288714698
1609.53359,0.18301322704504255
1609.53359,0.30737742844560567
1609.53359,0.3095879724278264
1609.53359,0.20011365465324615
1609.53359,0.30833168426139046
1609.53359,0.2167708469764242
1611.60105,0.14198022946679473
1611.60105,0.21619615430371206
1611.60105,0.23264035088177482
1611.60105,0.12182219927760667
1613.66851,0.0830134762239909
1613.66851,0.1074344791117072
1615.73598,0.10148212248618382
1615.73598,0.08721246396426129
1615.73598,0.02065629488355393
1615.73598,0.07979648252762651
1615.73598,0.08278806993811191
1615.73598,0.07254497098413364
1617.80344,0.04528124064354798
1617.80344,0.03155279861135838
1617.80344,0.03233236764814031
1617.80344,0.022298069082465396
1617.80344,0.06871366896782378
1617.80344,0.00539759660582651
1617.80344,0.06738763432755875
1617.80344,0.06478045269524144
1617.80344,0.022554124357032055
1617.80344,0.008151868905585839
1617.80344,0.05188766050968264
1619.8709,0.0
1621.93836,0.0
1624.00583,0.00539653508591483
1626.07329,0.0
1628.14075,0.01054666324543206
1630.20821,0.06037157490712092
1632.27568,0.08665919393568891
1634.34314,0.13643336746192888
1636.4106,0.15410617460351583
1638.47806,0.18550793129198362
1640.54553,0.21872156419195846
1642.61299,0.23072055649703488
1698.43448,0.430429002329272
1698.43448,0.452651320694659
1698.43448,0.4517235660009553
1700.50194,0.437686605616296
1702.5694,0.4279986824522722
1702.5694,0.42197775482667915
1702.5694,0.4314340802169261
1704.63686,0.39386444823587813
1706.70433,0.29085219794622896
1706.70433,0.2627193973755405
1706.70433,0.38318594491971203
1706.70433,0.26840547593365743
1706.70433,0.25846842261777087
1708.77179,0.23221674946573073
1708.77179,0.3872909507610534
1708.77179,0.3783077487920996
1708.77179,0.22245482017452453
1708.77179,0.2440631929886284
1708.77179,0.21556053033362174
1708.77179,0.24548225967112308
1708.77179,0.26432148794182764
1708.77179,0.23751304550275912
1710.83925,0.18097079849390973
1710.83925,0.20155810978546582
1710.83925,0.3643960200320938
1710.83925,0.29266728519698987
1710.83925,0.36113803852849974
1710.83925,0.3421531037669831
1710.83925,0.3784632029773902
1710.83925,0.3725993328134461
1710.83925,0.28827271637460905
1710.83925,0.22739557814191225
1710.83925,0.2757029139792735
1712.90671,0.1655776157329338
1712.90671,0.1963085924812639
1712.90671,0.19186976503949632
1712.90671,0.3156900960220579
1712.90671,0.2927006981802924
1712.90671,0.199022183627421
1712.90671,0.3515167027032029
1712.90671,0.3385503611799116
1712.90671,0.3235091931567922
1712.90671,0.18330824749845587
1712.90671,0.3451482135279968
1714.97418,0.31221924258327605
1714.97418,0.3099867436216042
1714.97418,0.32198972705792933
1714.97418,0.3314675503981233
1714.97418,0.3069113980378034
1714.97418,0.15865841131138667
1717.04164,0.14580370847852162
1719.1091,0.14527316869911727
1721.17656,0.14873206254515237
1723.24403,0.1485449044005243
1723.24403,0.1390447177849317
1725.31149,0.11181870409484106
1725.31149,0.11754574429798387
1725.31149,0.13779168798221839
1725.31149,0.15532196309558077
1727.37895,0.12560295066777652
1727.37895,0.14228566349604102
1727.37895,0.09916655551172764
1727.37895,0.12565639542583473
1729.44641,0.10311582349180641
1729.44641,0.11945236148762031
1729.44641,0.08787504615631521
1729.44641,0.14585832254105555
1729.44641,0.13719367567505086
1729.44641,0.10145172224724973
1729.44641,0.15059056558949396
1729.44641,0.07891951282711404
1729.44641,0.12217538786911983
1731.51388,0.05701375039029378
1731.51388,0.07360793401734367
1731.51388,0.05855601159737573
1731.51388,0.08299074944846861
1731.51388,0.08429567298131914
1733.58134,0.05788900991440229
1733.58134,0.07514388545866818
1733.58134,0.036365722068980234
1735.6488,0.035997071790147175
1735.6488,0.030734953093258768
1735.6488,0.06106503368385762
1737.71626,0.026665664372753015
1737.71626,0.06360244976367942
1737.71626,0.02334241529700892
1739.78373,0.011553558977364452
1739.78373,0.04015156343736944
1741.85119,0.016283224255025895
1741.85119,0.03707590521732592
1743.91865,0.05200448901630597
1743.91865,0.02124424962676101
1745.98611,0.05910202366807893
1745.98611,0.017083482524161364
1748.05358,0.02441725467911515
1748.05358,0.07269874699440766
1750.12104,0.10327207735252385
1750.12104,0.01814588705579774
1752.1885,0.15371298178970175
1754.25596,0.19002584992738583
1756.32343,0.23525404771423405
1758.39089,0.27395581956887816
1760.45835,0.3069197712567922
1762.52581,0.3253250080788609
1764.59328,0.34644913332432675
1766.66074,0.37656831462372076
1768.7282,0.3799855670170632
1770.79566,0.3683735574354418
1772.86313,0.3582738147196181
1774.93059,0.32615212696251566
1776.99805,0.30948961669866776
1779.06551,0.28130554651777917
1781.13298,0.2593447038172943
1783.20044,0.24693040730229474
1785.2679,0.22961383928398033
1787.33536,0.2237474395802429
1789.40283,0.20412461794719475
1791.47029,0.2063017220108522
1793.53775,0.23210242069778594
1795.60521,0.24316931132213765
1797.67268,0.25537094627070134
1799.74014,0.26141839587583177
1801.8076,0.2814769359307499
1803.87506,0.2835394075401645
1805.94252,0.2721466054404979
1808.00999,0.2590939251911861
1810.07745,0.23658666683280383
1812.14491,0.22312898594076186
1812.14491,0.26155148600126643
1812.14491,0.2554179188963863
1812.14491,0.26590393341037905
1812.14491,0.2765779827239844
1814.21237,0.2334982559660716
1814.21237,0.24753298754415395
1814.21237,0.14306909948803362
1814.21237,0.27407112904858444
1814.21237,0.2540362464751972
1814.21237,0.23362375420381795
1814.21237,0.19720273495623195
1814.21237,0.21971171544280396
1814.21237,0.14105538548476731
1816.27984,0.15845592712247292
1816.27984,0.12493963838984315
1816.27984,0.19620484967491955
1816.27984,0.215847317957971
1816.27984,0.2117713665981628
1816.27984,0.2206723923450126
1816.27984,0.1797049733929417
1816.27984,0.20189677083653781
1816.27984,0.19098625716729445
1816.27984,0.2272301786177014
1816.27984,0.14451086845663458
1816.27984,0.1410161492342923
1816.27984,0.15959373547527067
1818.3473,0.15502273274265618
1818.3473,0.1512453060433931
1818.3473,0.14826468271273974
1818.3473,0.10870370566541489
1818.3473,0.10733045872716111
1820.41476,0.10503964262794585
1820.41476,0.1568489230744507
1820.41476,0.13964927506505376
1820.41476,0.139139621947668
1822.48222,0.08517981187356827
1822.48222,0.1260453945065796
1822.48222,0.08919678217475488
1822.48222,0.09044324530864753
1824.54969,0.13731387265458492
1826.61715,0.16638118007492336
1828.68461,0.16994045439258829
1830.75207,0.19780117940006703
1832.81954,0.2068413562246694
1834.887,0.20087722893780383
1836.95446,0.21383629086755368
1839.02192,0.18224065207651804
1841.08939,0.1676257734819189
1843.15685,0.15382739982201757
1845.22431,0.14860710080008951
1847.29177,0.11574602418570315
1849.35924,0.1100851303494394
1851.4267,0.08319835089051585
1853.49416,0.05632746841940213
1855.56162,0.032503767140225945
1857.62909,0.02985945416102602
1859.69655,0.020093039195792774
1859.69655,0.005462525844511746
1859.69655,0.0
1859.69655,0.008666767220877258
1861.76401,0.0016388325061027832
1861.76401,0.03905721951008357
1863.83147,0.07729489178091273
1863.83147,0.029955382330442818
1863.83147,0.05522326308740587
1865.89894,0.04420000623303804
1865.89894,0.07838658570853463
1865.89894,0.03135964120680873
1865.89894,0.028329339705317716
1865.89894,0.05592864172196134
1867.9664,0.11428433638620486
1867.9664,0.0751956543182372
1870.03386,0.09686763130527458
1870.03386,0.06831817114461378
1870.03386,0.07808115142517197
1870.03386,0.08386657577886088
1870.03386,0.08976365265633024
1870.03386,0.1302725325997983
1870.03386,0.10440904135968881
1872.10132,0.1383595475948502
1872.10132,0.12810489039035108
1872.10132,0.15849480350247402
1872.10132,0.11745014042648441
1872.10132,0.10522376926122316
1872.10132,0.11907374013295385
1874.16879,0.18112007244750428
1874.16879,0.1312489065745739
1874.16879,0.14067874486058618
1876.23625,0.15203246842854692
1876.23625,0.18223774829650102
1876.23625,0.17658931377880496
1876.23625,0.16370757450573262
1876.23625,0.16366506969166364
1876.23625,0.1992172265288418
1876.23625,0.21059228670643168
1878.30371,0.18648692086295265
1878.30371,0.1822275728759107
1878.30371,0.2070298075553063
1878.30371,0.19101488276910703
1878.30371,0.2297704683419046
1878.30371,0.2153924562752074
1878.30371,0.20827416649363442
1878.30371,0.2395622822707612
1878.30371,0.22013672637584555
1878.30371,0.2381383860440652
1878.30371,0.24688399453251803
1878.30371,0.23035458482559246
1878.30371,0.24441291538099136
1880.37117,0.23514398084577265
1880.37117,0.23284672252881544
1880.37117,0.23775538202874308
1882.43864,0.24418481253096244
1882.43864,0.24858980756190077
1882.43864,0.2556396088600036
1884.5061,0.2532657610111772
1884.5061,0.2459181219399192
1884.5061,0.24667120155847846
1886.57356,0.22030033186988957
1886.57356,0.24748526836169096
1886.57356,0.22563230436680867
1888.64102,0.24832887121089361
1888.64102,0.21095610970337675
1888.64102,0.24436317277682254
1888.64102,0.2059060546416945
1890.70849,0.23022640244633083
1890.70849,0.21574235964904784
1890.70849,0.19025921534548793
1890.70849,0.22045397605282974
1890.70849,0.18642784404883714
1890.70849,0.23467968228588343
1892.77595,0.2332996848340087
1892.77595,0.1623594336943957
1892.77595,0.19009918857517988
1892.77595,0.20097049023086197
1892.77595,0.19692132718160257
1892.77595,0.1580613220626954
1892.77595,0.2034672078006783
1894.84341,0.15936707328122554
1894.84341,0.18447831283641716
1894.84341,0.19063613720285094
1894.84341,0.15432677427285743
1896.91087,0.12069578574620989
1896.91087,0.16530243765468428
1896.91087,0.19234276215260457
1896.91087,0.12414509418861261
1896.91087,0.16882984307171914
1898.97834,0.12732322099937218
1898.97834,0.13440266788089295
1898.97834,0.16557677364982945
1901.0458,0.13342715721780918
1901.0458,0.1324356443201147
1901.0458,0.16705505722419595
1903.11326,0.14698405680321563
1903.11326,0.13644978802080818
1903.11326,0.17949254959337238
1905.18072,0.1567684777791501
1905.18072,0.15854035760170743
1905.18072,0.18231925656023357
1905.18072,0.16209730845554424
1907.24819,0.1724477963268788
1907.24819,0.18506284061009262
1907.24819,0.20452370054382898
1907.24819,0.21743836984509646
1907.24819,0.19750853038147734
1907.24819,0.18340968616489783
1907.24819,0.22738217487441445
1907.24819,0.1901211095015474
1907.24819,0.20367407094509465
1909.31565,0.19420267848860093
1909.31565,0.1966372566466889
1911.38311,0.18374236601446722
1911.38311,0.17591328399165643
1913.45057,0.17233509757405516
1913.45057,0.17973158458845712
1915.51804,0.1762386869564328
1915.51804,0.17006004842108843
1917.5855,0.16311363929966696
1917.5855,0.15377323481492053
1919.65296,0.15851040182902643
1919.65296,0.1469740768749697
1921.72042,0.14565880416051605
1921.72042,0.14521032124958513
1923.78789,0.14050441856651222
1923.78789,0.13713759179906343
1925.85535,0.11087769682211646
1925.85535,0.10500416085091942
1927.92281,0.09611818383214352
1927.92281,0.09509284656960662
1929.99027,0.0796143885903575
1929.99027,0.06513293640388178
1932.05774,0.07552141951238275
1932.05774,0.07437174532729042
1934.1252,0.06300288118882787
1934.1252,0.0616686589640491
1936.19266,0.10183725519119785
1936.19266,0.10226279193845096
1938.26012,0.11755257711136033
1938.26012,0.11912736367015211
1940.32759,0.1285819850476793
1940.32759,0.1256243310122069
1942.39505,0.13888080505358188
1942.39505,0.1479292784837217
1944.46251,0.16640716818786697
1944.46251,0.17984297029270904
1946.52997,0.18217646271911547
1946.52997,0.1814228764413462
1948.59744,0.1793735259841355
1948.59744,0.18277224395758193
1950.6649,0.15759408549543324
1950.6649,0.15263375902752438
1952.73236,0.1112935557544872
1952.73236,0.1220839007793465
1954.79982,0.09569181183552665
1954.79982,0.08012951970515171
1956.86729,0.06829485974117896
1956.86729,0.05689790001804916
1958.93475,0.03376456243843077
1958.93475,0.035755036306821524
1961.00221,0.0047384450820644785
1961.00221,0.004400299279508118
1963.06967,0.0
1963.06967,0.0
1965.13714,0.0
1965.13714,0.012473816474390177
1967.2046,0.013370496772551532
1967.2046,0.0
1969.27206,0.011494022698914802
1969.27206,0.011833075928757531
1971.33952,0.051977635195928684
1973.40699,0.0853970970815304
1975.47445,0.10110975871431709
1977.54191,0.1355264627754881
1979.60937,0.15518540096798714
1981.67684,0.15993695172309533
1983.7443,0.1478466386127483
1985.81176,0.12739828541752152
1987.87922,0.11479059943450211
1989.94669,0.10740821628793223
1992.01415,0.0717937557507732
1994.08161,0.051079184266574935
1996.14907,0.032243448288668035
1998.21653,0.027418323246035537
2000.284,0.02989458555987695
2002.35146,0.03609620305762504
2004.41892,0.04451383116400043
2006.48638,0.06736247271178177
2008.55385,0.08796455441026198
2010.62131,0.13256840159662073
2012.68877,0.1456086169536727
2014.75623,0.17486700498950009
2016.8237,0.18682020068799862
2018.89116,0.19615311167338928
2020.95862,0.202018920440153
2023.02608,0.2092821081433243
2025.09355,0.1969254199995666
2027.16101,0.19641683605884347
2029.22847,0.175804282910524
2031.29593,0.14938797901360698
2033.3634,0.13847245136024197
2035.43086,0.13273162002122596
2037.49832,0.1094317309628923
2039.56578,0.09591519795237353
2041.63325,0.09067756923066332
2043.70071,0.06925259559531688
2045.76817,0.08125517111498987
2047.83563,0.07598279557326
2049.9031,0.09937256665512928
2051.97056,0.1150096357743905
2054.03802,0.13672699462958177
2056.10548,0.16662913650618374
2058.17295,0.19308567925038883
2060.24041,0.22394492551941816
2062.30787,0.23121984597559078
2064.37533,0.2621392919603912
2066.4428,0.2588954237435443
2068.51026,0.23667324350441105
2070.57772,0.21232536252625536
2072.64518,0.20137225973492642
2074.71265,0.18019622854826464
2076.78011,0.15643616667086857
2078.84757,0.13057001813071137
2080.91503,0.12834335692583076
2082.9825,0.14327994276252837
2085.04996,0.155113663400704
2087.11742,0.16486649174524862
2089.18488,0.19204712608308425
2091.25235,0.19657287597729153
2093.31981,0.2090186544250082
2095.38727,0.20762086826010356
2097.45473,0.20030337515186267
2099.5222,0.20212400065870553
2101.58966,0.1886702496496863
2103.65712,0.19089211834330772
2105.72458,0.1894571216395695
2107.79205,0.19966251803572907
2109.85951,0.206381058463331
2111.92697,0.21525289665879793
2113.99443,0.2394694702834254
2116.0619,0.26984121356000573
2118.12936,0.27203461869982515
2120.19682,0.2774138973733389
2122.26428,0.28922498883973075
2122.26428,0.3210502901371187
2122.26428,0.3207672571695689
2122.26428,0.3145782983034572
2124.33175,0.2680580776396071
2124.33175,0.3036490377144336
2126.39921,0.29697226802673016
2126.39921,0.2631391593683551
2126.39921,0.2823529117135204
2126.39921,0.31422991603120276
2128.46667,0.2794847256773352
2128.46667,0.25809101188904615
2128.46667,0.21858586004700342
2130.53413,0.12608842698586262
2130.53413,0.2531204278980736
2130.53413,0.14177284721027894
2130.53413,0.2496013967200012
2130.53413,0.19489535665283245
2130.53413,0.24656331676378457
2130.53413,0.2592681310627687
2130.53413,0.13361765703629924
2130.53413,0.13375354720361854
2130.53413,0.1278349801800709
2130.53413,0.25650417358633976
2132.6016,0.13699386830117188
2132.6016,0.05617845452516906
2132.6016,0.0848164625846362
2132.6016,0.23762428908023922
2132.6016,0.24659903544121986
2132.6016,0.23446119690911701
2132.6016,0.15008060644767715
2132.6016,0.04290284661271932
2132.6016,0.09181243775872334
2132.6016,0.08674181755720707
2132.6016,0.12671194462247562
2132.6016,0.06306551731139004
2134.66906,0.20496245325715778
2134.66906,0.20635627413356733
2134.66906,0.20879511629086808
2134.66906,0.0889869224798496
2134.66906,0.13533921204376753
2134.66906,0.10381113781348855
2134.66906,0.03562862448670307
2134.66906,0.2000124468940326
2134.66906,0.008413905192094314
2134.66906,0.0
2134.66906,0.0
2134.66906,0.002221597358058089
2134.66906,0.005996564132659526
2134.66906,0.0501518634377294
2134.66906,0.044569248841707716
2134.66906,0.01157289220271606
2136.73652,0.062890676599549
2136.73652,0.005053779932225076
2136.73652,0.1394420644408188
2136.73652,0.08373204903875414
2136.73652,0.1620302601148962
2136.73652,0.07550056751873387
2138.80398,0.15586961342188752
2138.80398,0.17194914697732866
2138.80398,0.024793924366551062
2138.80398,0.17108963027681603
2138.80398,0.048405190970357524
2138.80398,0.010050166530246507
2138.80398,0.007780969653135944
2138.80398,0.007896321317478965
2138.80398,0.16656207315792412
2138.80398,0.14721403376951003
2138.80398,0.054801811819064856
2140.87145,0.0010388869559095205
2140.87145,0.012127631674576717
2140.87145,0.008534204708959667
2140.87145,0.007752090049839919
2140.87145,0.0003822652055376502
2142.93891,0.008699870048270724
2142.93891,0.01044013016648035
2145.00637,0.005194103941402097
2145.00637,0.0023554773046926022
2147.07383,0.003342702748954253
2147.07383,0.002419192608079229
2149.1413,0.0005858670067801274
2149.1413,0.011750482945467449
2151.20876,0.012505200172759764
2151.20876,0.005357279492840782
2153.27622,0.0037841486002613716
2153.27622,0.0
2155.34368,0.0027529988865122542
2155.34368,0.008518248321709724
2157.41115,0.011601743034657037
2157.41115,0.015457377169614876
2159.47861,0.0028916377978032925
2159.47861,0.0
2161.54607,0.007116117785084644
2161.54607,0.009121491286060655
2163.61353,0.0
2163.61353,0.0
2165.681,0.0
2165.681,0.0
2167.74846,0.0
2167.74846,0.006224650932271747
2169.81592,0.0
2169.81592,0.0
2171.88338,0.0
2171.88338,0.007258813523989919
2173.95085,0.0
2173.95085,0.0058588948160168235
2176.01831,0.0
2176.01831,0.006439203001893584
2178.08577,0.004180586433390468
2178.08577,0.001937058320051016
2180.15323,0.0
2180.15323,0.0
2182.2207,0.014221056519517043
2182.2207,0.027176592380350324
2184.28816,0.05501313251261681
2184.28816,0.053296271561361803
2186.35562,0.07641000864993927
2186.35562,0.09658696352686827
2188.42308,0.1325761570477803
2188.42308,0.135478796871183
2190.49054,0.179237629731391
2190.49054,0.18261565935215357
2192.55801,0.20305459067216164
2192.55801,0.19169533100857195
2194.62547,0.213066740400589
2194.62547,0.2124844884351775
2194.62547,0.22018813554718522
2196.69293,0.24336571493050213
2196.69293,0.23590175854024148
2196.69293,0.2438648519973386
2198.76039,0.25639405421455985
2198.76039,0.2635128516567271
2198.76039,0.2518610098365485
2200.82786,0.28138389700190114
2200.82786,0.2813969209715586
2200.82786,0.27301091174071485
2202.89532,0.2720995815897462
2202.89532,0.27424763337938657
2202.89532,0.2760525194569691
2204.96278,0.266111359649812
2204.96278,0.2597940270133767
2204.96278,0.2646680419473481
2207.03024,0.2391967010173933
2207.03024,0.2434279816609909
2207.03024,0.2527765453302918
2209.09771,0.2574369558052484
2209.09771,0.253011838894418
2209.09771,0.24310428189233468
2211.16517,0.2229229191980882
2211.16517,0.22014233633082808
2211.16517,0.21055132594002393
2213.23263,0.19414098518922862
2213.23263,0.2098936867818406
2213.23263,0.20504693044948144
2215.30009,0.1795655873269552
2215.30009,0.1798526952968134
2217.36756,0.14776488575383542
2217.36756,0.14690365275209916
2219.43502,0.12094901300424324
2219.43502,0.12394329517838293
2221.50248,0.11397565502880193
2221.50248,0.11880443321253037
2223.56994,0.10292117923597449
2223.56994,0.10278481055024191
2225.63741,0.11807163503664626
2225.63741,0.12623008979368242
2227.70487,0.14068322857398316
2227.70487,0.13622825297846558
2229.77233,0.1456129516506684
2229.77233,0.14636159064448576
2231.83979,0.17195204368995914
2231.83979,0.1827636795178063
2233.90726,0.23427791142053309
2233.90726,0.238846883982049
2233.90726,0.21112657167469412
2233.90726,0.20935147625130107
2233.90726,0.2468326393494167
2235.97472,0.2340734331874583
2235.97472,0.197926136178279
2235.97472,0.19911440665596955
2238.04218,0.21049912240547924
2238.04218,0.19658554356806188
2238.04218,0.2043549306161989
2238.04218,0.20153744273788196
2238.04218,0.19421519751726476
2238.04218,0.19873097730100625
2238.04218,0.20532778526377538
2238.04218,0.21678469900675493
2238.04218,0.18562773131496993
2238.04218,0.22211479390084604
2240.10964,0.18010869489051937
2240.10964,0.19650802643615933
2240.10964,0.1778758918128239
2242.17711,0.18382587614730123
2242.17711,0.18587957965366775
2242.17711,0.19259212194787675
2244.24457,0.17294759532459944
2244.24457,0.18154466421932647
2244.24457,0.17327794370549807
2246.31203,0.1543871588210819
2246.31203,0.15135073410387784
2246.31203,0.14488050553599996
2248.37949,0.06459064193039435
2248.37949,0.0605402842291846
2248.37949,0.10935377189287064
2248.37949,0.08619384369468651
2248.37949,0.15065540190244142
2248.37949,0.14971107468288278
2248.37949,0.15390911826759476
2248.37949,0.11501851477955377
2248.37949,0.06586898499754558
2250.44696,0.047224646489363635
2250.44696,0.12555207619175457
2250.44696,0.025839031945862262
2250.44696,0.030314735310203407
2250.44696,0.08840393797093375
2250.44696,0.036342222145285236
2250.44696,0.07310667363100086
2250.44696,0.036067903465979774
2250.44696,0.08565767954410279
2250.44696,0.08080235755072197
2250.44696,0.07316837833755897
2252.51442,0.03447577494905013
2252.51442,0.014363407640489713
2252.51442,0.09914137117773414
2252.51442,0.14204762638177468
2252.51442,0.04419639402320315
2254.58188,0.018397146131894006
2254.58188,0.10863606821246388
2254.58188,0.11633191556241315
2254.58188,0.018637484669425105
2254.58188,0.1251294150080792
2254.58188,0.008410076761662295
2256.64934,0.01842599558431952
2256.64934,0.0036447095122373063
2256.64934,0.0
2256.64934,0.0
2256.64934,0.001329463642887477
2256.64934,0.011201173040805607
2256.64934,0.0
2256.64934,0.0
2256.64934,0.0003907023166702727
2256.64934,0.003580909150039746
2256.64934,0.0
2256.64934,0.10880795551642891
2256.64934,0.002911058086844127
2256.64934,0.0070476340203272
2256.64934,0.016728089789044713
2256.64934,0.10473662974132164
2256.64934,0.0016615906522841441
2258.71681,0.01036828699253616
2258.71681,0.0
2258.71681,0.0010274127459743453
2258.71681,0.0
2258.71681,0.012686954838341832
2258.71681,0.0015235747960474467
2258.71681,0.000752513272191432
2258.71681,0.0
2258.71681,0.00783810237035645
2260.78427,0.0
2260.78427,0.0
2260.78427,0.00384644496343505
2260.78427,0.0
2260.78427,0.003855730019332054
2260.78427,0.0
2260.78427,0.007423251313179936
2260.78427,0.0
2262.85173,0.004055664968775639
2262.85173,0.0
2264.91919,0.00012135835217556932
2264.91919,0.0
2266.98666,0.0
2266.98666,0.0
2269.05412,0.0
2269.05412,0.0
2271.12158,0.0
2271.12158,0.003407562437357518
2273.18904,0.0
2273.18904,0.0
2275.25651,0.011835175176271615
2275.25651,0.0
2277.32397,0.0
2277.32397,0.003022871248577274
2279.39143,0.0
2279.39143,0.0025391457251505703
2281.45889,0.0
2281.45889,0.007920752600813838
2283.52636,0.0
2283.52636,0.0
2285.59382,0.0
2285.59382,0.0015198820188161645
2287.66128,0.00025961692856564316
2287.66128,0.0
2289.72874,0.007682107294780754
2289.72874,0.005967210384545925
2289.72874,0.0028491132856316016
2289.72874,0.0029393194171908658
2289.72874,0.016219671419629635
2291.79621,0.0
2291.79621,0.00519829349534041
2291.79621,0.0
2291.79621,0.0030697282317313024
2293.86367,0.023908515310401068
2293.86367,0.007421903408730176
2293.86367,0.0007202792160460155
2293.86367,0.0018503903015645886
2293.86367,0.014372391792588807
2293.86367,0.0
2293.86367,0.00897668302606801
2295.93113,0.060382600339686836
2295.93113,0.009638025638769728
2295.93113,0.050641120665864736
2295.93113,0.0
2295.93113,0.0
2297.99859,0.00663784771534848
2297.99859,0.010740296451843748
2297.99859,0.07058742075320734
2297.99859,0.025296493639885478
2297.99859,0.09620444113987914
2297.99859,0.08134315664732626
2297.99859,0.09991773112017227
2297.99859,0.06602326028299556
2297.99859,0.008214226010189814
2300.06606,0.03105761546874731
2300.06606,0.1469078868293308
2300.06606,0.14894839953140168
2300.06606,0.15905714128853937
2300.06606,0.06535310874859722
2300.06606,0.017168633187355082
2300.06606,0.14014434935770903
2300.06606,0.03945029260761956
2300.06606,0.1647345758418116
2300.06606,0.1055100674532562
2300.06606,0.17766249994828154
2300.06606,0.14401724854004136
2302.13352,0.051217632881759116
2302.13352,0.09563113366407791
2302.13352,0.11015702854133332
2302.13352,0.0852736560977076
2302.13352,0.07095258844075826
2302.13352,0.19490050067728848
2302.13352,0.1592107555489535
2302.13352,0.12532870246001687
2302.13352,0.18759521030839735
2302.13352,0.18641339501837656
2302.13352,0.21029510531741635
2302.13352,0.07657005300387523
2302.13352,0.1878166857405113
2302.13352,0.20985461288324747
2302.13352,0.2052024928598388
2302.13352,0.16684579525025117
2302.13352,0.2224365444894852
2304.20098,0.4089154545786848
2304.20098,0.2942766700791777
2304.20098,0.24004088951821598
2304.20098,0.26897273574940006
2304.20098,0.28396776475892715
2304.20098,0.39622513278490806
2304.20098,0.39883116159559634
2304.20098,0.4102185680466099
2304.20098,0.4042578396415494
2304.20098,0.17032255290586665
2304.20098,0.23081277440680598
2304.20098,0.24740165789765728
2304.20098,0.28732769686434784
2304.20098,0.3885608748536675
2304.20098,0.24486571396844525
2304.20098,0.14436078580404962
2304.20098,0.14870317149117515
2306.26844,0.47785775796306085
2306.26844,0.4875683603400635
2306.26844,0.3229132402996163
2306.26844,0.4208071537559062
2306.26844,0.2987802485475405
2306.26844,0.5025341302296568
2306.26844,0.39658503369234493
2306.26844,0.5182075327072599
2306.26844,0.30760496995441966
2306.26844,0.4933347232061317
2306.26844,0.32547816102531235
2306.26844,0.3073532509345502
2306.26844,0.34191045026932904
2306.26844,0.26129944364509483
2306.26844,0.31103344266075184
2306.26844,0.29858516174090316
2306.26844,0.5018234992341825
2306.26844,0.36352092187560814
2306.26844,0.4992382283113722
2306.26844,0.303615706065487
2308.33591,0.5674297802463353
2308.33591,0.5480591241298552
2308.33591,0.46873198561093654
2308.33591,0.4947304628866658
2308.33591,0.4442463584071104
2308.33591,0.3503914230059613
2308.33591,0.37807217969596196
2308.33591,0.5833068782563547
2308.33591,0.5395937287241657
2308.33591,0.5922701969954125
2308.33591,0.38347927494050066
2308.33591,0.3777564450235891
2308.33591,0.3403260912418726
2308.33591,0.35492506037585597
2308.33591,0.39232292407050656
2308.33591,0.5404585396010831
2310.40337,0.6703986482921317
2310.40337,0.50179379837194
2310.40337,0.3534041898908009
2310.40337,0.47250713574811987
2310.40337,0.5583092257140121
2310.40337,0.6634595058246092
2310.40337,0.37822810680991104
2310.40337,0.4325483226283051
2310.40337,0.369607927229548
2310.40337,0.3791344018626499
2310.40337,0.40378497475393943
2310.40337,0.3850874694306292
2310.40337,0.6794071338606946
2310.40337,0.6731346453634697
2310.40337,0.4255253689107274
2310.40337,0.3681696067163221
2310.40337,0.3904606959513865
2310.40337,0.45612476526509
2310.40337,0.5964598798099711
2310.40337,0.5884494252480297
2312.47083,0.5793600278694544
2312.47083,0.5014502917138666
2312.47083,0.6253100139197408
2312.47083,0.6566001816087529
2312.47083,0.5075829121479589
2312.47083,0.6011867353431444
2312.47083,0.5633109731684933
2312.47083,0.46760419147105875
2312.47083,0.434404374294312
2312.47083,0.4489968809196751
2312.47083,0.6864471343987343
2314.53829,0.6318155773454454
2314.53829,0.5092715608493766
2314.53829,0.6257964567302186
2314.53829,0.6947740985830353
2314.53829,0.6628282517896528
2314.53829,0.5780846873527394
2314.53829,0.569803751884316
2314.53829,0.4990425353908268
2314.53829,0.6169689838201562
2314.53829,0.6390302210671954
2316.60576,0.7502358504406422
2316.60576,0.7612087993742848
2316.60576,0.5634034821640556
2316.60576,0.7141706629197307
2316.60576,0.7851101133225936
2316.60576,0.5670857194933417
2316.60576,0.8071917215620221
2316.60576,0.7989892622079315
2316.60576,0.6745312226436943
2316.60576,0.6583226280620309
2316.60576,0.6557933013622126
2316.60576,0.7235174824056517
2316.60576,0.7150961094910269
2316.60576,0.6642638362034402
2316.60576,0.7704743663979962
2316.60576,0.8289072014656709
2318.67322,0.8381791194020959
2318.67322,0.7737734470957267
2318.67322,0.7950508754826183
2318.67322,0.7483804910564381
2318.67322,0.7974666441858164
2318.67322,0.8049180383827634
2318.67322,0.7720092069552659
2318.67322,0.7341470152954493
2318.67322,0.733709209803655
2318.67322,0.7961900853816761
2318.67322,0.7510160090927479
2318.67322,0.7578481568703898
2320.74068,0.8008806833523985
2320.74068,0.8709550208025487
2320.74068,0.8867014137616019
2320.74068,0.8814374889264591
2320.74068,0.8483830359327827
2320.74068,0.896111225941564
2320.74068,0.8558345525742372
2320.74068,0.8811701440936919
2320.74068,0.8862008941839229
2322.80814,0.8413521600657787
2322.80814,0.8615376731552111
2322.80814,0.8852203475424694
2322.80814,0.8595485875143553
2322.80814,0.8468495121781279
2324.87561,0.90205534684422
2326.94307,0.9464346642232917
2326.94307,0.912034506167432
2326.94307,0.9550023179068674
2329.01053,0.934703000621054
2329.01053,0.906129267862497
2329.01053,0.95369644616329
2331.07799,0.9092845185852845
2331.07799,0.9157571407155536
2331.07799,0.9596652261711557
2331.07799,0.9241297991223811
2331.07799,0.9542264228720295
2331.07799,0.9110580233344615
2331.07799,0.9400892985088473
2331.07799,0.9069116986658841
2331.07799,0.9647758431136111
2333.14546,0.9843170620615992
2333.14546,0.9759902291436992
2333.14546,0.9938629469107854
2333.14546,0.9978528832184962
2335.21292,0.9939842086936634
2335.21292,0.98616139995404
2335.21292,1.0
2335.21292,0.9646288556012981
2337.28038,0.9118767167311367
2337.28038,0.9063175425628839
2337.28038,0.9738782790008063
2337.28038,0.9322135966968469
2337.28038,0.9175755760718481
2339.34784,0.954934390240096
2339.34784,0.9570272093296872
2339.34784,0.8372014754640731
2339.34784,0.9534400021248708
2339.34784,0.8884134972415176
2339.34784,0.8153619681687053
2339.34784,0.8013334535057941
2339.34784,0.7929699771089946
2339.34784,0.8037491862997485
2339.34784,0.8989747017551256
2339.34784,0.9122054874516554
2339.34784,0.8227203363003295
2341.41531,0.8068716039743519
2341.41531,0.8322980933261919
2341.41531,0.8913230922947779
2341.41531,0.9546888926554095
2341.41531,0.937926139877038
2341.41531,0.9396925605415208
2343.48277,0.7870280448094104
2343.48277,0.8934634912326576
2343.48277,0.8434502477290435
2343.48277,0.7747980371927974
2343.48277,0.867137472118558
2343.48277,0.8022137732886159
2343.48277,0.8882859128284096
2343.48277,0.950052532290573
2343.48277,0.7631873461581662
2343.48277,0.7656390260290321
2343.48277,0.8491243430618288
2343.48277,0.8285780624770037
2343.48277,0.8394501596703535
2343.48277,0.7786435456826202
2345.55023,0.7497302241868177
2345.55023,0.8634917083744423
2345.55023,0.7908951650663802
2345.55023,0.7905976985130004
2345.55023,0.8804970633125797
2345.55023,0.8580679114964699
2345.55023,0.7275952153572747
2345.55023,0.7304272204237092
2345.55023,0.8537136988224745
2345.55023,0.7238539716551048
2345.55023,0.7538179359584684
2345.55023,0.8360745460872773
2347.61769,0.7347812125055446
2347.61769,0.6500269138036343
2347.61769,0.6512155916838145
2347.61769,0.6213995153957013
2347.61769,0.7098121564852298
2347.61769,0.6292776816981808
2347.61769,0.6539858478526306
2347.61769,0.7020463108805761
2347.61769,0.6601717750140349
2347.61769,0.7154508747855498
2349.68516,0.6268031742592892
2349.68516,0.5802272938938042
2349.68516,0.5317523636848148
2349.68516,0.6308545269495929
2349.68516,0.6196795876279555
2349.68516,0.6776905103310306
2349.68516,0.5796078254750736
2349.68516,0.5924904065320307
2349.68516,0.6564388631676075
2349.68516,0.5975990318795332
2349.68516,0.5954802941069691
2349.68516,0.5312095399687767
2349.68516,0.5611019806397964
2351.75262,0.5731573083272268
2351.75262,0.5982010209155867
2351.75262,0.6012619101564181
2351.75262,0.511020237617367
2351.75262,0.49841904277422094
2351.75262,0.6589195334591548
2351.75262,0.6865975511349636
2351.75262,0.5713813547294333
2351.75262,0.6776375435155628
2351.75262,0.5530335821030388
2351.75262,0.6752554584634893
2353.82008,0.664677255406286
2353.82008,0.46802476208037447
2353.82008,0.48186065625858465
2353.82008,0.48682215969914056
2353.82008,0.5470296700189217
2353.82008,0.6692566151648623
2353.82008,0.5498556058456898
2353.82008,0.47389012267441194
2353.82008,0.5454206355204433
2353.82008,0.4883643253283684
2355.88754,0.5296801827795834
2355.88754,0.4845981007535373
2355.88754,0.37606859652014196
2355.88754,0.3909737920946614
2355.88754,0.40945036581033717
2355.88754,0.3771601025776035
2355.88754,0.43579330367576763
2355.88754,0.4332369336042979
2355.88754,0.45940354959064605
2355.88754,0.40746274298171464
2355.88754,0.39748380715071097
2357.95501,0.480114349852378
2357.95501,0.49439477321503517
2357.95501,0.5138806055253597
2357.95501,0.3836190740044423
2357.95501,0.39997433799109217
2357.95501,0.39429226071140105
2357.95501,0.49521357380159936
2357.95501,0.5040935677095473
2357.95501,0.45085334577252
2357.95501,0.3395982515497449
2357.95501,0.40713061537429407
2357.95501,0.3319952508556957
2357.95501,0.36592036319480165
2357.95501,0.3925466824088938
2357.95501,0.36828714560331344
2357.95501,0.4839254969020545
2360.02247,0.33965414242758063
2360.02247,0.4217962679635066
2360.02247,0.37018179483395586
2360.02247,0.44743492933531276
2360.02247,0.42567359887872086
2360.02247,0.377109793676209
2360.02247,0.36790661361183746
2360.02247,0.37865480520960565
2360.02247,0.44005743798327684
2362.08993,0.42642587114468944
2362.08993,0.322128585206938
2362.08993,0.32916687099561354
2362.08993,0.3209752839642821
2362.08993,0.4115068082202376
2362.08993,0.2931924883984833
2364.15739,0.23384096615108652
2364.15739,0.26570221485992024
2364.15739,0.29771673236209767
2364.15739,0.2989353240659469
2364.15739,0.3111950669181327
2364.15739,0.26894167672431707
2364.15739,0.24842770030740685
2364.15739,0.24883438287334908
2364.15739,0.254230630159664
2364.15739,0.2503908625538223
2364.15739,0.2773334810491494
2364.15739,0.2656836021919963
2364.15739,0.28861579980953567
2366.22486,0.2066194383745759
2366.22486,0.21735553302824573
2366.22486,0.19691458039699286
2366.22486,0.2525497836840077
2366.22486,0.23213241948826052
2366.22486,0.2651338640354336
2366.22486,0.18577777490847752
2366.22486,0.21392102528585838
2366.22486,0.18019796803167892
2366.22486,0.1991399653760938
2366.22486,0.21561364140708247
2366.22486,0.21384556666016497
2366.22486,0.19890780846013267
2368.29232,0.15435692503928936
2368.29232,0.1608293852201025
2368.29232,0.10276574028590144
2368.29232,0.19361582966553056
2368.29232,0.1716519977527345
2368.29232,0.13965646958279695
2370.35978,0.038766718575711005
2370.35978,0.05933255344362044
2370.35978,0.13057008402858336
2370.35978,0.11785814272234438
2370.35978,0.12393183237692891
2370.35978,0.1166549735167672
2370.35978,0.05029472601931456
2370.35978,0.029554361115760857
2370.35978,0.0760329481634625
2370.35978,0.01522506883515619
2370.35978,0.04394029267587754
2370.35978,0.09933771405766399
2370.35978,0.1475544362482297
2372.42724,0.08034971410380905
2372.42724,0.06737090693284369
2372.42724,0.08489222690787168
2372.42724,0.08074609697118017
2372.42724,0.10834614145749197
2372.42724,0.015697434576352066
2372.42724,0.10370135547342656
2372.42724,0.0829682779335053
2372.42724,0.10554583462862963
2372.42724,0.11918079199781904
2372.42724,0.06377848305308337
2374.49471,0.0035451311917472105
2374.49471,0.0
2374.49471,0.00870798389400888
2374.49471,0.04478455279077002
2374.49471,0.0
2374.49471,0.0
2374.49471,0.0
2374.49471,0.049564218602247065
2374.49471,0.0
2376.56217,0.0
2376.56217,0.0
2376.56217,0.005000207763963668
2376.56217,0.0019417225780051703
2376.56217,0.002371427939355989
2376.56217,0.008290516845829673
2376.56217,0.0
2376.56217,0.0
2376.56217,0.0
2378.62963,0.0
2378.62963,0.0
2378.62963,0.0
2378.62963,0.0
2378.62963,0.0059133611750027725
2378.62963,0.0
2378.62963,0.0009711496584912801
2378.62963,0.0
2378.62963,0.0
2378.62963,0.0004741643082796507
2380.69709,0.0
2380.69709,0.004398194975081004
2380.69709,0.0
2380.69709,0.0076861276869474
2380.69709,0.014010604755905515
2380.69709,0.006633023314032216
2380.69709,0.007304222233858729
2382.76455,0.004291598408131561
2382.76455,0.0012395132120319445
2382.76455,0.004330335637207201
2382.76455,0.006273718343015048
2382.76455,0.0160716675751623
2382.76455,0.000721909590871138
2382.76455,0.00022994713611197302
2384.83202,0.010570104247312995
2384.83202,0.004163975872655413
2384.83202,0.0
2384.83202,0.0
2384.83202,0.0036059611722796276
2384.83202,0.0
2386.89948,0.0
2386.89948,0.0
2386.89948,0.0
2386.89948,0.0
2388.96694,0.0
2388.96694,0.0
2388.96694,0.0
2388.96694,0.0021128742525421598
2388.96694,0.0
2391.0344,0.0
2391.0344,0.0
2393.10187,0.0
2393.10187,0.00520034125684952
2395.16933,0.027324976089509508
2395.16933,0.03196417343317647
2397.23679,0.11444638265855346
2397.23679,0.11467996315989351
2399.30425,0.18544035065591774
2399.30425,0.18993060018350935
2401.37172,0.2537824605260663
2401.37172,0.2621526309930032
2403.43918,0.305328664789376
2403.43918,0.3181904751691463
2405.50664,0.3360595868698583
2405.50664,0.34120739074774925
2407.5741,0.37682244378031976
2407.5741,0.37633706602463946
2409.64157,0.4072360510156726
2409.64157,0.4109344130571743
2411.70903,0.43679897448676486
2411.70903,0.44669980836082135
2413.77649,0.43844956756762493
2413.77649,0.43382896263172455
2415.84395,0.4151898692111946
2415.84395,0.40805609601200293
2417.91142,0.39495880334003064
2417.91142,0.3950090112873942
2419.97888,0.3702553424383032
2419.97888,0.37049148219580785
2422.04634,0.34831482729055324
2422.04634,0.33530027385430305
2424.1138,0.3300257873647019
2424.1138,0.3341041488890954
2426.18127,0.3005140100261063
2426.18127,0.30409809949088723
2428.24873,0.2790431592293979
2428.24873,0.2730572042788709
2430.31619,0.26456354330690307
2430.31619,0.2637284305407368
2432.38365,0.25495119053887166
2432.38365,0.23727282723185508
2434.45112,0.22886819184482723
2434.45112,0.22855609537666738
2436.51858,0.21032861673078546
2436.51858,0.2088627858960291
2438.58604,0.19983656599152094
2438.58604,0.18984909870652686
2440.6535,0.17330275621151023
2440.6535,0.16704236467781913
2442.72097,0.1478787256403548
2442.72097,0.13433913597979202
2444.78843,0.11520171002718811
2444.78843,0.11819874436168785
2446.85589,0.08348304420028056
2446.85589,0.06614724679480258
2448.92335,0.05685812317496588
2448.92335,0.057258124858568
2450.99082,0.0776386442026503
2450.99082,0.07173706858975767
2453.05828,0.09472619260817673
2453.05828,0.09392150623045228
2455.12574,0.13474699311755933
2455.12574,0.1350651281604824
2457.1932,0.12550025137561233
2457.1932,0.1297427082059039
2459.26067,0.13896877129538485
2459.26067,0.15387264263790162
2461.32813,0.19196780906763333
2461.32813,0.1886484699801624
2463.39559,0.20725076300098913
2463.39559,0.2149056475442893
2465.46305,0.2185065436163571
2465.46305,0.21210485712224045
2467.53052,0.25015770807784843
2467.53052,0.24109161247377964
2469.59798,0.2498987966173044
2469.59798,0.247786562435797
2471.66544,0.2643629124536433
2471.66544,0.26291442160677114
2473.7329,0.274992901799184
2473.7329,0.27370006350732773
2475.80037,0.2926153450057319
2475.80037,0.2898726242294081
2477.86783,0.3206453984602904
2477.86783,0.32101923967831464
2479.93529,0.3343741314234529
2479.93529,0.3429744913435565
2482.00275,0.36682798126194804
2482.00275,0.3615223689121714
2484.07022,0.39168999402516896
2484.07022,0.38443321047273715
2486.13768,0.38819597162663017
2486.13768,0.38961092346031184
2488.20514,0.4040987255593511
2488.20514,0.41144873142865135
2490.2726,0.40714831639352655
2490.2726,0.4194244753558886
2492.34007,0.39086043118734315
2492.34007,0.3907440685289895
2494.40753,0.3607014567181842
2494.40753,0.3515021612280124
2496.47499,0.3365167130841716
2496.47499,0.3382659367826885
2496.47499,0.31287020972712715
2498.54245,0.31272665590834964
2498.54245,0.3333828663438633
2498.54245,0.3288128307401731
2498.54245,0.27976819967325567
2498.54245,0.30085486297173275
2500.60992,0.2058110314507873
2500.60992,0.28574839798562873
2500.60992,0.17497185377869642
2500.60992,0.2958250363602325
2500.60992,0.29970705471373055
2500.60992,0.2610601019982146
2500.60992,0.1989976623754227
2500.60992,0.27115895177505217
2500.60992,0.3696282747356437
2500.60992,0.34665861800636427
2500.60992,0.2795246607869349
2500.60992,0.32123931426097535
2500.60992,0.3445487892334952
2502.67738,0.14166020389760886
2502.67738,0.32411560038932635
2502.67738,0.16972424512903883
2502.67738,0.22410077066015147
2502.67738,0.2055342771969089
2502.67738,0.2371528619309074
2502.67738,0.2530440486829249
2502.67738,0.37333671254930817
2502.67738,0.29203893702258
2502.67738,0.2784756242314873
2502.67738,0.2568681058525266
2502.67738,0.33354182940418553
2502.67738,0.2186793772792808
2502.67738,0.21654350606908795
2502.67738,0.34970661468367925
2502.67738,0.15935847244756776
2502.67738,0.23095181368895634
2502.67738,0.19323145093315952
2502.67738,0.16815345199991547
2502.67738,0.18339206966139895
2502.67738,0.2611814565187966
2502.67738,0.24383690713653416
2502.67738,0.19392216418549202
2502.67738,0.32316027097222993
2502.67738,0.14368761707505207
2502.67738,0.2393324636881272
2502.67738,0.24796012988700794
2504.74484,0.13627952041950997
2504.74484,0.2460338096246674
2504.74484,0.19737601862864193
2504.74484,0.1322931466180549
2504.74484,0.19426407326693854
2504.74484,0.2198667250501175
2506.8123,0.17058535995770285
2506.8123,0.1227798692870412
2506.8123,0.166375471624358
2506.8123,0.0775710736256698
2508.87977,0.12197094474615401
2508.87977,0.07665520022984078
2508.87977,0.06645310031263774
2508.87977,0.09767422251221587
2508.87977,0.0949623500176556
2508.87977,0.12284712576222456
2508.87977,0.08437932411842645
2510.94723,0.06939071988701569
2510.94723,0.10574303759140441
2510.94723,0.10466202686249328
2513.01469,0.09043389262511328
2513.01469,0.09280902332637092
2513.01469,0.046477815813070804
2515.08215,0.05255468525860436
2515.08215,0.023522371524430475
2515.08215,0.08290187355705642
2515.08215,0.08367662630229276
2515.08215,0.048143202150413004
2517.14962,0.10920393080278701
2517.14962,0.10669413125937285
2519.21708,0.1239906395293806
2519.21708,0.12820343427926414
2521.28454,0.14156291248272598
2521.28454,0.1465950016842555
2523.352,0.1587859140918424
2523.352,0.15719103126892156
2525.41947,0.18056499448603086
2525.41947,0.17261428848698188
2527.48693,0.20719118114912075
2527.48693,0.19865958410031315
2529.55439,0.20800755254924455
2529.55439,0.21537361725759852
2531.62185,0.2229665908195685
2531.62185,0.2338847952349009
2533.68932,0.2409791252209189
2533.68932,0.24102733214828231
2535.75678,0.25322770570627534
2535.75678,0.24640079998539355
2537.82424,0.24553692374982508
2537.82424,0.25845948320593876
2539.8917,0.24585037885216976
2539.8917,0.25740582034966975
2541.95917,0.24770751490753506
2541.95917,0.2290383414632581
2544.02663,0.21894948833504155
2544.02663,0.2190604650659411
2546.09409,0.21096434543231576
2546.09409,0.20797359545545221
2548.16155,0.20331175924941566
2548.16155,0.19756001348647315
2550.22902,0.18080082185313187
2550.22902,0.17839252548359788
2552.29648,0.15646673517127885
2552.29648,0.15023085117126184
2554.36394,0.14114579648838832
2554.36394,0.14460539164800681
2556.4314,0.13343200950603148
2556.4314,0.1217795715170563
2558.49887,0.11864150416897348
2558.49887,0.12598311178817403
2560.56633,0.12710904261011197
2560.56633,0.10932910381610414
2560.56633,0.10701885215615226
2560.56633,0.12294034284084321
2560.56633,0.11877619367854302
2560.56633,0.09669595961651908
2560.56633,0.10848644285122726
2562.63379,0.12951557407992415
2562.63379,0.11022534144593017
2562.63379,0.1289084814413062
2564.70125,0.11820138885966988
2564.70125,0.14621111715113982
2564.70125,0.13641402114267914
2566.76872,0.16035814520630584
2566.76872,0.14748367206740573
2566.76872,0.11686551528236774
2566.76872,0.11411098415505841
2566.76872,0.12209226046009931
2568.83618,0.130666914675002
2568.83618,0.14073253492811452
2568.83618,0.16047039423979434
2568.83618,0.1572891105194481
2568.83618,0.14051739315696815
2570.90364,0.153001225929421
2570.90364,0.1523491497806342
2570.90364,0.1484186299128996
2572.9711,0.148151489980319
2572.9711,0.1588635989849099
2572.9711,0.15652112471047697
2575.03857,0.15080597320473202
2575.03857,0.13405474415852556
2575.03857,0.15307177596089544
2577.10603,0.1400036064924708
2577.10603,0.14302816297126883
2577.10603,0.12395240356430463
2579.17349,0.14823515913577395
2579.17349,0.1381674517588471
2579.17349,0.14201868830467385
2581.24095,0.13831705549084908
2581.24095,0.12066944021191148
2581.24095,0.14375170741734425
2583.30841,0.13941481048920226
2583.30841,0.14137112874316357
2583.30841,0.13416377293932713
2585.37588,0.12847814401858462
2585.37588,0.14199264810100432
2585.37588,0.12052915743386637
2587.44334,0.14215172538526352
2587.44334,0.12672498289746403
2587.44334,0.14457916484058997
2589.5108,0.12415946110333893
2589.5108,0.14749226848966868
2589.5108,0.14998053643603776
2591.57826,0.16274712928761234
2591.57826,0.15865311795682058
2591.57826,0.17443166195592802
2591.57826,0.15554803044729237
2591.57826,0.159038978772711
2591.57826,0.159264634197599
2591.57826,0.1335741775961414
2591.57826,0.15367193548813787
2591.57826,0.1685185319206085
2591.57826,0.17133899635620117
2593.64573,0.17873412736134858
2593.64573,0.1763543480304923
2593.64573,0.18117115134474085
2595.71319,0.1979621425842456
2595.71319,0.19250785804788176
2595.71319,0.17955329285982155
2597.78065,0.17682710387812298
2597.78065,0.21312579542931498
2597.78065,0.20711031472841138
2599.84811,0.20927575172197993
2599.84811,0.2001673913673835
2599.84811,0.20124530298332283
2599.84811,0.20694892960454006
2599.84811,0.22123966356582925
2599.84811,0.18593007332396602
2599.84811,0.21389703120543455
2599.84811,0.2537760360192422
2601.91558,0.22599674060839392
2601.91558,0.2666673706419005
2601.91558,0.27281401181510173
2601.91558,0.2265540520835962
2601.91558,0.19083954926643537
2601.91558,0.23109638035906374
2601.91558,0.21760540149127533
2601.91558,0.2527824849237159
2601.91558,0.25076152487342435
2601.91558,0.24960980719977877
2603.98304,0.27485212039855733
2603.98304,0.2308947232247075
2603.98304,0.26192488283395815
2603.98304,0.23624711203753168
2603.98304,0.21314668608038975
2603.98304,0.23004776656151993
2603.98304,0.24004894200789254
2603.98304,0.2464194558314235
2606.0505,0.2541224749269955
2606.0505,0.23551571761071288
2606.0505,0.28306698958118814
2606.0505,0.2498295053005283
2606.0505,0.257456908258063
2606.0505,0.24677075442221286
2608.11796,0.26480611632845585
2608.11796,0.2779423148837707
2608.11796,0.26749728490127694
2608.11796,0.25563356399905524
2608.11796,0.2848425884262047
2610.18543,0.2810438965444568
2610.18543,0.2834381843269665
2610.18543,0.28227810195047326
2610.18543,0.2862311623123392
2612.25289,0.29196440773988347
2612.25289,0.2958389148882253
2612.25289,0.2819002256392202
2612.25289,0.2832069954887099
2614.32035,0.31004194728720014
2614.32035,0.31185380436142646
2614.32035,0.2985122289129383
2614.32035,0.31592271464775806
2616.38781,0.31722944876251014
2616.38781,0.29442157524840057
2616.38781,0.3136064064831239
2616.38781,0.3303650355226682
2616.38781,0.2921146816366688
2618.45528,0.30568938511654836
2618.45528,0.3226675378631801
2618.45528,0.31697459715231535
2618.45528,0.32772919995530764
2618.45528,0.3207445235271574
2618.45528,0.3143485366683431
2618.45528,0.3325910434625669
2618.45528,0.3340497434577256
2618.45528,0.3336193048631028
2618.45528,0.32749643668809764
2618.45528,0.3472082885287984
2618.45528,0.3450368739133604
2618.45528,0.33738548094824583
2620.52274,0.35453571311628923
2620.52274,0.33923206640656267
2620.52274,0.34261387749061284
2620.52274,0.345527761751948
2620.52274,0.3445443189755295
2622.5902,0.35614224422693663
2622.5902,0.34654456626795177
2622.5902,0.3640378872058589
2622.5902,0.3413451676513235
2622.5902,0.35583400473227433
2624.65766,0.3552061721691423
2624.65766,0.35900704469005523
2624.65766,0.3597639964033476
2624.65766,0.36011793974098294
2626.72513,0.371371902943978
2626.72513,0.3605858283725185
2626.72513,0.36174468185909964
2626.72513,0.36315674786477337
2628.79259,0.3485095550358459
2628.79259,0.35988974807909285
2628.79259,0.34694116895470634
2628.79259,0.3765970084617404
2630.86005,0.3614518337619873
2630.86005,0.33190730847421934
2630.86005,0.3349530344706785
2630.86005,0.33129980509595774
2632.92751,0.31907875241488126
2632.92751,0.3660857232050291
2632.92751,0.31452481729667037
2632.92751,0.3159735467108971
2634.99498,0.29480324150366727
2634.99498,0.29662134299850884
2634.99498,0.30127790169263957
2637.06244,0.2679485344073524
2637.06244,0.2732988628581061
2637.06244,0.26683188813220765
2639.1299,0.24844153733611068
2639.1299,0.2466311701602213
2639.1299,0.24001667799998372
2641.19736,0.20270246847572213
2641.19736,0.19578181543077186
2641.19736,0.20273646686027316
2643.26483,0.17034848171631806
2643.26483,0.17561768983153836
2643.26483,0.16618094991763985
2645.33229,0.12880423698216806
2645.33229,0.1459419884533665
2645.33229,0.14269822801692036
2647.39975,0.10382117105367308
2647.39975,0.10475257858420463
2647.39975,0.09120850030937716
2649.46721,0.060144410029413724
2649.46721,0.06522760350411407
2649.46721,0.06265290862879229
2651.53468,0.03042688423441958
2651.53468,0.031900581091716854
2651.53468,0.02154977356172481
2653.60214,0.002015069041441673
2653.60214,0.000823369373696873
2653.60214,0.0
2655.6696,0.0
2655.6696,0.0
2655.6696,0.0
2657.73706,0.001862815087109563
2657.73706,0.0
2657.73706,0.005524130381174254
2657.73706,0.0008768003710163824
2657.73706,0.0
2659.80453,0.0
2659.80453,0.01095128993744661
2659.80453,0.0
2659.80453,0.0
2661.87199,0.0
2661.87199,0.0017940605181176485
2661.87199,0.004964909494147861
2661.87199,0.0
2663.93945,0.0
2663.93945,0.010699806270524371
2663.93945,0.0
2663.93945,0.0
2663.93945,0.0035894399288006885
2666.00691,0.0
2666.00691,0.012310910290682306
2666.00691,0.0
2666.00691,0.0
2666.00691,0.0
2666.00691,0.007319884020645945
2666.00691,0.0
2668.07438,0.010352298444526462
2668.07438,0.016416011785854258
2668.07438,0.01753773390891307
2668.07438,0.014094530698477194
2670.14184,0.015444969940647637
2670.14184,0.01876796511270678
2670.14184,0.039388993093212955
2670.14184,0.03719137439928843
2670.14184,0.0425275617499384
2670.14184,0.008546311937650326
2670.14184,0.03791420512587632
2670.14184,0.03335197452924482
2672.2093,0.008125858211333775
2672.2093,0.05567403662060552
2672.2093,0.07008513281359133
2672.2093,0.07890867056090725
2672.2093,0.1348534989380442
2672.2093,0.06817728865661142
2672.2093,0.021926751782304032
2672.2093,0.004956764389455884
2672.2093,0.00016501356236694139
2674.27676,0.0150941374995202
2674.27676,0.0915442365478011
2674.27676,0.05945993502832128
2674.27676,0.13526516437247374
2674.27676,0.10443272405744437
2674.27676,0.0916603802113903
2674.27676,0.137056071675235
2674.27676,0.1442395602586814
2676.34423,0.08435281290082068
2676.34423,0.1053348193749644
2676.34423,0.1088897828939541
2676.34423,0.083791169572844
2676.34423,0.14973978026766457
2676.34423,0.1113721863224735
2676.34423,0.0971385997031101
2676.34423,0.13191783921449074
2678.41169,0.10208962030177178
2678.41169,0.14495241900813577
2678.41169,0.08316987047131301
2678.41169,0.07867630506410599
2678.41169,0.11766489303099541
2678.41169,0.10820184383709339
2678.41169,0.10131732102611218
2678.41169,0.11946817528506329
2678.41169,0.1276094180431811
2678.41169,0.09358279810365476
2680.47915,0.1768847642120501
2680.47915,0.16040610986106488
2680.47915,0.1570202572777483
2680.47915,0.1524352224792029
2680.47915,0.17900259618946487
2680.47915,0.17123230366622408
2680.47915,0.1571811118882818
2680.47915,0.1590037809811717
2680.47915,0.11261055852058431
2680.47915,0.15784692840935458
2682.54661,0.16682867187469116
2682.54661,0.16966462846599764
2682.54661,0.19194061780107194
2682.54661,0.1720750517249636
2682.54661,0.1831872774453149
2684.61408,0.1676552105194374
2684.61408,0.17945128924771409
2684.61408,0.17945474487561708
2684.61408,0.1874129812236856
2686.68154,0.18188471133180717
2686.68154,0.19405137463531943
2686.68154,0.180888915304708
2686.68154,0.19299807569825708
2688.749,0.19686214713801004
2688.749,0.1882152671636618
2688.749,0.19758593351261833
2688.749,0.1804342810036348
2690.81646,0.206948520528243
2690.81646,0.21079275507094528
2690.81646,0.1966331616871855
2690.81646,0.18928139850772047
2692.88393,0.22393620104603063
2692.88393,0.21127834211057447
2692.88393,0.21908942431165238
2692.88393,0.2011894732420366
2694.95139,0.2064752584631672
2694.95139,0.22481542716849437
2694.95139,0.23282867148779582
2694.95139,0.2599718418491976
2694.95139,0.27262933769163666
2694.95139,0.24427147340401204
2694.95139,0.2302351087708641
2694.95139,0.25052432878082465
2697.01885,0.2424094516266838
2697.01885,0.23541881742573106
2697.01885,0.22513387587376532
2697.01885,0.21210329430653882
2697.01885,0.235430517923205
2697.01885,0.23999226035680457
2697.01885,0.26709717768626373
2697.01885,0.21085057707980281
2697.01885,0.2839693117448171
2699.08631,0.28454742759333623
2699.08631,0.23397723358122116
2699.08631,0.22702880196775949
2699.08631,0.2599921346847264
2699.08631,0.2608828181745728
2701.15378,0.2857161953125634
2701.15378,0.25069750706481225
2701.15378,0.2661930571303505
2703.22124,0.29317357288907014
2703.22124,0.3076948858272793
2703.22124,0.2728215561873089
2703.22124,0.2977229654342321
2703.22124,0.2620917207907838
2705.2887,0.25350467575886126
2705.2887,0.24841059243815627
2707.35616,0.2467910263914622
2707.35616,0.24397715491411698
2709.42363,0.23698162310443352
2709.42363,0.23054421495031224
2711.49109,0.22188440174183366
2711.49109,0.2216589053270946
2713.55855,0.2033188471858329
2713.55855,0.20752295676223959
2715.62601,0.1998098294948784
2715.62601,0.19546704365826814
2717.69348,0.17480776135214826
2717.69348,0.17752092148214013
2719.76094,0.15408317190295698
2719.76094,0.16301070149003719
2721.8284,0.16107313313960553
2721.8284,0.15758514385044078
2723.89586,0.14444385003746213
2723.89586,0.15107964345245986
2725.96333,0.14328401488554054
2725.96333,0.12233658773163689
2728.03079,0.1273154779030094
2728.03079,0.12346838919509227
2730.09825,0.11143376893200649
2730.09825,0.09956636800563437
2732.16571,0.09862735933550555
2732.16571,0.09029849212981186
2734.23318,0.10205910793719936
2734.23318,0.10135302378222974
2736.30064,0.09768668500771036
2736.30064,0.10117925004112995
2738.3681,0.0946128550514949
2738.3681,0.08002208635589383
2740.43556,0.06817410602420873
2740.43556,0.07419550242897702
2742.50303,0.06339367340484228
2742.50303,0.06553011002511408
2744.57049,0.0732595904222432
2744.57049,0.06393647768221276
2746.63795,0.058803599285251675
2746.63795,0.05641628168128231
2748.70541,0.06958686056045825
2748.70541,0.06053262681449053
2750.77288,0.08119821496973899
2750.77288,0.0835496656641375
2752.84034,0.08617679545665469
2752.84034,0.08573391066952397
2754.9078,0.10515469775314214
2754.9078,0.11091842552333565
2756.97526,0.11516482412787422
2756.97526,0.10022853623430959
2759.04273,0.06113793683597063
2759.04273,0.06346931631468058
2761.11019,0.060620779804773324
2761.11019,0.06218001849087143
2763.17765,0.010533006846436987
2763.17765,0.020060411918014588
2765.24511,0.004017150450737921
2765.24511,0.008227828050110172
2767.31258,0.00775759286818237
2767.31258,0.0
2769.38004,0.002452272805118363
2769.38004,0.0
2771.4475,0.0
2771.4475,0.0038163885947741483
2773.51496,0.0030975363720133313
2773.51496,0.0022501377922550933
2775.58242,0.00386057003463522
2775.58242,0.0
2777.64989,0.0028682191121508225
2777.64989,0.0
2779.71735,0.0
2781.78481,0.003492059747537755
2783.85227,0.004311026738533773
2785.91974,0.0
2787.9872,0.000479570759721134
2790.05466,0.003370960014520403
2792.12212,0.005035224100248764
2794.18959,0.03611650650814897
2796.25705,0.06263245853338016
2798.32451,0.08202315690449567
2800.39197,0.08946392368220468
2802.45944,0.12928340756941717
2804.5269,0.1498055307664045
2806.59436,0.1373947071084017
2808.66182,0.161838753369068
2810.72929,0.16458202217183324
2812.79675,0.1716453640037761
2814.86421,0.174283208306697
2816.93167,0.15950480528790895
2818.99914,0.1474172029697538
2821.0666,0.12942803108107215
2823.13406,0.1266605807940181
2825.20152,0.12183428508563295
2827.26899,0.09339644435943681
2829.33645,0.08615761537244913
2831.40391,0.04768356782418211
2833.47137,0.019071017279693295
2835.53884,0.0
2837.6063,0.009538544983343581
2839.67376,3.006021978840929e-05
2841.74122,0.01366585739501332
2843.80869,0.0
2845.87615,0.0
2847.94361,0.0
2850.01107,0.0
2852.07854,0.004106442060394577
2854.146,0.0
2856.21346,0.011165393268092096
2858.28092,0.030199876316468213
2860.34839,0.040762545121028594
2862.41585,0.030971031846129923
2864.48331,0.014936659776341982
2866.55077,0.0032102599207240214
2868.61824,0.0
2870.6857,0.004382341743842204
2872.75316,0.015720170342492457
2874.82062,0.0
2876.88809,0.0
2878.95555,0.004521885181333955
2881.02301,0.006284018490786615
2883.09047,0.0019792101051243588
2885.15794,0.0014366471716685254
2887.2254,0.001069544706029297
2889.29286,0.0
2891.36032,0.0010319192813863717
2893.42779,0.0
2895.49525,0.0
2897.56271,0.00030952101614152035
2899.63017,0.0019112972459963944
2901.69764,0.002693172417385172
2903.7651,0.009334745516694562
2905.83256,0.0006588866196172778
2905.83256,0.0008003937543024269
2905.83256,0.004795809872374463
2905.83256,0.0
2907.90002,0.0
2907.90002,0.0020862997821862483
2909.96749,0.0
2909.96749,0.006657637743026406
2909.96749,0.0
2912.03495,0.014150801385686083
2912.03495,0.00027874194129396437
2912.03495,0.00184595569393012
2912.03495,0.0
2912.03495,0.0
2912.03495,0.0
2912.03495,0.00047868193990238493
2914.10241,0.003565330604916118
2914.10241,0.0
2916.16987,0.009335610189929323
2916.16987,0.004363275968043421
2916.16987,0.008172687144286565
2918.23734,0.00025163734506519894
2918.23734,0.0
2918.23734,0.0
2918.23734,0.006945616699188647
2920.3048,0.008287741385465158
2920.3048,0.0
2920.3048,0.004927602277467328
2920.3048,0.003006328255600203
2920.3048,0.004438570083992204
2920.3048,0.0
2920.3048,0.0
2920.3048,0.0
2922.37226,0.004649613402473445
2922.37226,0.001597668984773607
2922.37226,0.011198585634558882
2922.37226,0.008946148368980902
2922.37226,0.00043617412052232
2922.37226,0.008231078130290233
2922.37226,0.0
2922.37226,0.0
2922.37226,0.0025161961088736714
2924.43972,0.005460770254877937
2924.43972,0.005696477674736014
2924.43972,0.016722626874493104
2924.43972,0.008123207633941646
2924.43972,0.0
2924.43972,0.015925822192652397
2924.43972,0.00478294063779178
2924.43972,0.0
2924.43972,0.0
2926.50719,0.00591740003807902
2926.50719,0.002492358364335656
2926.50719,0.004765521596246592
2926.50719,0.0
2926.50719,0.11296486104654258
2926.50719,0.009393600316067232
2926.50719,0.0
2926.50719,0.0115069193606732
2926.50719,0.013935942905017078
2926.50719,0.1279349172011374
2926.50719,0.12787251155497323
2928.57465,0.03917639232926052
2928.57465,0.06056733194998993
2928.57465,0.043041727963812816
2928.57465,0.03446567125727084
2928.57465,0.0
2928.57465,0.020116658581694674
2928.57465,0.0006078909343132052
2928.57465,0.04141752168557757
2928.57465,0.02070844316589357
2928.57465,0.018837043775529746
2928.57465,0.1033901570751009
2928.57465,0.14257182636840074
2928.57465,0.0810639188455062
2930.64211,0.15452631896733107
2930.64211,0.09470508445642517
2930.64211,0.07450366980075654
2930.64211,0.05439016889391625
2930.64211,0.10016103714695751
2930.64211,0.082596339543965
2930.64211,0.08432058652081643
2932.70957,0.08791961570593144
2932.70957,0.14334268594274682
2932.70957,0.11129423398257444
2932.70957,0.11250321767056015
2932.70957,0.10060460031921371
2934.77704,0.18418541482676973
2934.77704,0.18222664537776226
2934.77704,0.15416498073218718
2934.77704,0.16229749891879458
2934.77704,0.1715419692597177
2934.77704,0.1677150834107591
2934.77704,0.17422928148821382
2934.77704,0.15249092661580727
2936.8445,0.22653978809833167
2936.8445,0.19318937275263734
2936.8445,0.19596306372266803
2938.91196,0.24259731422114628
2938.91196,0.20853893472255586
2938.91196,0.21212435612120284
2938.91196,0.2311667145412957
2938.91196,0.23776335042216715
2940.97942,0.2632269299355081
2940.97942,0.22750291404797807
2940.97942,0.26200633048079913
2940.97942,0.2304002480740876
2943.04689,0.25855507082228574
2943.04689,0.2263255969286561
2943.04689,0.26105243302432984
2945.11435,0.24665316400494672
2945.11435,0.2714624911504108
2947.18181,0.2308730709158979
2947.18181,0.27675883620772107
2949.24927,0.22559475713169147
2949.24927,0.2888217244240095
2949.24927,0.26915529770915525
2951.31674,0.18756592637844618
2953.3842,0.17106262425328422
2955.45166,0.1357642867886838
2957.51912,0.09755141858829414
2959.58659,0.044205415951489614
2961.65405,0.005113047921000623
2963.72151,0.002320248034429336
2965.78897,0.0038234748851358772
2967.85643,0.0025977155643120554
2969.9239,0.0025713189401243538
2971.99136,0.00042768175549042956
2974.05882,0.0
2976.12628,0.0
2978.19375,0.0073755036486322055
2980.26121,0.019861621367364746
2982.32867,0.045939931794644485
2984.39613,0.049943218318611274
2986.4636,0.020354770978624186
2988.53106,0.014208198877498232
2990.59852,0.0018587384652674853
2992.66598,0.0
2994.73345,0.005074854457729551
2996.80091,0.012188375689906147
2998.86837,0.0029843904043588576
3000.93583,0.0
3003.0033,0.0034390500516103873
3005.07076,0.008343774063565337
3007.13822,0.023494478721574733
3009.20568,0.04515472653248363
3011.27315,0.06041366492082337
3013.34061,0.09533237096241898
3015.40807,0.09618255338586616
3017.47553,0.10705616364476067
3019.543,0.09370785287345754
3021.61046,0.09588398920170552
3023.67792,0.09771377640581232
3025.74538,0.11897572968383364
3027.81285,0.12052468169280718
3029.88031,0.12911289153467828
3031.94777,0.1635049217968227
3034.01523,0.21493244058053115
3036.0827,0.23719232729525044
3038.15016,0.2798921721644139
3040.21762,0.29550267723719126
3042.28508,0.31496626655266446
3044.35255,0.3475910080354889
3046.42001,0.3693312889274008
3048.48747,0.3620036086600535
3050.55493,0.32136720580086836
3052.6224,0.30582066808971586
3054.68986,0.2910082411922908
3056.75732,0.28028629203076466
3058.82478,0.2652892607171943
3060.89225,0.23844180648623386
3060.89225,0.2636522025733034
3060.89225,0.2634617016388061
3060.89225,0.28115185925970165
3060.89225,0.2786133054921552
3060.89225,0.2577190841233126
3062.95971,0.2550683738535674
3062.95971,0.23714786831891901
3062.95971,0.23319227999239248
3062.95971,0.28172517221676835
3065.02717,0.24246893431544755
3065.02717,0.24207167035231628
3065.02717,0.21811734478452902
3065.02717,0.2400293261837599
3065.02717,0.2353667863392395
3065.02717,0.21535755887135682
3065.02717,0.2185786625932006
3065.02717,0.21340337263576384
3067.09463,0.19796195486890641
3067.09463,0.20267409559465024
3067.09463,0.20804252745827015
3067.09463,0.2203663685815543
3069.1621,0.2140765947258497
3069.1621,0.20009665083274175
3069.1621,0.19597842924380704
3071.22956,0.18583942752133656
3071.22956,0.15269381288800776
3071.22956,0.17244390662047696
3071.22956,0.20958049585069063
3071.22956,0.1638293267714422
3071.22956,0.18317878086793923
3071.22956,0.1788132375416879
3073.29702,0.15626377398873892
3073.29702,0.1436852142761819
3073.29702,0.19198983277292633
3075.36448,0.1790189812967282
3075.36448,0.1343515917608465
3077.43195,0.16539946865727004
3077.43195,0.13968390462732513
3079.49941,0.1575933935341254
3079.49941,0.1313955856487363
3081.56687,0.14476315792481873
3081.56687,0.13380244750448883
3083.63433,0.15272350358292588
3083.63433,0.12564775511079035
3085.7018,0.12068049158776228
3085.7018,0.1349434810503248
3085.7018,0.13216289606116383
3085.7018,0.12298291250953422
3087.76926,0.1230017401511522
3087.76926,0.14474422560844194
3089.83672,0.12065409427160087
3089.83672,0.12340426970246779
3091.90418,0.10681589398134617
3091.90418,0.11090115744737596
3091.90418,0.11010482486802671
3093.97165,0.11741644750051526
3093.97165,0.09913134471624746
3096.03911,0.11101429975551558
3096.03911,0.1079399044872626
3098.10657,0.12941135991559205
3098.10657,0.10569053063525441
3100.17403,0.11991568629644232
3100.17403,0.11179921898216771
3102.2415,0.10831363600996535
3102.2415,0.12177555889598601
3104.30896,0.11616336714024184
3104.30896,0.1082736332710866
3106.37642,0.11589093589149001
3106.37642,0.10570972837201383
3108.44388,0.09157763210306749
3108.44388,0.09767201425868786
3110.51135,0.09644871893857043
3110.51135,0.0875547876395046
3112.57881,0.09642810640375996
3112.57881,0.12250626983779349
3114.64627,0.13244326642510842
3114.64627,0.1404216201209869
3114.64627,0.1778963526321286
3114.64627,0.15154762670095634
3114.64627,0.16319196383413634
3114.64627,0.12709924536609446
3114.64627,0.16869135421004405
3114.64627,0.1676359603026953
3114.64627,0.15894265254972417
3114.64627,0.13463164029784863
3116.71373,0.1870774143335015
3116.71373,0.14870451978845142
3118.7812,0.19487292871382872
3118.7812,0.19353256361971036
3118.7812,0.16238574548004067
3118.7812,0.24670310232368045
3118.7812,0.23638618518063806
3118.7812,0.24897333880930764
3118.7812,0.23976507572348024
3120.84866,0.21239241664449213
3120.84866,0.19925564780466215
3120.84866,0.20815302291962928
3120.84866,0.2522059145839266
3120.84866,0.24010040892706416
3120.84866,0.2637398988807876
3122.91612,0.258990364233275
3122.91612,0.2341125637875607
3122.91612,0.22832310440973422
3122.91612,0.29086643547946506
3122.91612,0.3109171443200377
3122.91612,0.29946342893697997
3124.98358,0.29309809823939975
3124.98358,0.2783548074143427
3124.98358,0.31644373655893854
3124.98358,0.2602176415337986
3124.98358,0.3152910503433667
3127.05105,0.31962017051476316
3127.05105,0.28188283203679737
3127.05105,0.2836078687507861
3129.11851,0.3199941060816294
3129.11851,0.3037716990233578
3131.18597,0.3556472016003976
3131.18597,0.3382952489389127
3131.18597,0.31943873644033854
3131.18597,0.3450770268242673
3133.25343,0.2987942698784318
3135.3209,0.29477298815708636
3137.38836,0.278194318569784
3139.45582,0.24681995311035101
3141.52328,0.23397744134850396
3143.59075,0.21003166757503525
3145.65821,0.20033258729020745
3147.72567,0.1933205541226168
3149.79313,0.18455172300469577
3151.8606,0.17204680646830797
3153.92806,0.17800831185530697
3155.99552,0.17217025285347848
3158.06298,0.1778883520321597
3160.13044,0.20640968960424028
3162.19791,0.20386744105469626
3164.26537,0.22914314658826895
3166.33283,0.2570609256010372
3168.40029,0.27135881554928726
3170.46776,0.2841000978894352
3172.53522,0.31867089991072844
3174.60268,0.3242179312539948
3176.67014,0.3426477279543624
3178.73761,0.35747988002810477
3180.80507,0.3420589866175387
3182.87253,0.3468312895282503
3184.93999,0.32858699904547
3187.00746,0.31380374042613707
3189.07492,0.2997553411083827
3191.14238,0.2705920270327522
3193.20984,0.24162352408652252
3195.27731,0.24030737479874714
3197.34477,0.22122348553317076
3199.41223,0.21243809222364948
3201.47969,0.20126833424077853
3203.54716,0.2028742508747377
3205.61462,0.20646761261311092
3207.68208,0.2219457091788025
3209.74954,0.23819031195648457
3211.81701,0.2527232350408225
3213.88447,0.25402819690009193
3215.95193,0.26572927560358106
3218.01939,0.2791131625166791
3220.08686,0.28390487260935365
3222.15432,0.2735205531906756
3222.15432,0.3054603855904344
3224.22178,0.30873298656152437
3224.22178,0.26809578646955734
3224.22178,0.3078095025011111
3226.28924,0.2912699163071844
3226.28924,0.26809360375090957
3226.28924,0.2869495023568246
3226.28924,0.18087329794336843
3226.28924,0.2572187888787783
3228.35671,0.27577566712961776
3228.35671,0.13603332672541193
3228.35671,0.1391668067294514
3228.35671,0.15622229315416908
3228.35671,0.1546492436974544
3228.35671,0.20646032532672884
3228.35671,0.17604737910315083
3228.35671,0.15262528528418712
3228.35671,0.2660083932634476
3228.35671,0.24649056963799798
3230.42417,0.13748765979217772
3230.42417,0.1908783928878491
3230.42417,0.20996824175676426
3230.42417,0.18522891949104453
3230.42417,0.14376148597001065
3230.42417,0.2554863164208661
3230.42417,0.2100349892153462
3230.42417,0.19304439109915042
3230.42417,0.20256599763155494
3230.42417,0.1299475735412276
3232.49163,0.0984313976287563
3232.49163,0.1908165119802432
3232.49163,0.1145738200150576
3232.49163,0.08823009703087709
3232.49163,0.2426863035104447
3232.49163,0.2188654825337419
3232.49163,0.170242561026377
3232.49163,0.10206501814210474
3232.49163,0.08575239465212367
3234.55909,0.033068111772346545
3234.55909,0.03781270954457668
3234.55909,0.06096613067737324
3234.55909,0.20708379876303856
3234.55909,0.12108186656694923
3234.55909,0.07612625286809194
3234.55909,0.03387144498908452
3234.55909,0.06357063439213084
3234.55909,0.22788713857937196
3234.55909,0.22045673912505062
3234.55909,0.2407129512965294
3234.55909,0.22068056090510102
3234.55909,0.07263150997787644
3236.62656,0.01958526083665518
3236.62656,0.006698645248816166
3236.62656,0.0
3236.62656,0.08065133548164297
3236.62656,0.009834879967759384
3238.69402,0.06509834138610261
3238.69402,0.005173100721757472
3240.76148,0.054225755356025876
3240.76148,0.0077290419906357165
3242.82894,0.016734144802456597
3242.82894,0.0013869752555848113
3244.89641,0.004382426164878251
3244.89641,0.0
3244.89641,0.0
3244.89641,0.0
3244.89641,0.008881698746844554
3246.96387,0.004909348923347163
3246.96387,0.00440692471712249
3246.96387,0.0
3249.03133,0.006346145861910257
3249.03133,0.0
3249.03133,0.0
3251.09879,0.014969224136238654
3253.16626,0.03923749601101048
3255.23372,0.05233330497421164
3257.30118,0.06884061907079798
3259.36864,0.08405512440220483
3261.43611,0.09974549393415309
3263.50357,0.12063844018899952
3265.57103,0.13332072703857942
3267.63849,0.14771207250714474
3269.70596,0.15951741243972253
3271.77342,0.1514916544071945
3273.84088,0.17311623002970167
3275.90834,0.17679794148381608
3277.97581,0.16472985299559795
3280.04327,0.19168009482943185
3282.11073,0.20388871818877083
3284.17819,0.21581173736191195
3286.24566,0.23828564362778423
3288.31312,0.25103706908125095
3290.38058,0.2804807874780988
3292.44804,0.3170655813029336
3294.51551,0.32392297615088966
3296.58297,0.34461846645658695
3298.65043,0.36669164062657505
3300.71789,0.3905525405731881
3302.78536,0.415103088971776
3304.85282,0.41202642043342685
3306.92028,0.39799427478178057
3308.98774,0.40914645760743
3311.05521,0.383995612002915
3313.12267,0.3902601077366935
3315.19013,0.37718595300907737
3317.25759,0.3603267935345216
3319.32506,0.3445645372954501
3321.39252,0.3434830836745049
3323.45998,0.3312238187481366
3325.52744,0.3107228183766291
3327.59491,0.2836897078717372
3329.66237,0.2750228987568804
3331.72983,0.25812296582783384
3333.79729,0.24728204795303121
3335.86476,0.24594235122860308
3337.93222,0.24763748940786007
3339.99968,0.26810983269279676
3342.06714,0.2807974766087389
3344.13461,0.31844485938183975
3346.20207,0.328641200407107
3348.26953,0.3412373832714154
3350.33699,0.35490898436868035
3352.40445,0.3784190154950952
3354.47192,0.3860072304148041
3356.53938,0.38379932574533315
3358.60684,0.34659107788201843
3360.6743,0.3146004194899518
3362.74177,0.2781097028234188
3364.80923,0.25997791757243915
3366.87669,0.21521875904142757
3368.94415,0.1577171701217143
3371.01162,0.12321154141970095
3373.07908,0.09221817001625836
3375.14654,0.05849359621008999
3377.214,0.05039538312949819
3379.28147,0.04245969788662216
3381.34893,0.05472701082031725
3383.41639,0.06418522526183418
3385.48385,0.07486742896388618
3387.55132,0.09656873518041728
3389.61878,0.11744101490409317
3391.68624,0.10384520799496155
3393.7537,0.11218483087865333
3395.82117,0.09871689872138363
3397.88863,0.11147778413253459
3399.95609,0.10808847813478865
3402.02355,0.12701164088467962
3404.09102,0.14405677518250024
3406.15848,0.17163824582202336
3408.22594,0.19794335312748437
3410.2934,0.24597672398693976
3412.36087,0.27251412777691697
3414.42833,0.3173037027484573
3416.49579,0.3358045995738108
3418.56325,0.34913680307970046
3420.63072,0.3596626600036094
3422.69818,0.3938588095165804
3424.76564,0.39198457244777096
3426.8331,0.3681141924786357
3428.90057,0.35535202296421137
3430.96803,0.31668610695143845
3433.03549,0.26655914130553826
3435.10295,0.21384594528329812
3437.17042,0.1678901532272166
3439.23788,0.12630345578136662
3441.30534,0.09333759500875068
3443.3728,0.061177397925099616
3445.44027,0.015686904559616674
3447.50773,0.004716861748922214
3449.57519,0.0008788008671846999
3451.64265,0.0
3453.71012,0.0
3455.77758,0.0018496866162581655
3457.84504,0.0026682129390964344
3459.9125,0.01786813483371194
3461.97997,0.029020114428940334
3464.04743,0.01350493883989219
3466.11489,0.008944272567337676
3468.18235,0.0
3470.24982,0.0
3472.31728,0.009310609931484694
3474.38474,0.0
3476.4522,0.0171268342542244
3478.51967,0.024284849133478725
3480.58713,0.05438646447865403
3482.65459,0.09104641943891356
3484.72205,0.12102776168431376
3486.78952,0.15848868104901617
3488.85698,0.18994072131070747
3490.92444,0.20229263038118167
3492.9919,0.22102243617379305
3495.05937,0.20392843075232672
3497.12683,0.1826627489393756
3499.19429,0.15770404692571474
3501.26175,0.1354507081761781
3503.32922,0.09510899267107678
3505.39668,0.05266034322338372
3507.46414,0.03348360449856656
3509.5316,0.007986654789799
3511.59907,0.017429899207863912
3513.66653,0.016130611384505892
3515.73399,0.03557064551174983
3517.80145,0.05024005347911139
3519.86892,0.09223782363442433
3521.93638,0.10224179280737548
3524.00384,0.11339390562320274
3526.0713,0.13489573087297776
3528.13877,0.1667289459338468
3530.20623,0.18053139155456804
3532.27369,0.1884935958746053
3534.34115,0.20213852875812255
3536.40862,0.18566744274427227
3538.47608,0.1880332719197983
3540.54354,0.18719888141094543
3542.611,0.17834671937794375
3544.67846,0.13700246637528984
3546.74593,0.13471850164203752
3548.81339,0.12606214409014127
3550.88085,0.11540029831420977
3552.94831,0.11006809838563644
3555.01578,0.12019551746304748
3557.08324,0.1398026564585738
3575.6904,0.42627100132736645
3575.6904,0.4462946813648913
3575.6904,0.45438644269359035
3577.75786,0.4342084341367434
3579.82533,0.4336633962025749
3581.89279,0.42198357394073077
3581.89279,0.43582539015617694
3581.89279,0.42286385965827994
3581.89279,0.4184688716922569
3581.89279,0.4107362894692689
3581.89279,0.363905613494851
3583.96025,0.39137553904587835
3583.96025,0.3751762977995228
3583.96025,0.36871730782731565
3586.02771,0.39213406635293113
3586.02771,0.3676636533778079
3586.02771,0.37842118026257004
3586.02771,0.3875509809496133
3586.02771,0.37122287169774276
3588.09518,0.18183171894043157
3588.09518,0.3306107959498835
3588.09518,0.1844667597986456
3588.09518,0.17111970902179835
3590.16264,0.15472825669604737
3590.16264,0.16043403107664056
3590.16264,0.23006368470321245
3590.16264,0.2923794759622876
3590.16264,0.3052508259058627
3590.16264,0.25472300209457643
3590.16264,0.2897496545222775
3590.16264,0.2323624892529775
3590.16264,0.30904814229133787
3590.16264,0.24117256000368678
3590.16264,0.22196874011725456
3590.16264,0.31430251259780595
3590.16264,0.33656648514103754
3590.16264,0.23507812067262515
3590.16264,0.2966332978735199
3590.16264,0.30360776300340825
3590.16264,0.19429461475470516
3592.2301,0.18904879719555068
3592.2301,0.22078085382680815
3592.2301,0.25165305837093843
3592.2301,0.22405100985475176
3592.2301,0.16395915982565099
3592.2301,0.12468260180973201
3592.2301,0.25299203851014546
3592.2301,0.15666321114958948
3592.2301,0.2633394372000217
3592.2301,0.20281542003141229
3592.2301,0.28777425169286697
3592.2301,0.3127669266162549
3594.29756,0.11455965882954704
3594.29756,0.1326540871937291
3594.29756,0.24893833117123954
3594.29756,0.2573936294307952
3594.29756,0.1362438301638972
3594.29756,0.10462834197336923
3594.29756,0.10139906348956933
3596.36503,0.08561927849003176
3596.36503,0.09499224988745236
3598.43249,0.060271938319765864
3598.43249,0.08607428548547881
3598.43249,0.07616756252856373
3600.49995,0.07018442573170107
3602.56741,0.06987991430856505
3604.63488,0.07673253251792492
3606.70234,0.056898626013298204
3606.70234,0.06780768373997272
3606.70234,0.04661973610855058
3608.7698,0.05719172353301178
3608.7698,0.043733877832307685
3610.83726,0.037160295618682476
3610.83726,0.04029347383246626
3612.90473,0.031128228847987528
3614.97219,0.02038208390011205
3617.03965,0.0
3617.03965,0.0077961807676416245
3617.03965,0.030848345356146088
3619.10711,0.004497906623388642
3619.10711,0.007403811832382236
3619.10711,0.01413581983808504
3619.10711,0.03166783119544604
3619.10711,0.00711144938298083
3621.17458,0.02674491359084776
3621.17458,0.011531809290534108
3621.17458,0.006565174340254333
3621.17458,0.000600182478604354
3621.17458,0.011439416576033352
3621.17458,0.030150757416738946
3623.24204,0.007598180744909283
3623.24204,0.006441588428458486
3623.24204,0.013466932391640122
3623.24204,0.0032565418629815677
3625.3095,0.008381473776024962
3625.3095,0.0045595442032129235
3625.3095,0.0
3627.37696,0.0
3629.44443,0.0009594163624258707
3631.51189,0.00042511064503159305
3633.57935,0.010440930960922279
3635.64681,0.0027669923781502145
3637.71428,0.0
3637.71428,0.0
3639.78174,0.009583795031676254
3639.78174,0.0
3641.8492,0.0
3643.91666,0.0
3645.98413,0.0
3648.05159,0.0
3648.05159,0.0
3648.05159,0.001094558443709291
3650.11905,0.0
3652.18651,0.003318644143311743
3654.25398,0.0
3656.32144,0.0
3658.3889,0.0
3660.45636,0.0
3660.45636,0.0
3660.45636,0.0
3662.52383,0.0
3662.52383,0.02067753338733657
3662.52383,0.014106366778616809
3662.52383,0.004417889881540699
3662.52383,0.008185576709324509
3664.59129,0.02887253709176546
3664.59129,0.04780675376213563
3666.65875,0.062228286551638964
3666.65875,0.043727965554133615
3666.65875,0.06355883199496593
3666.65875,0.04924857656763736
3668.72621,0.0949145289123463
3668.72621,0.07309158678924989
3668.72621,0.0991045625043096
3668.72621,0.0977465886776495
3668.72621,0.07655716660821192
3668.72621,0.12232115455410612
3668.72621,0.07912877968041455
3670.79368,0.1332188997975675
3670.79368,0.12918868384080215
3672.86114,0.15378447525491176
3672.86114,0.13945734877639904
3674.9286,0.14099735473558764
3674.9286,0.15102664780047118
3676.99606,0.16558438164354766
3676.99606,0.164661364154596
3679.06353,0.17774231408169278
3679.06353,0.1671413764873649
3679.06353,0.15911470089391322
3681.13099,0.1680586367241182
3681.13099,0.18594203580935786
3683.19845,0.19849474357218655
3683.19845,0.20359173152004403
3703.87308,0.09670875456156679
3705.94054,0.10848325407074776
3708.008,0.10496971823265247
3710.07546,0.11052304247220841
3712.14293,0.11288146032660588
3714.21039,0.11042113167089013
3716.27785,0.1167615460532314
3718.34531,0.09574570500396715
3718.34531,0.09392011278838969
3718.34531,0.13439374622071007
3718.34531,0.07576891484712577
3720.41278,0.08643757170267954
3720.41278,0.1087509427913605
3720.41278,0.15600689210406596
3720.41278,0.19997511570700893
3722.48024,0.21417280117706655
3722.48024,0.20741875201372886
3722.48024,0.19401224638437306
3722.48024,0.1507066534647153
3722.48024,0.18449942135610106
3722.48024,0.19462836826337773
3722.48024,0.13566372106620597
3722.48024,0.15016730950697005
3722.48024,0.1296125260652845
3722.48024,0.1414539715796555
3722.48024,0.15153310483036406
3722.48024,0.10702217067978399
3722.48024,0.12245895099826713
3724.5477,0.1556686832091277
3724.5477,0.18030590641741137
3724.5477,0.20945515695647401
3724.5477,0.214875199197881
3724.5477,0.15319363906695047
3724.5477,0.1709954975411385
3726.61516,0.19548279831841897
3726.61516,0.1827817089504523
3726.61516,0.20776568737345322
3726.61516,0.1852399893469342
3726.61516,0.2233211766178242
3728.68263,0.20902155108317405
3728.68263,0.24020506533561126
3728.68263,0.23367406857974976
3728.68263,0.21389652818039612
3730.75009,0.22667975324355144
3730.75009,0.23758266410859272
3730.75009,0.27851880006404955
3730.75009,0.270405044423481
3730.75009,0.27082107793128624
3730.75009,0.24302018667072048
3730.75009,0.2680736591481335
3730.75009,0.2589884737695685
3732.81755,0.28743791944484626
3732.81755,0.23837413677996075
3732.81755,0.2858303018868298
3732.81755,0.2700709681318384
3732.81755,0.2973036279765812
3734.88501,0.29954390618374105
3734.88501,0.30699160699266625
3736.95248,0.31469821428511435
3736.95248,0.30242483885390453
3739.01994,0.3085041724517388
3739.01994,0.31421280539146673
3741.0874,0.3504510361582952
3741.0874,0.3676365571722907
3741.0874,0.36683670003570895
3741.0874,0.37314051113673413
3741.0874,0.34603636382811737
3741.0874,0.38831199230871094
3741.0874,0.3421409267532591
3741.0874,0.34442344186118445
3741.0874,0.3987755059942799
3741.0874,0.35970019257267477
3741.0874,0.3770376244522538
3741.0874,0.39354100490886584
3741.0874,0.32723624641569965
3741.0874,0.3504903283717622
3741.0874,0.34899817151982065
3743.15486,0.35933148513589064
3745.22232,0.3495199706685631
3747.28979,0.34662861828305674
3749.35725,0.33146957241589
3751.42471,0.3331789451636695
3753.49217,0.3216728491980298
3755.55964,0.3284979417222861
3757.6271,0.32436716603190185
3759.69456,0.32326751635685713
3761.76202,0.31895870534210263
3763.82949,0.3019880311706062
3765.89695,0.30509595649890386
3767.96441,0.2966807520143214
3770.03187,0.305395163968556
3772.09934,0.3040024125150674
3774.1668,0.32587087762588146
3776.23426,0.3069798027961506
3778.30172,0.3068875517813181
3780.36919,0.28716045270254176
3782.43665,0.28408810865825174
3784.50411,0.26004427870895624
3786.57157,0.2619861141586063
3788.63904,0.2525530937480427
3790.7065,0.24783508176137034
3792.77396,0.25849014030032136
3794.84142,0.2580920723179091
3796.90889,0.283794603035215
3798.97635,0.29544578248212555
3801.04381,0.31654565651411876
3803.11127,0.3425345023418721
3805.17874,0.34686419979238
3807.2462,0.3770587887737647
3809.31366,0.3983646207852746
3811.38112,0.42007595664636876
3813.44859,0.4092747783178031
3815.51605,0.3967237370511889
3817.58351,0.3864720246428094
3819.65097,0.3586149258050081
3821.71844,0.31743862731976846
3823.7859,0.27662936016452894
3825.85336,0.24407800249328532
3827.92082,0.20518810739294338
3829.98829,0.19763793917482492
3832.05575,0.17976757747883018
3834.12321,0.16721108435504686
3836.19067,0.15824747697220684
3838.25814,0.16309236690180318
3840.3256,0.17013231435026865
3842.39306,0.18521355456168015
3844.46052,0.1820544396856173
3846.52799,0.18322943382875667
3848.59545,0.18683248448293058
3850.66291,0.17351977622955767
3852.73037,0.1694045099789717
3854.79784,0.1866887119145928
3856.8653,0.19257070106989999
3858.93276,0.20936243907250698
3861.00022,0.20620876436504407
3863.06769,0.22014688580212355
3865.13515,0.24762953785960318
3867.20261,0.2627794490700873
3869.27007,0.2609867081716774
3871.33754,0.25978424780614345
3873.405,0.2599250037700127
3875.47246,0.2577817654005756
3877.53992,0.24081656912159904
3879.60739,0.22167360368035607
3881.67485,0.20741071969242672
3883.74231,0.20488548809893478
3885.80977,0.1958311033188445
3887.87724,0.1772644439268376
3889.9447,0.16827434781897566
3892.01216,0.18276202088069501
3894.07962,0.18546877155110167
3896.14709,0.18061631652579344
3898.21455,0.18571863977581746
3900.28201,0.18761416074856735
3902.34947,0.19786022056918584
3904.41694,0.18035494417895345
3906.4844,0.18585557835310082
3908.55186,0.16606725395773894
3910.61932,0.18258328288701947
3912.68679,0.19334559718157557
3914.75425,0.2125941282832421
3916.82171,0.2151923908736055
3918.88917,0.22913491622639748
3920.95664,0.2504413621653494
3923.0241,0.27638845277477614
3925.09156,0.27986299683830207
3927.15902,0.2882945675016214
3929.22649,0.29818732827618954
3931.29395,0.27952153218952913
3933.36141,0.2766039430086013
3935.42887,0.26770007863220263
3937.49633,0.2684382201147455
3939.5638,0.26297212525508973
3941.63126,0.27877752239510356
3943.69872,0.27561090067469785
3945.76618,0.28290810120888404
3947.83365,0.2875950278187272
3949.90111,0.2839282185903731
3951.96857,0.28320847027803325
3954.03603,0.2761859280037433
3956.1035,0.2538648920441416
3958.17096,0.2350183270012703
3960.23842,0.22956114642959916
3962.30588,0.1988503045493581
3964.37335,0.18707009493011115
3966.44081,0.1787325600857257
3968.50827,0.1600994333636686
3970.57573,0.15981170434869046
3972.6432,0.13569299897044693
3974.71066,0.13321243419534262
3976.77812,0.12147896191146298
3978.84558,0.09680284427374919
3980.91305,0.10324593717188076
3982.98051,0.09023898570755265
3985.04797,0.07107870944163724
3987.11543,0.0507792682274203
3989.1829,0.04873953062965632
3991.25036,0.041111296247010876
3993.31782,0.0305297829211936
3995.38528,0.050941495567355916
3997.45275,0.08766632926295556
3999.52021,0.1183807637480378
4001.58767,0.1558954527602142
4003.65513,0.17316673973484764
4005.7226,0.25268779131737246
