wavenumber_cm-1,intensity
808.83954,0.1340762537902037
808.83954,0.1265105369543873
808.83954,0.12472250595343477
808.83954,0.13881656438384352
808.83954,0.13165532152452697
810.39388,0.09310996452058927
810.39388,0.09684389920905698
810.39388,0.10851164114624035
810.39388,0.11570835672528931
810.39388,0.13524559142753623
810.39388,0.10034347426697658
811.94822,0.06365583037486554
811.94822,0.04406035566428294
811.94822,0.076856692294453
811.94822,0.06566078053708091
811.94822,0.06750186851283267
811.94822,0.008399315107497037
813.50256,0.005710648727295503
813.50256,0.03766132273507414
813.50256,0.004579479004523944
813.50256,0.0040970352120873995
813.50256,0.02527637146345872
813.50256,0.00432534025035184
813.50256,0.005084831621833173
813.50256,0.044401787975673866
813.50256,0.005624428525927551
815.0569,0.020489406486304932
815.0569,0.0032285992277530126
815.0569,0.006725159269592764
815.0569,0.012699282149835954
816.61123,0.0022816004378267882
816.61123,0.0017241774277445806
816.61123,0.0013852958476372231
816.61123,0.0014019451361901626
818.16557,0.0014185928465675738
818.16557,0.0014352389787694588
818.16557,0.0014518835327958126
818.16557,0.0014685265086466373
818.16557,0.0014851679063219362
819.71991,0.0015018077258217041
839.29551,0.0015184459671459458
864.79574,0.0015350826302946558
866.35008,0.0015517177152678365
866.35008,0.0019837452225371114
866.35008,0.002519619651748765
867.90441,0.015368938796625596
867.90441,0.004422339236575321
867.90441,0.028120012124633408
867.90441,0.004990796351780097
867.90441,0.012101822375181419
869.45875,0.0376802420958574
869.45875,0.045734983009183924
869.45875,0.03055951193435097
869.45875,0.06581914905909178
871.01309,0.0575084450265789
871.01309,0.07545673038676182
871.01309,0.08221912157454164
871.01309,0.06837860710089909
872.56743,0.10721722017491415
872.56743,0.10406624978000646
872.56743,0.09977633142030132
872.56743,0.11545956813025567
872.56743,0.09602888282102982
874.12177,0.12390569366697213
875.67611,0.13144677395553428
877.23045,0.1389569231076337
878.78479,0.14570697710585234
880.33912,0.15242648552488128
880.33912,0.1590778865022692
880.33912,0.16570353719234154
881.89346,0.17234604939921935
881.89346,0.17927410570339636
883.4478,0.18613434676594295
885.00214,0.20228700407730832
885.00214,0.19364426195360449
885.00214,0.19972932806488558
886.55648,0.21109680861626995
888.11082,0.21799031559393442
888.11082,0.22444198023699266
888.11082,0.23049333582855616
889.66516,0.23166185009388407
891.2195,0.23739925373618226
892.77384,0.24291182245682463
892.77384,0.23876058095423833
894.32817,0.2442711774900213
895.88251,0.24981435671452468
897.43685,0.25043093286983437
898.99119,0.25066660730883344
900.54553,0.2505627377748802
902.09987,0.2502458201571203
902.09987,0.24483604518686827
903.65421,0.2441378912981944
905.20855,0.2389260494661669
906.76288,0.23899258216627217
908.31722,0.24433456083911206
909.87156,0.245159598047491
909.87156,0.25078790275594953
911.4259,0.2517793429482252
912.98024,0.2578129733298085
914.53458,0.264044379453237
916.08892,0.27026235228680046
916.08892,0.2790302708332844
917.64326,0.2863357823486292
931.6323,0.37927337417693957
933.18664,0.38603503561716446
934.74098,0.38923791598589436
936.29532,0.3898290538844084
937.84966,0.395475697076682
939.404,0.4014784459655184
939.404,0.4075997130026929
940.95834,0.4140708264773343
942.51268,0.4204536399210683
944.06701,0.43552843884037185
944.06701,0.4274537404391609
944.06701,0.4331353171010411
945.62135,0.44376975062132495
945.62135,0.4495528096729595
945.62135,0.4562402946356375
945.62135,0.44501762464856404
947.17569,0.5063551907535889
947.17569,0.4678711477198148
947.17569,0.49211224923884245
947.17569,0.49732645331298236
947.17569,0.5020571696016658
947.17569,0.48684986828400345
948.73003,0.47680765934879976
948.73003,0.47348071565906164
948.73003,0.5071444559131307
948.73003,0.5184691752504088
948.73003,0.48892111858014586
950.28437,0.5359766891794517
950.28437,0.5293597641937942
950.28437,0.5450926105871639
950.28437,0.537485650347884
951.83871,0.5613054950988476
951.83871,0.555214003352146
951.83871,0.564301168247639
958.05606,0.6229989240459096
958.05606,0.6234184191334462
959.6104,0.6356858235304421
961.16474,0.6419129530153583
962.71908,0.6608944446364905
962.71908,0.6442872621932758
964.27342,0.6536731197220227
964.27342,0.6673349741990663
964.27342,0.6508926685262377
965.82776,0.6647903212114508
965.82776,0.6795133091711613
965.82776,0.6593057433717512
967.3821,0.7038323873810451
967.3821,0.6725546351971281
967.3821,0.6711426009762674
967.3821,0.6613865370002256
967.3821,0.6667765999075728
967.3821,0.6856206834844277
968.93644,0.6822118906510132
968.93644,0.6788024451681967
968.93644,0.6856455641044265
968.93644,0.7104054324948194
970.49077,0.7336943937886818
970.49077,0.6977195805823501
970.49077,0.6996547467262458
970.49077,0.6857742584385272
970.49077,0.6923013622263035
970.49077,0.7258597488486709
970.49077,0.7327106071152031
970.49077,0.7238376016081804
970.49077,0.726143621874446
970.49077,0.693624449801116
972.04511,0.7069081219061191
972.04511,0.7085449634513411
972.04511,0.7406895338911168
972.04511,0.7200669093572385
972.04511,0.7167843879422925
972.04511,0.7532193870383214
972.04511,0.7382624434542824
973.59945,0.7567105629963848
973.59945,0.7608121026906451
973.59945,0.734638619490947
973.59945,0.7525241343852502
973.59945,0.7577019484427734
973.59945,0.7675707199397147
975.15379,0.7468459931873925
975.15379,0.7786657216447171
975.15379,0.7752996555924307
975.15379,0.7801981938332786
976.70813,0.762937756753914
976.70813,0.7856804688417246
976.70813,0.7826224634052397
978.26247,0.7961839722781
978.26247,0.7826189828126561
978.26247,0.778257739918703
979.81681,0.7831872484159281
979.81681,0.8015443331603204
979.81681,0.7891724432861348
981.37115,0.7934093253838138
981.37115,0.7935807566306655
981.37115,0.7903684058887002
981.37115,0.8087500058395297
982.92548,0.8093362730161978
982.92548,0.8006196935673577
982.92548,0.8002967139273873
984.47982,0.8046433842751448
984.47982,0.80527457856989
986.03416,0.802101730038527
986.03416,0.8206162245585117
987.5885,0.820939377222913
989.14284,0.8161011557751114
990.69718,0.7975794592211674
990.69718,0.8133994526327569
992.25152,0.7942292687252653
993.80586,0.7837864461038242
995.36019,0.7736098742250627
996.91453,0.785664967118513
996.91453,0.7716039993117864
998.46887,0.7623034341412905
1000.02321,0.7676388180944518
1001.57755,0.7788947345750727
1001.57755,0.8033496588002287
1003.13189,0.7936717566612373
1003.13189,0.816877050046265
1004.68623,0.8233474911120984
1004.68623,0.8024038455938517
1006.24057,0.8353824442363783
1006.24057,0.8114018945635074
1007.79491,0.8628816777459237
1007.79491,0.8298631254147649
1007.79491,0.8527575414554196
1009.34924,0.8574296527422924
1010.90358,0.8596420364862917
1010.90358,0.8977437919781188
1012.45792,0.8894959067240992
1012.45792,0.9326354778102142
1014.01226,0.957489958335232
1014.01226,0.9299716576236773
1015.5666,0.9806405839677076
1015.5666,0.9346976341239684
1015.5666,0.9629165782123498
1017.12094,0.98425860799202
1017.12094,0.9983582722493641
1017.12094,0.9642510372418158
1018.67528,0.9735142691665077
1018.67528,1.0
1020.22962,0.9788544340071716
1020.22962,0.9958236237707684
1021.78395,0.9764593178454763
1021.78395,0.9930866519039885
1023.33829,0.9846248185154552
1023.33829,0.9660497952719299
1024.89263,0.9728500002906649
1024.89263,0.9542227496422824
1026.44697,0.9448128823632299
1026.44697,0.9608033415877956
1028.00131,0.9309789557557393
1028.00131,0.9492651496312839
1029.55565,0.9210455971337185
1031.10999,0.8725303450294334
1031.10999,0.9011711914312427
1031.10999,0.8891350200082391
1031.10999,0.9188686875226153
1032.66433,0.8850875136624087
1032.66433,0.859967037072585
1034.21866,0.8695025990833563
1034.21866,0.839107313314344
1034.21866,0.8809368043733412
1035.773,0.8521050698068122
1035.773,0.80952704435499
1037.32734,0.8267089547904856
1037.32734,0.794758414872983
1038.88168,0.7983530038346613
1038.88168,0.8155228701160576
1040.43602,0.7946311785658818
1040.43602,0.811935232798461
1041.99036,0.8117938745613831
1041.99036,0.7944811343521455
1041.99036,0.8117520457626787
1043.5447,0.8038907128208967
1043.5447,0.8136752033573416
1045.09904,0.8185417034776438
1045.09904,0.8189812783121612
1046.65337,0.8105664289918778
1046.65337,0.823791308976515
1046.65337,0.8199451823470854
1048.20771,0.8201480508732851
1048.20771,0.8243777000810165
1049.76205,0.8159704594331535
1049.76205,0.8249431913256549
1049.76205,0.8250391078858013
1051.31639,0.8251651108917547
1051.31639,0.816574400704862
1051.31639,0.8297911780458269
1052.87073,0.8259788489981332
1052.87073,0.8264567252668211
1054.42507,0.8306375328575707
1054.42507,0.8304287041808295
1054.42507,0.8174037224450066
1055.97941,0.8301937956199673
1055.97941,0.8302135463350822
1055.97941,0.8171888016544243
1057.53375,0.8300550227985791
1057.53375,0.8216983946999225
1057.53375,0.830779842737084
1059.08808,0.826662891240142
1059.08808,0.8310422625545214
1060.64242,0.8263936132858323
1060.64242,0.8257295902299907
1062.19676,0.8203917025895182
1062.19676,0.815437492034044
1062.19676,0.8112408067038996
1062.19676,0.8245376789136688
1062.19676,0.8242489231391582
1062.19676,0.8101470347295707
1062.19676,0.8043871364700232
1063.7511,0.8040940551896378
1063.7511,0.8045328729587352
1063.7511,0.8180703801132485
1065.30544,0.8052885480881679
1065.30544,0.8135478597872814
1065.30544,0.8033817997246531
1066.85978,0.8020563593821913
1066.85978,0.7753084680750881
1066.85978,0.8049745897018262
1068.41412,0.7960160975568118
1068.41412,0.7682528236651569
1068.41412,0.7949102259563272
1069.96846,0.7362971020911121
1069.96846,0.7393034526606566
1069.96846,0.7815738261239864
1069.96846,0.7302529276184689
1069.96846,0.740579722634817
1069.96846,0.7898314145374258
1069.96846,0.7774090233627754
1069.96846,0.74423238428238
1069.96846,0.744275891110907
1069.96846,0.7192651688650585
1071.5228,0.7121644816856909
1071.5228,0.7116382331617297
1071.5228,0.6909485749586656
1071.5228,0.7591844636361562
1071.5228,0.7148018033475286
1071.5228,0.7700668931405994
1071.5228,0.7628482939964103
1071.5228,0.7645928666546592
1071.5228,0.7614415891149383
1071.5228,0.7884510008533209
1071.5228,0.7843194485357255
1071.5228,0.7555543908576282
1071.5228,0.7718280346616442
1073.07713,0.6965515375482627
1073.07713,0.696033489002596
1073.07713,0.6983592356661831
1073.07713,0.67238940081857
1073.07713,0.7205816632261333
1073.07713,0.6807622152625582
1073.07713,0.6883343997619177
1073.07713,0.6835335122073336
1073.07713,0.6752933083615712
1074.63147,0.7128800899857464
1074.63147,0.6598320309840133
1076.18581,0.6246301388485328
1076.18581,0.6087699045514818
1076.18581,0.6710402924318866
1076.18581,0.6135571007628474
1076.18581,0.6435970269114499
1076.18581,0.6035015477963622
1076.18581,0.6490264259932996
1077.74015,0.6409516129206795
1077.74015,0.6321683984385427
1077.74015,0.635012465692265
1077.74015,0.6240300137327005
1077.74015,0.612210950035157
1077.74015,0.591205510234806
1079.29449,0.5842969973100152
1079.29449,0.5782918789756107
1080.84883,0.577323337179845
1080.84883,0.5717828202382286
1082.40317,0.5663875817141251
1083.95751,0.561066420705467
1083.95751,0.5647724715423774
1085.51184,0.5550544758029243
1087.06618,0.553727931279733
1087.06618,0.5476140965364027
1088.62052,0.5325845891855395
1088.62052,0.5362254924819875
1088.62052,0.5275315881588418
1088.62052,0.5457032720772819
1088.62052,0.5401693644154338
1090.17486,0.5199073438319937
1090.17486,0.5084157463110062
1090.17486,0.5020541702338129
1090.17486,0.5098238234812286
1091.7292,0.4862037917658783
1091.7292,0.4940026388245013
1091.7292,0.48810476154004306
1093.28354,0.47765790143261655
1094.83788,0.4713346039617867
1094.83788,0.46533187526857284
1094.83788,0.46000640067077553
1096.39222,0.45942570518816256
1102.60957,0.4634904674883048
1102.60957,0.44973617978958436
1104.16391,0.45463222113871143
1104.16391,0.4692617695379519
1105.71825,0.46182284126029954
1105.71825,0.4761146698824073
1107.27259,0.4796169886251198
1107.27259,0.45575514030032055
1108.82693,0.4417114951202721
1108.82693,0.47794482062742694
1110.38126,0.46856392822485954
1110.38126,0.4346207193258176
1111.9356,0.45049647826305467
1111.9356,0.4215884110741419
1113.48994,0.4422176860471288
1113.48994,0.4122579692347093
1115.04428,0.38673809796800274
1115.04428,0.41652838711158224
1116.59862,0.3734037086322657
1116.59862,0.3862243744530799
1118.15296,0.37218351804459493
1118.15296,0.3959008661062869
1119.7073,0.38725373716401196
1121.26164,0.379068239747235
1121.26164,0.403684853661782
1122.81598,0.4061338238212181
1124.37031,0.4164773631979165
1125.92465,0.42140045191443964
1127.47899,0.394444418614186
1127.47899,0.4310750881633693
1129.03333,0.4216472993985063
1129.03333,0.39279931310559024
1130.58767,0.41291598453895595
1130.58767,0.3831708952433432
1130.58767,0.36756853747718066
1132.14201,0.38992260956277525
1132.14201,0.3662526269177982
1133.69635,0.38819043997084896
1133.69635,0.3440703249386861
1133.69635,0.3642237552458203
1135.25069,0.32939224156151525
1135.25069,0.3188125254667722
1135.25069,0.3556359790561162
1136.80502,0.31400757067760726
1136.80502,0.3414902795433193
1138.35936,0.3307056880891894
1138.35936,0.3105603021464109
1139.9137,0.31408961644180555
1141.46804,0.30930806998692784
1143.02238,0.3238509985304317
1143.02238,0.3099254883240089
1144.57672,0.31931675392868736
1146.13106,0.31429605126121213
1147.6854,0.3144350863659313
1149.23973,0.3096100851444215
1149.23973,0.3239105789189065
1150.79407,0.30491835532918826
1150.79407,0.32340069149726275
1152.34841,0.29909821217984917
1152.34841,0.3174067437574096
1153.90275,0.2930620375397137
1153.90275,0.31161303026994946
1155.45709,0.29272227731601275
1155.45709,0.30697622758911736
1157.01143,0.3061956949588872
1157.01143,0.29127604151126957
1158.56577,0.28562190775395424
1158.56577,0.30023308123153447
1160.12011,0.287897902463067
1160.12011,0.3188908605571397
1161.67444,0.32097826611902264
1163.22878,0.3367520560362853
1163.22878,0.31424036456453774
1164.78312,0.34731607606736925
1164.78312,0.3326172684230204
1164.78312,0.31821915546566804
1166.33746,0.31855843870146844
1166.33746,0.3488276430490219
1167.8918,0.341850203946223
1167.8918,0.3603075503473272
1169.44614,0.34290803100610195
1169.44614,0.30657906841533367
1171.00048,0.28446399168328185
1171.00048,0.3304079791204717
1172.55482,0.27498702577583034
1172.55482,0.31429250853572505
1172.55482,0.333003647967099
1174.10915,0.30242957182387553
1174.10915,0.2782943569035134
1174.10915,0.24439810436339024
1175.66349,0.2545154028169026
1175.66349,0.22311098731973203
1177.21783,0.2078765768222783
1177.21783,0.24679265038477544
1177.21783,0.23153179378474367
1178.77217,0.21861579974201414
1178.77217,0.18056129835972373
1180.32651,0.1841572292193082
1180.32651,0.1976319113972351
1181.88085,0.19538708938140792
1181.88085,0.13634836511623272
1181.88085,0.15363940456494787
1183.43519,0.12801926793038712
1183.43519,0.1681567059631027
1184.98953,0.14554044675503935
1184.98953,0.1065337346293513
1186.54387,0.09805567455320445
1186.54387,0.12302368505248278
1188.0982,0.0857109617119898
1188.0982,0.11534707431393249
1189.65254,0.06570801680740453
1189.65254,0.09140831388494935
1191.20688,0.06954007020776551
1191.20688,0.0850959258908307
1192.76122,0.0774596427234924
1192.76122,0.047652240304183385
1194.31556,0.03913965994985295
1194.31556,0.05372649125217302
1194.31556,0.01752058118742717
1195.8699,0.024842378115834975
1195.8699,0.05451653829063237
1197.42424,0.05418325151871223
1197.42424,0.014993116168704867
1198.97858,0.01641468004962296
1198.97858,0.047705469315454316
1200.53291,0.033337360546121325
1200.53291,0.0628282443138107
1202.08725,0.058264982837453266
1202.08725,0.03772558152798823
1202.08725,0.08393551196896687
1203.64159,0.09695161043386034
1203.64159,0.06095634298185052
1205.19593,0.1095636964742296
1205.19593,0.08510403045439527
1206.75027,0.10208221554545492
1206.75027,0.11785108403952971
1206.75027,0.08154585628528285
1208.30461,0.11806630612020655
1208.30461,0.09788416635432444
1209.85895,0.10456586534412828
1209.85895,0.12075736411076374
1211.41329,0.1208114771620533
1211.41329,0.10448263853153893
1212.96762,0.09824803830418516
1214.52196,0.11360655740466545
1214.52196,0.09782180170782873
1216.0763,0.10721320838813289
1216.0763,0.09058597197409506
1217.63064,0.08485662766526002
1217.63064,0.10587044657129582
1219.18498,0.08502534573718169
1219.18498,0.10078975973280561
1220.73932,0.084500250184082
1220.73932,0.10007250279585077
1222.29366,0.0780890385444885
1222.29366,0.09336193912825254
1223.848,0.07177253831627221
1223.848,0.08812662492272323
1225.40233,0.08771204805924179
1226.95667,0.08160016156555355
1226.95667,0.063666286509369
1228.51101,0.0726858926083601
1228.51101,0.054932240630750646
1230.06535,0.04839705184462638
1231.61969,0.059182028715753426
1231.61969,0.04793932715514722
1233.17403,0.058407677318558206
1233.17403,0.04080135785728077
1234.72837,0.04020756273041729
1234.72837,0.050921092408951055
1236.28271,0.033477410457489955
1237.83705,0.03900164010137864
1239.39138,0.03850293956790618
1240.94572,0.03803949979456677
1240.94572,0.02504310072122608
1242.50006,0.030456323527592918
1244.0544,0.01835707649873956
1244.0544,0.03705201749842042
1245.60874,0.037316103964075184
1245.60874,0.01857214719972156
1247.16308,0.035514723055192286
1247.16308,0.0127226119707881
1248.71742,0.01248681717207448
1248.71742,0.02841889623463861
1250.27176,0.015808562989135317
1250.27176,0.011211197619802767
1251.82609,0.010486400370103493
1251.82609,0.010367255200301795
1253.38043,0.010383030179611825
1253.38043,0.010398803580746328
1253.38043,0.010414575403705302
1254.93477,0.010430345648488748
1254.93477,0.010446114315096665
1256.48911,0.01046188140352905
1256.48911,0.010477646913785912
1258.04345,0.010493410845867239
1258.04345,0.010509173199773042
1259.59779,0.010524933975503314
1259.59779,0.010540693173058056
1261.15213,0.010556450792437272
1262.70647,0.010572206833640957
1262.70647,0.010587961296669116
1264.2608,0.010603714181521744
1264.2608,0.010619465488198847
1265.81514,0.010635215216700415
1265.81514,0.010650963367026459
1267.36948,0.010818978317696005
1267.36948,0.011025058784819778
1268.92382,0.01544023330596028
1268.92382,0.011434201213603555
1270.47816,0.011731677469103653
1270.47816,0.023304537447340987
1272.0325,0.01340613203118232
1273.58684,0.03700290019853078
1273.58684,0.01499593419576145
1275.14118,0.04410697130830938
1275.14118,0.020629076165988813
1276.69551,0.04483457136914596
1276.69551,0.02792698312796242
1278.24985,0.035240264988372995
1278.24985,0.059432995793552726
1279.80419,0.04421532194376941
1279.80419,0.06779891450148683
1281.35853,0.052234420902951675
1281.35853,0.08075576597253162
1282.91287,0.06064754543867719
1282.91287,0.08383414462872839
1284.46721,0.09550208843365389
1284.46721,0.07486725446408571
1286.02155,0.0957321840335255
1287.57589,0.07963764807405843
1289.13022,0.08002708623297608
1289.13022,0.09080018292844354
1290.68456,0.09122814555244899
1290.68456,0.08059608304321637
1292.2389,0.09069348500073122
1293.79324,0.08435414603843278
1293.79324,0.07268093697129518
1295.34758,0.06642605459517001
1295.34758,0.08231621230441336
1296.90192,0.06687539848635016
1298.45626,0.0733280904210873
1298.45626,0.09588934736551379
1300.0106,0.08125437942748454
1300.0106,0.09812361640987118
1301.56494,0.0883962105896308
1301.56494,0.11065517865782606
1303.11927,0.0958952851735156
1303.11927,0.11777784633173272
1304.67361,0.10347437600925569
1304.67361,0.12517935847755732
1306.22795,0.12564148635677636
1306.22795,0.11007757466268994
1307.78229,0.12521491867473214
1307.78229,0.10960384357529318
1309.33663,0.12455659796780373
1309.33663,0.10839859922248032
1310.89097,0.10272095983142844
1310.89097,0.11800908807077345
1312.44531,0.10247734359596522
1313.99965,0.11244793008140437
1313.99965,0.1016838978355695
1315.55398,0.10210243348602659
1315.55398,0.11281803044150411
1317.10832,0.1134179763438097
1317.10832,0.10306281304753818
1318.66266,0.11832923336753651
1318.66266,0.10254133866094466
1320.217,0.10818545858574123
1321.77134,0.10878523735247976
1321.77134,0.12529971743163165
1323.32568,0.11081499128729999
1323.32568,0.1265982057122842
1324.88002,0.12664867964951235
1324.88002,0.11145336442211551
1326.43436,0.1272684136864933
1327.98869,0.1274578282984339
1329.54303,0.12737417500276008
1329.54303,0.11127219209374559
1331.09737,0.1266299253467163
1331.09737,0.11630962855409556
1332.65171,0.1261551033981901
1332.65171,0.11018717146345865
1334.20605,0.11041966036186503
1334.20605,0.1257414392840631
1335.76039,0.12047217057670205
1337.31473,0.09927904147834549
1337.31473,0.11917354861918937
1338.86907,0.11263028155113856
1338.86907,0.09029428571592399
1340.4234,0.0833839159183354
1340.4234,0.1038718231525705
1341.97774,0.07665230154385298
1341.97774,0.0915206877889234
1343.53208,0.06384728492061437
1343.53208,0.08507633654535732
1345.08642,0.07874344128972512
1345.08642,0.06098679982381261
1346.64076,0.059506012647357075
1348.1951,0.05374011754999014
1348.1951,0.06509210428804854
1349.74944,0.06533814064819726
1349.74944,0.05407518603628628
1351.30378,0.06492259249800193
1351.30378,0.05375814215318279
1352.85812,0.06480129257229082
1352.85812,0.053592991204290674
1354.41245,0.059281293567042204
1355.96679,0.060151339562208486
1357.52113,0.06155047772425866
1357.52113,0.08425186228753713
1359.07547,0.06947198330100761
1360.62981,0.07610056603199308
1360.62981,0.09880189098484754
1362.18415,0.08442094293997293
1362.18415,0.10657171168744464
1363.73849,0.09136031116256076
1363.73849,0.11312086747611691
1365.29283,0.09335862686207157
1365.29283,0.12164109559203193
1366.84716,0.12333299880365794
1368.4015,0.13925136336520208
1368.4015,0.11329320875087166
1369.95584,0.11875824793573868
1369.95584,0.13570323175931953
1371.51018,0.13782263225934266
1371.51018,0.15471357080862758
1373.06452,0.1406085220282159
1373.06452,0.166877325250711
1374.61886,0.1477928638788159
1374.61886,0.1741362414987258
1376.1732,0.1609494737622953
1376.1732,0.18245873138572788
1377.72754,0.19277474470625874
1377.72754,0.16855289046032623
1379.28187,0.179833273055694
1379.28187,0.2013406585037493
1380.83621,0.21243657044106012
1380.83621,0.1886194825833568
1382.39055,0.1993148258295278
1382.39055,0.2254014161801405
1383.94489,0.21234511958724922
1383.94489,0.22762450110120191
1385.49923,0.2133136762484063
1385.49923,0.2333934292576068
1387.05357,0.21980592953319472
1387.05357,0.23521401115753485
1388.60791,0.24073392778796107
1388.60791,0.2267279794851557
1390.16225,0.2465580930579078
1390.16225,0.23305636645748953
1391.71658,0.2534381390308831
1393.27092,0.24889107832949534
1394.82526,0.24898400868759193
1396.3796,0.2389098994252865
1396.3796,0.2532252010387166
1397.93394,0.23846624180308693
1397.93394,0.24780053757861817
1399.48828,0.23317749079115155
1399.48828,0.24722672874864646
1401.04262,0.24108505723499563
1401.04262,0.22046061252828647
1402.59696,0.21978365044624001
1402.59696,0.23437789915818655
1404.15129,0.22914933264201268
1404.15129,0.21854019310638464
1405.70563,0.20829107447002468
1405.70563,0.227517939412182
1407.25997,0.22206052781302296
1407.25997,0.20079326912342654
1408.81431,0.2040291663699804
1410.36865,0.18842980866811268
1410.36865,0.207998660762868
1411.92299,0.18779959908646454
1411.92299,0.20190508953353317
1413.47733,0.17601497686241085
1413.47733,0.19505447607089718
1415.03167,0.16894209097860804
1415.03167,0.1877771375440747
1416.58601,0.15094866540876806
1416.58601,0.17878170845715766
1418.14034,0.13217359441591267
1418.14034,0.14768189723268765
1418.14034,0.16802986157614655
1419.69468,0.15730416125931249
1419.69468,0.13970032131287857
1419.69468,0.11614984954457266
1421.24902,0.13375244143152762
1421.24902,0.10073539718076492
1422.80336,0.0883750868493427
1422.80336,0.11368532852098207
1424.3577,0.08172061475763363
1424.3577,0.10739628262749044
1425.91204,0.07421489813009607
1425.91204,0.0945694787944359
1427.46638,0.06678826386304408
1427.46638,0.08229023137364615
1429.02072,0.07606320734399011
1429.02072,0.05888783743584275
1430.57505,0.07420527144859668
1430.57505,0.05648283127399077
1432.12939,0.055502975044340465
1433.68373,0.043009399165321885
1433.68373,0.05870096660985171
1435.23807,0.03476309303789143
1436.79241,0.02766447268368137
1436.79241,0.04511673811857262
1438.34675,0.028268712807085077
1438.34675,0.04638104950541959
1439.90109,0.0455729531387742
1439.90109,0.026646905628980654
1441.45543,0.019857800211990292
1441.45543,0.03369812519302765
1443.00976,0.057325013016640926
1443.00976,0.03498210632132454
1443.00976,0.021846049822555835
1444.5641,0.06230562863979893
1444.5641,0.02192138615990274
1444.5641,0.03684044841108197
1446.11844,0.06166892707033822
1446.11844,0.0915254158945571
1446.11844,0.03758775449594862
1447.67278,0.11092524884043284
1447.67278,0.07767688746921485
1449.22712,0.11846103539354232
1449.22712,0.14170989597118747
1450.78146,0.11467667032180084
1450.78146,0.16267729985311524
1452.3358,0.16888959466918535
1452.3358,0.13858424403636163
1452.3358,0.15263224706507392
1453.89014,0.14269172328660695
1453.89014,0.1544770223626961
1455.44447,0.16132219355701885
1455.44447,0.17773475396697547
1456.99881,0.16803926706637592
1458.55315,0.16760524569962057
1460.10749,0.1622054368995634
1461.66183,0.1680521725024272
1463.21617,0.17006760412802996
1463.21617,0.19156617375380086
1464.77051,0.19697314785097583
1464.77051,0.17255395418884822
1466.32485,0.18317060337933602
1466.32485,0.209467386063351
1467.87919,0.19648176702063053
1467.87919,0.21243842024219506
1469.43352,0.2046529579305902
1469.43352,0.23126826172414033
1470.98786,0.2426569121243191
1470.98786,0.2237112718339036
1472.5422,0.24259333703167613
1472.5422,0.21752397812579313
1474.09654,0.2381232159444548
1474.09654,0.2173565093562574
1516.06369,0.29372602830826605
1516.06369,0.2970562738476974
1517.25705,0.39447409833231084
1517.61803,0.29283191021241145
1517.61803,0.2820848228068083
1519.17236,0.2761508492755756
1520.7267,0.2456590475864644
1520.7267,0.24991649070095687
1520.7267,0.2745888067130989
1522.28104,0.25699353896137833
1522.28104,0.27198831433923765
1522.28104,0.27673933699286335
1523.83538,0.2619638959513529
1523.83538,0.27048421260213107
1523.83538,0.273382809900312
1528.59075,0.4323658001121436
1562.59186,0.5173224190314101
1574.9559,0.5134017043907746
1615.54137,0.5891890312930627
1617.09571,0.5887779990260715
1618.65005,0.5816532697722635
1618.65005,0.5899236673016666
1618.65005,0.5845781068934331
1618.65005,0.5744090508439296
1620.20439,0.5685226655348548
1621.75872,0.5672244097796543
1623.31306,0.5613314653274795
1624.8674,0.5511465473143133
1624.8674,0.545611050660368
1624.8674,0.5537289170628528
1624.8674,0.539533230981535
1626.42174,0.5388214679013636
1627.97608,0.5383879585766227
1629.53042,0.5384292402112536
1631.08476,0.5384704756954641
1632.6391,0.5383533109257647
1634.19343,0.5381965113579723
1635.74777,0.5336623448246184
1637.30211,0.5381203072501832
1638.85645,0.5380029631939771
1640.41079,0.5331122730091398
1641.96513,0.5322816032363379
1643.51947,0.5268707695794836
1645.07381,0.5214547643362073
1646.62815,0.5204637282956225
1648.18248,0.5148818374336183
1649.73682,0.5090940174541377
1649.73682,0.5031201365678905
1649.73682,0.49665883393503907
1649.73682,0.490231021940693
1651.29116,0.4707442900798152
1651.29116,0.48343515087325944
1651.29116,0.47835424614591204
1652.8455,0.4684171961124483
1652.8455,0.47178311316354254
1654.39984,0.45743543112772483
1654.39984,0.46584445097791843
1654.39984,0.46038338780860083
1654.39984,0.45019033290471666
1655.95418,0.4488198598198239
1655.95418,0.4429783289757782
1655.95418,0.43741209456492647
1657.50852,0.4314536762225691
1657.50852,0.4344776510214912
1659.06286,0.41008890153214916
1659.06286,0.41850391150402333
1659.06286,0.4142849918970797
1659.06286,0.42406105390268967
1659.06286,0.42822027188303535
1660.61719,0.4086141384650551
1662.17153,0.4069917467327685
1662.17153,0.4013046574540988
1663.72587,0.40114097061817283
1665.28021,0.40138421417636894
1666.83455,0.406646300263029
1668.38889,0.4072553329120893
1669.94323,0.41230780114048865
1671.49757,0.4080263466646397
1673.0519,0.41291621394148287
1674.60624,0.4129972916767793
1676.16058,0.41283499153332903
1677.71492,0.40782345057468045
1679.26926,0.407498861977977
1680.8236,0.40737700362586615
1682.37794,0.40709222284423524
1683.93228,0.4065630211430872
1685.48661,0.3966807262681
1685.48661,0.4003424561304706
1687.04095,0.39478536571663797
1688.59529,0.384507831104014
1688.59529,0.3874850806252414
1690.14963,0.3764548319636296
1691.70397,0.36114577502243816
1691.70397,0.36455359129347986
1691.70397,0.3684021758252529
1693.25831,0.349088309102808
1693.25831,0.3575022639368505
1693.25831,0.35211465408646636
1694.81265,0.3469852240940808
1696.36699,0.3464900516618844
1697.92133,0.34636563301483075
1699.47566,0.3464057873121915
1701.03,0.3464458937171868
1702.58434,0.3464859521126983
1704.13868,0.34636108300824425
1705.69302,0.34586491269688235
1707.24736,0.34039845521240375
1708.8017,0.33492402821094414
1710.35604,0.3342620129900879
1711.91037,0.3337644858791896
1713.46471,0.3286522735610323
1715.01905,0.3283198438162735
1716.57339,0.3283595884610795
1718.12773,0.3287715038433027
1719.68207,0.33396303455027204
1721.23641,0.3343748161700406
1722.79075,0.33441433706137486
1724.34508,0.3339158897052939
1725.89942,0.32809841146298274
1727.45376,0.32202291149523465
1729.0081,0.3112148578357477
1729.0081,0.31491692292260165
1730.56244,0.30483555677661023
1730.56244,0.3087512555391644
1732.11678,0.3030570659748576
1733.67112,0.2926877397585634
1733.67112,0.2966210125958061
1735.22546,0.2914923415879608
1736.77979,0.2913220126845769
1738.33413,0.291026512572825
1739.88847,0.2905208158625883
1741.44281,0.2846263380992487
1742.99715,0.27813112161728065
1744.55149,0.26708764465894996
1744.55149,0.26099879721812247
1744.55149,0.26963063348735933
1746.10583,0.24977116130758972
1746.10583,0.2575878290807017
1746.10583,0.25057861095832645
1747.66017,0.21399664006805466
1747.66017,0.23532491248399234
1747.66017,0.19843680464419253
1747.66017,0.20100391236440512
1747.66017,0.18519836926143615
1747.66017,0.19003198149842232
1749.2145,0.21474889065808342
1749.2145,0.17172388064726535
1749.2145,0.21196290081607264
1749.2145,0.22585185508081548
1749.2145,0.17621567936100113
1749.2145,0.1795281011890747
1750.76884,0.2169183273476374
1750.76884,0.1601527319588235
1752.32318,0.15154283716486655
1753.87752,0.14868220379454913
1753.87752,0.14237044212378233
1755.43186,0.13582483702936224
1756.9862,0.1290685256950665
1758.54054,0.12372467073465536
1760.09488,0.11980198795534329
1775.63826,0.15741417231379007
1775.63826,0.1439990367983474
1777.1926,0.1452998932398139
1777.1926,0.16141386045368658
1778.74694,0.16247598300212718
1780.30128,0.1619324269904322
1781.85562,0.15519824061840312
1781.85562,0.13239810099210425
1783.40996,0.1405441617738107
1783.40996,0.11311827841682491
1784.9643,0.1328214057119116
1784.9643,0.10568783061242197
1786.51864,0.12490146839149038
1786.51864,0.09182366354014154
1788.07297,0.0956119382735203
1789.62731,0.09906525290543064
1789.62731,0.07621306460152148
1791.18165,0.07530940231583495
1792.73599,0.07530392036426195
1792.73599,0.09229459241378245
1794.29033,0.07682900068290269
1794.29033,0.09334749143373929
1795.84467,0.08283377215473631
1795.84467,0.09383253559861132
1797.39901,0.08288930249249864
1797.39901,0.09345792957618679
1798.95335,0.07718722414591313
1798.95335,0.09332618548303578
1800.50768,0.08295703804194
1802.06202,0.08846083504833938
1803.61636,0.09349062916424197
1803.61636,0.076529338325963
1805.1707,0.08616461440016165
1805.1707,0.0632515061242356
1806.72504,0.07926772913759192
1806.72504,0.06229462313981924
1808.27938,0.07749883181046001
1808.27938,0.054079273807247835
1809.83372,0.0409798362153623
1809.83372,0.06815892274188268
1811.38806,0.026310258953790636
1811.38806,0.054399152215882866
1812.9424,0.020945844783748047
1812.9424,0.0203878085264683
1812.9424,0.040605202566357766
1814.49673,0.019977903528256503
1814.49673,0.027917726993823326
1816.05107,0.018370681935017064
1816.05107,0.018003499129508722
1817.60541,0.017712756376113293
1817.60541,0.017727778565696125
1819.15975,0.01774279917710343
1819.15975,0.017757818210335206
1820.71409,0.01777283566539145
1820.71409,0.01778785154227217
1822.26843,0.01780286584097736
1822.26843,0.017817878561507017
1823.82277,0.01783288970386115
1825.37711,0.01784789926803975
1825.37711,0.018174740231083536
1826.93144,0.019516476247511527
1826.93144,0.029712323121975644
1828.48578,0.048523662257667285
1828.48578,0.021997536022893924
1830.04012,0.04310957739893628
1830.04012,0.02291908756150085
1831.59446,0.062423573754766926
1831.59446,0.03552811985751472
1833.1488,0.07320262367748977
1834.70314,0.07207678905957705
1834.70314,0.11309874317644444
1836.25748,0.12018556518187151
1836.25748,0.08922749728305644
1837.81182,0.12090701649571788
1837.81182,0.10567747216773604
1839.36615,0.12107063520067925
1839.36615,0.09940000469623787
1840.92049,0.09957577553381412
1840.92049,0.11555521090461614
1842.47483,0.11596099954903552
1842.47483,0.09936797999563748
1844.02917,0.10857813821877337
1844.02917,0.08612791508948418
1845.58351,0.10047664159219416
1845.58351,0.07807224935342372
1847.13785,0.07272384085136202
1847.13785,0.09900538096061803
1848.69219,0.08651617672006308
1848.69219,0.050974948223104444
1850.24653,0.04345582296747925
1850.24653,0.0760893751686248
1851.80086,0.052249270849182905
1851.80086,0.022750321881348956
1853.3552,0.02062657296339251
1853.3552,0.035702841588913244
1853.3552,0.02405993471513292
1854.90954,0.03097269532666575
1854.90954,0.04304081905001868
1854.90954,0.021666389089209065
1856.46388,0.036027237397806625
1856.46388,0.02023276847051577
1858.01822,0.020575777705940712
1858.01822,0.036083323018174615
1859.57256,0.03002786352032443
1859.57256,0.020987895795983615
1861.1269,0.025260032954002087
1861.1269,0.051319028483162055
1862.68124,0.058516865841540866
1862.68124,0.03550133798581554
1864.23557,0.0587024634160123
1865.78991,0.04203288812467685
1865.78991,0.06015988464044018
1867.34425,0.055229636217486784
1868.89859,0.06179597933975546
1870.45293,0.06212759133782936
1872.00727,0.06795093300177495
1872.00727,0.05664943264134744
1873.56161,0.06775411968539152
1873.56161,0.05650499817695411
1875.11595,0.06741393823350551
1875.11595,0.05567432461440466
1876.67029,0.054597071561804426
1878.22462,0.05326076025910355
1878.22462,0.034639374417178126
1879.77896,0.046114603044179525
1881.3333,0.03985862265124441
1882.88764,0.045269868389917096
1882.88764,0.02591872911575376
1884.44198,0.03789816393995272
1884.44198,0.025070227091384845
1885.99632,0.03774649783506936
1885.99632,0.02512796113809538
1887.55066,0.037360372220376616
1887.55066,0.024634373337926785
1889.105,0.024901244680976327
1889.105,0.03815178887973768
1890.65933,0.03305341315115195
1892.21367,0.04518958486844067
1892.21367,0.03387221270666043
1893.76801,0.034867197533716345
1895.32235,0.06428437861133288
1895.32235,0.04262851017141607
1896.87669,0.04352714142318974
1896.87669,0.07315218321565853
1898.43103,0.05930425734609583
1898.43103,0.08345390883055473
1899.98537,0.0960200644447041
1899.98537,0.08118627902883349
1901.53971,0.10776699500869666
1901.53971,0.0815629592727771
1903.09404,0.09312427393268329
1903.09404,0.11013776310357493
1904.64838,0.10096740161192524
1904.64838,0.11743621475965287
1906.20272,0.10221354791354773
1906.20272,0.1237615363646233
1907.75706,0.10845880169673086
1907.75706,0.12459324916439847
1909.3114,0.10947055339249681
1909.3114,0.13129318849612362
1910.86574,0.12178534907459464
1910.86574,0.13796465787300255
1912.42008,0.12260887786466151
1912.42008,0.13801471097085427
1913.97442,0.12261693912950666
1913.97442,0.13290623877060517
1915.52875,0.13275875014667976
1915.52875,0.12227890292759325
1917.08309,0.13235457060805628
1917.08309,0.12196571617795754
1918.63743,0.13240448506225294
1918.63743,0.12201579266017996
1920.19177,0.13209105084151287
1920.19177,0.12088130417992107
1921.74611,0.12018318378189435
1923.30045,0.10964096970562684
1923.30045,0.1254035197192047
1924.85479,0.12525285415388532
1924.85479,0.10874381456770872
1926.40913,0.11300369567082943
1927.96346,0.1020682915385601
1927.96346,0.11797762838091205
1929.5178,0.1021583646567081
1929.5178,0.11760640791165974
1931.07214,0.09634203482843348
1931.07214,0.11162226570112756
1932.62648,0.10572386618254113
1932.62648,0.08890946181090544
1934.18082,0.10385409546086513
1934.18082,0.08186447068081835
1935.73516,0.09693442364469469
1935.73516,0.07997862628602966
1937.2895,0.07440648479086442
1937.2895,0.09022387231948334
1938.84384,0.08417469700574827
1938.84384,0.06692203599539645
1940.39818,0.06618894728515734
1940.39818,0.0827100051023708
1941.95251,0.06633565050437558
1941.95251,0.07696230065075657
1943.50685,0.05980048874719911
1943.50685,0.07599045087488467
1945.06119,0.058582711530114975
1946.61553,0.06354438988667245
1948.16987,0.0515139906390763
1948.16987,0.06275664255633545
1949.72421,0.05176326477687258
1949.72421,0.06330572434177395
1951.27855,0.06333882947936641
1951.27855,0.05162569866855809
1952.83289,0.06242741704362309
1952.83289,0.04507286641484462
1954.38722,0.06247772599597632
1954.38722,0.05132861049038643
1955.94156,0.06259233988803634
1955.94156,0.051087318016480046
1957.4959,0.05132320855294295
1959.05024,0.06273296408730893
1960.60458,0.05745692777270208
1962.15892,0.051679992808675475
1962.15892,0.06296690340399508
1963.71326,0.05177691687927266
1963.71326,0.06321445125205027
1965.2676,0.05140925238582592
1965.2676,0.06192490784330555
1966.82193,0.03754176518195299
1966.82193,0.048819281995687115
1968.37627,0.03650633791485564
1968.37627,0.05422883295981127
1969.93061,0.029875076521920774
1969.93061,0.05343735465917627
1971.48495,0.024585403601775146
1971.48495,0.0466817817918871
1973.03929,0.023553036634673168
1973.03929,0.039687325482394495
1974.59363,0.022140295987108073
1974.59363,0.02578636572459508
1976.14797,0.02084911172568951
1976.14797,0.020674990064135423
1977.70231,0.02053863625523332
1977.70231,0.020553358591465697
1979.25664,0.02056807934952255
1979.25664,0.020582798529403867
1979.25664,0.020597516131109654
1980.81098,0.020612232154639913
1980.81098,0.020626946599994644
1980.81098,0.02064165946717385
1982.36532,0.020656370756177524
1983.91966,0.020671080467005668
1983.91966,0.020685788599658292
1985.474,0.02070049515413538
1985.474,0.02071520013043694
1985.474,0.020729903528562972
1987.02834,0.020744605348513474
1987.02834,0.020759305590288445
1987.02834,0.020774004253887892
1988.58268,0.020788701339311808
1988.58268,0.0208033968465602
1990.13702,0.020818090775633055
1991.69136,0.020832783126530387
1991.69136,0.02084747389925219
1993.24569,0.02086216309379846
1993.24569,0.020876850710169204
1994.80003,0.020891536748364418
1994.80003,0.020906221208384104
1996.35437,0.020920904090228263
1996.35437,0.020935585393896897
1996.35437,0.020950265119389997
1997.90871,0.02096494326670757
1997.90871,0.02097961983584961
1999.46305,0.020994294826816123
1999.46305,0.021605822760461937
2001.01739,0.022366562746145926
2001.01739,0.04062955555051961
2002.57173,0.024654084369966873
2002.57173,0.05412189931594714
2004.12607,0.026642389932545685
2004.12607,0.062454743035238826
2005.6804,0.04703259380403205
2005.6804,0.07757178265196364
2007.23474,0.06266930246470674
2007.23474,0.0967915129809046
2008.78908,0.07050883579368587
2008.78908,0.09327048396923553
2010.34342,0.08340706465148194
2010.34342,0.106210550276481
2011.89776,0.09194538281260342
2011.89776,0.11432653822091406
2013.4521,0.12043021076982194
2013.4521,0.0999082301664551
2015.00644,0.1262403013495525
2015.00644,0.10599829228738589
2016.56078,0.12790303606545173
2018.11511,0.1187125713845146
2018.11511,0.13528399788675294
2019.66945,0.13536036785414945
2019.66945,0.12498279521506396
2021.22379,0.12464946857003638
2021.22379,0.13533257479845615
2022.77813,0.12555449706757107
2022.77813,0.14134886140115036
2024.33247,0.12636870603641587
2024.33247,0.14148170669018886
2025.88681,0.1356704412799427
2027.44115,0.11401231334079254
2027.44115,0.1340323550055497
2028.99549,0.1129632913255079
2028.99549,0.1334800020743163
2030.54982,0.10737944580496972
2030.54982,0.12779492750904953
2032.10416,0.12123120335587521
2032.10416,0.09891551966816241
2033.6585,0.09793699029607703
2033.6585,0.10843587483324034
2035.21284,0.10846528783455303
2035.21284,0.0970724460710724
2036.76718,0.09621672418004609
2038.32152,0.09085299617135692
2039.87586,0.10157991678116977
2041.4302,0.10155941689982395
2041.4302,0.08486055964989793
2042.98453,0.10008989213642562
2042.98453,0.07774381640497055
2044.53887,0.09344802797305325
2044.53887,0.07072504570468388
2046.09321,0.09060694458533432
2046.09321,0.05589632924855196
2047.64755,0.04849389044031662
2047.64755,0.07533326161735932
2049.20189,0.03412644535667653
2049.20189,0.057011857627077146
2050.75623,0.032248497342496955
2050.75623,0.05566386387160632
2052.31057,0.025768366067803878
2052.31057,0.04224111273295209
2053.86491,0.023913923336968634
2053.86491,0.028614151357780986
2055.41925,0.028434407588523822
2056.97358,0.023486317591149275
2056.97358,0.035167365272969306
2058.52792,0.02383628763534068
2058.52792,0.03543491163428454
2060.08226,0.023867638640123662
2060.08226,0.03569156464334319
2061.6366,0.02499109980076463
2061.6366,0.04326836853281302
2063.19094,0.04330635714629436
2063.19094,0.031094083419263018
2064.74528,0.031586756771344024
2064.74528,0.05061704287214948
2066.29962,0.05176236616865791
2066.29962,0.04023259566023446
2067.85396,0.05713725858762879
2067.85396,0.03954437841027153
2069.40829,0.04038833092227885
2069.40829,0.05820602184509347
2070.96263,0.06403521448691858
2072.51697,0.02916959473074796
2072.51697,0.05728172241597977
2074.07131,0.05048445612368427
2074.07131,0.02561359003056381
2075.62565,0.02900915979397111
2075.62565,0.022761085912420084
2077.17999,0.022540367826619938
2077.17999,0.022366697423932755
2077.17999,0.022381222488224044
2078.73433,0.0223957459743398
2078.73433,0.02241026788228003
2078.73433,0.022424788212044727
2080.28867,0.0224393069636339
2080.28867,0.022453824137047544
2081.843,0.02246833973228566
2081.843,0.02248285374934824
2083.39734,0.022497366188235297
2083.39734,0.02251187704894683
2084.95168,0.022526386331482826
2084.95168,0.022540894035843296
2086.50602,0.022555400162028234
2088.06036,0.022569904710037652
2088.06036,0.022584407679871535
2089.6147,0.02259890907152989
2089.6147,0.022613408885012714
2091.16904,0.022627907120320017
2091.16904,0.022642403777451785
2092.72338,0.022656898856408026
2092.72338,0.0228655776149772
2094.27771,0.02331747352122906
2094.27771,0.02918582359357821
2095.83205,0.02984141093041326
2095.83205,0.024772351480009225
2097.38639,0.04349806126734109
2097.38639,0.026492035480713643
2098.94073,0.055747754794087695
2098.94073,0.026383999929098467
2100.49507,0.03323912619009862
2100.49507,0.053421802984632935
2100.49507,0.07198918880006826
2102.04941,0.06161574367574163
2102.04941,0.04408465982670052
2103.60375,0.07830205458031014
2103.60375,0.05784893337685358
2105.15809,0.07144765991056075
2105.15809,0.10090720031187918
2105.15809,0.09229470628225969
2106.71243,0.10893861244084761
2108.26676,0.08761760160330886
2108.26676,0.10916809742335512
2109.8211,0.09357520633493599
2109.8211,0.11006219449512496
2111.37544,0.10004201629918207
2111.37544,0.11099381045567226
2112.92978,0.11102075436946762
2112.92978,0.10028965746851123
2114.48412,0.1100386737130032
2114.48412,0.09888718837066743
2116.03846,0.09305670979840358
2116.03846,0.1036690605117992
2117.5928,0.09356570076554112
2119.14714,0.11028813152415373
2119.14714,0.10011338845126068
2120.70147,0.11643064055852757
2120.70147,0.09641847737661936
2122.25581,0.1238727858891015
2123.81015,0.1299861240130561
2123.81015,0.10939770422814475
2125.36449,0.1298953616525006
2125.36449,0.10870154531961086
2126.91883,0.12840897165853857
2126.91883,0.10153804365554038
2128.47317,0.09653865695285124
2128.47317,0.13317093253697382
2128.47317,0.11134452876740648
2130.02751,0.09360010355765952
2130.02751,0.076105627754584
2130.02751,0.11296117983737027
2131.58185,0.09661717054238833
2131.58185,0.06179250180962615
2133.13618,0.0919398319223186
2133.13618,0.0519361801364782
2134.69052,0.056315505134799146
2134.69052,0.07124662128867854
2134.69052,0.02897952189692972
2136.24486,0.04541788815132952
2136.24486,0.0263788368777025
2137.7992,0.044026134767978724
2137.7992,0.02497332248780719
2139.35354,0.02419038186155104
2140.90788,0.023566907228785284
2142.46222,0.023581301304507696
2144.01656,0.023595693802054563
2144.01656,0.024454263886637434
2145.57089,0.02595339627816676
2145.57089,0.05089522357116466
2145.57089,0.03935891839129748
2147.12523,0.027686950031495624
2147.12523,0.04229917570183182
2147.12523,0.06804693391337954
2148.67957,0.09110948706785468
2148.67957,0.04192659012026342
2150.23391,0.07371133256798348
2151.78825,0.12867349230515465
2151.78825,0.09317171818043543
2151.78825,0.07067556851603761
2151.78825,0.10484180771296063
2153.34259,0.10922449308166546
2153.34259,0.15540839445542717
2154.89693,0.13971926271241517
2154.89693,0.18342269265898556
2156.45127,0.19062476500607545
2156.45127,0.1667470440554086
2158.0056,0.20156246336160266
2158.0056,0.17352094760421893
2159.55994,0.1966825959651441
2159.55994,0.2334069672683188
2161.11428,0.22582674425229504
2162.66862,0.2064321971121494
2162.66862,0.2409615441746859
2164.22296,0.21341739011254446
2164.22296,0.2491902081629474
2165.7773,0.24468437173414026
2167.33164,0.23818295975505238
2167.33164,0.2187690515791457
2167.33164,0.18965266052900784
2168.88598,0.16192946132589328
2168.88598,0.19523882870051434
2170.44032,0.17787316353811913
2170.44032,0.1450859092381282
2171.99465,0.1281207675973839
2171.99465,0.17393294621773803
2171.99465,0.15357135474458242
2173.54899,0.13584715689736623
2175.10333,0.1264826077183059
2175.10333,0.10802389325157412
2175.10333,0.09020405854163893
2176.65767,0.11499509397645613
2176.65767,0.0875549413103488
2178.21201,0.0749876849825283
2178.21201,0.1004792424370954
2179.76635,0.05641444166727621
2179.76635,0.08931293351988533
2181.32069,0.08296301090817398
2181.32069,0.05920132794071982
2182.87503,0.06212154477468922
2182.87503,0.0434925424697369
2184.42936,0.04335089509830949
2185.9837,0.06699577545299487
2185.9837,0.045017806753648394
2187.53804,0.06897355512860573
2187.53804,0.058391655057774876
2189.09238,0.07617835315168857
2189.09238,0.05991464709041284
2190.64672,0.082250826361654
2190.64672,0.06588443243991793
2192.20106,0.06610950243659143
2192.20106,0.08313837521841794
2193.7554,0.06769571801806792
2193.7554,0.09110959070608063
2195.30974,0.08177804309101555
2196.86407,0.11045809516646438
2196.86407,0.09082838581463797
2198.41841,0.12344080432826748
2198.41841,0.10835056835730895
2199.97275,0.1039189371755231
2199.97275,0.12517801466903994
2201.52709,0.12015430833103453
2201.52709,0.10955490416121115
2203.08143,0.10906915656764564
2203.08143,0.12479593504382169
2204.63577,0.10357340131020304
2204.63577,0.11866860465562533
2206.19011,0.0971202276963972
2206.19011,0.11246813505733708
2207.74445,0.10653636106656032
2207.74445,0.0898271414010706
2209.29878,0.10469998387052659
2209.29878,0.08841215861719716
2210.85312,0.08843632430675517
2210.85312,0.10438086214752987
2212.40746,0.0890887112706894
2213.9618,0.09557555819661022
2213.9618,0.11306790025563802
2215.51614,0.11439919333916841
2217.07048,0.11945998498092017
2217.07048,0.10332686452746609
2218.62482,0.10339391057700287
2218.62482,0.12533824765058268
2220.17916,0.11166988563747578
2220.17916,0.13370258857503814
2221.7335,0.13917921685779797
2221.7335,0.11899641746551812
2223.28783,0.12965625350153798
2223.28783,0.14615610544404187
2224.84217,0.13178030965655452
2224.84217,0.15285551708323034
2226.39651,0.13369939213190862
2226.39651,0.16032691742845795
2227.95085,0.16498197185096541
2227.95085,0.1389104501689278
2229.50519,0.13274437282043042
2229.50519,0.15693055187760777
2231.05953,0.13547607904125158
2232.61387,0.10824932064248577
2232.61387,0.1383872351179246
2234.16821,0.12687431407973057
2234.16821,0.10853105096862169
2234.16821,0.08988268096461438
2235.72254,0.08404917804371698
2235.72254,0.11060852692464987
2237.27688,0.10454560458298477
2237.27688,0.06328634112913238
2238.83122,0.08160013520764119
2238.83122,0.03271591428510328
2238.83122,0.05731379641148034
2240.38556,0.057508613639378876
2240.38556,0.07348987348130938
2240.38556,0.02953375050284589
2241.9399,0.026865253114512953
2243.49424,0.025424904070889338
2243.49424,0.025439092983793002
2245.04858,0.026159944295909135
2245.04858,0.03050973694709538
2270.43317,0.06380389675914912
2298.25226,0.16411573458377277
2321.95,0.3306489571179154
2338.43539,0.3917108640202383
2344.61741,0.3049223689800929
2355.95111,0.2694758443874763
2355.95111,0.1776086541055557
2378.72171,0.04203339437775926
2378.72171,0.029788535005329637
2380.27605,0.025622518940110348
2380.27605,0.02562340523756759
2381.83039,0.025637572056013858
2381.83039,0.025651737296284595
2383.38473,0.025665900958379805
2383.38473,0.025680063042299486
2383.38473,0.02569422354804364
2384.93907,0.02570838247561226
2384.93907,0.025722539825005355
2386.49341,0.025736695596222926
2386.49341,0.025750849789264965
2388.04774,0.025765002404131473
2389.60208,0.02577915344082245
2389.60208,0.025793302899337903
2391.15642,0.02580745077967782
2391.15642,0.02582159708184222
2392.71076,0.025835741805831085
2392.71076,0.02584988495164442
2394.2651,0.02586402651928223
2395.81944,0.02587816650874451
2395.81944,0.02589230492003126
2397.37378,0.02592238560766803
2397.37378,0.025956450680760662
2398.92812,0.02690511482813015
2400.48246,0.027937146758094566
2400.48246,0.04273049062065928
2402.03679,0.05552889329066518
2402.03679,0.030927667735368525
2403.59113,0.056843944925584415
2405.14547,0.04695064856629528
2405.14547,0.0714787883772912
2406.69981,0.07253849299042987
2406.69981,0.056344327582435225
2408.25415,0.08511548364851952
2408.25415,0.06941137865046937
2409.80849,0.0909216050892216
2409.80849,0.06285357980668331
2411.36283,0.06326144827886714
2411.36283,0.09086207863211657
2412.91717,0.0802111671089186
2414.4715,0.05725537953628695
2414.4715,0.07874817437151621
2416.02584,0.07195476405660181
2416.02584,0.053548296071942496
2417.58018,0.04041478688049354
2417.58018,0.06336896563711814
2419.13452,0.057328786543707634
2419.13452,0.0314641991785942
2420.68886,0.04852891172498825
2420.68886,0.02833532528525508
2422.2432,0.028070333950490554
2422.2432,0.041161971285811075
2423.79754,0.027456181627841542
2423.79754,0.02741543336301437
2425.35188,0.026414104517706084
2425.35188,0.026404836232646604
2426.90621,0.026400236661452144
2426.90621,0.02641431668024433
2428.46055,0.02642839512086099
2428.46055,0.026442471983302122
2430.01489,0.02645654726756772
2430.01489,0.026470620973657794
2431.56923,0.02648469310157234
2431.56923,0.026498763651311354
2433.12357,0.026512832622874842
2433.12357,0.0265269000162628
2434.67791,0.026540965831475232
2434.67791,0.026555030068512127
2436.23225,0.026569092727373504
2436.23225,0.026583153808059347
2437.78659,0.026597213310569662
2437.78659,0.026611271234904442
2439.34092,0.0266253275810637
2439.34092,0.02663938234904743
2440.89526,0.026653435538855626
2440.89526,0.0266674871504883
2442.4496,0.02668153718394544
2444.00394,0.026695585639227058
2444.00394,0.026709632516333136
2445.55828,0.026723677815263698
2445.55828,0.026737721536018725
2447.11262,0.026751763678598228
2447.11262,0.026765804243002192
2447.11262,0.026779843229230632
2448.66696,0.026793880637283548
2448.66696,0.026807916467160926
2450.2213,0.02682195071886279
2450.2213,0.026835983392389108
2451.77564,0.026850014487739906
2451.77564,0.02686404400491518
2453.32997,0.02687807194391492
2453.32997,0.026892098304739126
2453.32997,0.02690612308738781
2454.88431,0.02692014629186097
2454.88431,0.026934167918158593
2456.43865,0.026948187966280682
2456.43865,0.026962206436227258
2457.99299,0.026976223327998292
2457.99299,0.026990238641593806
2459.54733,0.02700425237701379
2461.10167,0.02701826453425824
2462.65601,0.027032275113327165
2464.21035,0.027046284114220564
2464.21035,0.027060291536938428
2465.76468,0.02707429738148076
2465.76468,0.027088301647847573
2465.76468,0.027102304336038857
2467.31902,0.027116305446054607
2467.31902,0.027130304977894825
2467.31902,0.027144302931559523
2468.87336,0.027158299307048692
2468.87336,0.027172294104362327
2470.4277,0.027186287323500435
2470.4277,0.02720027896446301
2471.98204,0.02790158944407556
2471.98204,0.028774728449718956
2471.98204,0.04864719714027743
2471.98204,0.029693332648813974
2473.53638,0.029961455833365246
2473.53638,0.057255219780875534
2475.09072,0.035220292290201724
2475.09072,0.10312019320384208
2476.64506,0.06944142174863281
2476.64506,0.14290067003528348
2478.19939,0.10379580041258932
2478.19939,0.15332496501437337
2479.75373,0.12180651176205567
2479.75373,0.1836444621992004
2481.30807,0.22836859085553962
2481.30807,0.1838690556296534
2482.86241,0.24928049897276477
2482.86241,0.23623178511280166
2482.86241,0.20811026577828523
2484.41675,0.2620748514674103
2484.41675,0.23048085766771656
2485.97109,0.25243750561166367
2485.97109,0.2783785085998717
2487.52543,0.2656158194525639
2487.52543,0.27545306152764726
2487.52543,0.2667826427426843
2487.52543,0.2779633744459636
2489.07977,0.30266362692929993
2489.07977,0.2795938227992393
2489.07977,0.28044757535879933
2489.07977,0.30577328251903707
2490.6341,0.3076778350945317
2490.6341,0.30819682358316314
2492.18844,0.3077933790872885
2492.18844,0.29779786777461836
2492.18844,0.3069007363910257
2492.18844,0.29728230302266495
2493.74278,0.3017625594291343
2493.74278,0.3015667257002293
2495.29712,0.29192857510478837
2495.29712,0.3062172230385872
2495.29712,0.2919973701955285
2495.29712,0.3064124705719395
2496.85146,0.2925291074081655
2496.85146,0.30706989526694395
2496.85146,0.3064128032123732
2496.85146,0.29089286440707995
2498.4058,0.2845355407712597
2498.4058,0.2841719761347268
2499.96014,0.28515217844789864
2499.96014,0.3003525760608784
2499.96014,0.3007027720674482
2499.96014,0.28628683807529187
2501.51448,0.2951341551718377
2501.51448,0.29426483852118984
2501.51448,0.27922871391297854
2501.51448,0.2785278794244387
2503.06881,0.2881098762633788
2503.06881,0.27880986243930483
2503.06881,0.28779934626306075
2503.06881,0.27765509275870603
2504.62315,0.26755284605270635
2504.62315,0.28665743037730035
2504.62315,0.2676634762908626
2504.62315,0.2868539734568336
2506.17749,0.26731346241905124
2506.17749,0.2816416166637393
2506.17749,0.26679287449145633
2506.17749,0.2804422072412616
2507.73183,0.2605182170942795
2507.73183,0.26065977996727474
2507.73183,0.2754868296902261
2507.73183,0.2758828399460933
2509.28617,0.26586569191981746
2509.28617,0.2651181682927903
2510.84051,0.2649637410794253
2510.84051,0.264678786889508
2512.39485,0.26911922076151146
2512.39485,0.24918421991446021
2512.39485,0.2679979889242924
2512.39485,0.24814906838730766
2513.94919,0.2623653825466584
2513.94919,0.24246802055635208
2513.94919,0.26166899908660946
2513.94919,0.2419426436323678
2515.50353,0.25640887903297244
2515.50353,0.2415888874278155
2515.50353,0.25558333421796214
2515.50353,0.240420498212578
2517.05786,0.23560737309814142
2517.05786,0.2501951927993436
2517.05786,0.2498655031514524
2517.05786,0.23402045307489408
2518.6122,0.2280373617177318
2518.6122,0.22830888857052542
2518.6122,0.2441786145765657
2518.6122,0.2448358117753633
2520.16654,0.2442067759806148
2520.16654,0.2287074316917363
2520.16654,0.2283786660653274
2520.16654,0.2427902968070416
2523.27522,0.2326895435073073
2523.27522,0.22244926508079818
2524.82956,0.2269750419968911
2526.3839,0.23708734300754344
2526.3839,0.22261977887896708
2527.93824,0.23707169426932712
2527.93824,0.22226175367933923
2529.49257,0.23248795738553404
2531.04691,0.22804723160749982
2531.04691,0.24340309373943672
2532.60125,0.22970379594217075
2532.60125,0.2448008080991842
2534.15559,0.24991588363386572
2534.15559,0.23034263470578215
2535.70993,0.2491291562572072
2535.70993,0.2299422728979517
2537.26427,0.2400954713867591
2537.26427,0.2536969133761596
2537.26427,0.22859906780528644
2538.81861,0.21323062192507644
2538.81861,0.24688308831752992
2540.37295,0.23206657066868497
2540.37295,0.2109068891928247
2541.92728,0.22218215661497767
2541.92728,0.19488910956629885
2543.48162,0.1682114289556128
2543.48162,0.20113043079633441
2545.03596,0.18421729855284977
2545.03596,0.1399569381527622
2546.5903,0.1566743696670959
2546.5903,0.11362307925074565
2548.14464,0.1479716171236162
2548.14464,0.12261912572969842
2548.14464,0.08063800430950173
2549.69898,0.041657147937967355
2549.69898,0.10295830455769679
2551.25332,0.07425492401296635
2551.25332,0.03554843701348498
2551.25332,0.03335080748179413
2552.80766,0.06929606006180453
2552.80766,0.032817431447096465
2552.80766,0.030526172984008716
2554.36199,0.029222692243874165
2554.36199,0.02921236191606557
2554.36199,0.029226123143400954
2555.91633,0.029239882792560814
2557.47067,0.02925364086354514
2559.02501,0.029267397356353947
2559.02501,0.029281152270987217
2560.57935,0.029294905607444962
2562.13369,0.02930865736572718
2562.13369,0.029322407545833866
2563.68803,0.029336156147765014
2563.68803,0.02937376451633693
2565.24237,0.029417336642937386
2565.24237,0.030144320179517535
2566.79671,0.02949842478214364
2566.79671,0.030859008183350526
2568.35104,0.03128340386605913
2568.35104,0.05237534532638732
2569.90538,0.0426525567314837
2569.90538,0.06350641608561938
2569.90538,0.08249812895775104
2571.45972,0.08944825072784376
2571.45972,0.06695650654104743
2573.01406,0.08769233207848932
2573.01406,0.05929278776348421
2574.5684,0.06537638021152292
2574.5684,0.08843439526569528
2576.12274,0.07323574628449432
2576.12274,0.08994852265429672
2577.67708,0.07810337460865126
2579.23142,0.07708259186304946
2579.23142,0.058818567751723026
2580.78575,0.0751807550861401
2580.78575,0.05759592783926009
2582.34009,0.06756287409239901
2582.34009,0.04869188680974716
2583.89443,0.03527973870169023
2583.89443,0.0595408037579306
2585.44877,0.05317276143957217
2585.44877,0.03243511356852245
2587.00311,0.031025067938064945
2587.00311,0.037917648742776304
2588.55745,0.030364540038355443
2590.11179,0.03133712500549298
2591.66613,0.03269674598207284
2593.22046,0.07210830766010007
2593.22046,0.038013515681299126
2594.7748,0.10372837020704706
2594.7748,0.04976221972496412
2596.32914,0.11241601016774594
2596.32914,0.08175906965905129
2597.88348,0.09177309536684773
2597.88348,0.13318353733000501
2599.43782,0.17944612616159342
2599.43782,0.1328551564128489
2600.99216,0.21104789314139125
2600.99216,0.1769342816631437
2600.99216,0.19028019694398352
2600.99216,0.14813193815440337
2602.5465,0.15609573895969744
2602.5465,0.21062452662094286
2604.10084,0.24404412620961835
2604.10084,0.19785199605536383
2605.65517,0.2306882058427092
2605.65517,0.2698354940487869
2605.65517,0.2890418654170631
2607.20951,0.2937334421400041
2607.20951,0.27091141272530567
2607.20951,0.2298020066729842
2607.20951,0.2403572272849504
2608.76385,0.3017831610523616
2608.76385,0.27823185022525254
2610.31819,0.3099184954664094
2611.87253,0.33001099081269364
2611.87253,0.30311679613581577
2613.42687,0.31404870736976054
2613.42687,0.3439935391692439
2614.98121,0.3413045266918082
2614.98121,0.3281729223199811
2614.98121,0.3573843328295378
2616.53555,0.3441975602255405
2616.53555,0.36340488975424573
2618.08988,0.3350921262534027
2618.08988,0.36176805758061603
2618.08988,0.34017661627412615
2619.64422,0.3052848465247224
2619.64422,0.314726265464246
2619.64422,0.34827223769117255
2621.19856,0.3383958757521808
2621.19856,0.29424931665578724
2621.19856,0.3168985900153331
2622.7529,0.32518843470194364
2622.7529,0.3090341853416746
2622.7529,0.26664813018680067
2624.30724,0.28600924934915806
2624.30724,0.23948009473883744
2625.86158,0.23667310974292072
2627.41592,0.24768933268855106
2627.41592,0.20618118153815673
2628.97026,0.19453188709525723
2628.97026,0.22228921757789044
2630.5246,0.2063673798991457
2630.5246,0.16389951305731362
2632.07893,0.2012921125920919
2632.07893,0.15406246312134345
2633.63327,0.17153595043788838
2633.63327,0.13854402113830488
2635.18761,0.13192117363345843
2635.18761,0.1564505788232602
2636.74195,0.12034595126863237
2636.74195,0.14030431450175698
2638.29629,0.1391787882804471
2638.29629,0.11180575963359944
2639.85063,0.12497991870039568
2639.85063,0.1022735488900715
2641.40497,0.09067405813460422
2641.40497,0.11742217757898801
2642.95931,0.09698083117573703
2642.95931,0.11886173078389442
2644.51364,0.10271544376791217
2644.51364,0.11751507896172649
2644.51364,0.08989654210903288
2646.06798,0.08971744198884726
2646.06798,0.11694069465608803
2647.62232,0.09739146905465042
2647.62232,0.11467231519830907
2647.62232,0.1264088698179695
2649.17666,0.11664543977649054
2649.17666,0.13239167157277443
2649.17666,0.10712827136568673
2650.731,0.13957472906363544
2652.28534,0.14581263351688986
2652.28534,0.12044205506426507
2653.83968,0.15020775990183508
2653.83968,0.1237465865940653
2655.39402,0.11317383503706999
2655.39402,0.1446510132035568
2655.39402,0.12947445280176437
2656.94835,0.13357234102446255
2656.94835,0.11126785508037601
2658.50269,0.11550038251692973
2658.50269,0.12438847594543075
2658.50269,0.09633372613987473
2660.05703,0.08893717675555876
2661.61137,0.09928572037930392
2661.61137,0.08349208335164071
2663.16571,0.11610254827264951
2663.16571,0.08393757730483375
2663.16571,0.10629847716719434
2664.72005,0.09211937400343707
2664.72005,0.13155914510399044
2666.27439,0.1324660843460911
2666.27439,0.11196542155814415
2667.82873,0.11758522346085062
2667.82873,0.140237752430778
2669.38306,0.13782619557590498
2669.38306,0.15526344274070447
2670.9374,0.16093692605680773
2672.49174,0.15510095966318188
2672.49174,0.13855562725130433
2674.04608,0.1372930748054069
2674.04608,0.15191381839645363
2675.60042,0.12001203703931809
2675.60042,0.14001599683283733
2677.15476,0.1186723076795686
2677.15476,0.13894504590677867
2678.7091,0.11648160670402229
2680.26344,0.11487005338644123
2680.26344,0.09730153577619388
2681.81778,0.11289100044002162
2681.81778,0.09656856791472998
2683.37211,0.11210831658614448
2683.37211,0.08959462684320724
2684.92645,0.0990377670847727
2684.92645,0.08183623677571664
2686.48079,0.08203652864196215
2686.48079,0.09835836198410913
2688.03513,0.09245082703669026
2688.03513,0.07451214730124602
2689.58947,0.07360472012150557
2691.14381,0.07490350299492539
2691.14381,0.09465316956795315
2691.14381,0.11323340587445901
2692.69815,0.1251705917148923
2692.69815,0.09336436164772371
2694.25249,0.12472781445106489
2694.25249,0.1043514849994098
2695.80682,0.11099738885892135
2695.80682,0.13858364539318827
2697.36116,0.11989723643280799
2697.36116,0.1466774590483929
2698.9155,0.14205909818620954
2698.9155,0.12701531697832735
2700.46984,0.15322108243054128
2700.46984,0.1388915411422428
2702.02418,0.15559905861998288
2703.57852,0.1520727528734373
2703.57852,0.16862234623121103
2705.13286,0.1741119909234029
2705.13286,0.15331334975154984
2706.6872,0.16699319086181327
2706.6872,0.14587703084451337
2708.24153,0.14515709285270814
2708.24153,0.1648539780677131
2708.24153,0.12783905894160494
2709.79587,0.15093961152958893
2709.79587,0.11274271963559529
2711.35021,0.10728307564498042
2711.35021,0.14428993147248956
2711.35021,0.1284967042264007
2712.90455,0.12029309598299542
2712.90455,0.08480186587911483
2714.45889,0.08360272041994318
2714.45889,0.10462899222404522
2716.01323,0.09806530095680938
2716.01323,0.0629140468546642
2717.56757,0.066753339131636
2717.56757,0.0829557992661919
2717.56757,0.05385215721776412
2719.12191,0.07517832553972442
2719.12191,0.03803531431432071
2719.12191,0.056145249907112615
2720.67624,0.05533291384488867
2720.67624,0.03548688475378591
2722.23058,0.04752698716183715
2722.23058,0.03333860879168169
2723.78492,0.03303219140334171
2725.33926,0.03256902414864293
2725.33926,0.032331537253736685
2726.8936,0.03233506250036561
2730.00228,0.03257093806635159
2731.55662,0.03261952834506589
2731.55662,0.033150486311100555
2733.11095,0.04014824724094792
2733.11095,0.03341199904415387
2734.66529,0.033690099387012624
2734.66529,0.047628399791791724
2736.21963,0.03499487029902988
2736.21963,0.05421415625937922
2737.77397,0.035598614477362116
2739.32831,0.043542314800607856
2739.32831,0.06301358869826708
2740.88265,0.0590505588791381
2742.43699,0.07172615385491123
2743.99133,0.06671872205097233
2743.99133,0.07851480608693105
2745.54567,0.06777863690247783
2745.54567,0.07981439963713947
2747.1,0.08075129167161853
2748.65434,0.08718474897407545
2750.20868,0.08762649497470487
2751.76302,0.0880175723393386
2753.31736,0.08806930638159528
2754.8717,0.09355719678358658
2754.8717,0.08287175627362603
2756.42604,0.09400635694517603
2757.98038,0.09347344877157128
2759.53471,0.0871643892412651
2761.08905,0.06911775892624192
2761.08905,0.08523395160694273
2762.64339,0.06875097947815406
2762.64339,0.08514107448661166
2764.19773,0.07864494325233769
2764.19773,0.05460304986209943
2765.75207,0.07008610756836808
2765.75207,0.05747756103277903
2767.30641,0.03736085681640555
2767.30641,0.0612143627852139
2768.86075,0.03584005512096773
2770.41509,0.048111179386809616
2770.41509,0.03389703147263534
2771.96942,0.033332709104943
2771.96942,0.032883916972237234
2773.52376,0.032897250514004335
2775.0781,0.032910582477595915
2775.0781,0.03292391286301196
2775.0781,0.032937241670252485
2776.63244,0.03295056889931747
2776.63244,0.03296389455020692
2778.18678,0.032977218622920856
2778.18678,0.032990541117459256
2779.74112,0.03300386203382214
2779.74112,0.033017181372009485
2781.29546,0.033030499132021295
2781.29546,0.03304381531385759
2782.8498,0.03305712991751835
2782.8498,0.033070442943003577
2782.8498,0.03308375439031327
2784.40413,0.03309706425944746
2784.40413,0.0331103725504061
2785.95847,0.0331236792631892
2785.95847,0.0331369843977968
2787.51281,0.033150287954228856
2787.51281,0.03316358993248539
2789.06715,0.03317689033256639
2790.62149,0.03319018915447187
2790.62149,0.03320348639820181
2792.17583,0.03321678206375622
2792.17583,0.03323007615113511
2793.73017,0.03324336866033847
2795.28451,0.03371450227899876
2795.28451,0.03430009499139166
2796.83885,0.04754165367112363
2796.83885,0.03597863471423133
2796.83885,0.0374845731625935
2798.39318,0.08564028915459052
2798.39318,0.03901230462349654
2798.39318,0.06211658494086426
2798.39318,0.03678212114161117
2799.94752,0.038198987313272745
2799.94752,0.08294781226955057
2799.94752,0.06393231721304947
2801.50186,0.12038959564957506
2801.50186,0.0674461912499233
2801.50186,0.1084675064616782
2803.0562,0.11536128506787252
2803.0562,0.13214923999001232
2803.0562,0.0940164570012658
2804.61054,0.11500928226337051
2804.61054,0.10017736413562874
2804.61054,0.1334537439713343
2806.16488,0.12883752649650856
2806.16488,0.11272330015000288
2807.71922,0.12240196807893584
2807.71922,0.11121139918622476
2809.27356,0.12120091936040163
2809.27356,0.09924292036240602
2810.82789,0.11408202206231645
2810.82789,0.1022358075357791
2812.38223,0.08457777087346066
2812.38223,0.09986445831807267
2813.93657,0.07712452119609657
2813.93657,0.09834215097689442
2815.49091,0.06474780712408691
2815.49091,0.09213623861061518
2817.04525,0.08474091642964107
2817.04525,0.05440543893159085
2818.59959,0.04595409079499996
2818.59959,0.06883780863883024
2820.15393,0.038360325564543656
2820.15393,0.062517015700128
2821.70827,0.037476827755853995
2821.70827,0.05585237222895741
2823.2626,0.042616187100670014
2823.2626,0.0350300712293465
2824.81694,0.03408745837114955
2824.81694,0.03386633641089988
2826.37128,0.03387955316767785
2826.37128,0.03389276834628031
2827.92562,0.03390598194670722
2827.92562,0.033919193968958615
2829.47996,0.033932404413034474
2829.47996,0.03394561327893482
2831.0343,0.03395882056665962
2832.58864,0.03420415259789748
2832.58864,0.03450751463138196
2834.14298,0.0416781526004599
2834.14298,0.035547992670898844
2835.69731,0.048524406135414005
2835.69731,0.0355729317006626
2837.25165,0.04237047726119736
2838.80599,0.03606960282148223
2838.80599,0.055304060775790545
2840.36033,0.03681764850478867
2840.36033,0.04928949057180038
2841.91467,0.04230733776728406
2841.91467,0.03509875639769218
2843.46901,0.03437405004430281
2843.46901,0.034156740501468275
2845.02335,0.03416992253838462
2845.02335,0.03418310299712545
2846.57769,0.03419628187769074
2846.57769,0.034209459180080504
2846.57769,0.034222634904294724
2848.13202,0.034235809050333424
2848.13202,0.03447779838503373
2848.13202,0.03477699033326779
2849.68636,0.04140127369527753
2849.68636,0.03546059981954563
2849.68636,0.0360093354179467
2851.2407,0.05478399485399837
2851.2407,0.037257932476870585
2852.79504,0.040095512623465224
2852.79504,0.08366725503588976
2854.34938,0.09575076181343074
2854.34938,0.04339996775987593
2854.34938,0.0740254985006045
2855.90372,0.07794505672713652
2855.90372,0.12038057053727758
2857.45806,0.13382259845823685
2857.45806,0.10852790059109434
2859.0124,0.14029669504916914
2859.0124,0.1097634423965232
2860.56674,0.1528027023761524
2860.56674,0.12870284465895337
2862.12107,0.15182173632748922
2863.67541,0.16413164797663232
2865.22975,0.17157430833196277
2866.78409,0.17331015168847969
2866.78409,0.1842170434472066
2868.33843,0.18908463761212116
2868.33843,0.16889198910900957
2869.89277,0.17390916742889462
2869.89277,0.1948810876793605
2871.44711,0.17665677900770296
2871.44711,0.20250205128919418
2873.00145,0.20272766183548083
2873.00145,0.18167304224116027
2874.55578,0.19481543303341445
2874.55578,0.1572177941885971
2876.11012,0.1848782073598547
2876.11012,0.13064272375356184
2876.11012,0.14937163787418065
2877.66446,0.11638165951170806
2877.66446,0.15708741488195396
2879.2188,0.10245681563675584
2879.2188,0.1315612170569815
2880.77314,0.06953244324512887
2880.77314,0.11618007337510125
2882.32748,0.07981795259687682
2882.32748,0.040042417500789074
2883.88182,0.03675458480589062
2885.43616,0.03632891707413456
2885.43616,0.05512355902789764
2886.99049,0.03635510912683463
2886.99049,0.03555564448127408
2886.99049,0.03491868991846745
2888.54483,0.03493178042120313
2888.54483,0.03494486934576329
2888.54483,0.03495795669214791
2890.09917,0.034971042460357
2890.09917,0.034984126650390565
2891.65351,0.034997209262248606
2891.65351,0.03501029029593111
2893.20785,0.0350233697514381
2894.76219,0.03503644762876955
2896.31653,0.03504952392792547
2896.31653,0.03506259864890586
2897.87087,0.03507567179171073
2897.87087,0.03508874335634007
2899.4252,0.03510181334279387
2899.4252,0.035114881751072156
2900.97954,0.035127948581174906
2900.97954,0.035141013833102135
2902.53388,0.03515407750685382
2902.53388,0.03516713960242999
2904.08822,0.03518020011983062
2904.08822,0.03519325905905573
2904.08822,0.0352063164201053
2905.64256,0.035434430843987376
2907.1969,0.0365655848356266
2907.1969,0.04470275586468509
2907.1969,0.0641011629969
2908.75124,0.06546640679157874
2908.75124,0.042148784684309985
2908.75124,0.09067718741737484
2910.30558,0.060693299332586104
2910.30558,0.1292642961212082
2910.30558,0.10951534430196166
2910.30558,0.08926675717511834
2911.85992,0.11913080785027375
2911.85992,0.1432194158822795
2911.85992,0.175665813819513
2911.85992,0.10254602885901201
2913.41425,0.16603265929877506
2913.41425,0.12750453571227535
2914.96859,0.20683585244928107
2914.96859,0.15966511816497242
2916.52293,0.1887065853541305
2918.07727,0.22638117527573673
2919.63161,0.22459925073597262
2921.18595,0.22029904097962583
2921.18595,0.22969399795388995
2922.74029,0.21420825447136851
2924.29463,0.22331842221727038
2924.29463,0.20190429644250601
2925.84896,0.21790058330647083
2925.84896,0.16826936590891112
2927.4033,0.1399429559570015
2927.4033,0.1595325463413263
2927.4033,0.1909680586532651
2928.95764,0.1390878081010887
2928.95764,0.18181730842334978
2930.51198,0.09428100914040886
2930.51198,0.1484082338763298
2932.06632,0.06915881290280891
2932.06632,0.10380290320076495
2933.62066,0.055824464942091374
2933.62066,0.042352973228069156
2933.62066,0.08784211140232377
2935.175,0.04218473780055183
2935.175,0.07082560038771067
2936.72934,0.05143584409747206
2936.72934,0.03779661007752387
2938.28367,0.036232654711861635
2939.83801,0.035818232207439106
2941.39235,0.0358312138160633
2941.39235,0.03584419384651197
2942.94669,0.03585717229878513
2942.94669,0.03587014917288273
2944.50103,0.035883124468804824
2944.50103,0.03589609818655138
2946.05537,0.03611256729626918
2947.60971,0.03637990907034816
2949.16405,0.04227243695485695
2949.16405,0.03682948425577456
2950.71838,0.0377513715622144
2950.71838,0.05059305027117948
2952.27272,0.057514337533445585
2952.27272,0.039734513951927466
2953.82706,0.06397328000041051
2953.82706,0.04089017093737166
2955.3814,0.07739608138519519
2955.3814,0.049387801749917214
2956.93574,0.09144193799814757
2956.93574,0.06453073722255707
2958.49008,0.09841171217515028
2958.49008,0.07100335105089496
2960.04442,0.07738948441244556
2960.04442,0.10022811915288529
2961.59876,0.0853348165889824
2961.59876,0.10134612016615245
2963.15309,0.09472387240741724
2964.70743,0.06530775311048076
2964.70743,0.08594725882205326
2966.26177,0.06821130788753428
2966.26177,0.05598199916186914
2967.81611,0.07900458380736335
2967.81611,0.06243966400187559
2969.37045,0.07988627162618359
2969.37045,0.062449422690104936
2970.92479,0.07861003392469845
2970.92479,0.05526737470206133
2972.47913,0.05595286906908616
2972.47913,0.09131183715422587
2974.03347,0.07132407772446474
2974.03347,0.08927729029066474
2975.58781,0.10093978873254711
2975.58781,0.07952716096640751
2977.14214,0.10594479968044876
2977.14214,0.07836797788104517
2978.69648,0.07895016697276097
2978.69648,0.10566862583190201
2980.25082,0.09369387447716508
2980.25082,0.0504408132308134
2981.80516,0.07144306231721458
2981.80516,0.04085852933364076
2983.3595,0.06355883519406409
2983.3595,0.03880468479082256
2984.91384,0.043345462723635556
2984.91384,0.03696326629791695
2986.46818,0.03673538932532763
2986.46818,0.03655566513087467
2988.02252,0.036568556783493744
2988.02252,0.03658144685793727
2989.57685,0.03659433535420528
2989.57685,0.036607222272297756
2991.13119,0.0366201076122147
2992.68553,0.03663299137395613
2994.23987,0.03664587355752201
2995.79421,0.03665875416291237
2995.79421,0.036671633190127215
2997.34855,0.03668451063916651
2997.34855,0.036697386510030294
2998.90289,0.03671026080271854
2998.90289,0.036723133517231256
3000.45723,0.036736004653568445
3000.45723,0.036748874211730106
3002.01156,0.03676174219171624
3003.5659,0.03677460859352684
3003.5659,0.03678747341716192
3005.12024,0.037207577619617245
3005.12024,0.03772949048314597
3006.67458,0.05033134762729866
3006.67458,0.039606379246608016
3008.22892,0.06288135847864841
3008.22892,0.04013001625904424
3008.22892,0.040882213264805345
3009.78326,0.08154966539912348
3009.78326,0.04288702931475984
3011.3376,0.06251931568390254
3011.3376,0.08740734418650663
3012.89194,0.10112425800481063
3012.89194,0.08033305172654635
3014.44627,0.11299256667230873
3014.44627,0.08604876331551337
3014.44627,0.0978526461118803
3016.00061,0.0990858968041544
3016.00061,0.12257758775699569
3017.55495,0.11355635580827743
3017.55495,0.13052693803368728
3019.10929,0.12058745305137994
3019.10929,0.1366565474045902
3020.66363,0.12040854882400029
3020.66363,0.1303065477381949
3022.21797,0.10888362328525575
3022.21797,0.13036571970890662
3023.77231,0.12499930738874333
3025.32665,0.12444149806759655
3025.32665,0.10708870515666354
3026.88099,0.11698819439784654
3026.88099,0.10042457558904001
3028.43532,0.12078356272601086
3028.43532,0.09349928894459612
3029.98966,0.09424775541420714
3029.98966,0.12192732115754894
3031.544,0.12383859800571166
3031.544,0.10345331419088001
3033.09834,0.14662396602672356
3033.09834,0.11164359086114202
3034.65268,0.16059471141460208
3034.65268,0.1316414706579732
3036.20702,0.1753061824031583
3036.20702,0.15654369580247945
3036.20702,0.18814671697306073
3037.76136,0.15839717006925894
3037.76136,0.18515855359297428
3039.3157,0.18164399220215374
3039.3157,0.20340062261242545
3040.87003,0.1892382966751226
3040.87003,0.20490571098234225
3042.42437,0.19530416062814146
3042.42437,0.21074109468775304
3043.97871,0.1962325942154712
3043.97871,0.2120606385635597
3045.53305,0.20811200239635
3045.53305,0.22423052153493997
3047.08739,0.21489645611231828
3047.08739,0.23013812374641013
3048.64173,0.2107750228098922
3048.64173,0.23624647819031275
3050.19607,0.22239868659802703
3050.19607,0.24312099223424286
3051.75041,0.22909585903580637
3051.75041,0.24958552737540501
3053.30474,0.23594243602676523
3053.30474,0.2561200685413724
3054.85908,0.2510543502238225
3056.41342,0.24118488551336661
3057.96776,0.24105389395384955
3057.96776,0.2561252011691773
3059.5221,0.24649520333594804
3061.07644,0.2502393823123272
3061.07644,0.2345459645409992
3062.63078,0.23006632736451593
3062.63078,0.2503374828863201
3064.18512,0.26122178226734877
3064.18512,0.23230708763246483
3065.73945,0.2669024144699884
3065.73945,0.23887590312419268
3067.29379,0.28472369863221436
3067.29379,0.25361365710403416
3068.84813,0.3082612442749639
3068.84813,0.28984326913868536
3068.84813,0.2722204357610441
3070.40247,0.30331883129623255
3070.40247,0.3294017900837261
3071.95681,0.3259754677259617
3071.95681,0.29293308283650243
3073.51115,0.3351286843740698
3075.06549,0.3250163872450998
3075.06549,0.29072737840639623
3076.61983,0.30770071036207375
3078.17416,0.30542141533100514
3078.17416,0.274841931334284
3079.7285,0.2628902411961896
3079.7285,0.290574421849585
3081.28284,0.2514441361968006
3081.28284,0.2751018311298508
3082.83718,0.2546180760515855
3082.83718,0.2717263779812965
3082.83718,0.2296959289919624
3084.39152,0.21817132465493513
3084.39152,0.23303771598108192
3084.39152,0.24828123914564992
3085.94586,0.23801941879868396
3085.94586,0.21165767079955072
3087.5002,0.22959444607657284
3087.5002,0.20801763422836353
3089.05454,0.20966461967568414
3089.05454,0.174367303360215
3090.60888,0.15551511010686436
3090.60888,0.1276194358215732
3090.60888,0.18948670113579474
3092.16321,0.13282177434336037
3092.16321,0.1771046230616307
3093.71755,0.0947541636152437
3093.71755,0.1550395040326442
3095.27189,0.06514958722766703
3095.27189,0.12816774818366844
3096.82623,0.05415220355236407
3096.82623,0.0854398807097747
3096.82623,0.10863081777935582
3096.82623,0.1240815832543568
3096.82623,0.0721074515366334
3098.38057,0.046599480136080916
3098.38057,0.08555277889469617
3098.38057,0.06951392582574664
3099.93491,0.08798750142293577
3099.93491,0.05367730816426764
3099.93491,0.1323338082571255
3101.48925,0.05819277417944339
3101.48925,0.11907118518937927
3101.48925,0.16216038688624762
3101.48925,0.13121986030410832
3101.48925,0.0879356844477803
3103.04359,0.1186630123465824
3103.04359,0.20838664879324348
3104.59792,0.18365997121141087
3104.59792,0.2591710716630972
3106.15226,0.2814888198119746
3106.15226,0.22891809072318586
3106.15226,0.2628224667937799
3107.7066,0.24611124728247094
3107.7066,0.29336392507212466
3109.26094,0.3056951520160026
3109.26094,0.28352593170826645
3110.81528,0.31278355679757724
3110.81528,0.2998486943033659
3112.36962,0.3159393518640296
3113.92396,0.3213065409961717
3115.4783,0.32566036361143497
3115.4783,0.3011878974519417
3117.03263,0.3048654290942176
3117.03263,0.32273687511583316
3118.58697,0.2843703688461018
3118.58697,0.29796433579590065
3118.58697,0.3164644720559131
3120.14131,0.27742574275826404
3120.14131,0.29976595885137886
3121.69565,0.26888977067667336
3121.69565,0.2866970497568163
3123.24999,0.24558167238738726
3123.24999,0.2775029674254187
3124.80433,0.2207663464111116
3124.80433,0.2575607156823105
3124.80433,0.1878116836179785
3126.35867,0.2563629375464147
3126.35867,0.23311854824524444
3126.35867,0.18452827314293146
3127.91301,0.13933316183009178
3127.91301,0.21299839259548117
3127.91301,0.15575139029005552
3129.46734,0.14014403245453796
3129.46734,0.12011074146132773
3129.46734,0.08091337115897154
3129.46734,0.16412217955680622
3131.02168,0.1000826480916476
3131.02168,0.06514369067527616
3131.02168,0.11474337304534739
3131.02168,0.12983122140023734
3132.57602,0.07404150655883818
3132.57602,0.05275773834837245
3132.57602,0.10814088788296744
3134.13036,0.05133272422370791
3134.13036,0.07970391837662047
3135.6847,0.05623835931544967
3137.23904,0.06374509734565897
3138.79338,0.09901712489198788
3138.79338,0.07309654270207275
3140.34772,0.10177809266097813
3140.34772,0.08592982654973118
3141.90206,0.10292845822416473
3141.90206,0.09216612988065799
3143.45639,0.09767816581785145
3145.01073,0.09767082740320102
3146.56507,0.09214378338654947
3146.56507,0.10292606674414005
3148.11941,0.08689010310406911
3148.11941,0.10359950808211225
3149.67375,0.10345420360975688
3149.67375,0.0924960246083032
3151.22809,0.0924897218973159
3151.22809,0.1036632096193199
3152.78243,0.10404024333881481
3152.78243,0.09298216816567179
3154.33677,0.10356532500374244
3154.33677,0.0926026568350516
3155.8911,0.10356917647796482
3155.8911,0.09336458222807668
3157.44544,0.10508890978736915
3158.99978,0.11674467062676153
3158.99978,0.10147384953986599
3160.55412,0.12329112073936173
3160.55412,0.10782744843718726
3162.10846,0.12451878746206851
3162.10846,0.11431480046088556
3163.6628,0.13032131271623726
3163.6628,0.11501224416175886
3165.21714,0.12179335030582843
3165.21714,0.14384053328619803
3166.77148,0.14420772066138124
3166.77148,0.12337312336625275
3168.32581,0.1286355465693604
3168.32581,0.1553890159968894
3169.88015,0.13142220249560882
3169.88015,0.15445028750977124
3169.88015,0.17145677645115145
3171.43449,0.1781620678644484
3171.43449,0.1529163958349672
3172.98883,0.18885307660670678
3172.98883,0.15939385955476576
3174.54317,0.19607464187742918
3174.54317,0.17192436907517636
3176.09751,0.20349255108901323
3176.09751,0.18434895761388398
3177.65185,0.2104800095017448
3177.65185,0.1911838078425549
3179.20619,0.21721652348808435
3179.20619,0.19820361883441592
3180.76052,0.22844872598045549
3180.76052,0.20433476547224272
3182.31486,0.21512813087182334
3182.31486,0.2309922321432106
3183.8692,0.22254661579084353
3183.8692,0.23818691736613473
3185.42354,0.22889870268783138
3185.42354,0.24410606867353565
3186.97788,0.22963624600947574
3186.97788,0.24484299962694026
3188.53222,0.2359248840447074
3188.53222,0.25121861307554705
3190.08656,0.25155564059928315
3190.08656,0.2370549698654943
3191.6409,0.25645618127341846
3191.6409,0.24259534618438372
3193.19523,0.25306401370760406
3194.74957,0.2629671729778387
3194.74957,0.24901404387160694
3196.30391,0.254173210974209
3196.30391,0.2693473190623596
3197.85825,0.2553728716616416
3197.85825,0.2700348735217322
3199.41259,0.2558888859345669
3199.41259,0.2711898952415542
3200.96693,0.2718226353131554
3202.52127,0.2723267655829912
3204.07561,0.2718071882111572
3205.62995,0.2711602160970692
3207.18428,0.25586118533368923
3207.18428,0.27001173584117355
3208.73862,0.2555241781053887
3208.73862,0.2702299925312812
3210.29296,0.2611479463515506
3211.8473,0.2675114752717478
3211.8473,0.28329059767113884
3213.40164,0.2893949663814688
3213.40164,0.27549168182568334
3214.95598,0.2951134200920926
3214.95598,0.28136850969802646
3216.51032,0.3007810152928116
3216.51032,0.28672898936921654
3218.06466,0.2877757087254542
3218.06466,0.30808594245287946
3219.61899,0.3090484590589191
3221.17333,0.3046129085850052
3222.72767,0.2996196350214559
3222.72767,0.3141345548972593
3224.28201,0.30037755515527154
3224.28201,0.3150619641150849
3225.83635,0.30962555516346574
3227.39069,0.30818795571754165
3227.39069,0.2818654461622704
3227.39069,0.2901702984238038
3228.94503,0.27044450493097394
3228.94503,0.3042838364537701
3230.49937,0.27014592817315186
3230.49937,0.29305170526307245
3232.0537,0.2576172188136384
3232.0537,0.27497054894398265
3233.60804,0.25395748921987854
3233.60804,0.2386839701637671
3233.60804,0.26730998860678623
3235.16238,0.24713573573676997
3236.71672,0.24489089906288938
3236.71672,0.22231746826660712
3238.27106,0.21585813888564104
3239.8254,0.2159389611485762
3239.8254,0.23145746548817947
3241.37974,0.23214320867517296
3241.37974,0.21716078689663088
3242.93408,0.23612641413053256
3242.93408,0.21202852928051022
3244.48841,0.22718251241510426
3244.48841,0.24738549180926944
3244.48841,0.20877999398019842
3246.04275,0.2545523386236781
3246.04275,0.22775953334249324
3247.59709,0.2886316318639584
3247.59709,0.2519647988059342
3249.15143,0.278897569869571
3250.70577,0.2856445089035285
3250.70577,0.31610257440213296
3250.70577,0.27932757415092074
3252.26011,0.30498753032687287
3252.26011,0.33095961596877976
3253.81445,0.31888161718684965
3253.81445,0.3337743260365379
3255.36879,0.32459362002523495
3255.36879,0.33452848388568246
3256.92313,0.32979232389299923
3258.47746,0.3341801889281597
3258.47746,0.32434738535879715
3260.0318,0.3243405403778227
3260.0318,0.3336911110336215
3261.58614,0.32899579149557745
3263.14048,0.3195029605876332
3263.14048,0.33347577816274987
3264.69482,0.32815500323692964
3264.69482,0.31801144089020406
3266.24916,0.3129974526957969
3266.24916,0.32741571979547307
3267.8035,0.3272411411247233
3267.8035,0.31263273965261074
3269.35784,0.31212394766439233
3269.35784,0.3266264067213277
3270.91217,0.3132556017236299
3270.91217,0.3277594802701495
3270.91217,0.3277706213476723
3270.91217,0.3134562590199006
3272.46651,0.3271914654381056
3272.46651,0.3177593957663547
3272.46651,0.317938056908497
3272.46651,0.3272674246807149
3274.02085,0.3176082474731584
3274.02085,0.3177009364069402
3275.57519,0.31798592138761717
3275.57519,0.33296262122476444
3275.57519,0.3193016708580847
3275.57519,0.3341937756083203
3277.12953,0.32592681431175463
3277.12953,0.3457528790808641
3277.12953,0.34559742377409003
3277.12953,0.3259191610507493
3278.68387,0.3306073026597264
3278.68387,0.33256664666645835
3278.68387,0.36339849184648454
3278.68387,0.364904450037513
3280.23821,0.3556008901450267
3280.23821,0.35552680757356736
3281.79255,0.35716641307291097
3281.79255,0.3783421774602114
3281.79255,0.39339724524969777
3281.79255,0.3795181147242657
3281.79255,0.36128376947089713
3281.79255,0.39494529192283395
3283.34688,0.40582061423445237
3283.34688,0.3783190671832907
3283.34688,0.4058439519644981
3283.34688,0.37784899001115796
3284.90122,0.4054002247002071
3284.90122,0.381954881803019
3284.90122,0.38245885771397614
3284.90122,0.4060515649822702
3286.45556,0.3932624102627165
3286.45556,0.39445920516319577
3286.45556,0.4143374092866321
3286.45556,0.4158191556457745
3288.0099,0.4159763304479641
3288.0099,0.41521048380087683
3289.56424,0.40035528467644294
3289.56424,0.40903416899593587
3289.56424,0.39968401080757304
3289.56424,0.408933617776304
3291.11858,0.4037166541307091
3292.67292,0.3982048673279439
3294.22726,0.39305375843050316
3295.78159,0.39361677536685685
3295.78159,0.4082513037454465
3297.33593,0.4087344617997478
3297.33593,0.3947316746275532
3298.89027,0.40832780222234305
3298.89027,0.3993008566748535
3301.99895,0.40399916549180503
3303.55329,0.40850310290259967
3303.55329,0.39437531942581483
3305.10763,0.40760338151639036
3305.10763,0.3927810459970058
3306.66197,0.39146112879702816
3308.2163,0.3851128067812288
3308.2163,0.3751670279717562
3309.77064,0.37507590692515025
3309.77064,0.3937308486672782
3311.32498,0.3754038049938768
3312.87932,0.37555952981384244
3312.87932,0.3947492934254215
3314.43366,0.3818349036786392
3314.43366,0.39684348004681785
3315.988,0.39263488735603247
3315.988,0.4070260020923744
3315.988,0.38382114140311263
3317.54234,0.4070287751408265
3317.54234,0.39396484462324644
3319.09668,0.40093239089149063
3319.09668,0.42596820823099313
3320.65102,0.4366841103152197
3320.65102,0.4090111984746878
3322.20535,0.4323236340234346
3322.20535,0.41616088467897344
3322.20535,0.45571166928179196
3323.75969,0.46599731472278244
3323.75969,0.43931937250403497
3325.31403,0.4443991735355919
3325.31403,0.478171542735286
3326.86837,0.46257687594991975
3326.86837,0.4822464046913894
3326.86837,0.4922115712660347
3328.42271,0.46990569602142535
3328.42271,0.4972831586370997
3329.97705,0.47476417748535005
3329.97705,0.4933816802717063
3331.53139,0.4837393905345385
3333.08573,0.48768637030165646
3333.08573,0.4679786809663039
3334.64006,0.48022869842854765
3336.1944,0.4548360375830419
3337.74874,0.4612425705395594
3337.74874,0.41741750401526967
3339.30308,0.4429064286604301
3339.30308,0.4284503000125836
3339.30308,0.4045216860473363
3339.30308,0.45399073423406605
3340.85742,0.3836255915221057
3340.85742,0.42694416495135346
3342.41176,0.39079941272805635
3342.41176,0.3500409571156113
3343.9661,0.3796107715574711
3343.9661,0.3403816401554114
3345.52044,0.35767976275955976
3345.52044,0.33374997596948197
3347.07477,0.34464210766142234
3347.07477,0.37450898406091904
3347.07477,0.36254543453254806
3348.62911,0.3676803770591412
3348.62911,0.38154372656054053
3348.62911,0.35319412969852126
3350.18345,0.3769984211044373
3350.18345,0.359295605696914
3351.73779,0.3977197179952167
3351.73779,0.37008703157858125
3351.73779,0.3804388419755748
3353.29213,0.382721907174662
3353.29213,0.4135679588330016
3354.84647,0.42439819779229015
3354.84647,0.40259677480765155
3356.40081,0.4141405240859154
3356.40081,0.44923365804018534
3357.95515,0.4612742506791303
3357.95515,0.434515420010846
3359.50948,0.4705001754546047
3359.50948,0.43439134569303156
3361.06382,0.4490055434145566
3361.06382,0.4819733227882256
3362.61816,0.4413747152204508
3362.61816,0.4776975296086602
3364.1725,0.44129757546953874
3364.1725,0.4732570956281289
3365.72684,0.4670621904223803
3365.72684,0.428927898493914
3365.72684,0.44046596186811715
3367.28118,0.447088084564432
3367.28118,0.4078953860788112
3368.83552,0.39561388545317533
3370.38986,0.4157256109545755
3370.38986,0.37488015606237
3371.9442,0.3625751486751544
3371.9442,0.33897229354329017
3371.9442,0.3964497865761893
3373.49853,0.39192242162875945
3373.49853,0.341799933281384
3375.05287,0.3556170050314677
3375.05287,0.298876977051206
3376.60721,0.3280710354306686
3376.60721,0.26826057623417987
3378.16155,0.2862583529341043
3378.16155,0.3086902382297979
3378.16155,0.26071361360947426
3379.71589,0.2746100106202932
3379.71589,0.30394450056764555
3379.71589,0.26643331628104305
3381.27023,0.304412826899452
3381.27023,0.2712416794282908
3382.82457,0.28684375634817116
3382.82457,0.31214306045593787
3384.37891,0.2900907796023917
3384.37891,0.3201750378584593
3385.93324,0.30714511905915143
3385.93324,0.33224713800594813
3387.48758,0.31413327822259524
3387.48758,0.33425213403034265
3389.04192,0.3306350497160424
3390.59626,0.34145204286043945
3392.1506,0.3418962451051282
3393.70494,0.34676425786370974
3393.70494,0.33155789634621863
3395.25928,0.3445038542988941
3396.81362,0.31080212271912777
3396.81362,0.33853331412634596
3398.36795,0.3326732627902182
3398.36795,0.3033173748865796
3398.36795,0.31596200657054657
3399.92229,0.3196948480837621
3399.92229,0.28983220606986304
3401.47663,0.30732119889912823
3401.47663,0.28185964224052595
3403.03097,0.2943447451126618
3403.03097,0.26649163027083245
3404.58531,0.25837503701723186
3406.13965,0.2160331796418086
3406.13965,0.2632256473348285
3407.69399,0.20696663724607775
3407.69399,0.234171265096437
3409.24833,0.1769825234365023
3409.24833,0.2198058660502227
3410.80266,0.188288102944721
3410.80266,0.16163641820982963
3410.80266,0.20635619961544366
3412.357,0.16180884795420855
3412.357,0.20667208042803012
3413.91134,0.1760728066791297
3413.91134,0.16103090401136744
3413.91134,0.20773950385827786
3415.46568,0.18014355315755304
3417.02002,0.22649121277269443
3417.02002,0.19332237252103207
3418.57436,0.21528627290762212
3418.57436,0.24209281139916308
3420.1287,0.22500788757624696
3420.1287,0.25555170871464133
3421.68304,0.2418677101490792
3423.23737,0.24803273911821058
3423.23737,0.2584603286380825
3424.79171,0.2637252091149589
3424.79171,0.24885212195565165
3426.34605,0.25371199075153517
3427.90039,0.254211730593094
3427.90039,0.26970411930002264
3429.45473,0.2558735214119825
3429.45473,0.27029833265243675
3431.00907,0.2649801340280486
3431.00907,0.2497648586079057
3432.56341,0.26377959225607617
3432.56341,0.24855842769629016
3434.11775,0.2620952437225229
3435.67209,0.23210768341423552
3435.67209,0.24617574408041773
3435.67209,0.25553244943905307
3437.22642,0.22497155805018365
3437.22642,0.24758187508177604
3438.78076,0.20058466994821025
3438.78076,0.2333491310366263
3440.3351,0.1756462600420685
3440.3351,0.22310554009370692
3441.88944,0.14425666127409448
3441.88944,0.19321281034489698
3443.44378,0.14198497301215174
3443.44378,0.17914531683079532
3443.44378,0.19299647865656006
3444.99812,0.15595012200160463
3444.99812,0.12683227700782868
3446.55246,0.1662533876687864
3446.55246,0.12383564591223853
3448.1068,0.13969951350314416
3448.1068,0.12478777681911755
3448.1068,0.17396585416386431
3449.66113,0.1454809161257191
3449.66113,0.18357954513593921
3451.21547,0.1658540314295776
3451.21547,0.2033485819685249
3452.76981,0.20378453063180743
3452.76981,0.17900353977344535
3452.76981,0.1889835629705644
3454.32415,0.20991035497561267
3454.32415,0.19188400363438157
3455.87849,0.21315315601855625
3457.43283,0.22437527299945928
3457.43283,0.21063015897127707
3458.98717,0.23046729793815338
3458.98717,0.2160264658373643
3460.54151,0.2213976857835321
3460.54151,0.2314733947982395
3462.09584,0.22251861583145482
3463.65018,0.22812837555823734
3463.65018,0.2436658517400072
3465.20452,0.2295056692209873
3465.20452,0.2441803881136163
3466.75886,0.2298027372137288
3466.75886,0.2407081585274593
3468.3132,0.2511468380177597
3469.86754,0.25126234158646676
3469.86754,0.236429872156767
3471.42188,0.24144785384634235
3471.42188,0.25711336432139464
3472.97622,0.24839304928682626
3472.97622,0.26367313178945445
3474.53055,0.25018169192819856
3474.53055,0.2707253029162153
3476.08489,0.2767301519743956
3476.08489,0.26311984753796924
3477.63923,0.28774464003407957
3477.63923,0.2690253918544737
3479.19357,0.28901479923019724
3479.19357,0.27504681785121493
3480.74791,0.29452461184178735
3480.74791,0.2802505246108655
3482.30225,0.28057641683288975
3482.30225,0.29529111478761916
3483.85659,0.2867792474883915
3485.41093,0.29274914938438024
3485.41093,0.3081568622800259
3486.96527,0.30421347871857346
3488.5196,0.3038179090434677
3490.07394,0.30283204515018675
3491.62828,0.28729818729823864
3491.62828,0.2960576886803009
3493.18262,0.28146418300891785
3493.18262,0.29524570033153186
3494.73696,0.28937754730222165
3494.73696,0.2638939891889071
3496.2913,0.2811256328204344
3496.2913,0.2606962183237241
3497.84564,0.2507297983817566
3497.84564,0.2744372720675495
3499.39998,0.26316430779418104
3499.39998,0.24068131106944932
3499.39998,0.21709790902120585
3500.95431,0.22510374251919651
3500.95431,0.2005717418488117
3500.95431,0.24012807213278134
3502.50865,0.22351242767133217
3502.50865,0.1910747199261509
3504.06299,0.1787252760996946
3504.06299,0.20310985678272284
3505.61733,0.19221447764933486
3505.61733,0.17562463432540737
3507.17167,0.1633990720191817
3507.17167,0.18281860878741987
3508.72601,0.15141115410314915
3508.72601,0.17604816994842096
3510.28035,0.1446794421712907
3510.28035,0.16463092625247916
3511.83469,0.15846208596706973
3511.83469,0.1365448722296841
3513.38902,0.15053073104782458
3513.38902,0.12843097277170107
3514.94336,0.1373859838421258
3514.94336,0.12047168567387913
3516.4977,0.11500673906227481
3516.4977,0.13584836471017175
3518.05204,0.12433593205142668
3518.05204,0.10677312703366125
3519.60638,0.10002795052575053
3519.60638,0.11558664012572716
3521.16072,0.1043767692198632
3522.71506,0.09269887262049893
3522.71506,0.10307793207493392
3524.2694,0.0971576522208265
3525.82373,0.0965995740840733
3527.37807,0.08424846115180634
3528.93241,0.09437104405369123
3528.93241,0.07051605319190622
3530.48675,0.08585581129475418
3530.48675,0.06090476324024638
3532.04109,0.05403686230934354
3532.04109,0.06627770422720454
3532.04109,0.07828986873086877
3533.59543,0.0499209720271104
3533.59543,0.07135170360324697
3535.14977,0.04844493915111481
3535.14977,0.0642912517933365
3536.70411,0.04701544990199456
3536.70411,0.050438295620494095
3538.25844,0.046048887024459084
3538.25844,0.04985038149429711
3539.81278,0.04633341513464502
3541.36712,0.04688893154700043
3542.92146,0.06407196292789782
3542.92146,0.048881183162154104
3544.4758,0.07225550480533313
3546.03014,0.06159672992803191
3546.03014,0.08674236709124783
3547.58448,0.07117947068893819
3547.58448,0.10652500626766398
3549.13882,0.08689400772517235
3549.13882,0.111244196109781
3549.13882,0.13482950768801896
3550.69316,0.11052308308538342
3550.69316,0.15329336091592294
3550.69316,0.12843171610135704
3552.24749,0.13123968948038206
3552.24749,0.1700198439379579
3553.80183,0.1870194371385313
3553.80183,0.1522693198182686
3555.35617,0.1631479329657042
3555.35617,0.19552707350396747
3556.91051,0.18279982459478775
3556.91051,0.20438193666377172
3558.46485,0.19039968779285737
3558.46485,0.21697601374379055
3560.01919,0.2033168376529108
3560.01919,0.22932119191699707
3561.57353,0.21008894330653294
3561.57353,0.2306218083101016
3563.12787,0.2166183037763861
3563.12787,0.23790746180569822
3564.6822,0.23488418738517988
3564.6822,0.2509958506956467
3566.23654,0.25661750773393016
3566.23654,0.23768003773242918
3567.79088,0.2627892593346541
3569.34522,0.25451018437864786
3569.34522,0.27006389738741066
3570.89956,0.27004758985822097
3570.89956,0.2545077009721291
3572.4539,0.26292291674214524
3574.00824,0.23781891610061293
3574.00824,0.2613224381005187
3575.56258,0.2452000061552683
3575.56258,0.2285858450941072
3577.11691,0.22701559444355235
3578.67125,0.22171248535988453
3578.67125,0.23687709092845063
3580.22559,0.22230729389118575
3580.22559,0.23721412617313276
3581.77993,0.22299036768054362
3581.77993,0.23841685354297495
3583.33427,0.24394134054322988
3583.33427,0.22956936492449848
3584.88861,0.24919820140921942
3584.88861,0.2297728757363646
3586.44295,0.24974901243712458
3587.99729,0.23443997029902583
3587.99729,0.24717181031772267
3587.99729,0.2106671774899835
3589.55162,0.20391602722384258
3589.55162,0.23260803098353736
3591.10596,0.19247026776106918
3591.10596,0.21563464411263247
3592.6603,0.19367187891993512
3592.6603,0.17684970300761646
3594.21464,0.18994205477014794
3594.21464,0.16894547059672974
3595.76898,0.1690599368991809
3597.32332,0.1844810925429441
3598.87766,0.18517377840052943
3598.87766,0.17009573258395194
3600.432,0.1902350364151626
3600.432,0.1756705259207951
3601.98634,0.18613094950297038
3603.54067,0.1906956306852479
3603.54067,0.17537131670665707
3605.09501,0.17499604217970616
3605.09501,0.19042283760609752
3606.64935,0.1760084054282274
3606.64935,0.19085422737476176
3608.20369,0.18437402621375384
3608.20369,0.16274389088367927
3609.75803,0.1614274477153587
3609.75803,0.17641182144969778
3611.31237,0.15586165733773058
3611.31237,0.17096656743490485
3612.86671,0.15598623703940873
3612.86671,0.17203528943132493
3614.42105,0.17776090520547358
3615.97538,0.1635226578881235
3615.97538,0.1839111483020641
3617.52972,0.1838413433361971
3619.08406,0.15769586769359925
3620.6384,0.18086065762482972
3620.6384,0.15382495946388614
3622.19274,0.13099563993721106
3622.19274,0.17056122685289207
3623.74708,0.11108414326167229
3623.74708,0.14394352938493243
3625.30142,0.0863763111849161
3626.85576,0.07235058714797594
3626.85576,0.1109110365934075
3628.41009,0.07303905495323272
3628.41009,0.11862680085862412
3629.96443,0.08641678616137163
3629.96443,0.11960251598057436
3631.51877,0.09323278679499926
3631.51877,0.10575472578393151
3633.07311,0.13864003819291373
3633.07311,0.10881058598292835
3634.62745,0.12640218297087907
3634.62745,0.1544263385042041
3636.18179,0.13574717426581828
3636.18179,0.16294659995330332
3637.73613,0.1492812026642948
3637.73613,0.17160702880032658
3639.29047,0.1832384775692353
3639.29047,0.16396880607029082
3640.8448,0.19438872941840848
3640.8448,0.1691765544616804
3640.8448,0.18012021087784047
3642.39914,0.1814338162279167
3642.39914,0.20308539533589942
3643.95348,0.19891371802192484
3645.50782,0.1893791943328052
3645.50782,0.20437855964309057
3647.06216,0.2040053204666119
3647.06216,0.18857714021321126
3648.6165,0.18855735084064096
3648.6165,0.20400047728219634
3650.17084,0.2041581647223142
3650.17084,0.1885975138992811
3651.72518,0.19290384375877848
3653.27951,0.19274981338003006
3654.83385,0.19254857615746726
3656.38819,0.1920824085256847
3656.38819,0.18146862546502024
3657.94253,0.19073524871735204
3657.94253,0.18025392915839025
3659.49687,0.17506746994257216
3659.49687,0.19050613351702164
3661.05121,0.1810661645290279
3661.05121,0.1912951277304984
3662.60555,0.18579538464678183
3664.15989,0.1803618511376599
3665.71423,0.17962322669868094
3667.26856,0.1842951779507247
3668.8229,0.1688140578847547
3668.8229,0.1840543972441874
3670.37724,0.174036410834546
3670.37724,0.18408742133528644
3671.93158,0.1733962371913591
3673.48592,0.1727461419092603
3675.04026,0.17123214151353344
3676.5946,0.1637887994422084
3676.5946,0.14102104511218205
3678.14894,0.13396359953322956
3678.14894,0.15353310452817714
3678.14894,0.12192508628630784
3679.70327,0.1315352782691571
3681.25761,0.1458043572769339
3681.25761,0.10107146146642478
3681.25761,0.12029206065797071
3682.81195,0.07937285204319294
3682.81195,0.1160746139008764
3684.36629,0.06408748727896327
3684.36629,0.08237572695209378
3684.36629,0.09935831956767444
3685.92063,0.09924661185722161
3685.92063,0.06991626601045206
3687.47497,0.07553702700406617
3687.47497,0.09977809957350842
3689.02931,0.09176243073921352
3689.02931,0.12038133354730131
3690.58365,0.12086428142541783
3690.58365,0.08803253139820981
3692.13798,0.1255755617389064
3692.13798,0.10487015530934893
3693.69232,0.10566685502959089
3693.69232,0.13265416145186212
3695.24666,0.10692970087502984
3695.24666,0.12333294637295049
3696.801,0.1281831940311094
3698.35534,0.11100390186903221
3699.90968,0.10858694393311208
3699.90968,0.09087522310791474
3701.46402,0.0907391721760643
3703.01836,0.11880355305244485
3703.01836,0.092684820254353
3704.57269,0.12043465321627822
3704.57269,0.10419993166437823
3706.12703,0.11575103086460738
3706.12703,0.1012907157975613
3706.12703,0.14111309742288283
3707.68137,0.14843184087119482
3707.68137,0.12814373044571833
3709.23571,0.1537206766332646
3709.23571,0.12246055011614386
3710.79005,0.14816864110017136
3712.34439,0.14146857543468747
3712.34439,0.10708500136378794
3713.89873,0.12062684201839295
3713.89873,0.08613426929611098
3715.45307,0.11776684553128312
3715.45307,0.08273254384580782
3717.00741,0.08537708561034811
3717.00741,0.0586836238229858
3718.56174,0.05208802458899101
3718.56174,0.06677626588025837
3718.56174,0.1026509818208667
3720.11608,0.0873671085759042
3720.11608,0.06376014659854112
3721.67042,0.11070762237343573
3721.67042,0.08086863108654804
3723.22476,0.14303938118532916
3723.22476,0.12251690983725677
3723.22476,0.10677846287110039
3724.7791,0.1135786879111604
3724.7791,0.14810989154230114
3726.33344,0.16039079760591693
3726.33344,0.13540858698496225
3727.88778,0.14699578551563752
3727.88778,0.16936511514885685
3729.44212,0.17570383416378962
3729.44212,0.1607504825661251
3730.99645,0.16077042179937776
3730.99645,0.18245289139800452
3732.55079,0.1690118018168502
3732.55079,0.20105924221776583
3734.10513,0.1833491610724636
3734.10513,0.21188097184907345
3734.10513,0.22865212752056543
3735.65947,0.24017735172167212
3735.65947,0.19855995784778285
3737.21381,0.2652643963401319
3737.21381,0.2971584378000407
3737.21381,0.22106499386106787
3738.76815,0.3055016588406063
3738.76815,0.2623591213104415
3738.76815,0.3429429035505636
3740.32249,0.3385537207548438
3740.32249,0.2772349011948429
3741.87683,0.31499920670033105
3741.87683,0.3583237395643694
3743.43116,0.284181542132302
3743.43116,0.3381419339864737
3743.43116,0.35272791999163705
3744.9855,0.34358143794690127
3744.9855,0.29424626735103687
3744.9855,0.35026573853252285
3744.9855,0.3104722071306168
3746.53984,0.31912039710019785
3746.53984,0.25014956919994896
3748.09418,0.217342827497785
3748.09418,0.27888830690074595
3748.09418,0.2545317209922131
3749.64852,0.2041020698461671
3749.64852,0.26201445120083716
3749.64852,0.22825549175331972
3749.64852,0.24162942042545707
3751.20286,0.22816913126108285
3751.20286,0.1845860935738649
3752.7572,0.19657147379279852
3752.7572,0.17469451531492083
3754.31154,0.18828929028848115
3754.31154,0.16660981656320653
3755.86587,0.15588458102416905
3755.86587,0.18067606728717533
3757.42021,0.16968732476850157
3757.42021,0.142146706756517
3758.97455,0.15482559121279985
3758.97455,0.1374936354581943
3760.52889,0.11500244409278311
3760.52889,0.14490569666820413
3762.08323,0.11627046971727083
3762.08323,0.09806597723460948
3763.63757,0.09207629768901848
3763.63757,0.12524384212858336
3765.19191,0.11976777288336558
3765.19191,0.08621418486000954
3765.19191,0.10197116695776046
3766.74625,0.11746336865219419
3766.74625,0.08548443459398004
3768.30058,0.09315821445607499
3768.30058,0.15017639186478543
3768.30058,0.13152081670153565
3769.85492,0.15113568105736344
3769.85492,0.0973413478533107
3769.85492,0.12085365093315731
3771.40926,0.18668441976898456
3771.40926,0.13524393867986315
3772.9636,0.20893699060064777
3772.9636,0.18923882193236416
3772.9636,0.16455558152901628
3774.51794,0.18101642455921613
3774.51794,0.2136310203345083
3776.07228,0.21547627877343303
3776.07228,0.1956441605669359
3779.18096,0.21006939947308934
3780.7353,0.20452825664940735
3782.28963,0.2041458031307764
3783.84397,0.1879435233563996
3783.84397,0.20635692126247848
3783.84397,0.1751820703835012
3785.39831,0.17511699400034303
3785.39831,0.19984987729900613
3786.95265,0.18894535038896834
3786.95265,0.15540604544148273
3788.50699,0.16754728071206176
3790.06133,0.12829989241715445
3790.06133,0.15243341644919697
3791.61567,0.10793161702198419
3791.61567,0.13859287234337883
3793.17001,0.10039225938001228
3793.17001,0.12642242601125775
3794.72434,0.1191136205185614
3794.72434,0.07741235410263272
3796.27868,0.09584086128878042
3796.27868,0.05365591392746293
3797.83302,0.05232732033948255
3797.83302,0.07465496308268182
3799.38736,0.05229069497584906
3799.38736,0.06844641504765128
3800.9417,0.05051293514359875
3800.9417,0.04978243739363037
3802.49604,0.04920028579168335
3804.05038,0.04921152351634832
3805.60472,0.04980981701309316
3805.60472,0.05055487326922632
3807.15905,0.06852027391577394
3807.15905,0.052810570003505836
3808.71339,0.08113871322350813
3808.71339,0.0523523887930576
3808.71339,0.06329625036096112
3810.26773,0.05482973551851977
3810.26773,0.09846133662346196
3811.82207,0.10688305438667492
3811.82207,0.1241989208620645
3811.82207,0.07948159611047433
3813.37641,0.11880169075515477
3813.37641,0.09963505422498016
3813.37641,0.13959574880011782
3814.93075,0.14510730838940925
3814.93075,0.1078468932031332
3814.93075,0.12413430633447815
3816.48509,0.1408710364500061
3818.03943,0.14197176115233
3818.03943,0.12588236832218158
3819.59376,0.1406969928899344
3819.59376,0.12460800749906478
3821.1481,0.12476797188609827
3821.1481,0.14091810486597905
3822.70244,0.1302857735713645
3824.25678,0.13463863178502206
3824.25678,0.11198306079341318
3825.81112,0.12661703522104714
3825.81112,0.10964891669227689
3827.36546,0.10420345552012053
3827.36546,0.12044147775766971
3828.9198,0.1200237228670474
3830.47414,0.10270588700779934
3832.02848,0.09579900109782653
3833.58281,0.10634229851406433
3833.58281,0.09620509730123775
3835.13715,0.10861582864336632
3835.13715,0.12053891837925489
3836.69149,0.12089874178855242
3836.69149,0.11003761312649739
3838.24583,0.11005444239123542
3838.24583,0.12685360504038157
3839.80017,0.11647901250769441
3839.80017,0.12677774156347338
3841.35451,0.10429084362433534
3841.35451,0.12006400826079486
3842.90885,0.10403535938619897
3842.90885,0.12076126844703583
3844.46319,0.12020415309513538
3846.01752,0.1078562776787759
3847.57186,0.09503115615969158
3849.1262,0.08790195050770007
3849.1262,0.10388542932921505
3850.68054,0.07456940124207978
3850.68054,0.09613948940719234
3852.23488,0.060356000901503816
3852.23488,0.08971442983743753
3853.78922,0.08294343635628286
3853.78922,0.05724777502252414
3855.34356,0.06145375109654437
3855.34356,0.051512397022084946
3856.8979,0.0526925157598585
3856.8979,0.07514453798724831
3858.45223,0.07557393354742954
3858.45223,0.0572467783659484
3860.00657,0.06446418133519033
3860.00657,0.08437318273660172
3861.56091,0.09218888681634364
3863.11525,0.09900760518353621
3864.66959,0.08924129604625369
3864.66959,0.10694205098991813
3866.22393,0.12424329771169422
3866.22393,0.09225262689003133
3867.77827,0.13016871239439962
3867.77827,0.1034407704897027
3867.77827,0.11535529380535756
3869.33261,0.11729102387813775
3869.33261,0.1408392651174153
3870.88694,0.1529085607705481
3870.88694,0.128204203368125
3872.44128,0.16032708784643537
3873.99562,0.16117695347821212
3873.99562,0.14611521468768546
3875.54996,0.16161875014491237
3877.1043,0.15217210711603515
3877.1043,0.1684871243250173
3878.65864,0.16886813145954035
3878.65864,0.15878552642778673
3880.21298,0.16934042449114947
3881.76732,0.1649993613983088
3881.76732,0.18128527895684607
3883.32165,0.17194015475052915
3883.32165,0.18229549970661746
3884.87599,0.18150421456347268
3884.87599,0.1656327627952029
3886.43033,0.16488508221104803
3886.43033,0.18022694564738398
3887.98467,0.15952217509763528
3887.98467,0.177867336547814
3889.53901,0.14458701561825704
3891.09335,0.12522666491440804
3891.09335,0.14729884082042397
3891.09335,0.07914842468772229
3891.09335,0.09979677651666856
3892.64769,0.10304321204179138
3894.20203,0.08557979062337798
3894.20203,0.05783396321736465
3894.20203,0.10464222223319
3895.75637,0.05493294717416263
3895.75637,0.06136955614175644
3897.3107,0.05112619967375113
3898.86504,0.05076723812587454
3898.86504,0.05048227918756377
3900.41938,0.050493335422042936
3900.41938,0.05050439007834658
3901.97372,0.05051544315647469
3901.97372,0.050526494656427265
3903.52806,0.05053754457820431
3903.52806,0.05054859292180583
3905.0824,0.05055963968723182
3905.0824,0.05057068487448228
3906.63674,0.05058172848355723
3906.63674,0.050592770514456625
3908.19108,0.0506038109671805
3908.19108,0.05061484984172886
3909.74541,0.05062588713810168
3909.74541,0.05063692285629896
3911.29975,0.05064795699632072
3911.29975,0.05065898955816696
3912.85409,0.05067002054183766
3912.85409,0.050681049947332836
3914.40843,0.05159684600260152
3914.40843,0.052738832536681914
3915.96277,0.07889097412159816
3915.96277,0.054820871847963255
3915.96277,0.05655150679981821
3917.51711,0.1166232402864899
3917.51711,0.06645615532928575
3917.51711,0.08984170492066426
3917.51711,0.05820647313779167
3919.07145,0.11658470324031395
3919.07145,0.05771914503211002
3919.07145,0.07048502928546017
3920.62579,0.05850404133003421
3920.62579,0.12458673758012492
3920.62579,0.10402938015245373
3922.18012,0.06130044763636738
3922.18012,0.10602252146117828
3923.73446,0.05760162042461882
3923.73446,0.0931120623518827
3925.2888,0.05441445814580056
3925.2888,0.060557236621875725
3925.2888,0.051526694191840854
3926.84314,0.05120246696484169
3926.84314,0.05094528222655845
3926.84314,0.05095627217766539
3928.39748,0.05096726055059684
3928.39748,0.05097824734535274
3929.95182,0.05098923256193311
3929.95182,0.05100021620033795
3929.95182,0.05101119826056726
3929.95182,0.05102217874262105
3931.50616,0.05103315764649931
3931.50616,0.05152218591660312
3933.0605,0.05213072534463168
3933.0605,0.06595383973108661
3933.0605,0.053821695527282394
3934.61483,0.058285604821718705
3934.61483,0.11043027284374456
3936.16917,0.1509492963596165
3936.16917,0.08874531556121966
3936.16917,0.13345798251852947
3937.72351,0.1551015143580209
3937.72351,0.12117394196502908
3939.27785,0.139720057958788
3939.27785,0.19980634760403646
3940.83219,0.1698044997813336
3940.83219,0.20824612797454695
3940.83219,0.2400637708807389
3942.38653,0.1866808777567885
3942.38653,0.24621075141684953
3942.38653,0.20163597279985668
3942.38653,0.22790304601434677
3943.94087,0.21580276846431454
3943.94087,0.26376858641145157
3945.49521,0.2762248168718578
3945.49521,0.2485480510602051
3947.04955,0.2831761149559193
3947.04955,0.2646761988422427
3948.60388,0.28976025972590447
3950.15822,0.2665361336355567
3950.15822,0.29135031943536055
3951.71256,0.29449351933643614
3951.71256,0.2633851146845174
3953.2669,0.23796074051397578
3953.2669,0.27880167940192646
3953.2669,0.2930050141677669
3954.82124,0.28519572016890904
3954.82124,0.1775575725322722
3954.82124,0.24574607846440089
3956.37558,0.08223827423122847
3956.37558,0.11467127387306374
3956.37558,0.19442435671450306
3956.37558,0.13812316194526722
3957.92992,0.19899376781452136
3957.92992,0.1653612726684829
3957.92992,0.10181275862979002
3959.48426,0.13871142592452163
3959.48426,0.06125437219362164
3959.48426,0.0936940027065743
3961.03859,0.054921545827816054
3962.59293,0.0600501550757407
3962.59293,0.05296295414319882
3964.14727,0.05376086216121868
3965.70161,0.07842746797914815
3965.70161,0.05480721439808545
3967.25595,0.05596783089147103
3967.25595,0.09406636499505913
3967.25595,0.0796755315977308
3968.81029,0.11391878398934825
3968.81029,0.0817788280718769
3970.36463,0.09532871109539648
3970.36463,0.14164535107054488
3970.36463,0.11881063453380891
3971.91897,0.16162500680061356
3971.91897,0.13665006172371788
3971.91897,0.12276353378212179
3973.4733,0.19102555540654473
3973.4733,0.16162581597232592
3973.4733,0.13687852615614332
3975.02764,0.17545899897085462
3975.02764,0.20844611898756232
3975.02764,0.18935342819110063
3975.02764,0.1516589591898129
