wavenumber_cm-1,intensity
808.83954,0.12197704243736232
808.83954,0.11658541811971623
808.83954,0.11562865713976822
808.83954,0.1281945182792941
808.83954,0.12104561013639345
810.39388,0.08540410851751469
810.39388,0.08828108838720661
810.39388,0.09913719860048653
810.39388,0.10621170262584873
810.39388,0.12384267056201227
810.39388,0.0909736867108869
811.94822,0.056963176293441366
811.94822,0.03909392416821568
811.94822,0.06771674631596653
811.94822,0.057737528409591045
811.94822,0.05862041884251763
811.94822,0.007941606971281134
813.50256,0.004940266675575945
813.50256,0.03059095350899734
813.50256,0.0036205887167053935
813.50256,0.0030645234815175645
813.50256,0.019712066813845214
813.50256,0.003285040670517837
813.50256,0.004116752391956006
813.50256,0.03656658372940728
813.50256,0.004622155521012485
815.0569,0.015847998818773718
815.0569,0.0019421389198890026
815.0569,0.00437699732473179
815.0569,0.008959945185565105
816.61123,0.0009214848920218351
816.61123,0.0003551157961521436
816.61123,0.0
816.61123,0.0
818.16557,0.0
818.16557,0.0
818.16557,0.0
818.16557,0.0
818.16557,0.0
819.71991,0.0
839.29551,0.0
864.79574,0.0
866.35008,0.0
866.35008,0.0004184968350551367
866.35008,0.0009416178788740575
867.90441,0.011104191854217665
867.90441,0.002898728370327779
867.90441,0.021877798202754182
867.90441,0.0034735944482839985
867.90441,0.009236240103914141
869.45875,0.030790934294809297
869.45875,0.038253492504636645
869.45875,0.025859409976907312
869.45875,0.056687569595729084
871.01309,0.050034148226293325
871.01309,0.06624251872870843
871.01309,0.07263740810580789
871.01309,0.06100717749111041
872.56743,0.09617206908015577
872.56743,0.09383664087915583
872.56743,0.0901923870264853
872.56743,0.1044054889915024
872.56743,0.08722580833590225
874.12177,0.11296664679437345
875.67611,0.12049728204311307
877.23045,0.1280178908090399
878.78479,0.13466539804520866
880.33912,0.14129923017942914
880.33912,0.1478840600477929
880.33912,0.15445838014393268
881.89346,0.16106163555789346
881.89346,0.16804490628501814
883.4478,0.17495219230917458
885.00214,0.19042311874138557
885.00214,0.18264928821890578
885.00214,0.18865735348567336
886.55648,0.19973976796487936
888.11082,0.20676878523822642
888.11082,0.21328085081641818
888.11082,0.21931419178926692
889.66516,0.22072403203967578
891.2195,0.22637281206731405
892.77384,0.23175476096665593
892.77384,0.2280031052817083
894.32817,0.2333841454887652
895.88251,0.2388156391646229
897.43685,0.23954728443004142
898.99119,0.23980762158957641
900.54553,0.23964753589142926
902.09987,0.23922364870695573
902.09987,0.23390481486536324
903.65421,0.2330094562330436
905.20855,0.22793461103394316
906.76288,0.22798540762636785
908.31722,0.2331584689632611
909.87156,0.23414796141787356
909.87156,0.23969712228825096
911.4259,0.24089474791016594
912.98024,0.2469477017150198
914.53458,0.2532573406161338
916.08892,0.2595606725819951
916.08892,0.26910036569689394
917.64326,0.27825479160635175
931.6323,0.37013092602371056
933.18664,0.3786096818841554
934.74098,0.38261160667753075
936.29532,0.3833311278280174
937.84966,0.38909404711375745
939.404,0.395316257496635
939.404,0.40170665494032376
940.95834,0.408540399561557
942.51268,0.4152685790807745
944.06701,0.4303546161100404
944.06701,0.42277021649046587
944.06701,0.428628498968903
945.62135,0.4394412669000368
945.62135,0.4454456329668551
945.62135,0.45262295753659443
945.62135,0.4423744856946699
947.17569,0.503290490048523
947.17569,0.4660965450381306
947.17569,0.4903497858491108
947.17569,0.4956666876369347
947.17569,0.500367865103846
947.17569,0.48488545855142734
948.73003,0.4746930469569365
948.73003,0.47177954636088837
948.73003,0.5054663198565607
948.73003,0.5173137778291959
948.73003,0.48882403532892954
950.28437,0.5357730718516183
950.28437,0.5299254772575176
950.28437,0.5461417137213475
950.28437,0.5390153382740902
951.83871,0.5629907007139247
951.83871,0.5578127155011599
951.83871,0.5682145956837927
958.05606,0.6281182777318755
958.05606,0.6299855956797431
959.6104,0.6432292929440079
961.16474,0.6499677294225226
962.71908,0.6693110460536347
962.71908,0.6530154331964422
964.27342,0.6625285020154954
964.27342,0.676303749296319
964.27342,0.6602119254589941
965.82776,0.6742765120740073
965.82776,0.6894625292792375
965.82776,0.6697846759435355
967.3821,0.71452947586635
967.3821,0.6829874556349403
967.3821,0.6811146962035283
967.3821,0.671041339228165
967.3821,0.6767140692115439
967.3821,0.6959437401312291
968.93644,0.6927988992571591
968.93644,0.6896684972754326
968.93644,0.6972610133612903
968.93644,0.7229439932968063
970.49077,0.7467595427056914
970.49077,0.7103050624290075
970.49077,0.7114640059003066
970.49077,0.6973085128947051
970.49077,0.7044909217962354
970.49077,0.7390482963052246
970.49077,0.7466779631460254
970.49077,0.7376946662835981
970.49077,0.7393545014603555
970.49077,0.7061171874305019
972.04511,0.7194455605144094
972.04511,0.7215741320764979
972.04511,0.7543374451745065
972.04511,0.7339554485972684
972.04511,0.7309779530698176
972.04511,0.7680664722034557
972.04511,0.7537565360260073
973.59945,0.7726062981429419
973.59945,0.7766403687642929
973.59945,0.7502681928002453
973.59945,0.7683771440653819
973.59945,0.773825367230552
973.59945,0.7841118912850014
975.15379,0.7635334697273306
975.15379,0.7959957144577662
975.15379,0.7928800193315914
975.15379,0.7979719227313408
976.70813,0.7805779326626978
976.70813,0.8038068204158199
976.70813,0.801096756182693
978.26247,0.81492787988538
978.26247,0.801038084892399
978.26247,0.7966110468496885
979.81681,0.8017354803680545
979.81681,0.8205672209252955
979.81681,0.8082445823721024
981.37115,0.8124591780279199
981.37115,0.8126641947924554
981.37115,0.8097501022533723
981.37115,0.828625994730793
982.92548,0.8293688650028189
982.92548,0.8205195772499572
982.92548,0.8200708091396252
984.47982,0.8244359913186989
984.47982,0.8252491617491309
986.03416,0.8223731286415754
986.03416,0.8414467891380827
987.5885,0.8418425445544768
989.14284,0.8367556314423031
990.69718,0.8176282933071525
990.69718,0.833128388545739
992.25152,0.8131426955127403
993.80586,0.8020070871576848
995.36019,0.7912202715624105
996.91453,0.802993784567315
996.91453,0.7884462417168026
998.46887,0.7787118965978096
1000.02321,0.784097977077094
1001.57755,0.7957321131878851
1001.57755,0.8211679490246405
1003.13189,0.811552519744589
1003.13189,0.835310608992877
1004.68623,0.8410846487250648
1004.68623,0.819865399982486
1006.24057,0.851839540879029
1006.24057,0.827813770235539
1007.79491,0.8781128908132341
1007.79491,0.8447632464092495
1007.79491,0.867790393817778
1009.34924,0.8696416178453815
1010.90358,0.8685828382800209
1010.90358,0.9075001829265738
1012.45792,0.8961596777456354
1012.45792,0.94060921472253
1014.01226,0.9625970589253585
1014.01226,0.9346035976220515
1015.5666,0.9825165084373142
1015.5666,0.9355990378508576
1015.5666,0.9647189693034973
1017.12094,0.9846327520956448
1017.12094,0.9991487704676005
1017.12094,0.9641710297229196
1018.67528,0.9727207651179305
1018.67528,1.0
1020.22962,0.9796293837824238
1020.22962,0.9971991195711037
1021.78395,0.9800259244523541
1021.78395,0.9973948316475996
1023.33829,0.9923293880010219
1023.33829,0.9736163270225533
1024.89263,0.9843607028203281
1024.89263,0.9656440163529594
1026.44697,0.9601715872064499
1026.44697,0.9768478044355073
1028.00131,0.9502958040828604
1028.00131,0.9686727169127275
1029.55565,0.9421070480085803
1031.10999,0.8942931695621182
1031.10999,0.9232448252258423
1031.10999,0.9114156682727297
1031.10999,0.9416953199641361
1032.66433,0.9082382744843125
1032.66433,0.8818369496583122
1034.21866,0.8918084599851295
1034.21866,0.8610261950710789
1034.21866,0.9031485302160753
1035.773,0.8737166471796719
1035.773,0.8295316333842314
1037.32734,0.8459563007428749
1037.32734,0.8131643326627684
1038.88168,0.8167754042553271
1038.88168,0.8340867258737904
1040.43602,0.8132988112244104
1040.43602,0.8307650013451308
1041.99036,0.830600285982616
1041.99036,0.813095094815533
1041.99036,0.830509058746382
1043.5447,0.8228012101982468
1043.5447,0.8330225910675961
1045.09904,0.8380910334376858
1045.09904,0.8386518717408677
1046.65337,0.830189488227545
1046.65337,0.8436215041611317
1046.65337,0.839856928676799
1048.20771,0.8400952262237305
1048.20771,0.8443244960009424
1049.76205,0.8358640490575867
1049.76205,0.8450207527072329
1049.76205,0.8451261991744132
1051.31639,0.8452620689813736
1051.31639,0.8365680913651974
1051.31639,0.8499970267506141
1052.87073,0.8462651467313144
1052.87073,0.8468761646975299
1054.42507,0.8510337358396931
1054.42507,0.8507360194161637
1054.42507,0.8375179305766686
1055.97941,0.8503726440206772
1055.97941,0.850377301279681
1055.97941,0.8371593194017525
1057.53375,0.8501147916379459
1057.53375,0.8417252179884801
1057.53375,0.8510310270875551
1059.08808,0.8468959572084013
1059.08808,0.8513258020577583
1060.64242,0.8464868764500519
1060.64242,0.8455864865005777
1062.19676,0.8398381315654777
1062.19676,0.8346097711573482
1062.19676,0.8303863738302802
1062.19676,0.8439141659885032
1062.19676,0.8435109040558194
1062.19676,0.8288756369571983
1062.19676,0.8225868457840008
1063.7511,0.8221681627722269
1063.7511,0.8227271754033731
1063.7511,0.8365652177621927
1065.30544,0.8236740114119815
1065.30544,0.8318770401111139
1065.30544,0.8211115249897761
1066.85978,0.8193303111637713
1066.85978,0.7920940508245014
1066.85978,0.8217993843230827
1068.41412,0.8126252561328022
1068.41412,0.7840686314426067
1068.41412,0.8097909306091526
1069.96846,0.7500543888184712
1069.96846,0.7526297040408313
1069.96846,0.7948107931804191
1069.96846,0.7433942781276794
1069.96846,0.7542474260275837
1069.96846,0.8042917419526628
1069.96846,0.7919112022608983
1069.96846,0.7576295059730712
1069.96846,0.756309745460365
1069.96846,0.7301640606670377
1071.5228,0.7221618028818363
1071.5228,0.721453948321025
1071.5228,0.7010845568086238
1071.5228,0.7704490966865053
1071.5228,0.726918937492653
1071.5228,0.7833799437318086
1071.5228,0.7765351974246241
1071.5228,0.7788097727920883
1071.5228,0.77598917020879
1071.5228,0.8034951874309811
1071.5228,0.7993676021952345
1071.5228,0.7695291499005897
1071.5228,0.7842228666136359
1073.07713,0.706836102386692
1073.07713,0.7047631283179749
1073.07713,0.706430517369288
1073.07713,0.6805331604398897
1073.07713,0.728803139669669
1073.07713,0.6887314919678518
1073.07713,0.6959126356853254
1073.07713,0.6909570943422649
1073.07713,0.6828646321586805
1074.63147,0.719938759142912
1074.63147,0.6653170404020847
1076.18581,0.6288525445342372
1076.18581,0.6122575018280688
1076.18581,0.67449442206022
1076.18581,0.6170829491958847
1076.18581,0.6467009552037292
1076.18581,0.6066761492060946
1076.18581,0.6523859129693023
1077.74015,0.6445216850571839
1077.74015,0.6357567284826995
1077.74015,0.6380860897409417
1077.74015,0.6264662968500101
1077.74015,0.6137733188257444
1077.74015,0.5918797678580591
1079.29449,0.5842365139737977
1079.29449,0.5777826239532862
1080.84883,0.5764954610414473
1080.84883,0.5706512503836492
1082.40317,0.5649899717872681
1083.95751,0.5594289478485261
1083.95751,0.5628458442156338
1085.51184,0.5529570003121266
1087.06618,0.5512101116066607
1087.06618,0.5446432287498442
1088.62052,0.5292842914433172
1088.62052,0.5325993866874321
1088.62052,0.5240857988171432
1088.62052,0.5420808204730687
1088.62052,0.5362715152418084
1090.17486,0.5155454185685142
1090.17486,0.5034461112639546
1090.17486,0.49660108354992655
1090.17486,0.5038515291197212
1091.7292,0.4802771120261078
1091.7292,0.48753897042653155
1091.7292,0.4813049775009168
1093.28354,0.47059811582968053
1094.83788,0.46382510382727127
1094.83788,0.4574790894213172
1094.83788,0.4520071453176411
1096.39222,0.45123326968175903
1102.60957,0.45501091173238867
1102.60957,0.4415002564666931
1104.16391,0.4463609851344777
1104.16391,0.46096720864392693
1105.71825,0.4541469613520269
1105.71825,0.4683362649811087
1107.27259,0.47143723197675413
1107.27259,0.4476833898643003
1108.82693,0.4338220213314377
1108.82693,0.46922691434680724
1110.38126,0.45989911167166186
1110.38126,0.4260675708338059
1111.9356,0.44082263953033507
1111.9356,0.4121387459167691
1113.48994,0.4315690362967755
1113.48994,0.40158236170665745
1115.04428,0.37603208332030097
1115.04428,0.4042277747137784
1116.59862,0.36184306356665225
1116.59862,0.37391321270239275
1118.15296,0.360238511564684
1118.15296,0.38338409158108394
1119.7073,0.37513510711032727
1121.26164,0.3674960505326229
1121.26164,0.39181643716070064
1122.81598,0.3948990714207626
1124.37031,0.4052784689419191
1125.92465,0.41014883557293
1127.47899,0.38411019982239125
1127.47899,0.41969419643026284
1129.03333,0.4103862645050772
1129.03333,0.3819456350588059
1130.58767,0.4005971371766317
1130.58767,0.37105568600861877
1130.58767,0.3554299440100452
1132.14201,0.3768078028847731
1132.14201,0.35371441885270644
1133.69635,0.37457177042358153
1133.69635,0.33121676739871153
1133.69635,0.3497084772890137
1135.25069,0.31546311156687273
1135.25069,0.3049433930644336
1135.25069,0.3401822558985044
1136.80502,0.3002629238603731
1136.80502,0.32643069605746944
1138.35936,0.31559827279467456
1138.35936,0.2958542988741547
1139.9137,0.29885112796808794
1141.46804,0.2942218211631653
1143.02238,0.3082625302255863
1143.02238,0.2949464447920942
1144.57672,0.3039077746961876
1146.13106,0.2989709114895905
1147.6854,0.2991162235169444
1149.23973,0.2944336640200444
1149.23973,0.30818137223753883
1150.79407,0.2899075368817817
1150.79407,0.3074952475972321
1152.34841,0.2839740798923876
1152.34841,0.3013135909784147
1153.90275,0.2777776930103664
1153.90275,0.2953893916218465
1155.45709,0.27730130911708645
1155.45709,0.2909194917236631
1157.01143,0.28991477251426684
1157.01143,0.2754241871326615
1158.56577,0.2697369275396826
1158.56577,0.28377965743381894
1160.12011,0.27253650948629793
1160.12011,0.30293018498416374
1161.67444,0.3055159443814707
1163.22878,0.32114721840249444
1163.22878,0.2998073177087534
1164.78312,0.33163826583629014
1164.78312,0.3172619508782128
1164.78312,0.3033277931697069
1166.33746,0.3037255403051366
1166.33746,0.3334511750691868
1167.8918,0.32739480458920456
1167.8918,0.34512342127268986
1169.44614,0.32731227653125766
1169.44614,0.2913995616946477
1171.00048,0.2693353917179283
1171.00048,0.3129330333891758
1172.55482,0.2603053090019638
1172.55482,0.29817364432322946
1172.55482,0.3161033065711129
1174.10915,0.2860575134130351
1174.10915,0.26150115432091403
1174.10915,0.22783666935333466
1175.66349,0.23611862994649976
1175.66349,0.20576329536757212
1177.21783,0.191293964086144
1177.21783,0.22789751933717176
1177.21783,0.213246968750768
1178.77217,0.20015668297846462
1178.77217,0.1635594495419017
1180.32651,0.16645742729269045
1180.32651,0.17862997380727186
1181.88085,0.17589926806573744
1181.88085,0.1202432551480077
1181.88085,0.1351737154072098
1183.43519,0.11165592002253873
1183.43519,0.1484040221444198
1184.98953,0.1268270818212928
1184.98953,0.09050867119554105
1186.54387,0.08194208559443061
1186.54387,0.10417930657191597
1188.0982,0.07044702393676795
1188.0982,0.09652380756387718
1189.65254,0.051796347516973144
1189.65254,0.07407497371607759
1191.20688,0.05456674880307324
1191.20688,0.06811618468925128
1192.76122,0.06074147529625717
1192.76122,0.03419254912391204
1194.31556,0.02621716712816575
1194.31556,0.03809775429602867
1194.31556,0.007898872878389855
1195.8699,0.013807898647715082
1195.8699,0.0389486211249669
1197.42424,0.0385979454135313
1197.42424,0.006036683189266827
1198.97858,0.006610919141777957
1198.97858,0.032680430806599374
1200.53291,0.021220890862363277
1200.53291,0.04664004668670956
1202.08725,0.04289256651937828
1202.08725,0.026117939117309717
1202.08725,0.06651499648224825
1203.64159,0.0787392620239355
1203.64159,0.0474562530144099
1205.19593,0.09059693277391281
1205.19593,0.0691522241994319
1206.75027,0.0845536972794625
1206.75027,0.09883587624438711
1206.75027,0.06646630222249232
1208.30461,0.09903910402394056
1208.30461,0.08099538110050894
1209.85895,0.08734554765964178
1209.85895,0.10211840481676289
1211.41329,0.10215459177040695
1211.41329,0.08718090308847579
1212.96762,0.08128905837234872
1214.52196,0.09499293922643368
1214.52196,0.0807414474778488
1216.0763,0.08885203631850531
1216.0763,0.07370071826942369
1217.63064,0.06847766942225988
1217.63064,0.08722154009916255
1219.18498,0.06862838020397723
1219.18498,0.08263897089683704
1220.73932,0.06796777257381799
1220.73932,0.08175905580598775
1222.29366,0.0619746532704357
1222.29366,0.07531647821872409
1223.848,0.05613035137679422
1223.848,0.0706069874930365
1225.40233,0.07010050699455356
1226.95667,0.06444029178284999
1226.95667,0.04823731549240145
1228.51101,0.05559418975435718
1228.51101,0.03976241088167795
1230.06535,0.03388635899719946
1231.61969,0.04303122366257481
1231.61969,0.03332501696339219
1233.17403,0.04212817603192327
1233.17403,0.026856847776277445
1234.72837,0.026169873026615536
1234.72837,0.035110747912431316
1236.28271,0.020272280558315117
1237.83705,0.024756544159051895
1239.39138,0.02418194748029791
1240.94572,0.023655955554225838
1240.94572,0.012642176421509124
1242.50006,0.016882659970775555
1244.0544,0.0072638415739328345
1244.0544,0.02254108868512833
1245.60874,0.02280300458147551
1245.60874,0.00746562742057554
1247.16308,0.02089722453918075
1247.16308,0.0025325370951554673
1248.71742,0.0022574187860615776
1248.71742,0.014629937405005658
1250.27176,0.004443129719314622
1250.27176,0.0008738686760579181
1251.82609,0.00012772554381832842
1251.82609,0.0
1253.38043,0.0
1253.38043,0.0
1253.38043,0.0
1254.93477,0.0
1254.93477,0.0
1256.48911,0.0
1256.48911,0.0
1258.04345,0.0
1258.04345,0.0
1259.59779,0.0
1259.59779,0.0
1261.15213,0.0
1262.70647,0.0
1262.70647,0.0
1264.2608,0.0
1264.2608,0.0
1265.81514,0.0
1265.81514,0.0
1267.36948,0.00014511539031912833
1267.36948,0.00032650962821803873
1268.92382,0.003548805493278406
1268.92382,0.0007049869981717477
1270.47816,0.0009966894727149738
1270.47816,0.01008911232086955
1272.0325,0.0027267820172594383
1273.58684,0.021817684246688382
1273.58684,0.004405943404800292
1275.14118,0.028098761162904214
1275.14118,0.008835687775457431
1276.69551,0.028773708253537995
1276.69551,0.014806358154345443
1278.24985,0.021126804819121194
1278.24985,0.04211209286327602
1279.80419,0.029446746646657827
1279.80419,0.05007901180109429
1281.35853,0.03686135667413534
1281.35853,0.06201044691464897
1282.91287,0.04483383529057939
1282.91287,0.06549643105436269
1284.46721,0.07614454561204483
1284.46721,0.058033030994136314
1286.02155,0.07635732776067941
1287.57589,0.06198565681561746
1289.13022,0.06240594938877868
1289.13022,0.07196273765550106
1290.68456,0.07243201877768946
1290.68456,0.06299968809144024
1292.2389,0.07176806153670452
1293.79324,0.06583691261666448
1293.79324,0.05528314206956377
1295.34758,0.04957455143320412
1295.34758,0.06342922507460057
1296.90192,0.05005157829381461
1298.45626,0.055937757781693534
1298.45626,0.07624170466874466
1300.0106,0.06355473908212327
1300.0106,0.0787837773756135
1301.56494,0.07032634371387722
1301.56494,0.09056805462931686
1303.11927,0.07756415594850422
1303.11927,0.09748747651228648
1304.67361,0.08494320849460248
1304.67361,0.1047690394960614
1306.22795,0.10528712858986554
1306.22795,0.0911850971628605
1307.78229,0.10473597787547397
1307.78229,0.09057941477669723
1309.33663,0.10391415960676767
1309.33663,0.08911198158230088
1310.89097,0.08386617322809752
1310.89097,0.09752732797121676
1312.44531,0.08353215459659144
1313.99965,0.09233861637117895
1313.99965,0.08255129365250852
1315.55398,0.08301623792619077
1315.55398,0.09270893677076678
1317.10832,0.09338870148117656
1317.10832,0.08408409358841591
1318.66266,0.09771564747245166
1318.66266,0.08342428440331658
1320.217,0.08857699693930844
1321.77134,0.08925760272201391
1321.77134,0.10444742895638022
1323.32568,0.09160990736429916
1323.32568,0.10593735805026529
1324.88002,0.10597038861378687
1324.88002,0.09230058251780458
1326.43436,0.10665800442612625
1327.98869,0.10685531827868772
1329.54303,0.1067297997074214
1329.54303,0.09198598529366064
1331.09737,0.10580307275262692
1331.09737,0.0964324549144397
1332.65171,0.1051965726654768
1332.65171,0.09061209346984576
1334.20605,0.09086000449185093
1334.20605,0.10464817859880601
1335.76039,0.09980856166837437
1337.31473,0.08063355000716436
1337.31473,0.09823395119382447
1338.86907,0.09192489698319174
1338.86907,0.07153910145907579
1340.4234,0.06495405718335122
1340.4234,0.08301854705444937
1341.97774,0.05861908617535469
1341.97774,0.07143715134658807
1343.53208,0.04689327779675117
1343.53208,0.06535249092488825
1345.08642,0.059460352211627966
1345.08642,0.043549007701467815
1346.64076,0.041830207844091444
1348.1951,0.036791080308400635
1348.1951,0.046650785953958815
1349.74944,0.04690403931671895
1349.74944,0.037111124838718576
1351.30378,0.04639120877417225
1351.30378,0.03670888437818863
1352.85812,0.04620986468266953
1352.85812,0.03647513335277869
1354.41245,0.041368333915750045
1355.96679,0.042336094506826176
1357.52113,0.04390712509582204
1357.52113,0.06406191520915133
1359.07547,0.05140784647699095
1360.62981,0.057507016854945935
1360.62981,0.07801221956992692
1362.18415,0.06560157271933244
1362.18415,0.08561337814214473
1363.73849,0.07214949867928747
1363.73849,0.09183824790227425
1365.29283,0.07445250370137332
1365.29283,0.10041921247784087
1366.84716,0.10238953092778236
1368.4015,0.11701243472665912
1368.4015,0.09336204253960736
1369.95584,0.0983374358518729
1369.95584,0.11413164254813568
1371.51018,0.11662675723055409
1371.51018,0.13255580792418087
1373.06452,0.11991801739710013
1373.06452,0.14432376981373857
1374.61886,0.12704203754468463
1374.61886,0.15162632265152703
1376.1732,0.13994714754539106
1376.1732,0.1602424060627916
1377.72754,0.16993260648097183
1377.72754,0.1476301662592188
1379.28187,0.158409243821525
1379.28187,0.1788933465619499
1380.83621,0.18961069754920776
1380.83621,0.16759705162399488
1382.39055,0.17775785972525054
1382.39055,0.20263365437853942
1383.94489,0.1908049294911788
1383.94489,0.20530595430134002
1385.49923,0.19194644804947314
1385.49923,0.21095353308783776
1387.05357,0.1984483805303661
1387.05357,0.21314485858260243
1388.60791,0.21851873743293732
1388.60791,0.20547467544084572
1390.16225,0.22426032446353647
1390.16225,0.211806501388031
1391.71658,0.23131359674103055
1393.27092,0.22706323341264348
1394.82526,0.2271504977115855
1396.3796,0.21749952742053702
1396.3796,0.23095041539380076
1397.93394,0.2169065908378049
1397.93394,0.2255990787338999
1399.48828,0.2117533620775915
1399.48828,0.22484687628839725
1401.04262,0.2186445995646005
1401.04262,0.19887943023320487
1402.59696,0.19801778781752652
1402.59696,0.2117151697976231
1404.15129,0.20665928521556687
1404.15129,0.1964273323222717
1405.70563,0.18667615182878397
1405.70563,0.20459438251421622
1407.25997,0.19927021020709407
1407.25997,0.17886709120971636
1408.81431,0.18137272458228992
1410.36865,0.16658601679536333
1410.36865,0.18477349459126138
1411.92299,0.1657756329634107
1411.92299,0.17869721468303598
1413.47733,0.15428062214363608
1413.47733,0.17171547918971403
1415.03167,0.14710818594309938
1415.03167,0.16424371559673112
1416.58601,0.1297100492550084
1416.58601,0.15473504453913714
1418.14034,0.11155004426731278
1418.14034,0.12570847921148717
1418.14034,0.1444644493863539
1419.69468,0.1343560667339385
1419.69468,0.11753054427181182
1419.69468,0.09531431399904597
1421.24902,0.11042975097154449
1421.24902,0.08005158623328927
1422.80336,0.06855013854221788
1422.80336,0.09089784315936945
1424.3577,0.062279488074294106
1424.3577,0.0849009528663186
1425.91204,0.0550673025634134
1425.91204,0.07273520896213102
1427.46638,0.047998404555810975
1427.46638,0.06133361804015985
1429.02072,0.05559202298916445
1429.02072,0.04045748299683262
1430.57505,0.053432297189041876
1430.57505,0.03768751658479644
1432.12939,0.03655927059931921
1433.68373,0.02563905109634789
1433.68373,0.03870864726495461
1435.23807,0.01813750709684471
1436.79241,0.012081427549989789
1436.79241,0.026417845537463173
1438.34675,0.012688180006281637
1438.34675,0.027751411773801967
1439.90109,0.026869318459077224
1439.90109,0.010905036531518513
1441.45543,0.005596278096302156
1441.45543,0.016855112590144963
1443.00976,0.03703966226958012
1443.00976,0.01823015882780976
1443.00976,0.007745089263093831
1444.5641,0.04129064768594893
1444.5641,0.007779915880647059
1444.5641,0.020253882187701057
1446.11844,0.04180862145394273
1446.11844,0.06884442412277399
1446.11844,0.023022549074186077
1447.67278,0.08718080733058765
1447.67278,0.05854921415592366
1449.22712,0.09579198005337236
1449.22712,0.1176770829868433
1450.78146,0.09420882864271295
1450.78146,0.13848795813560313
1452.3358,0.14452013136084274
1452.3358,0.11666797950014295
1452.3358,0.12914614573825622
1453.89014,0.12007087551625964
1453.89014,0.13131263195243767
1455.44447,0.1380925644447305
1455.44447,0.15363003253005464
1456.99881,0.1447156201678782
1458.55315,0.14416488380433656
1460.10749,0.13905257150016223
1461.66183,0.14465516256733627
1463.21617,0.14707130685599668
1463.21617,0.16743934634122015
1464.77051,0.1725847845073328
1464.77051,0.15002398490376936
1466.32485,0.16000468711848706
1466.32485,0.1849531819859759
1467.87919,0.17330066664953633
1467.87919,0.1885270256680832
1469.43352,0.18181853442854026
1469.43352,0.20736747866814956
1470.98786,0.21856072891278513
1470.98786,0.20084905138885673
1472.5422,0.21843681880682805
1472.5422,0.19462778199079028
1474.09654,0.21429960434972906
1474.09654,0.19587118798716713
1516.06369,0.27051170878688185
1516.06369,0.27604999824751486
1517.25705,0.37078490642576983
1517.61803,0.2721132794236116
1517.61803,0.2600568476035701
1519.17236,0.2526056257129907
1520.7267,0.22322243815352066
1520.7267,0.22704872595261702
1520.7267,0.25060233777399643
1522.28104,0.2343499932057059
1522.28104,0.24871305823065343
1522.28104,0.253199669588315
1523.83538,0.2390336410028296
1523.83538,0.24826879613330502
1523.83538,0.25497013355736425
1528.59075,0.4132907868571354
1562.59186,0.5019331330394331
1574.9559,0.5021023110917799
1615.54137,0.5790973236157853
1617.09571,0.5798764732817716
1618.65005,0.5733210141510023
1618.65005,0.5813059098448825
1618.65005,0.5757119208062885
1618.65005,0.5652324044964577
1620.20439,0.5589431051165242
1621.75872,0.5572356972884608
1623.31306,0.5509450036727068
1624.8674,0.5404734222498321
1624.8674,0.5346640600019245
1624.8674,0.5424085936136953
1624.8674,0.5281392343721708
1626.42174,0.5271935989950818
1627.97608,0.5266074971580358
1629.53042,0.5266350857208691
1631.08476,0.5266626270265491
1632.6391,0.5264856963105834
1634.19343,0.5262576120262511
1635.74777,0.5217457475556746
1637.30211,0.5261079400726428
1638.85645,0.5259308228498064
1640.41079,0.5209588138551028
1641.96513,0.5198613899007044
1643.51947,0.5142228792995617
1645.07381,0.5085823976631135
1646.62815,0.5072795214350777
1648.18248,0.5014309791085966
1649.73682,0.4953224041007875
1649.73682,0.4889855063325286
1649.73682,0.4820293644232661
1649.73682,0.47512215248985235
1651.29116,0.4555873572359123
1651.29116,0.4677222878334982
1651.29116,0.4625547765758531
1652.8455,0.45253765866477286
1652.8455,0.4554579337860955
1654.39984,0.44118221846990224
1654.39984,0.4491776461674784
1654.39984,0.4435400546748703
1654.39984,0.43323308072281086
1655.95418,0.4314556638355638
1655.95418,0.4253493320535895
1655.95418,0.41960052458601277
1657.50852,0.4133531414251507
1657.50852,0.415816510755357
1659.06286,0.3916244670115989
1659.06286,0.3995472026728131
1659.06286,0.3955380215655145
1659.06286,0.40520608194607327
1659.06286,0.409111570020722
1660.61719,0.38964469690318687
1662.17153,0.38755564338804277
1662.17153,0.38169099055074046
1663.72587,0.3814579252597148
1665.28021,0.3817417354486694
1666.83455,0.38702059455854754
1668.38889,0.387769289897695
1669.94323,0.3927878356167994
1671.49757,0.388699035586024
1673.0519,0.3935111300332071
1674.60624,0.39358913860161726
1676.16058,0.39335775588818606
1677.71492,0.38834076683644103
1679.26926,0.38790306916897943
1680.8236,0.38772311108792845
1682.37794,0.3873365742120581
1683.93228,0.3866396278576489
1685.48661,0.3768278174866193
1685.48661,0.38007523025232137
1687.04095,0.3743789919330234
1688.59529,0.3640914016045001
1688.59529,0.3664632160431132
1690.14963,0.35523852990553517
1691.70397,0.3400252442632092
1691.70397,0.34291993307514035
1691.70397,0.3463795432466773
1693.25831,0.3275342828922229
1693.25831,0.3353438656744225
1693.25831,0.32991759113783237
1694.81265,0.32481875018903755
1696.36699,0.3241701239856593
1697.92133,0.32398867498081574
1699.47566,0.32401451357365657
1701.03,0.3240403043216561
1702.58434,0.3240660471125117
1704.13868,0.32388428873479874
1705.69302,0.32323558601907926
1707.24736,0.31772085065068967
1708.8017,0.31220325726555404
1710.35604,0.3113465724031848
1711.91037,0.3106971356064251
1713.46471,0.3056430714196106
1715.01905,0.3052011333052085
1716.57339,0.3052264885452823
1718.12773,0.3057191354659453
1719.68207,0.31082384912867395
1721.23641,0.3113163863118806
1722.79075,0.3113415386761535
1724.34508,0.31069147305495814
1725.89942,0.30475342320214766
1727.45376,0.298499635985127
1729.0081,0.2877242565250973
1729.0081,0.29094540563330157
1730.56244,0.28109727039643656
1730.56244,0.2845802235581252
1732.11678,0.27883250152159245
1733.67112,0.26865912755775145
1733.67112,0.27214862689091546
1735.22546,0.26712415495531183
1736.77979,0.26688751031047986
1738.33413,0.26649507160768915
1739.88847,0.26584142368062863
1741.44281,0.2598746240170529
1742.99715,0.2531714722228874
1744.55149,0.24223609935969997
1744.55149,0.2360744110010557
1744.55149,0.24395666117919315
1746.10583,0.2249561502990873
1746.10583,0.23180060214291667
1746.10583,0.2245256714478508
1747.66017,0.1893900822273459
1747.66017,0.20849896603954562
1747.66017,0.17316924266487652
1747.66017,0.17485549600161085
1747.66017,0.15986478743534072
1747.66017,0.16430110602205553
1749.2145,0.18738685443474085
1749.2145,0.1478383543690198
1749.2145,0.18534537127953998
1749.2145,0.1981518098964302
1749.2145,0.15176773077214578
1749.2145,0.154316129859315
1750.76884,0.18858105653085314
1750.76884,0.13518439652982223
1752.32318,0.12622759642003864
1753.87752,0.12274686553749069
1753.87752,0.1166173720451039
1755.43186,0.11022808384732426
1756.9862,0.1036144893320084
1758.54054,0.09871027571408868
1760.09488,0.09551959927558021
1775.63826,0.1302233941879216
1775.63826,0.118389901819468
1777.1926,0.11991618184840393
1777.1926,0.1349305784281817
1778.74694,0.1361797496357906
1780.30128,0.13550752830152235
1781.85562,0.12882499797066624
1781.85562,0.10732161736224838
1783.40996,0.11412464904419442
1783.40996,0.08882601490699474
1784.9643,0.10633401500315273
1784.9643,0.08151792347328257
1786.51864,0.09835849852642152
1786.51864,0.0682318280213172
1788.07297,0.07113271722330353
1789.62731,0.07368894049309352
1789.62731,0.05309322672761713
1791.18165,0.05202594055599192
1792.73599,0.051994461788228155
1792.73599,0.06718447415831977
1794.29033,0.05371077831076436
1794.29033,0.06835539781759513
1795.84467,0.05908766597748762
1795.84467,0.06887184282518487
1797.39901,0.05911169637562291
1797.39901,0.06840328085679881
1798.95335,0.05400194532594538
1798.95335,0.06821049827336427
1800.50768,0.05910841343873383
1802.06202,0.06397350063937976
1803.61636,0.06833199761599724
1803.61636,0.05314675575511144
1805.1707,0.061282958273829714
1805.1707,0.04098063977412819
1806.72504,0.05476479639140091
1806.72504,0.03985140135432157
1808.27938,0.05274043747778592
1808.27938,0.03211506974194582
1809.83372,0.020754749304918954
1809.83372,0.04364226514593414
1811.38806,0.008550265748572313
1811.38806,0.03116040208962266
1812.9424,0.0035249679445110496
1812.9424,0.002902480516462639
1812.9424,0.018796368115954233
1814.49673,0.002382959569645073
1814.49673,0.008162910748564766
1816.05107,0.0006814559420702108
1816.05107,0.00030286930758676036
1817.60541,0.0
1817.60541,0.0
1819.15975,0.0
1819.15975,0.0
1820.71409,0.0
1820.71409,0.0
1822.26843,0.0
1822.26843,0.0
1823.82277,0.0
1825.37711,0.0
1825.37711,0.0003092143936176768
1826.93144,0.0016831447695180434
1826.93144,0.009783534233735935
1828.48578,0.025607664551891736
1828.48578,0.004251475457792695
1830.04012,0.021119861164220027
1830.04012,0.005253192960394938
1831.59446,0.038127002795200766
1831.59446,0.015990458187999112
1833.1488,0.04871255418978521
1834.70314,0.04889573490900153
1834.70314,0.08616288852559224
1836.25748,0.09302669552110213
1836.25748,0.06554109821129776
1837.81182,0.09381509961433712
1837.81182,0.08021085900214148
1839.36615,0.09395331185313405
1839.36615,0.07429019949437186
1840.92049,0.07447224471728874
1840.92049,0.08882418628264249
1842.47483,0.0892761399163594
1842.47483,0.0741728145832789
1844.02917,0.08201785578447768
1844.02917,0.061709161356940316
1845.58351,0.07397553187792641
1845.58351,0.05387646776260889
1847.13785,0.04923610407153466
1847.13785,0.07224433922618201
1848.69219,0.060681468715321
1848.69219,0.029281460700446037
1850.24653,0.022490919579721557
1850.24653,0.050203176958613475
1851.80086,0.029196922273389048
1851.80086,0.004676234095058667
1853.3552,0.0023258846543951434
1853.3552,0.013986595923814288
1853.3552,0.004906712949949855
1854.90954,0.010398027340977554
1854.90954,0.020361027524532678
1854.90954,0.0033127226375773713
1856.46388,0.01427735576419126
1856.46388,0.0017949376692906625
1858.01822,0.0021211908159949116
1858.01822,0.014250757522043408
1859.57256,0.009292143008175281
1859.57256,0.00249565159006579
1861.1269,0.006067274117948114
1861.1269,0.027819291633790075
1862.68124,0.0342807072376253
1862.68124,0.015068324784539174
1864.23557,0.03442745499199981
1865.78991,0.02046084922157247
1865.78991,0.03597479587060713
1867.34425,0.03190746172125239
1868.89859,0.03774569147190021
1870.45293,0.03809817127048436
1872.00727,0.04318254559902076
1872.00727,0.033415910575941836
1873.56161,0.04292653418845092
1873.56161,0.033216011192392064
1875.11595,0.04250582807657502
1875.11595,0.03224314608074834
1876.67029,0.031033072370734327
1878.22462,0.029541125045828846
1878.22462,0.013794059944347023
1879.77896,0.023096232712588063
1881.3333,0.017772334374687847
1882.88764,0.022163652155096934
1882.88764,0.006236343482146078
1884.44198,0.01564070508435058
1884.44198,0.005291205722950496
1885.99632,0.01543758922054419
1885.99632,0.00531411192001067
1887.55066,0.014998462646943026
1887.55066,0.004760489727202474
1889.105,0.0050132210160968626
1889.105,0.01577423680453449
1890.65933,0.01182255813100801
1892.21367,0.02185265595856529
1892.21367,0.012685804286833918
1893.76801,0.013765355741002187
1895.32235,0.03868501208604214
1895.32235,0.02053338435463266
1896.87669,0.021502577970385035
1896.87669,0.04715811196328021
1898.43103,0.035904291297188896
1898.43103,0.05738832959492897
1899.98537,0.06898402115550042
1899.98537,0.056213679021042726
1901.53971,0.07976177508112749
1901.53971,0.056613482702299704
1903.09404,0.06698050609892704
1903.09404,0.08245061111034886
1904.64838,0.0745943027366543
1904.64838,0.08953416320050255
1906.20272,0.07601772852177835
1906.20272,0.09551854073794931
1907.75706,0.08182040791656889
1907.75706,0.09645599142856973
1909.3114,0.0829720266285805
1909.3114,0.10291212320352516
1910.86574,0.09451459090408025
1910.86574,0.10935864305679474
1912.42008,0.09544845230462123
1912.42008,0.10937855893658521
1913.97442,0.09541607133722059
1913.97442,0.10469524832638905
1915.52875,0.10449791396800938
1915.52875,0.09495670966646381
1917.08309,0.10398044238698753
1917.08309,0.09454674225201849
1918.63743,0.10400019435682858
1918.63743,0.09456654358123945
1920.19177,0.10359009095788646
1920.19177,0.09318819359675835
1921.74611,0.09234410267536663
1923.30045,0.08283056366313109
1923.30045,0.09703331757261066
1924.85479,0.09683447534799235
1924.85479,0.0817210125571418
1926.40913,0.08524240915155545
1927.96346,0.07532754718885058
1927.96346,0.08961731337888884
1929.5178,0.07539896575615408
1929.5178,0.08914802651187245
1931.07214,0.0700548595852372
1931.07214,0.08351507314938564
1932.62648,0.07802956813967898
1932.62648,0.06285339783500969
1934.18082,0.07582163207495672
1934.18082,0.05617065758429183
1935.73516,0.06917821913319126
1935.73516,0.05395587302252715
1937.2895,0.049045779929187024
1937.2895,0.0627953766249569
1938.84384,0.0572581112989629
1938.84384,0.041978909406476944
1940.39818,0.041119157486700406
1940.39818,0.05552771636555402
1941.95251,0.04124839247370976
1941.95251,0.05036023926728124
1943.50685,0.035355726254232396
1943.50685,0.04922296391669529
1945.06119,0.033942711110427466
1946.61553,0.03799815710268649
1948.16987,0.027533923893661973
1948.16987,0.03707773193202884
1949.72421,0.0277757003301649
1949.72421,0.03765293620209276
1951.27855,0.037669410730207506
1951.27855,0.027573068235209826
1952.83289,0.0366267253723853
1952.83289,0.021872245733966865
1954.38722,0.03664592781294458
1954.38722,0.027167174430745924
1955.94156,0.03672650153340067
1955.94156,0.026856217072823683
1957.4959,0.0270971317371578
1959.05024,0.03682323266734341
1960.60458,0.032365609316851465
1962.15892,0.027430858318712344
1962.15892,0.03702842266649277
1963.71326,0.02750450570391077
1963.71326,0.03726890988094142
1965.2676,0.027071157160142648
1965.2676,0.03582531972267598
1966.82193,0.015027164393886842
1966.82193,0.024176524519994642
1968.37627,0.01386346914364085
1968.37627,0.028682573480130872
1969.93061,0.008566946127773232
1969.93061,0.027858399029968083
1971.48495,0.004363894208487898
1971.48495,0.021876475851258893
1973.03929,0.0032169618340558825
1973.03929,0.01571148756793552
1974.59363,0.0016800293001176894
1974.59363,0.004122287519718777
1976.14797,0.00032381574834877827
1976.14797,0.00014391811037723476
1977.70231,0.0
1977.70231,0.0
1979.25664,0.0
1979.25664,0.0
1979.25664,0.0
1980.81098,0.0
1980.81098,0.0
1980.81098,0.0
1982.36532,0.0
1983.91966,0.0
1983.91966,0.0
1985.474,0.0
1985.474,0.0
1985.474,0.0
1987.02834,0.0
1987.02834,0.0
1987.02834,0.0
1988.58268,0.0
1988.58268,0.0
1990.13702,0.0
1991.69136,0.0
1991.69136,0.0
1993.24569,0.0
1993.24569,0.0
1994.80003,0.0
1994.80003,0.0
1996.35437,0.0
1996.35437,0.0
1996.35437,0.0
1997.90871,0.0
1997.90871,0.0
1999.46305,0.0
1999.46305,0.000613499757717736
2001.01739,0.0013803744548649061
2001.01739,0.016064911162700625
2002.57173,0.003769285252824155
2002.57173,0.027862182390013875
2004.12607,0.005892727022880717
2004.12607,0.03556587550018604
2005.6804,0.022876922091202873
2005.6804,0.049602499984191875
2007.23474,0.037137428791211416
2007.23474,0.06732940865325972
2008.78908,0.0444407238164688
2008.78908,0.06461110373848265
2010.34342,0.05613885596288052
2010.34342,0.07671424421535122
2011.89776,0.06448494978801475
2011.89776,0.08472613868496563
2013.4521,0.09044470837553363
2013.4521,0.07220831891722783
2015.00644,0.09583016388025374
2015.00644,0.07780263413801444
2016.56078,0.0977395165785907
2018.11511,0.08975578871285406
2018.11511,0.10500100055108608
2019.66945,0.1050694573897086
2019.66945,0.09563936498212038
2021.22379,0.09522382677091872
2021.22379,0.1049809730882232
2022.77813,0.09625935345252704
2022.77813,0.11066567441299997
2024.33247,0.09718740522723611
2024.33247,0.11078811701091369
2025.88681,0.1052925171779483
2027.44115,0.08548614886019439
2027.44115,0.10332007810638019
2028.99549,0.08421112095098035
2028.99549,0.10263449976001215
2030.54982,0.0790972236112721
2030.54982,0.09729307539718436
2032.10416,0.09096586382577224
2032.10416,0.07062400026895868
2033.6585,0.06945203240224458
2033.6585,0.0787606266856767
2035.21284,0.07877444396082456
2035.21284,0.06838823837429549
2036.76718,0.06737243176921523
2038.32152,0.06260725226395931
2039.87586,0.07211470855093267
2041.4302,0.07207354379323254
2041.4302,0.05713000083790275
2042.98453,0.07034417180983181
2042.98453,0.050420056156985374
2044.53887,0.06406143067520106
2044.53887,0.043896807091678626
2046.09321,0.06082036140037792
2046.09321,0.030237109793352014
2047.64755,0.023591523543743793
2047.64755,0.046255775753291255
2049.20189,0.011356466968879063
2049.20189,0.029958975392273542
2050.75623,0.00925417576059792
2050.75623,0.028476429117805815
2052.31057,0.004021259386126366
2052.31057,0.016702246170423585
2053.86491,0.001987589392785859
2053.86491,0.005280457752405992
2055.41925,0.005067051387488226
2056.97358,0.0014809618007317663
2056.97358,0.010517117673754295
2058.52792,0.001829468114095916
2058.52792,0.010762222506172503
2060.08226,0.0018318321225964647
2060.08226,0.011003114110664446
2061.6366,0.00298036545800792
2061.6366,0.017540142147904322
2063.19094,0.01754359581183898
2063.19094,0.007659946875033042
2064.74528,0.008179153342397851
2064.74528,0.023965948883978138
2066.29962,0.025173664220405654
2066.29962,0.01565928669965158
2067.85396,0.02962940342637293
2067.85396,0.01488203463469746
2069.40829,0.01579124466699893
2069.40829,0.03079994329348416
2070.96263,0.03588940666879224
2072.51697,0.0073308194626430095
2072.51697,0.02980033718554525
2074.07131,0.023740060561591995
2074.07131,0.003436782639841718
2075.62565,0.005301360984145278
2075.62565,0.0004083121088669893
2077.17999,0.00018147204838532855
2077.17999,0.0
2077.17999,0.0
2078.73433,0.0
2078.73433,0.0
2078.73433,0.0
2080.28867,0.0
2080.28867,0.0
2081.843,0.0
2081.843,0.0
2083.39734,0.0
2083.39734,0.0
2084.95168,0.0
2084.95168,0.0
2086.50602,0.0
2088.06036,0.0
2088.06036,0.0
2089.6147,0.0
2089.6147,0.0
2091.16904,0.0
2091.16904,0.0
2092.72338,0.0
2092.72338,0.0001875712486045244
2094.27771,0.0006101032031870496
2094.27771,0.005010218791563623
2095.83205,0.005667518625271676
2095.83205,0.0020648355530421595
2097.38639,0.017086565565967254
2097.38639,0.003915347107587237
2098.94073,0.027586779793542376
2098.94073,0.0037593730103487565
2100.49507,0.009226380105023219
2100.49507,0.02629344409011671
2100.49507,0.04259509763560554
2102.04941,0.03380407250501058
2102.04941,0.019114725542526162
2103.60375,0.0482666398210081
2103.60375,0.031084306665708526
2105.15809,0.043324869205712574
2105.15809,0.06983592871459922
2105.15809,0.06270372361821232
2106.71243,0.07766910336189906
2108.26676,0.05874987250055558
2108.26676,0.07790040697567732
2109.8211,0.0641051812942128
2109.8211,0.07889546861100286
2111.37544,0.07009482899413946
2111.37544,0.07994090810188255
2112.92978,0.07995257862141282
2112.92978,0.07032823405925691
2114.48412,0.07877308076607145
2114.48412,0.06866019760968686
2116.03846,0.06334959107941834
2116.03846,0.07273347127574048
2117.5928,0.06390606627337195
2119.14714,0.07897405281864024
2119.14714,0.06999950308442167
2120.70147,0.0847002988528305
2120.70147,0.06717548807656207
2122.25581,0.09198079479545747
2123.81015,0.09774004913559248
2123.81015,0.07928752209366166
2125.36449,0.09759361102247938
2125.36449,0.07843592648232212
2126.91883,0.09582089621073778
2126.91883,0.07151635120525549
2128.47317,0.06717813254172214
2128.47317,0.09999923880502544
2128.47317,0.08000931489218614
2130.02751,0.0637149815032081
2130.02751,0.04808526277146248
2130.02751,0.0804664652410677
2131.58185,0.06571978246831046
2131.58185,0.03494448760545498
2133.13618,0.06035440119428214
2133.13618,0.025422354656905937
2134.69052,0.028714395716959894
2134.69052,0.0410960998856726
2134.69052,0.0058388944204275
2136.24486,0.018286399704031033
2136.24486,0.002960368720120969
2137.7992,0.01675093469625902
2137.7992,0.0014806713435190732
2139.35354,0.0006580761526751437
2140.90788,0.0
2142.46222,0.0
2144.01656,0.0
2144.01656,0.0008845364093684339
2145.57089,0.0024237361357546824
2145.57089,0.02260683118491015
2145.57089,0.013026146952667414
2147.12523,0.0041651928858860736
2147.12523,0.01624044631139299
2147.12523,0.03863690573475597
2148.67957,0.05912674580001381
2148.67957,0.0177669154372496
2150.23391,0.04504187536917457
2151.78825,0.09436304966845449
2151.78825,0.06273255192149857
2151.78825,0.042961337615930524
2151.78825,0.07331711854319935
2153.34259,0.0784150499247402
2153.34259,0.12153972144589002
2154.89693,0.10853778938997359
2154.89693,0.14947777962076803
2156.45127,0.15674932275066022
2156.45127,0.13502133441947167
2158.0056,0.16716893601036123
2158.0056,0.14172016084070715
2159.55994,0.16402656295915471
2159.55994,0.19899092821193576
2161.11428,0.19245778630924099
2162.66862,0.17440675964091484
2162.66862,0.20679513101353714
2164.22296,0.1814797512337184
2164.22296,0.2154709256057158
2165.7773,0.2112954724789313
2167.33164,0.2046904576703522
2167.33164,0.18512213986224196
2167.33164,0.15673360902824177
2168.88598,0.13042516133381804
2168.88598,0.1606436078683611
2170.44032,0.1438642897159929
2170.44032,0.11310234469629481
2171.99465,0.0973046229801018
2171.99465,0.13908118454026341
2171.99465,0.1202779569824682
2173.54899,0.10345396591858928
2175.10333,0.09379973048219853
2175.10333,0.07645122904751278
2175.10333,0.0601670859227255
2176.65767,0.08172035855124893
2176.65767,0.057073011438118874
2178.21201,0.04568086277518929
2178.21201,0.0676861967210646
2179.76635,0.029430628819469333
2179.76635,0.05760841691034799
2181.32069,0.051736349520177465
2181.32069,0.030805120116452853
2182.87503,0.03253722659630907
2182.87503,0.01658493195975275
2184.42936,0.016421316321319497
2185.9837,0.036516054759113854
2185.9837,0.01822418890749997
2187.53804,0.03865686984483685
2187.53804,0.02975499595422717
2189.09238,0.045284325192043624
2189.09238,0.031428204129323616
2190.64672,0.05071573652822315
2190.64672,0.03654918535832959
2192.20106,0.036781447580209126
2192.20106,0.05166686113458291
2193.7554,0.038550920682015016
2193.7554,0.05932262644875235
2195.30974,0.05152985871466492
2196.86407,0.07739921111312817
2196.86407,0.0604307940638204
2198.41841,0.08970594335852773
2198.41841,0.0763019480668777
2199.97275,0.07257822151519477
2199.97275,0.09167253523766608
2201.52709,0.08717021832486009
2201.52709,0.07762789129993354
2203.08143,0.07704167220327399
2203.08143,0.09115366308468503
2204.63577,0.07206869190903248
2204.63577,0.08535090214160745
2206.19011,0.06600461798975514
2206.19011,0.0794857502122102
2207.74445,0.07398431607653165
2207.74445,0.0589981816123149
2209.29878,0.07182051899933593
2209.29878,0.057323300730184566
2210.85312,0.05733238098282718
2210.85312,0.07139834047070825
2212.40746,0.05805137877307314
2213.9618,0.06404881559803699
2213.9618,0.08002553185847865
2215.51614,0.08155435419528091
2217.07048,0.08603289474611624
2217.07048,0.07150761014647912
2218.62482,0.07156924116200564
2218.62482,0.09147142615934621
2220.17916,0.07974254541119538
2220.17916,0.09986778301233792
2221.7335,0.10491010438830883
2221.7335,0.08682251296644598
2223.28783,0.09645973285402781
2223.28783,0.11171823225492525
2224.84217,0.09893953596270397
2224.84217,0.11824357201697613
2226.39651,0.10119431853806735
2226.39651,0.1257185308379817
2227.95085,0.12986950394646055
2227.95085,0.10586978273633957
2229.50519,0.09998366902843787
2229.50519,0.12161169440122699
2231.05953,0.10175198697285122
2232.61387,0.07698822456871983
2232.61387,0.1037370054480779
2234.16821,0.09296526237788019
2234.16821,0.07576815992613047
2234.16821,0.05851128536423837
2235.72254,0.053276483626413185
2235.72254,0.0767266295081213
2237.27688,0.07110039528583612
2237.27688,0.034345212150797076
2238.83122,0.049150267030022725
2238.83122,0.007879910948599926
2238.83122,0.027574901521858257
2240.38556,0.027755839207864032
2240.38556,0.04135860457865954
2240.38556,0.004441066557586399
2241.9399,0.0015706789397706593
2243.49424,0.0
2243.49424,0.0
2245.04858,0.0007331943855312967
2245.04858,0.005560330152484063
2270.43317,0.036909674168944494
2298.25226,0.13256779443886937
2321.95,0.29500990888177375
2338.43539,0.356837686296864
2344.61741,0.2723670836105607
2355.95111,0.23426769714724371
2355.95111,0.1428669228881516
2378.72171,0.018830090812372777
2378.72171,0.0047904427191266365
2380.27605,1.105926842681699e-05
2380.27605,0.0
2381.83039,0.0
2381.83039,0.0
2383.38473,0.0
2383.38473,0.0
2383.38473,0.0
2384.93907,0.0
2384.93907,0.0
2386.49341,0.0
2386.49341,0.0
2388.04774,0.0
2389.60208,0.0
2389.60208,0.0
2391.15642,0.0
2391.15642,0.0
2392.71076,0.0
2392.71076,0.0
2394.2651,0.0
2395.81944,0.0
2395.81944,0.0
2397.37378,1.3410483560663214e-05
2397.37378,3.0173588011492227e-05
2398.92812,0.0008088582884227966
2400.48246,0.002043297538495897
2400.48246,0.013868901019269108
2402.03679,0.024783121424497935
2402.03679,0.0051524754021686275
2403.59113,0.026162164385107115
2405.14547,0.018334424469108674
2405.14547,0.03943308311779209
2406.69981,0.0406016735055417
2406.69981,0.02700763049751277
2408.25415,0.051955241019515395
2408.25415,0.03851330769372666
2409.80849,0.057138641889250476
2409.80849,0.03264290391038593
2411.36283,0.033087423071110476
2411.36283,0.057029429864644314
2412.91717,0.047707001664553175
2414.4715,0.02790819606931246
2414.4715,0.046008715518034385
2416.02584,0.0397856934811478
2416.02584,0.023738741922566087
2417.58018,0.01268675732351883
2417.58018,0.031630647994442235
2419.13452,0.026400957140450834
2419.13452,0.005225211396373352
2420.68886,0.018300950582603275
2420.68886,0.0020930492425741847
2422.2432,0.001795156364594138
2422.2432,0.01182340914252717
2423.79754,0.001122025666890042
2423.79754,0.0008704708679263617
2425.35188,3.56653876205996e-05
2425.35188,1.5851283386933157e-05
2426.90621,0.0
2426.90621,0.0
2428.46055,0.0
2428.46055,0.0
2430.01489,0.0
2430.01489,0.0
2431.56923,0.0
2431.56923,0.0
2433.12357,0.0
2433.12357,0.0
2434.67791,0.0
2434.67791,0.0
2436.23225,0.0
2436.23225,0.0
2437.78659,0.0
2437.78659,0.0
2439.34092,0.0
2439.34092,0.0
2440.89526,0.0
2440.89526,0.0
2442.4496,0.0
2444.00394,0.0
2444.00394,0.0
2445.55828,0.0
2445.55828,0.0
2447.11262,0.0
2447.11262,0.0
2447.11262,0.0
2448.66696,0.0
2448.66696,0.0
2450.2213,0.0
2450.2213,0.0
2451.77564,0.0
2451.77564,0.0
2453.32997,0.0
2453.32997,0.0
2453.32997,0.0
2454.88431,0.0
2454.88431,0.0
2456.43865,0.0
2456.43865,0.0
2457.99299,0.0
2457.99299,0.0
2459.54733,0.0
2461.10167,0.0
2462.65601,0.0
2464.21035,0.0
2464.21035,0.0
2465.76468,0.0
2465.76468,0.0
2465.76468,0.0
2467.31902,0.0
2467.31902,0.0
2467.31902,0.0
2468.87336,0.0
2468.87336,0.0
2470.4277,0.0
2470.4277,0.0
2471.98204,0.0007120297535893592
2471.98204,0.0016020669455760585
2471.98204,0.017412729934148906
2471.98204,0.0025380483329952297
2473.53638,0.002817987875282494
2473.53638,0.02536033703653482
2475.09072,0.008601499630679982
2475.09072,0.0672288995500985
2476.64506,0.03895259604206368
2476.64506,0.1051278891856499
2478.19939,0.07062048198683224
2478.19939,0.11595132022302172
2479.75373,0.08878899885252257
2479.75373,0.14664663352803115
2481.30807,0.1897641871822032
2481.30807,0.14974045864894628
2482.86241,0.2111305987302825
2482.86241,0.19924757636949703
2482.86241,0.17335049934422592
2484.41675,0.22403363037791743
2484.41675,0.1949554628457096
2485.97109,0.2162715472873195
2485.97109,0.2413195573842495
2487.52543,0.22968456620648042
2487.52543,0.23903882535094687
2487.52543,0.23109683346989057
2487.52543,0.24212186674830818
2489.07977,0.26583437985691105
2489.07977,0.244109859591435
2489.07977,0.24515421083803968
2489.07977,0.26964737852591575
2490.6341,0.27199815434303337
2490.6341,0.27262538925171853
2492.18844,0.27210501835809253
2492.18844,0.26242328998260694
2492.18844,0.27095790729451064
2492.18844,0.2617457311170121
2493.74278,0.2659113400868457
2493.74278,0.26565047650179713
2495.29712,0.2564319202769112
2495.29712,0.2700206955209684
2495.29712,0.2564837717130973
2495.29712,0.27022940972991427
2496.85146,0.2571109470502487
2496.85146,0.27101310213452423
2496.85146,0.270178099137432
2496.85146,0.2550232637521646
2498.4058,0.24850431214570964
2498.4058,0.24803468977657236
2499.96014,0.24923638089462036
2499.96014,0.26393213268519317
2499.96014,0.26435006165433717
2499.96014,0.25059465004433823
2501.51448,0.25877744430534605
2501.51448,0.257680347613774
2501.51448,0.2431825251696132
2501.51448,0.24229452021620215
2503.06881,0.2513721846742017
2503.06881,0.24260932903884966
2503.06881,0.25095347541387814
2503.06881,0.24114432388696216
2504.62315,0.2314255542960649
2504.62315,0.2494884444394823
2504.62315,0.23152956020912402
2504.62315,0.24969775172804107
2506.17749,0.23106014598088506
2506.17749,0.24458731833933176
2506.17749,0.23038031888449542
2506.17749,0.24306890709144127
2507.73183,0.22399670955754827
2507.73183,0.2241541712625936
2507.73183,0.2382689053898312
2507.73183,0.23874078336263008
2509.28617,0.22912691077487632
2509.28617,0.22818461019359884
2510.84051,0.22797598917599116
2510.84051,0.22760835836226453
2512.39485,0.231683770522101
2512.39485,0.21268250440160522
2512.39485,0.2302671795403729
2512.39485,0.2113712873254575
2513.94919,0.22467101339023668
2513.94919,0.2057584024136905
2513.94919,0.223778801133883
2513.94919,0.20507641872625407
2515.50353,0.21865130776344538
2515.50353,0.2046052093405666
2515.50353,0.21760101815787192
2515.50353,0.20313408654379383
2517.05786,0.1986190396466142
2517.05786,0.2123109840411547
2517.05786,0.21188986871229962
2517.05786,0.19662019769682504
2518.6122,0.19068049673929344
2518.6122,0.19099639677640848
2518.6122,0.2062272607592537
2518.6122,0.2070165809847954
2520.16654,0.20622773848254947
2520.16654,0.1914176937027854
2520.16654,0.19099700238798892
2520.16654,0.20443890706197623
2523.27522,0.1948334912729372
2523.27522,0.18510416641717126
2524.82956,0.18920838366625609
2526.3839,0.198770967474751
2526.3839,0.18526261620239
2527.93824,0.1987183527253076
2527.93824,0.18478936917958233
2529.49257,0.19446679315140222
2531.04691,0.19042049752921433
2531.04691,0.20502030377047953
2532.60125,0.19241973436155352
2532.60125,0.20670314068729756
2534.15559,0.21157790627658088
2534.15559,0.19315511012714556
2535.70993,0.2105784303625791
2535.70993,0.1926293650945525
2537.26427,0.2022435177421442
2537.26427,0.21476262749915923
2537.26427,0.19094014238825316
2538.81861,0.17640266559911022
2538.81861,0.2077312678348822
2540.37295,0.19372404493042422
2540.37295,0.1735058146301216
2541.92728,0.18302387784188195
2541.92728,0.15685284320633094
2543.48162,0.13180722048058274
2543.48162,0.16158595814336346
2545.03596,0.14533687343959295
2545.03596,0.10381791448115285
2546.5903,0.11793188020177768
2546.5903,0.07858930467567109
2548.14464,0.1089874345701328
2548.14464,0.0848713061792913
2548.14464,0.04657801112603091
2549.69898,0.013461091832498889
2549.69898,0.06498862309693494
2551.25332,0.039344164612202415
2551.25332,0.006958830332761789
2551.25332,0.0045074537346261505
2552.80766,0.033807458348147156
2552.80766,0.003613216287937694
2552.80766,0.0014271746016355296
2554.36199,2.073338673413304e-05
2554.36199,0.0
2554.36199,0.0
2555.91633,0.0
2557.47067,0.0
2559.02501,0.0
2559.02501,0.0
2560.57935,0.0
2562.13369,0.0
2562.13369,0.0
2563.68803,0.0
2563.68803,2.052293475256351e-05
2565.24237,4.6176603193267896e-05
2565.24237,0.0005223778132217993
2566.79671,9.227510795202654e-05
2566.79671,0.0012347275411043748
2568.35104,0.0019084212271430422
2568.35104,0.018977789991462282
2569.90538,0.011615201735618799
2569.90538,0.029626952828597994
2569.90538,0.046527953414590165
2571.45972,0.05295161883092465
2571.45972,0.03341281273724213
2573.01406,0.05095465845909636
2573.01406,0.02639479826763094
2574.5684,0.03158716615530163
2574.5684,0.05173322082384743
2576.12274,0.038848748500405296
2576.12274,0.053396334749918416
2577.67708,0.04281895903854806
2579.23142,0.041656172708558516
2579.23142,0.025736495045728284
2580.78575,0.03949380623310657
2580.78575,0.024344691820954632
2582.34009,0.03244076721208617
2582.34009,0.016205352655581425
2583.89443,0.005562876410288789
2583.89443,0.02504035219438335
2585.44877,0.019556290461630158
2585.44877,0.002797373574847433
2587.00311,0.0012913869045525833
2587.00311,0.00628979131506949
2588.55745,0.0005786954026480582
2590.11179,0.0016367347998042403
2591.66613,0.0031039578969114827
2593.22046,0.036207686693135156
2593.22046,0.008920676861805983
2594.7748,0.06507406091667307
2594.7748,0.019268103339327845
2596.32914,0.07346976220928467
2596.32914,0.04675365632804198
2597.88348,0.05674434040795584
2597.88348,0.09478427682341493
2599.43782,0.1385872479508126
2599.43782,0.09733606700859135
2600.99216,0.1697311596991001
2600.99216,0.13824128484867768
2600.99216,0.1500624709725393
2600.99216,0.11090498948906992
2602.5465,0.11899439666290756
2602.5465,0.17050085355537412
2604.10084,0.20291771004027956
2604.10084,0.16059951941651082
2605.65517,0.192083076079084
2605.65517,0.23041181561384083
2605.65517,0.2499690573312084
2607.20951,0.25439393620696726
2607.20951,0.23167596742388646
2607.20951,0.19234386483605498
2607.20951,0.20243571878501018
2608.76385,0.2616019589479805
2608.76385,0.2406749828131442
2610.31819,0.2716464171470509
2611.87253,0.2911803219854917
2611.87253,0.2659266329356378
2613.42687,0.2767492403263762
2613.42687,0.3058725307395443
2614.98121,0.3038598285497902
2614.98121,0.29156497895007105
2614.98121,0.3198686332069187
2616.53555,0.3074406402063121
2616.53555,0.32602734706907116
2618.08988,0.29877597643059367
2618.08988,0.32394455002994654
2618.08988,0.3023399463806264
2619.64422,0.26846067386504224
2619.64422,0.27741410725237964
2619.64422,0.3096871349814265
2621.19856,0.30004561529515533
2621.19856,0.2574621335380206
2621.19856,0.278656848075857
2622.7529,0.2862304548879459
2622.7529,0.27021511598818815
2622.7529,0.22878438313662017
2624.30724,0.24574487283965615
2624.30724,0.2009001989513434
2625.86158,0.19743055394492948
2627.41592,0.2067485820034286
2627.41592,0.16723835571411216
2628.97026,0.1559247228794023
2628.97026,0.1811920598377511
2630.5246,0.16600483956876136
2630.5246,0.12616608910920904
2632.07893,0.15984303900583238
2632.07893,0.11577785945638727
2633.63327,0.13095249040961351
2633.63327,0.10015977896116596
2635.18761,0.09376628301935978
2635.18761,0.11570064488988922
2636.74195,0.08304258414995737
2636.74195,0.10073786294737296
2638.29629,0.09939160603296412
2638.29629,0.07445529744678131
2639.85063,0.0855090295177328
2639.85063,0.06480255765141517
2641.40497,0.054385037520294124
2641.40497,0.07805485429642081
2642.95931,0.06011642285153357
2642.95931,0.0796860249655818
2644.51364,0.06523165617209642
2644.51364,0.07810205185516336
2644.51364,0.0533961551924023
2646.06798,0.05317502670412293
2646.06798,0.07739097573345687
2647.62232,0.06048584223605101
2647.62232,0.07611903892653347
2647.62232,0.08696092837658802
2649.17666,0.07839029967295712
2649.17666,0.09254555432618
2649.17666,0.07024473879013748
2650.731,0.09957234144980068
2652.28534,0.10551749755289962
2652.28534,0.08279349197659804
2653.83968,0.10929867209592808
2653.83968,0.08516737163169423
2655.39402,0.0757090871826641
2655.39402,0.1040610777295918
2655.39402,0.09039347031993504
2656.94835,0.0937713249131722
2656.94835,0.07339314077270684
2658.50269,0.07685224262320794
2658.50269,0.08438342097095136
2658.50269,0.05898800123531838
2660.05703,0.051946250481789566
2661.61137,0.060887548615134145
2661.61137,0.04721473385752294
2663.16571,0.0760878843532502
2663.16571,0.047700373762007905
2663.16571,0.06750242939316133
2664.72005,0.0555643354822083
2664.72005,0.09125156891330383
2666.27439,0.09228344715129168
2666.27439,0.07401455856145304
2667.82873,0.07909585361196043
2667.82873,0.09996708922314933
2669.38306,0.09852725246374687
2669.38306,0.11490688531018022
2670.9374,0.1202377547467922
2672.49174,0.11468439233573971
2672.49174,0.09932547110081552
2674.04608,0.097817191068955
2674.04608,0.11086549980349207
2675.60042,0.08181923361796559
2675.60042,0.09956802970817906
2677.15476,0.08020311421169295
2677.15476,0.0982725662876276
2678.7091,0.07760532796740868
2680.26344,0.07570746597446429
2680.26344,0.05969892138663445
2681.81778,0.07337183195965899
2681.81778,0.058822538123098844
2683.37211,0.07243987767972239
2683.37211,0.05226385690245255
2684.92645,0.06016595375358786
2684.92645,0.04486216889980365
2686.48079,0.04507705036657554
2686.48079,0.059340583130430044
2688.03513,0.05399305619623914
2688.03513,0.038017940038579855
2689.58947,0.036970227765338065
2691.14381,0.03844357775671329
2691.14381,0.056484102011793685
2691.14381,0.07359853038125849
2692.69815,0.08466123112944841
2692.69815,0.0564664156584066
2694.25249,0.0841144971846258
2694.25249,0.06611983102835962
2695.80682,0.07235540483858584
2695.80682,0.09750738194196888
2697.36116,0.08126840524465534
2697.36116,0.1056116523384214
2698.9155,0.10154404322159737
2698.9155,0.0881134877738426
2700.46984,0.11191511770076122
2700.46984,0.09918472565043979
2702.02418,0.11470121067085888
2703.57852,0.11192117294936599
2703.57852,0.12738634019743203
2705.13286,0.13253935065580943
2705.13286,0.11335698864973237
2706.6872,0.12539764838725215
2706.6872,0.10591686108921654
2708.24153,0.1050519057380184
2708.24153,0.12281564679108113
2708.24153,0.08892754082402572
2709.79587,0.10906841611814004
2709.79587,0.07413177757804261
2711.35021,0.06924482707601833
2711.35021,0.10253925884300254
2711.35021,0.08816221450587264
2712.90455,0.07999746978244135
2712.90455,0.04775256735461581
2714.45889,0.046339458973787974
2714.45889,0.06460997152497618
2716.01323,0.05849691399201182
2716.01323,0.027655701551768504
2717.56757,0.030308969392208552
2717.56757,0.04409763653275952
2717.56757,0.019232516365712358
2719.12191,0.036867351627504305
2719.12191,0.006031037538358536
2719.12191,0.020133531971611586
2720.67624,0.019225389236405124
2720.67624,0.00335075165532264
2722.23058,0.0123354812139534
2722.23058,0.0010928560325374926
2723.78492,0.0006670771140399987
2725.33926,0.00018649414913428833
2725.33926,2.911870729300419e-05
2726.8936,2.1034593415992335e-05
2730.00228,0.00015894571741190247
2731.55662,0.00027192537056214603
2731.55662,0.0007030242786149381
2733.11095,0.005988548749751472
2733.11095,0.0010294972662600284
2734.66529,0.0013102640742396457
2734.66529,0.0122853195037946
2736.21963,0.0026453666151969226
2736.21963,0.01784055668917819
2737.77397,0.003168326189343324
2739.32831,0.009440835702033438
2739.32831,0.025849998903143438
2740.88265,0.02291628428112997
2742.43699,0.0339442445671106
2743.99133,0.0298348151060019
2743.99133,0.04006892971387699
2745.54567,0.03099249544980048
2745.54567,0.04150059904508416
2747.1,0.04254346118127125
2748.65434,0.04835987851172181
2750.20868,0.048847911102632806
2751.76302,0.04927998623755631
2753.31736,0.04932703976695699
2754.8717,0.0541290186147857
2754.8717,0.04487116678811989
2756.42604,0.05461384298534863
2757.98038,0.0539993992787403
2759.53471,0.04824478140789457
2761.08905,0.032350248132943585
2761.08905,0.04603203872782544
2762.64339,0.031903531372641424
2762.64339,0.04590872642855008
2764.19773,0.04001355102050392
2764.19773,0.019392194723009765
2765.75207,0.031904962869884944
2765.75207,0.020962114518637803
2767.30641,0.004774293454081278
2767.30641,0.023640845322352548
2768.86075,0.003121776771727712
2770.41509,0.012372284541687002
2770.41509,0.0010537540324476672
2771.96942,0.0004683351255322966
2771.96942,0.0
2773.52376,0.0
2775.0781,0.0
2775.0781,0.0
2775.0781,0.0
2776.63244,0.0
2776.63244,0.0
2778.18678,0.0
2778.18678,0.0
2779.74112,0.0
2779.74112,0.0
2781.29546,0.0
2781.29546,0.0
2782.8498,0.0
2782.8498,0.0
2782.8498,0.0
2784.40413,0.0
2784.40413,0.0
2785.95847,0.0
2785.95847,0.0
2787.51281,0.0
2787.51281,0.0
2789.06715,0.0
2790.62149,0.0
2790.62149,0.0
2792.17583,0.0
2792.17583,0.0
2793.73017,0.0
2795.28451,0.00046375380925458854
2795.28451,0.001043446070822824
2796.83885,0.011341126962427589
2796.83885,0.0028399282843667223
2796.83885,0.004505838789728358
2798.39318,0.044846935826211506
2798.39318,0.006098262203819426
2798.39318,0.024144898292993124
2798.39318,0.003633286316571859
2799.94752,0.00515185806098706
2799.94752,0.043000663442374715
2799.94752,0.027581829318929402
2801.50186,0.07736555067106342
2801.50186,0.03149671458813506
2801.50186,0.06761596409077582
2803.0562,0.07413134100663168
2803.0562,0.08945077907283998
2803.0562,0.05527313687291321
2804.61054,0.07364974560088883
2804.61054,0.06083662306461772
2804.61054,0.0909068002345781
2806.16488,0.08687885915537849
2806.16488,0.07235954865808798
2807.71922,0.08073150144226725
2807.71922,0.07056476296178023
2809.27356,0.07930980682397913
2809.27356,0.059627735176407286
2810.82789,0.07242797194918257
2810.82789,0.061577769036231966
2812.38223,0.04576823107478315
2812.38223,0.0588326970667343
2813.93657,0.03881332363662524
2813.93657,0.057103238144594774
2815.49091,0.02805976476300454
2815.49091,0.051414987592730096
2817.04525,0.04447750743110375
2817.04525,0.018231392185970724
2818.59959,0.010773698377489531
2818.59959,0.02958211846925113
2820.15393,0.0048248218340403316
2820.15393,0.024066463983052084
2821.70827,0.0038177910729883004
2821.70827,0.01818506391193185
2823.2626,0.00713558607937581
2823.2626,0.0011999995805715624
2824.81694,0.00022872623084982998
2824.81694,0.0
2826.37128,0.0
2826.37128,0.0
2827.92562,0.0
2827.92562,0.0
2829.47996,0.0
2829.47996,0.0
2831.0343,0.0
2832.58864,0.00022644626849544882
2832.58864,0.0005095041041147598
2834.14298,0.005993878420630725
2834.14298,0.0015357774087339157
2835.69731,0.01160670298628095
2835.69731,0.0015342762721226061
2837.25165,0.0066594435003122085
2838.80599,0.0020422347818166617
2838.80599,0.01735634864742453
2840.36033,0.0027830483156193716
2840.36033,0.012317929378759956
2841.91467,0.006520697576779077
2841.91467,0.0009608556081128723
2843.46901,0.0002247651980179205
2843.46901,0.0
2845.02335,0.0
2845.02335,0.0
2846.57769,0.0
2846.57769,0.0
2846.57769,0.0
2848.13202,0.0
2848.13202,0.0002230403179130097
2848.13202,0.0005018407153042718
2849.68636,0.005454464228029686
2849.68636,0.001181059131772716
2849.68636,0.0017512817549670088
2851.2407,0.016610326735146765
2851.2407,0.003094984957193668
2852.79504,0.006208273532428165
2852.79504,0.042823540824007335
2854.34938,0.053655413756746595
2854.34938,0.009731983565290116
2854.34938,0.034705735916967975
2855.90372,0.0390979854187333
2855.90372,0.07751866705857276
2857.45806,0.09036016764454731
2857.45806,0.06801362127671187
2859.0124,0.09653087783844141
2859.0124,0.06945126387587983
2860.56674,0.10846836738980702
2860.56674,0.08713208546836541
2862.12107,0.10865459113641192
2863.67541,0.12045011055773683
2865.22975,0.1279080811616741
2866.78409,0.1299770523612847
2866.78409,0.14022885297642065
2868.33843,0.14467101226068851
2868.33843,0.12607540721345645
2869.89277,0.13064444872777722
2869.89277,0.1502190073349553
2871.44711,0.13392856123224706
2871.44711,0.1579958176494398
2873.00145,0.1582531472508645
2873.00145,0.13848595031538327
2874.55578,0.15007708547058798
2874.55578,0.11491748209754095
2876.11012,0.1395272607547003
2876.11012,0.08921400554060097
2876.11012,0.10553614094448067
2877.66446,0.0753918846840888
2877.66446,0.11189648149394822
2879.2188,0.06221196616950695
2879.2188,0.08744365606205452
2880.77314,0.032457041407719364
2880.77314,0.07239138346178317
2882.32748,0.039403277405008603
2882.32748,0.0056641094631260675
2883.88182,0.0020113683789037833
2885.43616,0.001510516365100856
2885.43616,0.0164176744294265
2886.99049,0.001510516365100856
2886.99049,0.0006713406067114916
2886.99049,0.0
2888.54483,0.0
2888.54483,0.0
2888.54483,0.0
2890.09917,0.0
2890.09917,0.0
2891.65351,0.0
2891.65351,0.0
2893.20785,0.0
2894.76219,0.0
2896.31653,0.0
2896.31653,0.0
2897.87087,0.0
2897.87087,0.0
2899.4252,0.0
2899.4252,0.0
2900.97954,0.0
2900.97954,0.0
2902.53388,0.0
2902.53388,0.0
2904.08822,0.0
2904.08822,0.0
2904.08822,0.0
2905.64256,0.00020891112123922555
2907.1969,0.0013602240501516282
2907.1969,0.008001601854050763
2907.1969,0.024241305677302975
2908.75124,0.025744228767559243
2908.75124,0.007319650374952292
2908.75124,0.04830579171963752
2910.30558,0.02383535855318614
2910.30558,0.08421932721643001
2910.30558,0.06678803623675875
2910.30558,0.04938995445561592
2911.85992,0.07648290081508836
2911.85992,0.09902908429036097
2911.85992,0.12920994659807855
2911.85992,0.06329334091399974
2913.41425,0.12047354767183649
2913.41425,0.08633910141750081
2914.96859,0.1596919513283407
2914.96859,0.11705014264781316
2916.52293,0.1446794186793938
2918.07727,0.1804945829011102
2919.63161,0.17967246668198655
2921.18595,0.17582026470907963
2921.18595,0.18445206326717922
2922.74029,0.16979084473582237
2924.29463,0.17805371738950215
2924.29463,0.15766860698840657
2925.84896,0.17150006797492373
2925.84896,0.12428714472073099
2927.4033,0.09779930790024309
2927.4033,0.11522072489560357
2927.4033,0.14444421278432257
2928.95764,0.09679227865093619
2928.95764,0.13495032940315646
2930.51198,0.05508787780240593
2930.51198,0.10222419440988802
2932.06632,0.031190968591725637
2932.06632,0.060040181818829044
2933.62066,0.017950569482063333
2933.62066,0.0071497477058968095
2933.62066,0.044735858466475424
2935.175,0.006892862557167199
2935.175,0.029768895550408434
2936.72934,0.013034036707502066
2936.72934,0.002075754067025315
2938.28367,0.0004312782998243208
2939.83801,0.0
2941.39235,0.0
2941.39235,0.0
2942.94669,0.0
2942.94669,0.0
2944.50103,0.0
2944.50103,0.0
2946.05537,0.00019707614328276052
2947.60971,0.00044342132238621115
2949.16405,0.004819508794607801
2949.16405,0.0008706891580691424
2950.71838,0.0018120132874566222
2950.71838,0.011919425466915226
2952.27272,0.017822318678202397
2952.27272,0.0038722483200416815
2953.82706,0.023434360037767082
2953.82706,0.005141928968847966
2955.3814,0.035382438727413645
2955.3814,0.012358487521667877
2956.93574,0.04824682206652748
2956.93574,0.025432171520579975
2958.49008,0.05466909321359919
2958.49008,0.030978381800080147
2960.04442,0.0365790600482358
2960.04442,0.056653914511772006
2961.59876,0.044016582094513444
2961.59876,0.057901937941329494
2963.15309,0.05176621500982373
2964.70743,0.026162932536479146
2964.70743,0.043234349167859634
2966.26177,0.027751012045778664
2966.26177,0.017453887655513953
2967.81611,0.03681977556024801
2967.81611,0.02287008234245432
2969.37045,0.03775992836079226
2969.37045,0.022855647761473617
2970.92479,0.036339993644188606
2970.92479,0.016614078214188605
2972.47913,0.017375280236175444
2972.47913,0.0477959659377375
2974.03347,0.031113433314668777
2974.03347,0.04680763619808805
2975.58781,0.05722917856220486
2975.58781,0.0387453632590442
2977.14214,0.0615506198012751
2977.14214,0.03740800994819419
2978.69648,0.038056420952405835
2978.69648,0.06123690647075028
2980.25082,0.05040850751412484
2980.25082,0.013176060099131224
2981.80516,0.029746475309185675
2981.80516,0.004598899978655792
2983.3595,0.022522562157432327
2983.3595,0.00237306732799629
2984.91384,0.005416712277585974
2984.91384,0.00041844000989533375
2986.46818,0.00018597333773125944
2986.46818,0.0
2988.02252,0.0
2988.02252,0.0
2989.57685,0.0
2989.57685,0.0
2991.13119,0.0
2992.68553,0.0
2994.23987,0.0
2995.79421,0.0
2995.79421,0.0
2997.34855,0.0
2997.34855,0.0
2998.90289,0.0
2998.90289,0.0
3000.45723,0.0
3000.45723,0.0
3002.01156,0.0
3003.5659,0.0
3003.5659,0.0
3005.12024,0.00040983291534422067
3005.12024,0.0009221240595244965
3006.67458,0.010883336357405024
3006.67458,0.0028590321937019885
3008.22892,0.0214619233668838
3008.22892,0.003461669928668099
3008.22892,0.004291562097238307
3009.78326,0.03792343061392453
3009.78326,0.006384379604029152
3011.3376,0.022451966718550886
3011.3376,0.04420092159099315
3012.89194,0.0568653796944774
3012.89194,0.03909435345718472
3014.44627,0.06766250745637914
3014.44627,0.044000429213958116
3014.44627,0.054473854141262906
3016.00061,0.055880756049404415
3016.00061,0.07726418515813654
3017.55495,0.06963322646037057
3017.55495,0.08508569514814687
3019.10929,0.0763339646756135
3019.10929,0.09082874640998435
3020.66363,0.0761006639007056
3020.66363,0.08478076884356218
3022.21797,0.06561699861120729
3022.21797,0.08482042913641857
3023.77231,0.07995756760446973
3025.32665,0.07929420779670142
3025.32665,0.06347080607918842
3026.88099,0.07202631029949746
3026.88099,0.057240893439718055
3028.43532,0.07501463834579312
3028.43532,0.05076835291889043
3029.98966,0.05162454248098539
3029.98966,0.07630037807373583
3031.544,0.07851130608293605
3031.544,0.06070683277362034
3033.09834,0.09960527747509028
3033.09834,0.06871637279154444
3034.65268,0.11330205359038274
3034.65268,0.08763328346483466
3036.20702,0.12797635131447
3036.20702,0.11124531624458872
3036.20702,0.14052678157156512
3037.76136,0.11342519459083332
3037.76136,0.13829914939884652
3039.3157,0.13547744896855837
3039.3157,0.15604430995556984
3040.87003,0.1431662308801314
3040.87003,0.15783398914164615
3042.42437,0.14903697567546528
3042.42437,0.16347373589645595
3043.97871,0.1501341202508098
3043.97871,0.16504670779861338
3045.53305,0.1616552256739188
3045.53305,0.1770094153752446
3047.08739,0.16845497403322834
3047.08739,0.18278669319399607
3048.64173,0.1648452821435197
3048.64173,0.18882244069703658
3050.19607,0.1761255858252637
3050.19607,0.19580411353528607
3051.75041,0.18285621118861656
3051.75041,0.20230286893744012
3053.30474,0.18978894940123858
3053.30474,0.2089007625283014
3054.85908,0.2040619483651095
3056.41342,0.19475343788655494
3057.96776,0.19458053840927406
3057.96776,0.2088531197369592
3059.5221,0.1998165737019003
3061.07644,0.2029987736540321
3061.07644,0.18796858546334866
3062.63078,0.18389980548352708
3062.63078,0.2030814301713823
3064.18512,0.2136576043302425
3064.18512,0.18661291768414087
3065.73945,0.21924090966902263
3065.73945,0.19322054993240073
3067.29379,0.23705620861919224
3067.29379,0.2084804959307867
3068.84813,0.260675920270494
3068.84813,0.24333113399660686
3068.84813,0.22712804689469696
3070.40247,0.25724661170360064
3070.40247,0.2827918577050904
3071.95681,0.27987766644501566
3071.95681,0.24851909587928192
3073.51115,0.2885261691508592
3075.06549,0.278644254468422
3075.06549,0.24572487571459237
3076.61983,0.2611951120825962
3078.17416,0.2583562078813135
3078.17416,0.2288102857209406
3079.7285,0.21685804510210968
3079.7285,0.24267351425967054
3081.28284,0.20556446238130457
3081.28284,0.22766948413949326
3082.83718,0.2080167118123562
3082.83718,0.2234982575466571
3082.83718,0.18308968832217587
3084.39152,0.17185066678083843
3084.39152,0.18571367984538517
3084.39152,0.2001603155194864
3085.94586,0.19037632016233844
3085.94586,0.1652848629249556
3087.5002,0.18145777459685655
3087.5002,0.16082740438675736
3089.05454,0.16142426170009763
3089.05454,0.12736136212164967
3090.60888,0.10914544283727788
3090.60888,0.08349596195743376
3090.60888,0.13991755403080539
3092.16321,0.08814859739880516
3092.16321,0.12790416708292623
3093.71755,0.05301951122149893
3093.71755,0.10599851065438821
3095.27189,0.02615909471101298
3095.27189,0.08008165095246782
3096.82623,0.01572760377214983
3096.82623,0.04213221884917265
3096.82623,0.06272155368666844
3096.82623,0.07644968819765893
3096.82623,0.030224193108356133
3098.38057,0.008855291198956347
3098.38057,0.04071463823392073
3098.38057,0.027129827109609626
3099.93491,0.04342433102413211
3099.93491,0.015113865868813225
3099.93491,0.08347870578627349
3101.48925,0.02031831740502043
3101.48925,0.07339050068129953
3101.48925,0.11271258157025231
3101.48925,0.0844977478161942
3101.48925,0.04647379647618267
3103.04359,0.07430324042096113
3103.04359,0.15834512030911604
3104.59792,0.13828484035749
3104.59792,0.21032778860836815
3106.15226,0.23225441314520412
3106.15226,0.18302890481677092
3106.15226,0.21470862243976435
3107.7066,0.19979598116547798
3107.7066,0.24544675947193548
3109.26094,0.25795563891393286
3109.26094,0.23740949318489482
3110.81528,0.2653454920968587
3110.81528,0.2534197312519242
3112.36962,0.26924195513177257
3113.92396,0.2745318281070573
3115.4783,0.2785670462667978
3115.4783,0.2550361729026618
3117.03263,0.25819753199187984
3117.03263,0.2748900031834909
3118.58697,0.23834667056701195
3118.58697,0.25097797347637324
3118.58697,0.26841635613978926
3120.14131,0.23111245656408022
3120.14131,0.25178189829211534
3121.69565,0.22193658461191293
3121.69565,0.23834131443982426
3123.24999,0.19888314808579374
3123.24999,0.2283660085472655
3124.80433,0.17420982216188918
3124.80433,0.20799326677745322
3124.80433,0.14289327566617377
3126.35867,0.20650110300344243
3126.35867,0.18362514406552927
3126.35867,0.13741690419950742
3127.91301,0.0951628334044876
3127.91301,0.1619694740649058
3127.91301,0.10863358942937044
3129.46734,0.0930491993270785
3129.46734,0.07389862916790288
3129.46734,0.03961116045687297
3129.46734,0.11323378849575581
3131.02168,0.05521644898142415
3131.02168,0.025291210208313254
3131.02168,0.06765680653080844
3131.02168,0.08104593342442157
3132.57602,0.03168676547975817
3132.57602,0.013439931913424701
3132.57602,0.06021176088422946
3134.13036,0.011782031464611613
3134.13036,0.034837020512357646
3135.6847,0.01503207077255509
3137.23904,0.021576982471046058
3138.79338,0.05227976778004191
3138.79338,0.030333094612648766
3140.34772,0.055322505245082025
3140.34772,0.04163564859553004
3141.90206,0.05658106798371343
3141.90206,0.047179675332175895
3143.45639,0.05198264521519389
3145.01073,0.05196415609880812
3146.56507,0.04712432741267317
3146.56507,0.05651900513911542
3148.11941,0.04264244741352667
3148.11941,0.05726556517572274
3149.67375,0.05708604824796406
3149.67375,0.04746432094964232
3151.22809,0.04744720727087804
3151.22809,0.057283746603099844
3152.78243,0.05770487437387958
3152.78243,0.047971948388227714
3154.33677,0.05713713059100023
3154.33677,0.0475136316623841
3155.8911,0.0571170661500626
3155.8911,0.04836617607548631
3157.44544,0.058841912972708285
3158.99978,0.0694131948695764
3158.99978,0.056143800239484114
3160.55412,0.0755640094368097
3160.55412,0.06195807278792762
3162.10846,0.07695902293649484
3162.10846,0.06797215272489651
3163.6628,0.08228125201255976
3163.6628,0.06876313010458261
3165.21714,0.07518924558732286
3165.21714,0.09527824461790493
3166.77148,0.09569497139312508
3166.77148,0.07700208284410287
3168.32581,0.08168504906700216
3168.32581,0.10605660714357817
3169.88015,0.08494782539982162
3169.88015,0.10632726174821931
3169.88015,0.12229235775934225
3171.43449,0.12888411479162368
3171.43449,0.1059268847698403
3172.98883,0.13889303775396042
3172.98883,0.11216405631793899
3174.54317,0.1461491276079346
3174.54317,0.12421219294890845
3176.09751,0.15366217040077076
3176.09751,0.13622374275650295
3177.65185,0.1606838206020306
3177.65185,0.14300195151825848
3179.20619,0.16742791807269986
3179.20619,0.15003230746739155
3180.76052,0.17826945139446532
3180.76052,0.15599855057972856
3182.31486,0.16623968410497933
3182.31486,0.18131642725219255
3183.8692,0.17382374833015743
3183.8692,0.18867146934566215
3185.42354,0.18013008989744173
3185.42354,0.194487834124827
3186.97788,0.18100593354772354
3186.97788,0.19536338686124527
3188.53222,0.18725198993633613
3188.53222,0.20175305128034565
3190.08656,0.20215622975139377
3190.08656,0.18859681534026168
3191.6409,0.20675058860838286
3191.6409,0.1939408508783933
3193.19523,0.203955092555576
3194.74957,0.21332050035330014
3194.74957,0.20036515284126127
3196.30391,0.2052818658017009
3196.30391,0.21974146137600664
3197.85825,0.2067320089324253
3197.85825,0.22056130958276812
3199.41259,0.20734137923870408
3199.41259,0.22195758325801154
3200.96693,0.2227259525139657
3202.52127,0.22333593491695536
3204.07561,0.2226851342882428
3205.62995,0.2218774508528018
3207.18428,0.20723802198745023
3207.18428,0.22043681371201926
3208.73862,0.20679656632983853
3208.73862,0.22067835664791496
3210.29296,0.21228148820311396
3211.8473,0.21870833457295596
3211.8473,0.23398025830591127
3213.40164,0.2401292012496077
3213.40164,0.2271151059855858
3214.95598,0.2457981582726169
3214.95598,0.23295186321917924
3216.51032,0.2514119508137094
3216.51032,0.23815758730951275
3218.06466,0.23944615028025196
3218.06466,0.2590549992930873
3219.61899,0.26023801523517637
3221.17333,0.25610432295575347
3222.72767,0.25128763405870524
3222.72767,0.2651408525104987
3224.28201,0.25220490385400307
3224.28201,0.2662676579792881
3225.83635,0.2608834232252134
3227.39069,0.2590879632070515
3227.39069,0.23340868545020346
3227.39069,0.24087365804356922
3228.94503,0.22208472099412607
3228.94503,0.2541952061631374
3230.49937,0.22169395537616982
3230.49937,0.24301054157469068
3232.0537,0.20904264458917324
3232.0537,0.22479882133607948
3233.60804,0.20450755724137754
3233.60804,0.19000148653265445
3233.60804,0.21670740242555783
3235.16238,0.19749798658451642
3236.71672,0.1947390452141886
3236.71672,0.17278132033110785
3238.27106,0.16632335163014544
3239.8254,0.166410101197514
3239.8254,0.1810636428528531
3241.37974,0.1818895777515132
3241.37974,0.1678614700319391
3242.93408,0.18533293176045412
3242.93408,0.16302830406239072
3244.48841,0.17720550777755553
3244.48841,0.1962879667696081
3244.48841,0.1605047495533987
3246.04275,0.20366806097840162
3246.04275,0.17932229714122067
3247.59709,0.2373072703762255
3247.59709,0.20324797516654924
3249.15143,0.22938109415216715
3250.70577,0.23631712997682966
3250.70577,0.2657706230255764
3250.70577,0.23129357674942516
3252.26011,0.2560795188615986
3252.26011,0.2814728905092411
3253.81445,0.27054961052509424
3253.81445,0.28494828690888724
3255.36879,0.2762523054802606
3255.36879,0.2858633243352612
3256.92313,0.2813240679672963
3258.47746,0.28540688554117083
3258.47746,0.2758922696891744
3260.0318,0.2758731570455729
3260.0318,0.28475475987361204
3261.58614,0.28026713800647846
3263.14048,0.2711986804078137
3263.14048,0.2844498638841901
3264.69482,0.2791815620964174
3264.69482,0.2692962092184012
3266.24916,0.2644353500907324
3266.24916,0.278217751842959
3267.8035,0.2779897759506309
3267.8035,0.2639399366602818
3269.35784,0.2632950090923202
3269.35784,0.27718190821347827
3270.91217,0.2646804877864746
3270.91217,0.27856906991921226
3270.91217,0.2785676024710982
3270.91217,0.26488437946297105
3272.46651,0.2778186673795981
3272.46651,0.26882097230687557
3272.46651,0.2690281631594219
3272.46651,0.2778664940492864
3274.02085,0.26859085897968504
3274.02085,0.26869154424652625
3275.57519,0.269037245951911
3275.57519,0.28354123281882415
3275.57519,0.2706491121018517
3275.57519,0.28504838702539853
3277.12953,0.2774973041134976
3277.12953,0.2967126115499873
3277.12953,0.2965029077151174
3277.12953,0.2774408738128343
3278.68387,0.2818923244987009
3278.68387,0.28433329781891364
3278.68387,0.31462783238354936
3278.68387,0.31649831976217857
3280.23821,0.3075721675732221
3280.23821,0.3074645234792078
3281.79255,0.30951904424731097
3281.79255,0.33059086587438236
3281.79255,0.3454214825999804
3281.79255,0.3320412998215335
3281.79255,0.3146457790881366
3281.79255,0.34733250836275786
3283.34688,0.3583107341398276
3283.34688,0.3318682797665433
3283.34688,0.3583081738259565
3283.34688,0.33124392237616435
3284.90122,0.3577200436814249
3284.90122,0.33500030514489515
3284.90122,0.3356203793775299
3284.90122,0.3584932073013885
3286.45556,0.3464555798757074
3286.45556,0.34795357511594005
3286.45556,0.3675592955547033
3286.45556,0.3694186840756541
3288.0099,0.3696066992561012
3288.0099,0.3686214937289178
3289.56424,0.3539527482644522
3289.56424,0.36215252031790723
3289.56424,0.35307133435439575
3289.56424,0.3619937945354036
3291.11858,0.35676211456300166
3292.67292,0.35116416586435983
3294.22726,0.3460289739144808
3295.78159,0.34673105930073816
3295.78159,0.36107445794118076
3297.33593,0.3616750489596899
3297.33593,0.34809974404423366
3298.89027,0.3611341782171993
3298.89027,0.35246214472893495
3301.99895,0.35701554196412194
3303.55329,0.36132459962318453
3303.55329,0.3475921424848873
3305.10763,0.36016150858722434
3305.10763,0.3455506984915318
3306.66197,0.34387343771631596
3308.2163,0.33723502883609124
3308.2163,0.3274566562740504
3309.77064,0.32733229268532577
3309.77064,0.34531137862514244
3311.32498,0.32772076556929214
3312.87932,0.32790671287184203
3312.87932,0.34655952043211985
3314.43366,0.334401887916169
3314.43366,0.3491763326236629
3315.988,0.3452333620308478
3315.988,0.35926831905077106
3315.988,0.33685638726017464
3317.54234,0.3592461092039997
3317.54234,0.3468594998482555
3319.09668,0.3542759188448633
3319.09668,0.3790725053621076
3320.65102,0.3899170176225634
3320.65102,0.36307692061757463
3322.20535,0.38572678289582996
3322.20535,0.370736309695095
3322.20535,0.4099521386570046
3323.75969,0.42030932885253774
3323.75969,0.39456527829660454
3325.31403,0.39963755274131657
3325.31403,0.43306771617932366
3326.86837,0.41863798301995775
3326.86837,0.43824149840189686
3326.86837,0.44823466022921
3328.42271,0.42657573886501504
3328.42271,0.4533345706486587
3329.97705,0.4313768901224644
3329.97705,0.4496774183617481
3331.53139,0.4400711607600598
3333.08573,0.4437381094506825
3333.08573,0.4240328709204403
3334.64006,0.43554925478068574
3336.1944,0.41000686443303136
3337.74874,0.4154180273391344
3337.74874,0.37209083562348244
3339.30308,0.3961620418945866
3339.30308,0.3819062264375547
3339.30308,0.3584930303704561
3339.30308,0.40614770858864113
3340.85742,0.3376420224931723
3340.85742,0.3785972183458213
3342.41176,0.3424756080778869
3342.41176,0.30229514290152004
3343.9661,0.32972052593708034
3343.9661,0.2915337299376139
3345.52044,0.3076415978787255
3345.52044,0.28460077423032587
3347.07477,0.2954349270951766
3347.07477,0.3246039289336831
3347.07477,0.3136903262577407
3348.62911,0.3187467524143902
3348.62911,0.33203575650004813
3348.62911,0.30469655500401593
3350.18345,0.3276686423146623
3350.18345,0.3109441417269826
3351.73779,0.34826279420813905
3351.73779,0.32169917077384286
3351.73779,0.33194304546594977
3353.29213,0.3348190809370625
3353.29213,0.36548722828849356
3354.84647,0.3764468598285404
3354.84647,0.3557219530571601
3356.40081,0.3675647873556679
3356.40081,0.40246820387075477
3357.95515,0.41504516387039564
3357.95515,0.3892350358946741
3359.50948,0.42405162390501233
3359.50948,0.3890540055225401
3361.06382,0.4034899275022576
3361.06382,0.4359286112837401
3362.61816,0.3965217918671109
3362.61816,0.4318043206128739
3364.1725,0.3963952163921754
3364.1725,0.42747327041866945
3365.72684,0.4209293763228411
3365.72684,0.38339368471109575
3365.72684,0.3938892358290233
3367.28118,0.39956274177039247
3367.28118,0.3608309148536933
3368.83552,0.348055528058705
3370.38986,0.3665915081381498
3370.38986,0.32604242842666115
3371.9442,0.3133312788602132
3371.9442,0.29070499963770907
3371.9442,0.34631007125180985
3373.49853,0.3419558752175858
3373.49853,0.2928039875825928
3375.05287,0.30454620580229613
3375.05287,0.2490495011377636
3376.60721,0.2756216520866259
3376.60721,0.2181742379054971
3378.16155,0.2347474004411482
3378.16155,0.2555993596481105
3378.16155,0.21023655157538898
3379.71589,0.22311090923622184
3379.71589,0.251044588187949
3379.71589,0.21582368053429068
3381.27023,0.25159754872684054
3381.27023,0.2203083015772071
3382.82457,0.2353561272924303
3382.82457,0.25976336915394027
3384.37891,0.23935732258898537
3384.37891,0.2683403323756656
3385.93324,0.25629393645862225
3385.93324,0.2805942759522198
3387.48758,0.2635661388277931
3387.48758,0.2830696283528842
3389.04192,0.2799313933542312
3390.59626,0.2906619470581866
3392.1506,0.2912085878256725
3393.70494,0.2959062445620846
3393.70494,0.2810454657161149
3395.25928,0.29306234721503815
3396.81362,0.2607473590213589
3396.81362,0.28695619627255964
3398.36795,0.28101023437313893
3398.36795,0.2527944098478025
3398.36795,0.2643061792468271
3399.92229,0.2675581629997148
3399.92229,0.2388259656623551
3401.47663,0.2549210644154472
3401.47663,0.2303307705700369
3403.03097,0.24158356947491402
3403.03097,0.21416212004670238
3404.58531,0.20557979710739774
3406.13965,0.1651636574545109
3406.13965,0.20876326497572179
3407.69399,0.1555613597055163
3407.69399,0.18014369837007177
3409.24833,0.12659006645814516
3409.24833,0.16544400819670957
3410.80266,0.13578664776143065
3410.80266,0.11109153614852842
3410.80266,0.15192377479556118
3412.357,0.11127783107169736
3412.357,0.15227359392561934
3413.91134,0.12392081037988412
3413.91134,0.11029553760170109
3413.91134,0.1535208522144106
3415.46568,0.1287838639073134
3417.02002,0.17202947768377858
3417.02002,0.14173172771268644
3418.57436,0.16258266332467966
3418.57436,0.18819432788313253
3420.1287,0.172964202411074
3420.1287,0.2018432015775136
3421.68304,0.18927098348322963
3423.23737,0.19540063574874642
3423.23737,0.20537143361875437
3424.79171,0.21043456518983975
3424.79171,0.19636719403062655
3426.34605,0.200911389348804
3427.90039,0.2015171442242466
3427.90039,0.2163499924751397
3429.45473,0.2035376104941436
3429.45473,0.2170576172333582
3431.00907,0.21189936984001684
3431.00907,0.19741208771676944
3432.56341,0.21039990859195826
3432.56341,0.195909434358363
3434.11775,0.2083149478496816
3435.67209,0.1800170288142046
3435.67209,0.19295936842034464
3435.67209,0.20161646801594107
3437.22642,0.1727039816510156
3437.22642,0.1932699980987718
3438.78076,0.14881168500365216
3438.78076,0.17869026205312016
3440.3351,0.12457433967063958
3440.3351,0.1676847975537637
3441.88944,0.09454603103991552
3441.88944,0.13850374756020042
3443.44378,0.09176571470032711
3443.44378,0.12576730226304506
3443.44378,0.13817365059727565
3444.99812,0.10383703016254348
3444.99812,0.07685387156044561
3446.55246,0.11179990102250287
3446.55246,0.07328192422563902
3448.1068,0.08746185243621733
3448.1068,0.07438440983521773
3448.1068,0.11951585592945439
3449.66113,0.09425872252722371
3449.66113,0.12953597384735088
3451.21547,0.11405841696915485
3451.21547,0.1490549798491564
3452.76981,0.14956621107269072
3452.76981,0.12684217127273284
3452.76981,0.1359384252941621
3454.32415,0.15552237028193472
3454.32415,0.13941560788734264
3455.87849,0.15941881131659705
3457.43283,0.1702198122968021
3457.43283,0.15775502308928133
3458.98717,0.17620484868086675
3458.98717,0.16285594108361146
3460.54151,0.16795541941346756
3460.54151,0.1773885482606431
3462.09584,0.1692980466507384
3463.65018,0.17470577391236108
3463.65018,0.18944098670398785
3465.20452,0.17636437619172446
3465.20452,0.19004556278822604
3466.75886,0.17670450988742964
3466.75886,0.18718062361625698
3468.3132,0.1971421388601007
3469.86754,0.19727450605439442
3469.86754,0.18333448309988662
3471.42188,0.18804668478658673
3471.42188,0.20301569575532163
3472.97622,0.19511894580164682
3472.97622,0.20965221671327686
3474.53055,0.19729633139799058
3474.53055,0.2169114442275331
3476.08489,0.22290898580406499
3476.08489,0.21033582756271563
3477.63923,0.2337042975772433
3477.63923,0.2161780920141172
3479.19357,0.23524842772835686
3479.19357,0.22217373772926127
3480.74791,0.24065206421381993
3480.74791,0.2271695667328654
3482.30225,0.2275637681328348
3482.30225,0.24156100021219912
3483.85659,0.23380865632961223
3485.41093,0.2397919145632007
3485.41093,0.2547067986330398
3486.96527,0.2511912305882653
3488.5196,0.2506921078476501
3490.07394,0.2494608604277662
3491.62828,0.23439612493748804
3491.62828,0.24243127794947592
3493.18262,0.22856081404927925
3493.18262,0.24140555643330142
3494.73696,0.23552791530444264
3494.73696,0.21107991009942828
3496.2913,0.22670474968424992
3496.2913,0.20711469366744567
3497.84564,0.19769082248539463
3497.84564,0.21981106212385032
3499.39998,0.20872560606469065
3499.39998,0.18676243009941262
3499.39998,0.16366275852222698
3500.95431,0.17055205464886344
3500.95431,0.14790998901831937
3500.95431,0.1846500649446906
3502.50865,0.1686035987950303
3502.50865,0.13784502997688908
3504.06299,0.12585785669540592
3504.06299,0.14805318499593992
3505.61733,0.13773944449161174
3505.61733,0.12209566046732617
3507.17167,0.11037552350687543
3507.17167,0.127852692281332
3508.72601,0.0990335804792727
3508.72601,0.12115640887245553
3510.28035,0.09250616871819889
3510.28035,0.11035252489336503
3511.83469,0.10444261729965593
3511.83469,0.08434499407405409
3513.38902,0.09646993488540138
3513.38902,0.0762728227113078
3514.94336,0.08385003334950927
3514.94336,0.06844247496511904
3516.4977,0.06357827201404034
3516.4977,0.08202490991764347
3518.05204,0.07146248238245194
3518.05204,0.0555300947940406
3519.60638,0.04927251173518489
3519.60638,0.06273707485510333
3521.16072,0.052741755165856864
3522.71506,0.04240021191040408
3522.71506,0.05123057456313464
3524.2694,0.04594194620806631
3525.82373,0.04530426603621773
3527.37807,0.03434794965574318
3528.93241,0.0428005554937801
3528.93241,0.022191682320152915
3530.48675,0.0347265169590058
3530.48675,0.013335607307196249
3532.04109,0.007761104492381489
3532.04109,0.017550395243988222
3532.04109,0.027780114104218847
3533.59543,0.004780525424663928
3533.59543,0.02164360266805346
3535.14977,0.00317335392786154
3535.14977,0.015431106540564328
3536.70411,0.001627355321919613
3536.70411,0.003927900090343157
3538.25844,0.0005873398936816716
3538.25844,0.003309068348917572
3539.81278,0.0008791346085900752
3541.36712,0.0014501234730836734
3542.92146,0.015159492565940706
3542.92146,0.003500981738667494
3544.4758,0.022468700255075632
3546.03014,0.013956032351743601
3546.03014,0.03551425662855184
3547.58448,0.022780231915376873
3547.58448,0.05355459595467758
3549.13882,0.037165893677993424
3549.13882,0.05890610596855557
3549.13882,0.08051449310055361
3550.69316,0.05956880543684812
3550.69316,0.09791779146393922
3550.69316,0.07586536080204569
3552.24749,0.07917355675434105
3552.24749,0.11486965602637013
3553.80183,0.13093429538932289
3553.80183,0.09949705432545435
3555.35617,0.10949277360604304
3555.35617,0.13968504548184796
3556.91051,0.12862567413115647
3556.91051,0.14890251280629824
3558.46485,0.13630610987735695
3558.46485,0.16130656688805686
3560.01919,0.14900972893414202
3560.01919,0.17347260790965902
3561.57353,0.1557582642203815
3561.57353,0.17502906363230655
3563.12787,0.162233036812311
3563.12787,0.18248425035452298
3564.6822,0.18019713881092253
3564.6822,0.19566083763129496
3566.23654,0.20114720035045425
3566.23654,0.18358373716572052
3567.79088,0.20730590063380225
3569.34522,0.1999367835322691
3569.34522,0.21482847167850255
3570.89956,0.21480092784377625
3570.89956,0.19989768646412315
3572.4539,0.2074192804650865
3574.00824,0.1836909209047042
3574.00824,0.20543630702038893
3575.56258,0.1898639632697817
3575.56258,0.1737953938898773
3577.11691,0.1718682691912296
3578.67125,0.1668251667403397
3578.67125,0.18105249036800902
3580.22559,0.16753008307200296
3580.22559,0.1814421381134284
3581.77993,0.16834198882718324
3581.77993,0.18288766416101565
3583.33427,0.18822710394127232
3583.33427,0.17490081228379908
3584.88861,0.1932394237886687
3584.88861,0.17512970744368145
3586.44295,0.1938902377430432
3587.99729,0.17939231722086366
3587.99729,0.19073620205227623
3587.99729,0.15614172557946823
3589.55162,0.14938817808038407
3589.55162,0.17573295441638337
3591.10596,0.13842292378313567
3591.10596,0.1592884952155211
3592.6603,0.1383956768354381
3592.6603,0.12248256392900109
3594.21464,0.13389070287757496
3594.21464,0.11444695554877683
3595.76898,0.11457644915965313
3597.32332,0.12872160535807256
3598.87766,0.12954419138913545
3598.87766,0.11578881980928196
3600.432,0.13418438813573408
3600.432,0.12098538812349457
3601.98634,0.13064778683293446
3603.54067,0.13470621388522033
3603.54067,0.12059921798612089
3605.09501,0.12014337962879669
3605.09501,0.1343457856759318
3606.64935,0.12133611151653481
3606.64935,0.13484411112093544
3608.20369,0.12848303744494993
3608.20369,0.10836646585545388
3609.75803,0.10678775385158806
3609.75803,0.12034189174235889
3611.31237,0.10160985916618963
3611.31237,0.11524252616638143
3612.86671,0.10173688683160607
3612.86671,0.11649293527976073
3614.42105,0.12190111608152426
3615.97538,0.10921918725994802
3615.97538,0.12782632934591562
3617.52972,0.12773940219514798
3619.08406,0.10373213903984661
3620.6384,0.12418922562912423
3620.6384,0.09912927879784711
3622.19274,0.07813150595251948
3622.19274,0.1133666783474868
3623.74708,0.05949802616782854
3623.74708,0.0876419191594036
3625.30142,0.03585718457715044
3626.85576,0.0233871690424393
3626.85576,0.056344949129964454
3628.41009,0.02413176993481361
3628.41009,0.06373647598861618
3629.96443,0.035792590666982996
3629.96443,0.0647744631984994
3631.51877,0.04190731178264356
3631.51877,0.05315869688116645
3633.07311,0.0826157199259706
3633.07311,0.056665590658753096
3634.62745,0.07257538014838774
3634.62745,0.09825867245751913
3636.18179,0.08200729153140096
3636.18179,0.10687355585081226
3637.73613,0.09500189183514533
3637.73613,0.11572220986863321
3639.29047,0.12677706958260992
3639.29047,0.10948879897284373
3640.8448,0.13731773398256764
3640.8448,0.11421868642578083
3640.8448,0.1244059989741072
3642.39914,0.12597597209015363
3642.39914,0.14631390263660402
3643.95348,0.14268462446597358
3645.50782,0.13405264108471762
3645.50782,0.14784196137142586
3647.06216,0.14738637625780499
3647.06216,0.1330535442256059
3648.6165,0.1330234980660169
3648.6165,0.14734623112066683
3650.17084,0.14752922523442613
3650.17084,0.13303618710679127
3651.72518,0.136776645119524
3653.27951,0.1365836697817134
3654.83385,0.13633615475170735
3656.38819,0.13577044621368758
3656.38819,0.1258712047815691
3657.94253,0.13413463110356383
3657.94253,0.12439567622291423
3659.49687,0.11962063749172201
3659.49687,0.1338268793464242
3661.05121,0.12534299540140487
3661.05121,0.1347509363064919
3662.60555,0.12956173169522942
3664.15989,0.12447048691276202
3665.71423,0.12358064063343965
3667.26856,0.12774851147863786
3668.8229,0.11353318350271796
3668.8229,0.127441456031263
3670.37724,0.11830289408868713
3670.37724,0.12745897146249993
3671.93158,0.11751630789116846
3673.48592,0.11673353531405457
3675.04026,0.11492948662589042
3676.5946,0.10750884060608064
3676.5946,0.08635474766866365
3678.14894,0.07952802333929702
3678.14894,0.09678134195954914
3678.14894,0.06841396567393047
3679.70327,0.07666821788888575
3681.25761,0.08911230875536962
3681.25761,0.048895724553240656
3681.25761,0.06509027918659267
3682.81195,0.029051924188766298
3682.81195,0.06034550917548903
3684.36629,0.01558224688112366
3684.36629,0.030736914179285237
3684.36629,0.04537126042759322
3685.92063,0.04523342891963105
3685.92063,0.020059809794337132
3687.47497,0.02460756115054058
3687.47497,0.04579899323053487
3689.02931,0.03967038278345555
3689.02931,0.06504068433922473
3690.58365,0.06560268837618385
3690.58365,0.03703856919514783
3692.13798,0.06962081644090017
3692.13798,0.051519630048516986
3693.69232,0.052421214804964915
3693.69232,0.07636142498602244
3695.24666,0.0538570338301528
3695.24666,0.06834101671622655
3696.801,0.07252796130919227
3698.35534,0.05701203430679395
3699.90968,0.054239853766108584
3699.90968,0.03853086060075789
3701.46402,0.03838128626020209
3703.01836,0.06312107338188946
3703.01836,0.040587273046697035
3704.57269,0.06495303154251157
3704.57269,0.05062693114715521
3706.12703,0.060959552431880365
3706.12703,0.04885222997667336
3706.12703,0.08470036844736491
3707.68137,0.09184249048381826
3707.68137,0.07383508741943905
3709.23571,0.09663517435045788
3709.23571,0.06869242173821756
3710.79005,0.0914951104192802
3712.34439,0.08505284159250917
3712.34439,0.05390348578843666
3713.89873,0.06509172232689561
3713.89873,0.03465522804462982
3715.45307,0.06181488826200055
3715.45307,0.030805368263701186
3717.00741,0.03231009162440408
3717.00741,0.009352535903301274
3718.56174,0.004431560745010871
3718.56174,0.016420164384652127
3718.56174,0.04743218772517953
3720.11608,0.034452873298868876
3720.11608,0.014889651750971908
3721.67042,0.05516812680781927
3721.67042,0.03040806077326555
3723.22476,0.08545655103537521
3723.22476,0.06714420009770061
3723.22476,0.05337494233980013
3724.7791,0.059719882447554
3724.7791,0.09124908341186903
3726.33344,0.1028734998074501
3726.33344,0.08062466777553196
3727.88778,0.09131628976498125
3727.88778,0.11205162081480868
3729.44212,0.11816640091478785
3729.44212,0.1046462639442188
3730.99645,0.10466638403209005
3730.99645,0.12478481285038673
3732.55079,0.1130220565164156
3732.55079,0.14287106141676736
3734.10513,0.12727690807871636
3734.10513,0.1545062473636641
3734.10513,0.1706157014772729
3735.65947,0.1818578378145541
3735.65947,0.14422738259046378
3737.21381,0.2070223021313026
3737.21381,0.2380319530301513
3737.21381,0.16719485080398475
3738.76815,0.2469434865657873
3738.76815,0.20766734199746034
3738.76815,0.28518327914764874
3740.32249,0.2810600918605273
3740.32249,0.22310871580208375
3741.87683,0.25861233679226286
3741.87683,0.3002592330761929
3743.43116,0.23025994186876336
3743.43116,0.2818454362753931
3743.43116,0.29591303859291856
3744.9855,0.28722282900863855
3744.9855,0.23980756573067577
3744.9855,0.2928046752540562
3744.9855,0.2542677063683789
3746.53984,0.26090386996193143
3746.53984,0.19388995288077268
3748.09418,0.1624268141025307
3748.09418,0.21937965754039387
3748.09418,0.19637763723692211
3749.64852,0.14921156387849005
3749.64852,0.2027407440858882
3749.64852,0.1712540932117939
3749.64852,0.1833137548467991
3751.20286,0.1697251690297642
3751.20286,0.12843679078795564
3752.7572,0.13851488396383574
3752.7572,0.11797121081288559
3754.31154,0.12996562047315668
3754.31154,0.10975473276614485
3755.86587,0.09991684582941121
3755.86587,0.12224442702898736
3757.42021,0.11197045379292049
3757.42021,0.08659022154274955
3758.97455,0.09719388070935063
3758.97455,0.08110410120526199
3760.52889,0.0608379885362873
3760.52889,0.08695432365021735
3762.08323,0.06079931120936204
3762.08323,0.04438404189067921
3763.63757,0.03911291886640097
3763.63757,0.06828067242373942
3765.19191,0.06336951657670235
3765.19191,0.034064326677167765
3765.19191,0.04727535944518941
3766.74625,0.06070072805339109
3766.74625,0.03323455859995649
3768.30058,0.040370163602261463
3768.30058,0.09171207949334058
3768.30058,0.0754903771470791
3769.85492,0.09277890017441717
3769.85492,0.04516746028979412
3769.85492,0.06607675774635315
3771.40926,0.1266197497737335
3771.40926,0.0814308025995678
3772.9636,0.14901925429034849
3772.9636,0.1308616498944768
3772.9636,0.10851920026400853
3774.51794,0.1238180329438837
3774.51794,0.15454799895001317
3776.07228,0.15675346784461375
3776.07228,0.1384662318510394
3779.18096,0.15160230068170102
3780.7353,0.14631758705594583
3782.28963,0.14585246847407882
3783.84397,0.13062619710556056
3783.84397,0.14711395023903986
3783.84397,0.11819568722133754
3785.39831,0.11811092497051243
3785.39831,0.1406510013910442
3786.95265,0.13036697015912985
3786.95265,0.09899930304201536
3788.50699,0.10907927975455575
3790.06133,0.07299755929087945
3790.06133,0.09405602943858081
3791.61567,0.053900695048251394
3791.61567,0.08065385272056749
3793.17001,0.046749341161630584
3793.17001,0.06931747383427939
3794.72434,0.06231893245753733
3794.72434,0.02562679554434526
3796.27868,0.04027297034853653
3796.27868,0.004829326414439858
3797.83302,0.003382768006512278
3797.83302,0.021051121524944268
3799.38736,0.003252641162539255
3799.38736,0.01574717806188832
3800.9417,0.0013719218910501181
3800.9417,0.0006097430626889414
3802.49604,0.0
3804.05038,0.0
3805.60472,0.000602876728810818
3805.60472,0.0013564726398243403
3807.15905,0.015792747741725847
3807.15905,0.0037175360476973023
3808.71339,0.02663909325462781
3808.71339,0.0032026046526858047
3808.71339,0.011686022384487087
3810.26773,0.005902213726820976
3810.26773,0.04301763105759595
3811.82207,0.05103765101847458
3811.82207,0.06658146879284854
3811.82207,0.0277535002379533
3813.37641,0.06176617331190207
3813.37641,0.0456947870457176
3813.37641,0.08155212099730814
3814.93075,0.08658170140832029
3814.93075,0.0535092097477941
3814.93075,0.06779950472269862
3816.48509,0.08296124692630547
3818.03943,0.08423029393974121
3818.03943,0.06979220185375182
3819.59376,0.08272556031881645
3819.59376,0.06828855457422518
3821.1481,0.06847033995175808
3821.1481,0.08294968625708071
3822.70244,0.07341052584529686
3824.25678,0.07704275034881876
3824.25678,0.05662174127689794
3825.81112,0.06914193546558144
3825.81112,0.05391033819239534
3827.36546,0.04916533389001343
3827.36546,0.06339828868132381
3828.9198,0.06291946108410176
3830.47414,0.04743402338225867
3832.02848,0.0410741655861567
3833.58281,0.05009400540097262
3833.58281,0.04152122261376603
3835.13715,0.052679012703063216
3835.13715,0.06346358602088399
3836.69149,0.06386771346034985
3836.69149,0.054274607697312655
3838.24583,0.05429210557741988
3838.24583,0.0692962483423481
3839.80017,0.06019432910108805
3839.80017,0.06919680908485919
3841.35451,0.0491642619569845
3841.35451,0.06285524568499216
3842.90885,0.04885079818922169
3842.90885,0.06363419502898994
3844.46319,0.06299259289033797
3846.01752,0.051716797747610024
3847.57186,0.04009161045210957
3849.1262,0.03357969532505312
3849.1262,0.04721373258593404
3850.68054,0.021939602618314458
3850.68054,0.039972823444778635
3852.23488,0.010082086343731287
3852.23488,0.03419246032963558
3853.78922,0.028110801905542666
3853.78922,0.006675162106328169
3855.34356,0.009331869377069243
3855.34356,0.0016275640601548433
3856.8979,0.0028750335564902236
3856.8979,0.021005769445997403
3858.45223,0.02141938636217413
3858.45223,0.006596703965054477
3860.00657,0.01246941481498717
3860.00657,0.029572176105610037
3861.56091,0.03676754176114755
3863.11525,0.04296544497235165
3864.66959,0.03496527098952434
3864.66959,0.05053174404097993
3866.22393,0.0661103622370041
3866.22393,0.03840575119518655
3867.77827,0.07153886792718556
3867.77827,0.047984822170461565
3867.77827,0.0586501512871466
3869.33261,0.06089507616802939
3869.33261,0.0824492673449995
3870.88694,0.09376635931917152
3870.88694,0.07207340982878371
3872.44128,0.10107867861459947
3873.99562,0.10206811247827274
3873.99562,0.08858877537639527
3875.54996,0.10256378344110362
3877.1043,0.09426737433092147
3877.1043,0.10926590686272443
3878.65864,0.10971279351413353
3878.65864,0.10060638226576041
3880.21298,0.11025657986292638
3881.76732,0.10652926946338101
3881.76732,0.12163323006461035
3883.32165,0.11333181853057192
3883.32165,0.12282058756814815
3884.87599,0.12187412373925785
3884.87599,0.10723788183079327
3886.43033,0.10634438780196066
3886.43033,0.12032497840330397
3887.98467,0.10142032350611818
3887.98467,0.11753169628941125
3889.53901,0.08669092772385517
3891.09335,0.06851014891149673
3891.09335,0.08717322913321633
3891.09335,0.026861849976499094
3891.09335,0.04366650042812356
3892.64769,0.045916342349432315
3894.20203,0.03072694188135631
3894.20203,0.00799419734650815
3894.20203,0.046595519553146114
3895.75637,0.0048292163886658355
3895.75637,0.009011294913830122
3897.3107,0.0006585443630582546
3898.86504,0.0002926863835814465
3898.86504,0.0
3900.41938,0.0
3900.41938,0.0
3901.97372,0.0
3901.97372,0.0
3903.52806,0.0
3903.52806,0.0
3905.0824,0.0
3905.0824,0.0
3906.63674,0.0
3906.63674,0.0
3908.19108,0.0
3908.19108,0.0
3909.74541,0.0
3909.74541,0.0
3911.29975,0.0
3911.29975,0.0
3912.85409,0.0
3912.85409,0.0
3914.40843,0.000951666713804036
3914.40843,0.0021412501060590807
3915.96277,0.023273066035868952
3915.96277,0.004408995372503504
3915.96277,0.0063255006196673135
3917.51711,0.057240879374588396
3917.51711,0.014377531110222561
3917.51711,0.03381505191268058
3917.51711,0.008041870225143325
3919.07145,0.057169285058935405
3919.07145,0.007039949953941255
3919.07145,0.01702698053011213
3920.62579,0.008350355059097304
3920.62579,0.06484286153359642
3920.62579,0.04685766892646335
3922.18012,0.010954916744157465
3922.18012,0.04776311005031447
3923.73446,0.00726429839348468
3923.73446,0.03602102573477574
3925.2888,0.003715061730305073
3925.2888,0.007836547774922396
3925.2888,0.0005933547433398922
3926.84314,0.0002637132192621743
3926.84314,0.0
3926.84314,0.0
3928.39748,0.0
3928.39748,0.0
3929.95182,0.0
3929.95182,0.0
3929.95182,0.0
3929.95182,0.0
3931.50616,0.0
3931.50616,0.0004853821542281997
3933.0605,0.0010921098470134491
3933.0605,0.011870049423953396
3933.0605,0.0029081744412031373
3934.61483,0.007901103066566086
3934.61483,0.05261194088844267
3936.16917,0.0895723344056079
3936.16917,0.03551172640071804
3936.16917,0.07456188078333618
3937.72351,0.09419333129888617
3937.72351,0.06466095821362942
3939.27785,0.08184465687177321
3939.27785,0.13754363937040387
3940.83219,0.11156038850446072
3940.83219,0.14760281517413387
3940.83219,0.17779360927470203
3942.38653,0.1288425711064395
3942.38653,0.18387027766808756
3942.38653,0.14242516612622289
3942.38653,0.16709349705350396
3943.94087,0.1566901336024838
3943.94087,0.20247513742338497
3945.49521,0.214980414439472
3945.49521,0.18942078867061019
3947.04955,0.22212176478181508
3947.04955,0.2049342053242502
3948.60388,0.22883055247248735
3950.15822,0.20721764766870163
3950.15822,0.23077582922049286
3951.71256,0.23328280494598339
3951.71256,0.20332321490779637
3953.2669,0.1792916318518186
3953.2669,0.21806535161638702
3953.2669,0.23146472878799185
3954.82124,0.2232777977589519
3954.82124,0.12105694969027156
3954.82124,0.1811118060084924
3956.37558,0.03243782279328051
3956.37558,0.05881920048746139
3956.37558,0.13110072718296972
3956.37558,0.08128318504188138
3957.92992,0.13634975634768248
3957.92992,0.10463956538011256
3957.92992,0.04692886295178502
3959.48426,0.0777966726395432
3959.48426,0.010652751535578467
3959.48426,0.03619707027300339
3961.03859,0.0035534656578603686
3962.59293,0.006882049221291678
3962.59293,0.0014122475977155356
3964.14727,0.002259105134708071
3965.70161,0.022096772744821736
3965.70161,0.0033787115004755308
3967.25595,0.004609228066017143
3967.25595,0.036435787277936164
3967.25595,0.024785278974678145
3968.81029,0.054466666324303185
3968.81029,0.027111659217253194
3970.36463,0.039182132824043356
3970.36463,0.08083546150971198
3970.36463,0.061480833874653036
3971.91897,0.0999815017133674
3971.91897,0.07777063613813774
3971.91897,0.06611595076694528
3973.4733,0.12797743018072041
3973.4733,0.10134933608384027
3973.4733,0.07952685033791958
3975.02764,0.11490247788296107
3975.02764,0.1459560476127106
3975.02764,0.12905110664475558
3975.02764,0.09534491585667543
