wavenumber_cm-1,intensity
808.83954,0.13721893389519038
808.83954,0.11462158167987861
808.83954,0.10785019972491282
808.83954,0.13636173200344337
808.83954,0.11377106739604578
810.39388,0.08498547851013544
810.39388,0.1023753135918681
810.39388,0.08733026130265896
810.39388,0.10150309145684648
810.39388,0.12273758362045528
810.39388,0.10404461397383788
811.94822,0.06240348292268629
811.94822,0.03768880627496038
811.94822,0.07568150740893452
811.94822,0.06675576764427862
811.94822,0.08221322023735364
811.94822,0.0180119560129
813.50256,0.017350581611194134
813.50256,0.043127644124794
813.50256,0.022598067122324355
813.50256,0.0053093643469151585
813.50256,0.03949631983530847
813.50256,0.014825135029854811
813.50256,0.020619929940517708
813.50256,0.055796427206868594
813.50256,0.021774520276259333
815.0569,0.0450635012280993
815.0569,0.005432629040501449
815.0569,0.01389996151008189
815.0569,0.003174187251109451
816.61123,0.025108707946549843
816.61123,0.008997620463016196
816.61123,0.016341811235190167
816.61123,0.024587106085206714
818.16557,0.031413760610583395
818.16557,0.015488149729764266
818.16557,0.021271224289406462
818.16557,0.017385370235030406
818.16557,0.004349913166990218
819.71991,0.01810991461050942
839.29551,0.013973623724900418
864.79574,0.04357581389538793
866.35008,0.01759575665197938
866.35008,0.028729911876844146
866.35008,0.02427148247434826
867.90441,0.04833116443050679
867.90441,0.042996711086647946
867.90441,0.05604265096357996
867.90441,0.012480975002363691
867.90441,0.007279599266753811
869.45875,0.04749405082457506
869.45875,0.04964332673785996
869.45875,0.03916355808105531
869.45875,0.06459376203479938
871.01309,0.04788406160696254
871.01309,0.06315420458733109
871.01309,0.06735657967505465
871.01309,0.06007480067808385
872.56743,0.10239878306591182
872.56743,0.09274412436429097
872.56743,0.09025344748165427
872.56743,0.11326497486361366
872.56743,0.07447091959802513
874.12177,0.10506729241861389
875.67611,0.11847728578986302
877.23045,0.11268134788886008
878.78479,0.12024938398492889
880.33912,0.13275494166554072
880.33912,0.12944453393793487
880.33912,0.15580741799251985
881.89346,0.16260063065305136
881.89346,0.14914777890641265
883.4478,0.1607470105859529
885.00214,0.1829108765396272
885.00214,0.17231207366500584
885.00214,0.1748352558485122
886.55648,0.1688626416095496
888.11082,0.19249079900955826
888.11082,0.19907910994307101
888.11082,0.2065110813507053
889.66516,0.1990777916283341
891.2195,0.19655124907489635
892.77384,0.20419651818482437
892.77384,0.21197287280391724
894.32817,0.21319533175931774
895.88251,0.22268523228451317
897.43685,0.23041642938606227
898.99119,0.2184000400704818
900.54553,0.21896924199009116
902.09987,0.24308491199549015
902.09987,0.21071020397536336
903.65421,0.20737571397172805
905.20855,0.21009318562669518
906.76288,0.2259086211445589
908.31722,0.22172917997785338
909.87156,0.20267723176318767
909.87156,0.20811436081326115
911.4259,0.21835435796663688
912.98024,0.2113300122525415
914.53458,0.21751101333868167
916.08892,0.24213475862300138
916.08892,0.22650133395834326
917.64326,0.2303521422932586
931.6323,0.35184407702592907
933.18664,0.3509279519505136
934.74098,0.37077990312786335
936.29532,0.36294242367433754
937.84966,0.35891774602000276
939.404,0.3591904973861339
939.404,0.3693238058379806
940.95834,0.3764534109545615
942.51268,0.37793590808319366
944.06701,0.38690301122948256
944.06701,0.3901647325049448
944.06701,0.413555394680675
945.62135,0.3919999947834444
945.62135,0.4116714470494972
945.62135,0.4189910814608887
945.62135,0.39056831918350166
947.17569,0.4916529435533219
947.17569,0.4266078556774557
947.17569,0.4479532667430173
947.17569,0.4811616930312084
947.17569,0.47215040184750207
947.17569,0.43819980761662564
948.73003,0.42382343379776455
948.73003,0.43401857231106455
948.73003,0.47888358594579783
948.73003,0.49846145812491444
948.73003,0.45342124373124437
950.28437,0.4979293558394187
950.28437,0.5181662534621136
950.28437,0.5220687352029119
950.28437,0.5184471095011742
951.83871,0.5183125719220082
951.83871,0.5148217270489901
951.83871,0.5366712027045542
958.05606,0.6007307733341051
958.05606,0.6046610455038526
959.6104,0.6186679643599178
961.16474,0.6201783963017655
962.71908,0.6479839026820086
962.71908,0.6200906858523805
964.27342,0.6391210829278567
964.27342,0.6588852794816886
964.27342,0.6401410487775414
965.82776,0.6423491846957315
965.82776,0.6549573809874405
965.82776,0.6256932705803342
967.3821,0.6827641093196722
967.3821,0.6450659994417999
967.3821,0.6514124367038339
967.3821,0.6394344027516116
967.3821,0.6460610563035465
967.3821,0.6636608931124304
968.93644,0.6635390680226587
968.93644,0.6677727929149058
968.93644,0.6559708108533717
968.93644,0.6820938809734776
970.49077,0.7115974428115002
970.49077,0.687863632388144
970.49077,0.6817991372686628
970.49077,0.6647614867960355
970.49077,0.6649152020480082
970.49077,0.7043330619503556
970.49077,0.7015530501190426
970.49077,0.7070013197330081
970.49077,0.7045471920983677
970.49077,0.6724855296073671
972.04511,0.6816721380054216
972.04511,0.7014582400467976
972.04511,0.7273794034792053
972.04511,0.71555828991497
972.04511,0.6958358026145477
972.04511,0.739840332320555
972.04511,0.713841528432808
973.59945,0.750721724715003
973.59945,0.7530952805172695
973.59945,0.7040594928488813
973.59945,0.7387865338534544
973.59945,0.7491404948750013
973.59945,0.7431759764616264
975.15379,0.7139345265076853
975.15379,0.7816720770718131
975.15379,0.7680817861047277
975.15379,0.7658583358051768
976.70813,0.7300826653219368
976.70813,0.7698307481895188
976.70813,0.7603858844758856
978.26247,0.7768030695303092
978.26247,0.781739496449116
978.26247,0.7736721569936248
979.81681,0.7693213853244015
979.81681,0.7903284793158708
979.81681,0.7769674293794644
981.37115,0.7838004299221237
981.37115,0.7834286543351103
981.37115,0.7835492906326346
981.37115,0.7876702387200578
982.92548,0.810432514785617
982.92548,0.787684591627825
982.92548,0.7989574624496988
984.47982,0.7930929265960401
984.47982,0.8010536584109268
986.03416,0.7927933815827046
986.03416,0.8232997916422908
987.5885,0.8176385713294801
989.14284,0.8075178128765006
990.69718,0.7753655515632656
990.69718,0.8086436623540698
992.25152,0.7833147228936991
993.80586,0.768082243582628
995.36019,0.760431647806842
996.91453,0.7712343112917408
996.91453,0.7538545532919353
998.46887,0.7659425241769496
1000.02321,0.7544348509132488
1001.57755,0.7575491291415215
1001.57755,0.7870011979923284
1003.13189,0.7814335391504674
1003.13189,0.8011806269625935
1004.68623,0.8126604275829233
1004.68623,0.7933411867102863
1006.24057,0.823263815037495
1006.24057,0.7743295027879173
1007.79491,0.8643737648889398
1007.79491,0.8253230487468988
1007.79491,0.8387466115851592
1009.34924,0.8286878742968646
1010.90358,0.8367247718443611
1010.90358,0.8805538706118867
1012.45792,0.8661441041000859
1012.45792,0.9211453005132455
1014.01226,0.9489900053449069
1014.01226,0.8985084749267258
1015.5666,0.9762163695938919
1015.5666,0.8752973735091366
1015.5666,0.9278349863242532
1017.12094,0.9699985964626205
1017.12094,0.9965965434061176
1017.12094,0.9423735820254584
1018.67528,0.9500548642221269
1018.67528,1.0
1020.22962,0.9601673780526564
1020.22962,0.9804612637084977
1021.78395,0.9334204491820537
1021.78395,0.9890478640371009
1023.33829,0.9785041736680535
1023.33829,0.9489532269135342
1024.89263,0.9772903311354227
1024.89263,0.9467671796496017
1026.44697,0.9456949953317706
1026.44697,0.9637042243654096
1028.00131,0.912571019095945
1028.00131,0.9472442149388939
1029.55565,0.9101282331481004
1031.10999,0.8642522417421498
1031.10999,0.9046961872501897
1031.10999,0.8912991951869316
1031.10999,0.921375823774062
1032.66433,0.8715969419651999
1032.66433,0.840424054896946
1034.21866,0.8846195365061936
1034.21866,0.8173028163309697
1034.21866,0.8922714630171187
1035.773,0.8631974316911041
1035.773,0.7894923653906888
1037.32734,0.823299256756493
1037.32734,0.7701298329054176
1038.88168,0.7723791571943857
1038.88168,0.8012777684194589
1040.43602,0.7778936829152158
1040.43602,0.8064480559876024
1041.99036,0.8061634948481177
1041.99036,0.7630511446130387
1041.99036,0.7941080113869886
1043.5447,0.7939237933704245
1043.5447,0.8024840533514747
1045.09904,0.8074418878646162
1045.09904,0.7913377544701901
1046.65337,0.7871010040790571
1046.65337,0.8151640781768734
1046.65337,0.8163231988569299
1048.20771,0.8117578957313513
1048.20771,0.8281084905648217
1049.76205,0.8021977042676425
1049.76205,0.8311440135296304
1049.76205,0.8007643419600002
1051.31639,0.8200950645950774
1051.31639,0.7918787983165454
1051.31639,0.825090621554925
1052.87073,0.8118113289988792
1052.87073,0.8298603101172896
1054.42507,0.8341891902070027
1054.42507,0.834432865284294
1054.42507,0.8137303185874633
1055.97941,0.8429513066720945
1055.97941,0.8152499348821871
1055.97941,0.8114177882380326
1057.53375,0.8252730450245389
1057.53375,0.8093459336748341
1057.53375,0.8175825382821206
1059.08808,0.8068264792029546
1059.08808,0.8099605574099651
1060.64242,0.8170191373524021
1060.64242,0.8179945010224211
1062.19676,0.7947862060853128
1062.19676,0.8074743652004129
1062.19676,0.8005023196932033
1062.19676,0.8011312743141814
1062.19676,0.8238891330948682
1062.19676,0.8116805839291202
1062.19676,0.7842952705149181
1063.7511,0.796794184019798
1063.7511,0.7947350367196281
1063.7511,0.8181040382691722
1065.30544,0.7900782438817913
1065.30544,0.7910426066890943
1065.30544,0.8023994241680387
1066.85978,0.7902308270756777
1066.85978,0.7407992252878097
1066.85978,0.7946843849151943
1068.41412,0.7707063968355746
1068.41412,0.7415982740222236
1068.41412,0.8013828948551458
1069.96846,0.7118948858041143
1069.96846,0.7175403045847085
1069.96846,0.7790213338391175
1069.96846,0.6828858710106634
1069.96846,0.7140641524947573
1069.96846,0.7844145529381447
1069.96846,0.7461483298834335
1069.96846,0.7083836866398133
1069.96846,0.7247862177406555
1069.96846,0.6819104045161125
1071.5228,0.6996143701384423
1071.5228,0.6723543779577443
1071.5228,0.646119418731502
1071.5228,0.7569955833340755
1071.5228,0.6851169810197313
1071.5228,0.7657171979825085
1071.5228,0.7393649775659673
1071.5228,0.7411827604132275
1071.5228,0.7220150103430295
1071.5228,0.7789945780103383
1071.5228,0.7752091689068654
1071.5228,0.7420310106770982
1071.5228,0.7624822542355126
1073.07713,0.6621798546159766
1073.07713,0.6603516253532071
1073.07713,0.675552701930883
1073.07713,0.6331678592232769
1073.07713,0.7146999848559499
1073.07713,0.6381878642577347
1073.07713,0.6441768900012763
1073.07713,0.6581627063831798
1073.07713,0.6414788755284253
1074.63147,0.6950375988174016
1074.63147,0.6407612357849158
1076.18581,0.5836926134219611
1076.18581,0.5592754334344762
1076.18581,0.6486645068354402
1076.18581,0.5650936950473553
1076.18581,0.6129856503036646
1076.18581,0.54864615461501
1076.18581,0.6121671256770143
1077.74015,0.6108297463327674
1077.74015,0.5917755896214095
1077.74015,0.5929733463798955
1077.74015,0.5774101314122347
1077.74015,0.5853925284818748
1077.74015,0.5536888497340389
1079.29449,0.5489571522904955
1079.29449,0.538158511615484
1080.84883,0.5489184003525932
1080.84883,0.5412558463759438
1082.40317,0.5351606973947091
1083.95751,0.5259791160880387
1083.95751,0.517894048991795
1085.51184,0.5238840690932801
1087.06618,0.5215714640046698
1087.06618,0.5115964518875397
1088.62052,0.486502356727062
1088.62052,0.5025516463351193
1088.62052,0.49234418944990965
1088.62052,0.5134171369777845
1088.62052,0.4962795308449703
1090.17486,0.4647573515558639
1090.17486,0.4720123448271273
1090.17486,0.45830278620535714
1090.17486,0.4618010466332644
1091.7292,0.4311539687003263
1091.7292,0.45747870525250883
1091.7292,0.44896730102104243
1093.28354,0.4317224712762441
1094.83788,0.42822900773944744
1094.83788,0.4205860728457867
1094.83788,0.40097693351720437
1096.39222,0.41481354610797433
1102.60957,0.42348420393549874
1102.60957,0.4000276496692664
1104.16391,0.4006922769565323
1104.16391,0.4077082211678659
1105.71825,0.42280644602664896
1105.71825,0.42487813134067254
1107.27259,0.45085625593436607
1107.27259,0.4240424415487935
1108.82693,0.3877229924390895
1108.82693,0.4296045870569375
1110.38126,0.4079947387284146
1110.38126,0.36259201486987896
1111.9356,0.38647243632664274
1111.9356,0.3676691610228076
1113.48994,0.3856047818096774
1113.48994,0.37448878750119113
1115.04428,0.3295321415101902
1115.04428,0.38225558454682756
1116.59862,0.33536814408467663
1116.59862,0.32998205533026276
1118.15296,0.31838137217777107
1118.15296,0.3560671856820451
1119.7073,0.3374345532876275
1121.26164,0.32039683631667726
1121.26164,0.3637225201983738
1122.81598,0.34812418537297274
1124.37031,0.36012971982088204
1125.92465,0.37088127905549684
1127.47899,0.3400275530770657
1127.47899,0.3821993207256951
1129.03333,0.3939843672135741
1129.03333,0.32260681805443747
1130.58767,0.3929481866459758
1130.58767,0.3327331146119726
1130.58767,0.30430207871088993
1132.14201,0.3364099942827024
1132.14201,0.29993295175206275
1133.69635,0.3567384518694996
1133.69635,0.28574546798967343
1133.69635,0.3062510269227245
1135.25069,0.28670032207076085
1135.25069,0.23609052941824393
1135.25069,0.3100944256390758
1136.80502,0.2504445497656944
1136.80502,0.29630738371945603
1138.35936,0.28267786764508834
1138.35936,0.2580945204701904
1139.9137,0.27373465991164253
1141.46804,0.2556078223714924
1143.02238,0.2818395277988344
1143.02238,0.25974198308465574
1144.57672,0.26948888340265437
1146.13106,0.2662170732109626
1147.6854,0.27368648706894133
1149.23973,0.26411730375468406
1149.23973,0.28445913001260714
1150.79407,0.2381461450322134
1150.79407,0.2643126671753507
1152.34841,0.24529009030714077
1152.34841,0.25973595503863445
1153.90275,0.23336521997269327
1153.90275,0.26548123986767147
1155.45709,0.23205027540937487
1155.45709,0.27209863353403557
1157.01143,0.2626517840798878
1157.01143,0.23911926064326458
1158.56577,0.22261783884145506
1158.56577,0.2602335390755012
1160.12011,0.2458139479654644
1160.12011,0.28035339317722
1161.67444,0.255133122740059
1163.22878,0.2869833239808177
1163.22878,0.26765722354353744
1164.78312,0.29018968739550877
1164.78312,0.271967966451562
1164.78312,0.2635200191169323
1166.33746,0.268612657106632
1166.33746,0.3126840059685641
1167.8918,0.3144601992101773
1167.8918,0.31103015576663146
1169.44614,0.3101694945738359
1169.44614,0.25282462810624784
1171.00048,0.23144863498288942
1171.00048,0.29974356035477223
1172.55482,0.2243829145667792
1172.55482,0.2649536621607843
1172.55482,0.2878737905094264
1174.10915,0.24979806464447937
1174.10915,0.22428315173184046
1174.10915,0.19167061601543617
1175.66349,0.20801109041807828
1175.66349,0.18086087900516556
1177.21783,0.16629816593975896
1177.21783,0.20830607234001908
1177.21783,0.17378051782821083
1178.77217,0.17916251893770047
1178.77217,0.13293318339877877
1180.32651,0.1233550560081638
1180.32651,0.14871594994180118
1181.88085,0.1571916343386725
1181.88085,0.09227399202909045
1181.88085,0.1220997773623765
1183.43519,0.07571125384597176
1183.43519,0.13385299571293327
1184.98953,0.11007428941924087
1184.98953,0.07410998027017571
1186.54387,0.058078121634440184
1186.54387,0.08350239464732793
1188.0982,0.06093291518046659
1188.0982,0.09163495639058891
1189.65254,0.04287909886746156
1189.65254,0.08559602980705143
1191.20688,0.04016568996879668
1191.20688,0.0654164970766383
1192.76122,0.06734207754105788
1192.76122,0.02183760260341273
1194.31556,0.02536803695234953
1194.31556,0.04087846842197858
1194.31556,0.02421911005856919
1195.8699,0.005444116045047539
1195.8699,0.043190098923310834
1197.42424,0.04285600740742968
1197.42424,0.009185677534357289
1198.97858,0.010571966458907432
1198.97858,0.04310428015494259
1200.53291,0.014682895775343083
1200.53291,0.04951363610174165
1202.08725,0.03759314010861678
1202.08725,0.026146434773325088
1202.08725,0.07063333268132278
1203.64159,0.0880871311904317
1203.64159,0.03720193187812465
1205.19593,0.08672808947307344
1205.19593,0.06779472677483694
1206.75027,0.0707900366499862
1206.75027,0.10036290365505242
1206.75027,0.04909403253086673
1208.30461,0.08469659071631441
1208.30461,0.0813056722876184
1209.85895,0.06749373914513965
1209.85895,0.07763615643053856
1211.41329,0.0807590968237537
1211.41329,0.07275130278208373
1212.96762,0.06239951880588786
1214.52196,0.08023407181622164
1214.52196,0.06174452167528083
1216.0763,0.09686280041706546
1216.0763,0.06052492035962367
1217.63064,0.05234859226802165
1217.63064,0.08633164003498621
1219.18498,0.06787264396914226
1219.18498,0.06560771966016254
1220.73932,0.0654952244973938
1220.73932,0.0764074558450899
1222.29366,0.045494076806497634
1222.29366,0.06575282247852242
1223.848,0.05029803387699626
1223.848,0.05675136526684192
1225.40233,0.06271232433930074
1226.95667,0.06454492703496939
1226.95667,0.034570700530468755
1228.51101,0.03984785506113684
1228.51101,0.024807274342268728
1230.06535,0.005031906819871792
1231.61969,0.047933846131170285
1231.61969,0.02554072271307315
1233.17403,0.03905815527122218
1233.17403,0.03803525332015737
1234.72837,0.036471615612348254
1234.72837,0.032320915972808166
1236.28271,0.02428338801175046
1237.83705,0.02051395907813799
1239.39138,0.0265517224150403
1240.94572,0.023045743139409804
1240.94572,0.021021874621385186
1242.50006,0.010142756416195753
1244.0544,0.013495894057327136
1244.0544,0.01804356228926661
1245.60874,0.04006044353840506
1245.60874,0.017722501495925237
1247.16308,0.018472522574997853
1247.16308,0.002047869017190095
1248.71742,0.006446387825932152
1248.71742,0.011471340020620412
1250.27176,0.02212023877138802
1250.27176,0.0011080088793263092
1251.82609,0.009612001813637628
1251.82609,0.01417277473327117
1253.38043,0.012396506228157807
1253.38043,0.014532339443917153
1253.38043,0.01685630592874553
1254.93477,0.0076965269463970054
1254.93477,0.010946448608635272
1256.48911,0.00538641495759034
1256.48911,0.003094636705327794
1258.04345,0.01329493271181344
1258.04345,0.0004265921635174224
1259.59779,0.009281284044761156
1259.59779,0.014917759311222868
1261.15213,0.028987101443324993
1262.70647,0.019558150233057573
1262.70647,0.010190965507435328
1264.2608,0.014156577858108648
1264.2608,0.0019637484585346286
1265.81514,0.0
1265.81514,0.0024057208476515905
1267.36948,0.012069093541054468
1267.36948,0.0
1268.92382,0.00031285502236976735
1268.92382,0.0054562676045659024
1270.47816,0.0189217311568795
1270.47816,0.01849259144473424
1272.0325,0.0
1273.58684,0.03724502791257069
1273.58684,0.017171262064602566
1275.14118,0.02234528137634318
1275.14118,0.020319989229970283
1276.69551,0.015514897665173248
1276.69551,0.018722585757024325
1278.24985,0.03614826759984981
1278.24985,0.04395111979843991
1279.80419,0.030331881684305177
1279.80419,0.03444029640304333
1281.35853,0.0380656080208341
1281.35853,0.04674417724258917
1282.91287,0.02864428235085028
1282.91287,0.06105684804061267
1284.46721,0.060856864469233544
1284.46721,0.043314657346162265
1286.02155,0.0766663431084641
1287.57589,0.04726181017828861
1289.13022,0.06499727499597607
1289.13022,0.05890451332453266
1290.68456,0.05428415792463629
1290.68456,0.05300046654660684
1292.2389,0.06956725600887044
1293.79324,0.03729130780113027
1293.79324,0.0366432184320306
1295.34758,0.046448601636037264
1295.34758,0.05195598559880917
1296.90192,0.04433019080287334
1298.45626,0.061374022309579404
1298.45626,0.06700396019090646
1300.0106,0.04054749761417497
1300.0106,0.06630895970331002
1301.56494,0.07864807178138888
1301.56494,0.07787582755396562
1303.11927,0.06259141182358806
1303.11927,0.09185891023707161
1304.67361,0.06539228571166218
1304.67361,0.0970920481454343
1306.22795,0.08304498600668431
1306.22795,0.07714733555702756
1307.78229,0.09579826560488576
1307.78229,0.06767610714740172
1309.33663,0.0981200414856696
1309.33663,0.06440175045308674
1310.89097,0.06338402466296242
1310.89097,0.0781557930659727
1312.44531,0.06441119375250721
1313.99965,0.10018729792980646
1313.99965,0.0668989756331045
1315.55398,0.05767071977074978
1315.55398,0.07252032895755177
1317.10832,0.07047837525329613
1317.10832,0.08103051396460134
1318.66266,0.08930543236817706
1318.66266,0.07222201705428385
1320.217,0.06605074660362029
1321.77134,0.08118357934921172
1321.77134,0.08382702304942946
1323.32568,0.07252957603646848
1323.32568,0.0885790378221669
1324.88002,0.08253503907459764
1324.88002,0.06646008504367291
1326.43436,0.07880413479167689
1327.98869,0.08297692427652532
1329.54303,0.07547701259734213
1329.54303,0.0727641004388904
1331.09737,0.1045217770561855
1331.09737,0.08721211121953963
1332.65171,0.08237493444227986
1332.65171,0.08951384752671217
1334.20605,0.05513666320533798
1334.20605,0.07505902860591027
1335.76039,0.08191773365153593
1337.31473,0.06512670059829245
1337.31473,0.08112906084084656
1338.86907,0.08306329189663426
1338.86907,0.04420398536106784
1340.4234,0.0650692934954798
1340.4234,0.06663935764216541
1341.97774,0.04329568930312123
1341.97774,0.05358006380904376
1343.53208,0.037407959869068995
1343.53208,0.057993120133357924
1345.08642,0.0543675754790329
1345.08642,0.03094494925918669
1346.64076,0.03667756131080358
1348.1951,0.03211518615862418
1348.1951,0.04783206544384688
1349.74944,0.030494747331746765
1349.74944,0.03082198271551467
1351.30378,0.03651344128089716
1351.30378,0.042886893427872955
1352.85812,0.04609951733050089
1352.85812,0.027202069322530786
1354.41245,0.03368917602307261
1355.96679,0.046357470343138876
1357.52113,0.04151311514054652
1357.52113,0.06609648132190112
1359.07547,0.04659983676245888
1360.62981,0.04743952132382344
1360.62981,0.07849796834703757
1362.18415,0.037735931054862
1362.18415,0.06277181089042129
1363.73849,0.04880117020440645
1363.73849,0.07269166113889253
1365.29283,0.05693590517972842
1365.29283,0.08428263266813624
1366.84716,0.09728140550637529
1368.4015,0.09952390218740642
1368.4015,0.04967641810148078
1369.95584,0.07934955882014755
1369.95584,0.09142656259305927
1371.51018,0.1240736269538354
1371.51018,0.10452784416304599
1373.06452,0.09181128648581414
1373.06452,0.1015328242369355
1374.61886,0.10701955341472005
1374.61886,0.13401191312573074
1376.1732,0.11951713570950077
1376.1732,0.13731253798263893
1377.72754,0.1433475430549884
1377.72754,0.11216863458984046
1379.28187,0.14127877489251453
1379.28187,0.15861990995276648
1380.83621,0.17449830223789378
1380.83621,0.12497910792024079
1382.39055,0.16542904109951564
1382.39055,0.16279730810733892
1383.94489,0.16211565339243866
1383.94489,0.18688554296803736
1385.49923,0.15185348517483283
1385.49923,0.18010604586454068
1387.05357,0.1557949294291697
1387.05357,0.19595897406267768
1388.60791,0.19321673910421358
1388.60791,0.17178486699706091
1390.16225,0.1987127531289756
1390.16225,0.16545413240774412
1391.71658,0.19031580190785086
1393.27092,0.18413100209637195
1394.82526,0.19518902848379022
1396.3796,0.1758389921343359
1396.3796,0.18285243975959944
1397.93394,0.17377847096975024
1397.93394,0.21298516263402476
1399.48828,0.1683077670068995
1399.48828,0.17781631872673426
1401.04262,0.18859239564206645
1401.04262,0.16093348644689867
1402.59696,0.17639185440311947
1402.59696,0.18400829430282262
1404.15129,0.16885057959548241
1404.15129,0.16917742878787337
1405.70563,0.14551660148625864
1405.70563,0.20240266618532926
1407.25997,0.1616433738737173
1407.25997,0.1474680509984516
1408.81431,0.15320807326892605
1410.36865,0.1384136917312951
1410.36865,0.16254734466553633
1411.92299,0.12604152635538768
1411.92299,0.14314428845942867
1413.47733,0.10088416820379205
1413.47733,0.14157917898651576
1415.03167,0.1207649852897014
1415.03167,0.14649670760749348
1416.58601,0.10967154123880953
1416.58601,0.1400925098882418
1418.14034,0.08668295360666028
1418.14034,0.10139229581651639
1418.14034,0.13328389205297125
1419.69468,0.10892750097030866
1419.69468,0.10442747210775424
1419.69468,0.07582451332797227
1421.24902,0.10007145902848542
1421.24902,0.07048473302224655
1422.80336,0.055430775283827616
1422.80336,0.07943223093514556
1424.3577,0.038767253197627805
1424.3577,0.07583525095435599
1425.91204,0.03694893346750983
1425.91204,0.055509545112946035
1427.46638,0.04148579183183221
1427.46638,0.05072393846311264
1429.02072,0.047878264889456214
1429.02072,0.0251369401258342
1430.57505,0.056399998328174696
1430.57505,0.018862413303383754
1432.12939,0.03534691082739451
1433.68373,0.015393205857659235
1433.68373,0.022853809473705574
1435.23807,0.018167445584360793
1436.79241,0.0006994355230466178
1436.79241,0.024084809061780357
1438.34675,0.001475290160825729
1438.34675,0.0179575559852712
1439.90109,0.021821826820159394
1439.90109,0.017404764358736547
1441.45543,0.0
1441.45543,0.01247307708762673
1443.00976,0.03414627483618872
1443.00976,0.01143160096572064
1443.00976,0.013494278779699087
1444.5641,0.04173984241342455
1444.5641,0.011136046500375916
1444.5641,0.017578760485786656
1446.11844,0.048952737476642826
1446.11844,0.04364682758540235
1446.11844,0.0010559943110850676
1447.67278,0.05990801778917589
1447.67278,0.04030345759599595
1449.22712,0.07671375655775392
1449.22712,0.1037363204279268
1450.78146,0.06526017780528535
1450.78146,0.11883560209285216
1452.3358,0.10663270697235891
1452.3358,0.10085688599920496
1452.3358,0.11090353565500913
1453.89014,0.08431627569631292
1453.89014,0.10796255410636868
1455.44447,0.11633188184841715
1455.44447,0.12429145404662031
1456.99881,0.12897735543656452
1458.55315,0.10680152147643684
1460.10749,0.10444662633883985
1461.66183,0.1182943738376623
1463.21617,0.11336610838871823
1463.21617,0.13378616053105039
1464.77051,0.1410925052395209
1464.77051,0.11088388344908894
1466.32485,0.13581824260222516
1466.32485,0.13866295378399782
1467.87919,0.16461133056008673
1467.87919,0.16734462533741468
1469.43352,0.1504162197273112
1469.43352,0.18718812556753317
1470.98786,0.19124859165239247
1470.98786,0.15666682744929533
1472.5422,0.1694640455863997
1472.5422,0.14946631930364787
1474.09654,0.1817848417198009
1474.09654,0.1426451372276337
1516.06369,0.24166130088657495
1516.06369,0.22438754036293249
1517.25705,0.3507099160148034
1517.61803,0.21347426665852368
1517.61803,0.22367801192758469
1519.17236,0.2282117601473416
1520.7267,0.1814762922987578
1520.7267,0.1814222755226644
1520.7267,0.22835325554801433
1522.28104,0.17900387263152917
1522.28104,0.2114546208366944
1522.28104,0.23000252445856656
1523.83538,0.19452491568906646
1523.83538,0.1881887460838374
1523.83538,0.18502846011074645
1528.59075,0.3779376284034291
1562.59186,0.45099152253850605
1574.9559,0.4232249044364269
1615.54137,0.5369551838754675
1617.09571,0.5400111921330177
1618.65005,0.5063252896076279
1618.65005,0.5336836596909134
1618.65005,0.5214134929088159
1618.65005,0.49974760071324414
1620.20439,0.5077244766363203
1621.75872,0.5244453978464101
1623.31306,0.48580657606197974
1624.8674,0.5026966474395242
1624.8674,0.4934666852707842
1624.8674,0.49906050577932237
1624.8674,0.4837267478845786
1626.42174,0.47333318090297344
1627.97608,0.4703628269295254
1629.53042,0.4856298409180911
1631.08476,0.4700802698329312
1632.6391,0.5003167523226099
1634.19343,0.48737388421488853
1635.74777,0.46919846193730924
1637.30211,0.4783030088673917
1638.85645,0.4700002346120183
1640.41079,0.4652617433556405
1641.96513,0.4870571772907705
1643.51947,0.4627476347423734
1645.07381,0.4576558026751008
1646.62815,0.46582897261358963
1648.18248,0.445974678734578
1649.73682,0.4491520453617335
1649.73682,0.4410293137794113
1649.73682,0.43541379810707276
1649.73682,0.43879367996658175
1651.29116,0.39843235132900434
1651.29116,0.4473045169199044
1651.29116,0.42148431642795203
1652.8455,0.4062188531525755
1652.8455,0.39877110483491146
1654.39984,0.3836448465404103
1654.39984,0.3932641691137423
1654.39984,0.39981463923514315
1654.39984,0.3775445018150701
1655.95418,0.35842261912316764
1655.95418,0.3965894013032082
1655.95418,0.3617042888278604
1657.50852,0.3568224484372941
1657.50852,0.3641012973558754
1659.06286,0.33710482869376807
1659.06286,0.351352064657921
1659.06286,0.3431778740226256
1659.06286,0.35101055441461354
1659.06286,0.3531808894026263
1660.61719,0.348575184801633
1662.17153,0.3205201348979151
1662.17153,0.34149464070306534
1663.72587,0.33938347025832377
1665.28021,0.3329192326928458
1666.83455,0.35189881686556035
1668.38889,0.3451407907867645
1669.94323,0.35019875713390225
1671.49757,0.3396078129112068
1673.0519,0.3352988129826179
1674.60624,0.34030515870472494
1676.16058,0.3312024069039464
1677.71492,0.3404170261670451
1679.26926,0.34579911777831807
1680.8236,0.33740569730516295
1682.37794,0.3419340986946249
1683.93228,0.32627920942558136
1685.48661,0.3261128392485675
1685.48661,0.3313218224192421
1687.04095,0.3348048244150331
1688.59529,0.3136793302675152
1688.59529,0.3139955109458339
1690.14963,0.3103579300218741
1691.70397,0.27920202522174303
1691.70397,0.3009647660964364
1691.70397,0.28965263067830715
1693.25831,0.2814913834124612
1693.25831,0.28682326913442974
1693.25831,0.27139275001233737
1694.81265,0.2652953071282355
1696.36699,0.2857149089089908
1697.92133,0.2716583314279372
1699.47566,0.2741398114665334
1701.03,0.26374176843068486
1702.58434,0.28957212072963623
1704.13868,0.2698168675951741
1705.69302,0.27423396909335734
1707.24736,0.27814121138725806
1708.8017,0.26088992357917623
1710.35604,0.27070182852115227
1711.91037,0.26212202075443003
1713.46471,0.2593629729350874
1715.01905,0.24109138470862201
1716.57339,0.2748302486966246
1718.12773,0.24874513094153494
1719.68207,0.25445063488902964
1721.23641,0.26734066597087053
1722.79075,0.2660929660368683
1724.34508,0.2662197809598052
1725.89942,0.25759962688799826
1727.45376,0.2519836710143529
1729.0081,0.24067366813299276
1729.0081,0.2660370195435247
1730.56244,0.24465431589025474
1730.56244,0.24062278495921213
1732.11678,0.23495003813261495
1733.67112,0.21101421540805854
1733.67112,0.2412045016067555
1735.22546,0.2176074268764292
1736.77979,0.21347830529970635
1738.33413,0.22089806536129558
1739.88847,0.22088088780698845
1741.44281,0.22186927200743262
1742.99715,0.20622523210141913
1744.55149,0.20113639239721678
1744.55149,0.19256482435048797
1744.55149,0.20550642585263035
1746.10583,0.18505601752979253
1746.10583,0.2053993092458651
1746.10583,0.16696132903370817
1747.66017,0.1399602648796422
1747.66017,0.1853078569135074
1747.66017,0.14640192643930988
1747.66017,0.13830907796752898
1747.66017,0.13739297961435573
1747.66017,0.12430962078729611
1749.2145,0.16223759712943187
1749.2145,0.10125312911953038
1749.2145,0.1630108195761453
1749.2145,0.16880044821708523
1749.2145,0.11654087570981357
1749.2145,0.12061275747325388
1750.76884,0.17326757252934955
1750.76884,0.10714831698598647
1752.32318,0.08929103937407436
1753.87752,0.10340164810852363
1753.87752,0.09733684846466902
1755.43186,0.09821786159299328
1756.9862,0.09023232499447655
1758.54054,0.07149952709141358
1760.09488,0.06742401790852295
1775.63826,0.09441256204374575
1775.63826,0.10196604997176616
1777.1926,0.0855809263555326
1777.1926,0.09384312961614841
1778.74694,0.10607859274982052
1780.30128,0.1186020988053731
1781.85562,0.10108514463986484
1781.85562,0.09694414353715552
1783.40996,0.08468028939512706
1783.40996,0.061626340997870344
1784.9643,0.05842662430393912
1784.9643,0.04599852291951059
1786.51864,0.0886436397025834
1786.51864,0.05089464990119104
1788.07297,0.04547905695437771
1789.62731,0.052467239607426164
1789.62731,0.03542114454029318
1791.18165,0.04096316025506395
1792.73599,0.03435395159597043
1792.73599,0.06125193358444481
1794.29033,0.01620098685318107
1794.29033,0.053253771425615014
1795.84467,0.04708346595644872
1795.84467,0.06108815810800193
1797.39901,0.041545872983752945
1797.39901,0.05772151241655649
1798.95335,0.037072431556605084
1798.95335,0.05569046014711149
1800.50768,0.056961294467238306
1802.06202,0.051832128146997475
1803.61636,0.06164175738944573
1803.61636,0.04623770759449549
1805.1707,0.039781089874505765
1805.1707,0.017736848544946723
1806.72504,0.021757810740647525
1806.72504,0.02915642564675796
1808.27938,0.05090774075985215
1808.27938,0.029323404699907837
1809.83372,0.0
1809.83372,0.04713302110144054
1811.38806,0.0054483238466184435
1811.38806,0.018450304817231193
1812.9424,0.0068025007916244625
1812.9424,0.002144092400154954
1812.9424,0.010925365430157657
1814.49673,0.0
1814.49673,0.002785914618469102
1816.05107,0.005103222759227456
1816.05107,0.0
1817.60541,0.00773222778350318
1817.60541,0.0026692001688027557
1819.15975,0.0
1819.15975,0.011684326989362434
1820.71409,0.013141666134211508
1820.71409,0.0
1822.26843,0.018562555314257424
1822.26843,0.01197562409225931
1823.82277,0.02022808616145876
1825.37711,0.005785970438092255
1825.37711,0.0
1826.93144,0.015964564911794387
1826.93144,0.0
1828.48578,0.03921483014581584
1828.48578,0.0030955296928533087
1830.04012,0.006826937298253702
1830.04012,0.002098185093282076
1831.59446,0.04198504126416911
1831.59446,0.024933602504595948
1833.1488,0.03425285929495661
1834.70314,0.024320126442076095
1834.70314,0.06606103610017032
1836.25748,0.05006520965612607
1836.25748,0.041821077387320486
1837.81182,0.07273668138108147
1837.81182,0.04591716459981421
1839.36615,0.07132081752041339
1839.36615,0.06122383613578301
1840.92049,0.031751144953428775
1840.92049,0.07249799170508524
1842.47483,0.06153741778058062
1842.47483,0.026429600441740718
1844.02917,0.07233838038820843
1844.02917,0.0370176970411986
1845.58351,0.05667368976123359
1845.58351,0.03435330929774949
1847.13785,0.03443505628819726
1847.13785,0.06478348968110634
1848.69219,0.05045676021452648
1848.69219,0.028463385976588387
1850.24653,0.01065638839062721
1850.24653,0.038593103758612704
1851.80086,0.026687441639110243
1851.80086,0.0
1853.3552,0.013788385487574557
1853.3552,0.008435448561413473
1853.3552,0.013385339720401089
1854.90954,0.0
1854.90954,0.020667955954919347
1854.90954,0.0
1856.46388,0.000737565397531655
1856.46388,0.0
1858.01822,0.0006218825025155419
1858.01822,0.012371353004288705
1859.57256,0.0
1859.57256,0.0006429592245450003
1861.1269,0.0
1861.1269,0.028309818594136997
1862.68124,0.032160651522329685
1862.68124,0.012260722072250544
1864.23557,0.023446359367188096
1865.78991,0.0025923301572391057
1865.78991,0.03320540291503903
1867.34425,0.017401449001657698
1868.89859,0.030918811104304576
1870.45293,0.04352156592510249
1872.00727,0.017757255411867588
1872.00727,0.015707574615710963
1873.56161,0.03410276822865306
1873.56161,0.027848528543442806
1875.11595,0.025630277223065105
1875.11595,0.01272175623966379
1876.67029,0.030068629162276293
1878.22462,0.010307563597700487
1878.22462,0.007875822345377176
1879.77896,0.015536146516043382
1881.3333,0.021357642529420233
1882.88764,0.026074032938940606
1882.88764,0.014130341675555368
1884.44198,0.012037565983811258
1884.44198,0.0
1885.99632,0.012290103880951184
1885.99632,0.0
1887.55066,0.016003079475139785
1887.55066,0.0052193736008958784
1889.105,0.011291679466452082
1889.105,0.02002057384333689
1890.65933,0.012286702581022534
1892.21367,0.020899459262100094
1892.21367,0.004529414162622256
1893.76801,0.0
1895.32235,0.01255170284125
1895.32235,0.0184523770090271
1896.87669,0.007549822158099389
1896.87669,0.025050829697627272
1898.43103,0.017979822878473717
1898.43103,0.05114049969412842
1899.98537,0.05003271861537647
1899.98537,0.03733395412769302
1901.53971,0.06195795505080339
1901.53971,0.03669432097753127
1903.09404,0.03745466869678052
1903.09404,0.06991243183443406
1904.64838,0.05535401058629501
1904.64838,0.07765537341660426
1906.20272,0.04861223801553953
1906.20272,0.0783899877933937
1907.75706,0.04702610260924007
1907.75706,0.08466778231664167
1909.3114,0.049089599249129694
1909.3114,0.09147274111206444
1910.86574,0.057350510655921116
1910.86574,0.08287619053196515
1912.42008,0.0710655225325198
1912.42008,0.07340397101091489
1913.97442,0.0755040390009324
1913.97442,0.05521967609483638
1915.52875,0.09558491771594785
1915.52875,0.062440190884486435
1917.08309,0.07510435900465373
1917.08309,0.06104955900857042
1918.63743,0.07277254298270007
1918.63743,0.0577781165649608
1920.19177,0.06482263390277261
1920.19177,0.0929171631278615
1921.74611,0.04881277534035767
1923.30045,0.05969200289160745
1923.30045,0.07944006511917995
1924.85479,0.07642953290007602
1924.85479,0.0590053456398042
1926.40913,0.05543530403149433
1927.96346,0.05569686443512837
1927.96346,0.090681343955727
1929.5178,0.04847604451361353
1929.5178,0.06059136051695232
1931.07214,0.05060419286095949
1931.07214,0.0637308229591982
1932.62648,0.06551529769727388
1932.62648,0.03782734244518807
1934.18082,0.06828522362168742
1934.18082,0.032125009812588236
1935.73516,0.05860329764250123
1935.73516,0.03100472006279856
1937.2895,0.04314291845349368
1937.2895,0.04710713856359181
1938.84384,0.0426757993103181
1938.84384,0.002376719659252363
1940.39818,0.01847304652572511
1940.39818,0.03353268596730228
1941.95251,0.029953843944853575
1941.95251,0.03645405615500647
1943.50685,0.01966786938379859
1943.50685,0.04267851343994969
1945.06119,0.030838227004437623
1946.61553,0.039505198927816364
1948.16987,0.006383916813821704
1948.16987,0.03170140509256939
1949.72421,0.009590403749990015
1949.72421,0.0382911118192079
1951.27855,0.03916248321589147
1951.27855,0.007341604348622993
1952.83289,0.028990498271731842
1952.83289,0.0
1954.38722,0.022433703617483706
1954.38722,0.02684904200700844
1955.94156,0.01279409045377014
1955.94156,0.024049305673979848
1957.4959,0.012934774675038941
1959.05024,0.035649094874696946
1960.60458,0.0
1962.15892,0.01314562680319443
1962.15892,0.02483197387236427
1963.71326,0.011515372187450974
1963.71326,0.02568390439227551
1965.2676,0.025076386647445808
1965.2676,0.01987357405032256
1966.82193,0.0
1966.82193,0.011601606545010237
1968.37627,0.00888969765528942
1968.37627,0.029476631085705446
1969.93061,0.0024997610134809604
1969.93061,0.028549308628750287
1971.48495,0.0
1971.48495,0.001917266885453459
1973.03929,0.0031381079604769274
1973.03929,0.02258686751029839
1974.59363,0.0
1974.59363,0.0
1976.14797,0.0
1976.14797,0.0
1977.70231,0.0
1977.70231,0.0
1979.25664,0.0
1979.25664,0.006880883525450096
1979.25664,0.013004219534054375
1980.81098,0.0
1980.81098,0.015284126246587216
1980.81098,0.0
1982.36532,0.005257828576536738
1983.91966,0.0032357174835943065
1983.91966,0.0027189458600021528
1985.474,0.004702195927052761
1985.474,0.0014693906934034244
1985.474,0.0
1987.02834,0.016662982080890943
1987.02834,0.02369531398816324
1987.02834,0.0
1988.58268,0.0
1988.58268,0.0
1990.13702,0.0
1991.69136,0.0
1991.69136,0.005667635901354118
1993.24569,0.0
1993.24569,0.0025791595515319843
1994.80003,0.004520798126829003
1994.80003,0.009457381357649276
1996.35437,0.0
1996.35437,0.004571016901742795
1996.35437,0.0036785231599676363
1997.90871,0.0
1997.90871,0.0032090423589620338
1999.46305,0.0
1999.46305,0.0
2001.01739,0.0
2001.01739,0.010737367369320688
2002.57173,0.007140453466231319
2002.57173,0.04118466151815407
2004.12607,0.0
2004.12607,0.026165465594916795
2005.6804,0.004776523798423464
2005.6804,0.0332283193752028
2007.23474,0.012740770025329367
2007.23474,0.06045852319365275
2008.78908,0.020508326087000917
2008.78908,0.04880793405684375
2010.34342,0.024401610737582076
2010.34342,0.04971348199515718
2011.89776,0.04196285974697103
2011.89776,0.06445484759909187
2013.4521,0.06649236541882171
2013.4521,0.043993786807117914
2015.00644,0.094886682415307
2015.00644,0.05512881776887678
2016.56078,0.07672931364906277
2018.11511,0.0626359455505258
2018.11511,0.08669417253657614
2019.66945,0.07401816990736554
2019.66945,0.057988582553196194
2021.22379,0.0689752953044578
2021.22379,0.07580474453702966
2022.77813,0.07586485262591745
2022.77813,0.08152497400417748
2024.33247,0.06580813437561145
2024.33247,0.09165811181682564
2025.88681,0.08028613636762316
2027.44115,0.0663833220371733
2027.44115,0.09531835771607873
2028.99549,0.05186656047671161
2028.99549,0.06094014578793083
2030.54982,0.05888516088295602
2030.54982,0.07125311347860436
2032.10416,0.0812160787610956
2032.10416,0.053021636504000255
2033.6585,0.05217432536450922
2033.6585,0.05004998988715684
2035.21284,0.06607737482848444
2035.21284,0.05161577548787361
2036.76718,0.05541893150174266
2038.32152,0.03299785284167599
2039.87586,0.054010424307735956
2041.4302,0.06094973580687525
2041.4302,0.03698892689384399
2042.98453,0.05447099083570374
2042.98453,0.02611682641384882
2044.53887,0.049803429019176254
2044.53887,0.02874369537519347
2046.09321,0.04635926218117168
2046.09321,0.0
2047.64755,0.00342457536886589
2047.64755,0.02949854467164207
2049.20189,0.0
2049.20189,0.01813649702405679
2050.75623,0.008751914518526633
2050.75623,0.027498336599337744
2052.31057,0.0
2052.31057,0.007208537069128079
2053.86491,0.007384169667875286
2053.86491,0.0
2055.41925,0.001806077909210287
2056.97358,0.0
2056.97358,0.0
2058.52792,0.0
2058.52792,0.0
2060.08226,0.0
2060.08226,0.0
2061.6366,0.0
2061.6366,0.0012638976757607331
2063.19094,0.023806519944993974
2063.19094,0.0
2064.74528,0.004255558020297264
2064.74528,0.007550181804298323
2066.29962,0.013419259003172422
2066.29962,0.0
2067.85396,0.015619202901486239
2067.85396,0.0052602640275515155
2069.40829,0.0017691398139283313
2069.40829,0.01452208622175458
2070.96263,0.0198715396567869
2072.51697,0.0
2072.51697,0.019898183720689227
2074.07131,0.018833342489606237
2074.07131,0.0
2075.62565,0.004520694891228131
2075.62565,0.0
2077.17999,0.0
2077.17999,0.004480968199707132
2077.17999,0.0054428003962805884
2078.73433,0.0
2078.73433,0.011465725738582786
2078.73433,0.004188865218569149
2080.28867,0.0
2080.28867,0.004515763606950853
2081.843,0.004971905519356101
2081.843,0.0
2083.39734,0.0
2083.39734,0.007073120536413987
2084.95168,0.005691872702356864
2084.95168,0.0
2086.50602,0.0
2088.06036,0.0
2088.06036,0.0
2089.6147,0.02049395262797629
2089.6147,0.0
2091.16904,0.0
2091.16904,0.0
2092.72338,0.0
2092.72338,0.002939472239713485
2094.27771,0.014030290065633574
2094.27771,0.01900620062909718
2095.83205,0.01311887826382727
2095.83205,0.0
2097.38639,0.015775685907810883
2097.38639,0.0
2098.94073,0.029106699646022725
2098.94073,0.0
2100.49507,0.0
2100.49507,0.03303117658415057
2100.49507,0.03094136887948175
2102.04941,0.020053210850431758
2102.04941,0.0032787271705447285
2103.60375,0.039336934547374434
2103.60375,0.015673949626463395
2105.15809,0.02718668075793792
2105.15809,0.03454918493816675
2105.15809,0.02850430206591057
2106.71243,0.0776547838046756
2108.26676,0.04491719988144473
2108.26676,0.04833943215155497
2109.8211,0.047060900118357174
2109.8211,0.04684305328244253
2111.37544,0.0642191125827815
2111.37544,0.05720245070814333
2112.92978,0.06538172251995551
2112.92978,0.06281822514345092
2114.48412,0.06051858156796218
2114.48412,0.02457595580302565
2116.03846,0.029403618183738572
2116.03846,0.05204242508840348
2117.5928,0.05323563502380981
2119.14714,0.05006687621256785
2119.14714,0.026352066731500923
2120.70147,0.04864426319779024
2120.70147,0.03932287337736071
2122.25581,0.056641102160084444
2123.81015,0.08064477899063886
2123.81015,0.031663502488885484
2125.36449,0.05929165789840724
2125.36449,0.04317364051899301
2126.91883,0.06967221189654771
2126.91883,0.04460985765545635
2128.47317,0.046366717143981113
2128.47317,0.08169757448978138
2128.47317,0.05797765546160444
2130.02751,0.036384243305943795
2130.02751,0.0
2130.02751,0.054588493690668344
2131.58185,0.03859470323781427
2131.58185,0.02337178412615261
2133.13618,0.03405114231035599
2133.13618,0.012959938420284579
2134.69052,0.011849210833405267
2134.69052,0.030634418553767008
2134.69052,0.0
2136.24486,0.0
2136.24486,0.0
2137.7992,0.0
2137.7992,0.0
2139.35354,0.0
2140.90788,0.0
2142.46222,0.0
2144.01656,0.0010571948792176353
2144.01656,0.0
2145.57089,0.0
2145.57089,0.02891879897044209
2145.57089,0.0
2147.12523,0.011065176853312863
2147.12523,0.01271373110008823
2147.12523,0.036724635685412337
2148.67957,0.04184612437390053
2148.67957,0.0
2150.23391,0.028894646900965184
2151.78825,0.08817214430184507
2151.78825,0.03972288126980005
2151.78825,0.03782329620897583
2151.78825,0.06157331331802816
2153.34259,0.05276425629031498
2153.34259,0.09246319432650228
2154.89693,0.07381581549065039
2154.89693,0.10555929006641263
2156.45127,0.09646795094404188
2156.45127,0.10224126530798282
2158.0056,0.1319613644620447
2158.0056,0.09101594520376337
2159.55994,0.11442708616739453
2159.55994,0.161589612651622
2161.11428,0.17209897520679618
2162.66862,0.12616304159154623
2162.66862,0.15597570237549316
2164.22296,0.14090251717279356
2164.22296,0.15297302639067265
2165.7773,0.17371745890772863
2167.33164,0.16050310785087926
2167.33164,0.1420763961337034
2167.33164,0.12155614956486042
2168.88598,0.08547176206447243
2168.88598,0.13147464851656737
2170.44032,0.09480062782045542
2170.44032,0.09989176935241631
2171.99465,0.06892201433812795
2171.99465,0.11602213653488141
2171.99465,0.08172799711334468
2173.54899,0.05147380776433419
2175.10333,0.07380197504595182
2175.10333,0.056133793632181656
2175.10333,0.02370634921272357
2176.65767,0.05070139331175673
2176.65767,0.03792038281352704
2178.21201,0.022253817477301048
2178.21201,0.03737855232238227
2179.76635,0.01424653927368106
2179.76635,0.039125223393295654
2181.32069,0.04322253153660167
2181.32069,0.003462997849867239
2182.87503,0.014213917038998096
2182.87503,0.011618670784622151
2184.42936,0.011474929286162323
2185.9837,0.02426354527172258
2185.9837,0.009569086206487425
2187.53804,0.03570568056228538
2187.53804,0.017559125259819706
2189.09238,0.023381228982898017
2189.09238,0.013317912465439641
2190.64672,0.019997659504776673
2190.64672,0.024851799484886618
2192.20106,0.028686488152261314
2192.20106,0.02701684434300691
2193.7554,0.030432803479663026
2193.7554,0.04075960199275428
2195.30974,0.02961496304357601
2196.86407,0.05422674682668805
2196.86407,0.043488319578012385
2198.41841,0.06933554034216763
2198.41841,0.054068630967781986
2199.97275,0.054009009949600305
2199.97275,0.054911772193556044
2201.52709,0.05546891555680216
2201.52709,0.05540098304910538
2203.08143,0.05365582456901097
2203.08143,0.06959466282102164
2204.63577,0.04531288623086172
2204.63577,0.042672722461235206
2206.19011,0.013674255372374017
2206.19011,0.06424798726831031
2207.74445,0.040537226450094416
2207.74445,0.04992176896958213
2209.29878,0.04615856741243452
2209.29878,0.02499345149067954
2210.85312,0.040617564199283925
2210.85312,0.06654623028396928
2212.40746,0.03956208259648344
2213.9618,0.05405287081526176
2213.9618,0.05099171542759856
2215.51614,0.05561346919040609
2217.07048,0.058067707675630034
2217.07048,0.04160498025944831
2218.62482,0.0513537186398557
2218.62482,0.056727034670931396
2220.17916,0.049644009704878644
2220.17916,0.07486261414286242
2221.7335,0.08251109451425263
2221.7335,0.05174026213863218
2223.28783,0.07234117989332745
2223.28783,0.09593811211469741
2224.84217,0.0707801481430789
2224.84217,0.07259962687153802
2226.39651,0.07057151106575628
2226.39651,0.102999915616237
2227.95085,0.11458307670303017
2227.95085,0.07577079837689432
2229.50519,0.05944779268319384
2229.50519,0.09552435802602577
2231.05953,0.0652294168163973
2232.61387,0.04064110551827974
2232.61387,0.07190905793545373
2234.16821,0.07494858020228382
2234.16821,0.04841528932318915
2234.16821,0.023455277383341973
2235.72254,0.02119099048043755
2235.72254,0.045283029914607996
2237.27688,0.05125547725503035
2237.27688,0.016659380316336334
2238.83122,0.0436722458413961
2238.83122,0.0
2238.83122,0.016146718166836917
2240.38556,0.011616647390708643
2240.38556,0.02746928314127335
2240.38556,0.008377019991090515
2241.9399,0.0010054014350533752
2243.49424,0.007171424512863264
2243.49424,0.0
2245.04858,0.0
2245.04858,0.0
2270.43317,0.0
2298.25226,0.0730692833953789
2321.95,0.26483577137567144
2338.43539,0.3352351648570974
2344.61741,0.22004955728922435
2355.95111,0.20921004475649177
2355.95111,0.10756515314186434
2378.72171,0.027108558662552126
2378.72171,0.0
2380.27605,0.0
2380.27605,0.0
2381.83039,0.008416795566530539
2381.83039,0.0012361642070851313
2383.38473,0.003314696110499514
2383.38473,0.0
2383.38473,0.0
2384.93907,0.0
2384.93907,0.0
2386.49341,0.0017171709937867275
2386.49341,0.0
2388.04774,0.0
2389.60208,0.0
2389.60208,0.0
2391.15642,0.0
2391.15642,0.007165542661933254
2392.71076,0.0
2392.71076,0.004780007009007878
2394.2651,0.01397765226448401
2395.81944,0.008598814924081632
2395.81944,0.015968819422421975
2397.37378,0.015302574581256289
2397.37378,0.0
2398.92812,0.0
2400.48246,0.0
2400.48246,0.017982866972698002
2402.03679,0.01155824914610236
2402.03679,0.0
2403.59113,0.0
2405.14547,0.0
2405.14547,0.03124199512568921
2406.69981,0.0021138493925393995
2406.69981,0.016886651190252937
2408.25415,0.047284172843221776
2408.25415,0.005953737301316061
2409.80849,0.04271710259203382
2409.80849,0.021343027539511894
2411.36283,0.022456179723778884
2411.36283,0.01639113981026447
2412.91717,0.03873177989971579
2414.4715,0.01658440123647677
2414.4715,0.02436051008299351
2416.02584,0.019382294424169645
2416.02584,0.01172828389262578
2417.58018,0.0
2417.58018,0.03213141222753407
2419.13452,0.01241233825992692
2419.13452,0.0
2420.68886,0.010457464239816232
2420.68886,0.0
2422.2432,0.0
2422.2432,0.014038932282090367
2423.79754,0.0
2423.79754,0.0
2425.35188,0.0
2425.35188,0.0
2426.90621,0.0
2426.90621,0.0
2428.46055,0.007896963212887334
2428.46055,0.0
2430.01489,0.0
2430.01489,0.01959513290265973
2431.56923,0.0
2431.56923,0.0
2433.12357,0.0
2433.12357,0.0
2434.67791,0.0
2434.67791,0.0
2436.23225,0.009303773346124367
2436.23225,0.0
2437.78659,0.0
2437.78659,0.0
2439.34092,0.0
2439.34092,0.0
2440.89526,0.0
2440.89526,0.0
2442.4496,0.0
2444.00394,0.010965897010605677
2444.00394,0.008016351093769646
2445.55828,0.0
2445.55828,0.0
2447.11262,0.0
2447.11262,0.0
2447.11262,0.0
2448.66696,0.0
2448.66696,0.009892895657343281
2450.2213,0.0015818549633894714
2450.2213,0.002199915277223788
2451.77564,0.0
2451.77564,0.0
2453.32997,0.0
2453.32997,0.0
2453.32997,0.0
2454.88431,0.008054442933692039
2454.88431,0.009562188336882806
2456.43865,0.004383249876950235
2456.43865,0.0
2457.99299,0.0005539278586437984
2457.99299,0.0
2459.54733,0.0018742142806232787
2461.10167,0.0
2462.65601,0.0
2464.21035,0.003549044840568307
2464.21035,0.0
2465.76468,0.0
2465.76468,0.01861966634104553
2465.76468,0.005389618730979391
2467.31902,0.0
2467.31902,0.0
2467.31902,0.0
2468.87336,0.00606453272125245
2468.87336,0.0
2470.4277,0.004781285345312439
2470.4277,0.0
2471.98204,0.0
2471.98204,0.0
2471.98204,0.003528406420726207
2471.98204,0.0
2473.53638,0.0
2473.53638,0.016633190875665536
2475.09072,0.0
2475.09072,0.06175971000218728
2476.64506,0.00450091912723843
2476.64506,0.09468899847017313
2478.19939,0.020033795322722845
2478.19939,0.0963074032654891
2479.75373,0.07450017131683594
2479.75373,0.11045156665848313
2481.30807,0.16694255597918375
2481.30807,0.09989333906171254
2482.86241,0.17961572654972946
2482.86241,0.1626088807841269
2482.86241,0.1101148166522707
2484.41675,0.19475244838710448
2484.41675,0.15884788496985283
2485.97109,0.17134124966609474
2485.97109,0.19470916835121135
2487.52543,0.18211189483075063
2487.52543,0.19541058426503505
2487.52543,0.1782378154437936
2487.52543,0.19403338272806034
2489.07977,0.22862279266231655
2489.07977,0.19099520001278464
2489.07977,0.1967131927897169
2489.07977,0.21166759384873723
2490.6341,0.22986919902812694
2490.6341,0.2098507132672949
2492.18844,0.21684037585349547
2492.18844,0.19745013708197687
2492.18844,0.22792055930094565
2492.18844,0.20596225193430184
2493.74278,0.23565720112282806
2493.74278,0.2356259920706614
2495.29712,0.2151017952397159
2495.29712,0.2284857540053149
2495.29712,0.19837859556476337
2495.29712,0.2260035389091972
2496.85146,0.21775949706348804
2496.85146,0.22333259885191994
2496.85146,0.2221654302448965
2496.85146,0.20623031576400194
2498.4058,0.19707211734955596
2498.4058,0.19953675757684602
2499.96014,0.20637179350543242
2499.96014,0.2238504612491173
2499.96014,0.19860560039457942
2499.96014,0.20377072905503055
2501.51448,0.2129214217746172
2501.51448,0.20800778716830237
2501.51448,0.19581357612622755
2501.51448,0.1952417605507038
2503.06881,0.1900576431995839
2503.06881,0.19319583373341853
2503.06881,0.20138355667803004
2503.06881,0.18983004085080563
2504.62315,0.17114074126566425
2504.62315,0.19662550571814807
2504.62315,0.1734381626591355
2504.62315,0.2078054723841214
2506.17749,0.19212318365333222
2506.17749,0.19445765995125866
2506.17749,0.18069540768868336
2506.17749,0.20369512994893052
2507.73183,0.1629231171218595
2507.73183,0.17400774843238054
2507.73183,0.1993263841242635
2507.73183,0.18884283549700365
2509.28617,0.15952799577536253
2509.28617,0.1986376016980882
2510.84051,0.1763442753325701
2510.84051,0.19619352095683112
2512.39485,0.19432361671017684
2512.39485,0.15673053625628502
2512.39485,0.19224027468069113
2512.39485,0.18348032266256933
2513.94919,0.16951168955144696
2513.94919,0.17265161170131418
2513.94919,0.17734287195255635
2513.94919,0.16007629600140938
2515.50353,0.16958836453989337
2515.50353,0.16061911807055104
2515.50353,0.17499989968441093
2515.50353,0.14997638255670678
2517.05786,0.1456495735207067
2517.05786,0.19545181881976217
2517.05786,0.1590470205364485
2517.05786,0.14615862337873994
2518.6122,0.12841705723663607
2518.6122,0.13635354446285175
2518.6122,0.18306403889475203
2518.6122,0.15889137003473436
2520.16654,0.15785442787017942
2520.16654,0.1398858076657904
2520.16654,0.1400036357816498
2520.16654,0.15571807903891496
2523.27522,0.15697173539582318
2523.27522,0.13744824094788413
2524.82956,0.15605331676759082
2526.3839,0.14950713129454885
2526.3839,0.14646792515594073
2527.93824,0.14980830538698195
2527.93824,0.1193118947725199
2529.49257,0.14134836985254157
2531.04691,0.14468610656155487
2531.04691,0.18143539685533128
2532.60125,0.14764146583224685
2532.60125,0.1703231435760867
2534.15559,0.1698551328497728
2534.15559,0.14079741301460277
2535.70993,0.16322562337248273
2535.70993,0.1682859484297562
2537.26427,0.16825765307827442
2537.26427,0.18174202402745998
2537.26427,0.13616590317222282
2538.81861,0.10767002307661298
2538.81861,0.17070830607671794
2540.37295,0.14466150606016895
2540.37295,0.1238113101330716
2541.92728,0.13885510554472516
2541.92728,0.1197704653871775
2543.48162,0.06723395505415128
2543.48162,0.12782119057007132
2545.03596,0.11916760074512416
2545.03596,0.05822023512005693
2546.5903,0.07461444987628633
2546.5903,0.05659536676706444
2548.14464,0.0676792015645919
2548.14464,0.05918194972760761
2548.14464,0.027975964130026156
2549.69898,0.0
2549.69898,0.06602230090439656
2551.25332,0.0324511705945179
2551.25332,0.00025392126797831624
2551.25332,0.0
2552.80766,0.03783713746815051
2552.80766,0.0
2552.80766,0.0
2554.36199,0.0
2554.36199,0.0
2554.36199,0.005623630334627272
2555.91633,0.0
2557.47067,0.0
2559.02501,0.0
2559.02501,0.0
2560.57935,0.003099177896077149
2562.13369,0.0
2562.13369,0.0
2563.68803,0.0
2563.68803,0.0
2565.24237,0.0
2565.24237,0.013117370297163571
2566.79671,0.0
2566.79671,0.0
2568.35104,0.0
2568.35104,0.006702892195600074
2569.90538,0.0
2569.90538,0.03048768051436969
2569.90538,0.012444530649446863
2571.45972,0.028467956603687884
2571.45972,0.0134714460222999
2573.01406,0.02838229035824378
2573.01406,0.012158174859841098
2574.5684,0.01541898283888596
2574.5684,0.025117498983291745
2576.12274,0.030525798935452604
2576.12274,0.05081336299838451
2577.67708,0.023267909296881256
2579.23142,0.028039820777083693
2579.23142,0.0043410571823216644
2580.78575,0.026825657107589967
2580.78575,0.01533894454662353
2582.34009,0.006444980050215387
2582.34009,0.01313889666250276
2583.89443,0.0070675483115994866
2583.89443,0.00130968374126184
2585.44877,0.0
2585.44877,0.004956869384351493
2587.00311,0.0
2587.00311,0.002194783550506757
2588.55745,0.0
2590.11179,0.0
2591.66613,0.0029695988640844784
2593.22046,0.026877296138795078
2593.22046,0.004307620600097751
2594.7748,0.04499345907939047
2594.7748,0.0023886366048251374
2596.32914,0.036961226276443056
2596.32914,0.020673836179563216
2597.88348,0.03534855464526778
2597.88348,0.07025572910805321
2599.43782,0.10657682924219475
2599.43782,0.053713114352653406
2600.99216,0.14900145578154972
2600.99216,0.10597320634411503
2600.99216,0.121226572354009
2600.99216,0.07560838360006276
2602.5465,0.08041802129069482
2602.5465,0.13731332127418316
2604.10084,0.16216077298980905
2604.10084,0.12060674666347473
2605.65517,0.13262587008994067
2605.65517,0.19124905565583422
2605.65517,0.21025329465441145
2607.20951,0.22114394973858106
2607.20951,0.18722462487536698
2607.20951,0.13181125962046422
2607.20951,0.1525425425288786
2608.76385,0.21118715065119453
2608.76385,0.18707576016818037
2610.31819,0.2198547554450869
2611.87253,0.25262421221000547
2611.87253,0.21886675257721624
2613.42687,0.22378133267650396
2613.42687,0.2711612712037895
2614.98121,0.24802197101836015
2614.98121,0.2411766386652829
2614.98121,0.2730072158298823
2616.53555,0.2342697631594101
2616.53555,0.26073014968722946
2618.08988,0.23946451902952964
2618.08988,0.2803210001366636
2618.08988,0.2600417730693912
2619.64422,0.21343643844966687
2619.64422,0.22361714619005896
2619.64422,0.2668558128844189
2621.19856,0.2596870907777113
2621.19856,0.19981949202291197
2621.19856,0.23211782690181787
2622.7529,0.2520918206291509
2622.7529,0.2278618480261425
2622.7529,0.16401866676895432
2624.30724,0.21550111521712131
2624.30724,0.1607163617341051
2625.86158,0.1582498511605427
2627.41592,0.15748385774567958
2627.41592,0.13381031689356435
2628.97026,0.11796239423505707
2628.97026,0.15930127221269036
2630.5246,0.13416547719093053
2630.5246,0.08675541471200388
2632.07893,0.12166684079013705
2632.07893,0.08380624452013721
2633.63327,0.08764643397289544
2633.63327,0.06851533165579178
2635.18761,0.05906271653630106
2635.18761,0.09866286554491395
2636.74195,0.05758102939689584
2636.74195,0.0710861959076325
2638.29629,0.06254722014646041
2638.29629,0.023332683141782353
2639.85063,0.045839669106304895
2639.85063,0.035366227742065035
2641.40497,0.030548166867049455
2641.40497,0.06056305720564829
2642.95931,0.039917039141761354
2642.95931,0.06299537929421645
2644.51364,0.04386019564072359
2644.51364,0.05753531207113323
2644.51364,0.032641685203692504
2646.06798,0.02772123652922278
2646.06798,0.051355261224043214
2647.62232,0.06452183833103914
2647.62232,0.05525423452423686
2647.62232,0.06550198410202762
2649.17666,0.056157022625793925
2649.17666,0.06604158414663083
2649.17666,0.05418888611638301
2650.731,0.056077495254243125
2652.28534,0.08747291705038196
2652.28534,0.04561057181069875
2653.83968,0.06863378822092266
2653.83968,0.04451318961220544
2655.39402,0.043572441917926384
2655.39402,0.06766563198028337
2655.39402,0.07117553829992293
2656.94835,0.06867987098008117
2656.94835,0.051609234274233855
2658.50269,0.041142009827132835
2658.50269,0.06176179927028531
2658.50269,0.027720319410513315
2660.05703,0.029422290268655466
2661.61137,0.053876975577531426
2661.61137,0.025087721988838723
2663.16571,0.030030480031492918
2663.16571,0.019432511754330976
2663.16571,0.04838888715018032
2664.72005,0.033132766960953616
2664.72005,0.063587883288868
2666.27439,0.07357073899319573
2666.27439,0.026837758273944273
2667.82873,0.03628045454283558
2667.82873,0.07867617837012274
2669.38306,0.08595170518366023
2669.38306,0.08784986058298669
2670.9374,0.10198665575428108
2672.49174,0.07629284869890908
2672.49174,0.05850109957899473
2674.04608,0.06497285163288773
2674.04608,0.09639979236703107
2675.60042,0.05845613829569666
2675.60042,0.06158495854907883
2677.15476,0.051279476790007036
2677.15476,0.06699253114780436
2678.7091,0.023542896356148365
2680.26344,0.0415849669367034
2680.26344,0.03907226994125429
2681.81778,0.046390351546828926
2681.81778,0.03747407603605542
2683.37211,0.04367189186057475
2683.37211,0.019174875554266287
2684.92645,0.04398215356787767
2684.92645,0.02760626512795443
2686.48079,0.010645782426271523
2686.48079,0.03143004091196496
2688.03513,0.015499261263045627
2688.03513,0.01097203985086243
2689.58947,0.014860450611000801
2691.14381,0.020721583916047396
2691.14381,0.03706929298218404
2691.14381,0.055749058159493346
2692.69815,0.050907359680688886
2692.69815,0.02078789616926207
2694.25249,0.06755804298400475
2694.25249,0.042274556210399314
2695.80682,0.05065896165166959
2695.80682,0.07924528350850463
2697.36116,0.059548448791425165
2697.36116,0.07242100062209672
2698.9155,0.0829790217093593
2698.9155,0.059059069130542784
2700.46984,0.07808769082184024
2700.46984,0.0707751833509011
2702.02418,0.09308114598870847
2703.57852,0.08933822435913684
2703.57852,0.09771087120418927
2705.13286,0.11952464578922607
2705.13286,0.060203085141473114
2706.6872,0.09430524237562474
2706.6872,0.06921808509793276
2708.24153,0.0781089861770025
2708.24153,0.08431331734855288
2708.24153,0.05783904861658115
2709.79587,0.08057287361832981
2709.79587,0.05300945174710924
2711.35021,0.03818251657262422
2711.35021,0.07388468420814258
2711.35021,0.05747541748844232
2712.90455,0.04122997443774868
2712.90455,0.031037875615009394
2714.45889,0.007984914942001887
2714.45889,0.03849773209381159
2716.01323,0.028894294967994297
2716.01323,0.0
2717.56757,0.006848831918977771
2717.56757,0.025464144357462283
2717.56757,0.020268272541072545
2719.12191,0.01898926766524722
2719.12191,0.0
2719.12191,0.02041275095022419
2720.67624,0.009262472344065928
2720.67624,0.0
2722.23058,0.031011407679554244
2722.23058,0.0
2723.78492,0.0
2725.33926,0.0
2725.33926,0.0
2726.8936,0.007502540296896036
2730.00228,0.0
2731.55662,0.0009602670404173119
2731.55662,0.006165068100364926
2733.11095,0.013869468657471237
2733.11095,0.0
2734.66529,0.0
2734.66529,0.015831091022362246
2736.21963,0.0
2736.21963,0.019099159467248456
2737.77397,0.0
2739.32831,0.008386479141509052
2739.32831,0.022369281443950367
2740.88265,0.0
2742.43699,0.04094507620045634
2743.99133,0.0
2743.99133,0.02919163736147974
2745.54567,0.001811865274785729
2745.54567,0.02165984701156663
2747.1,0.01554666659524507
2748.65434,0.04005551649317963
2750.20868,0.018606725688904233
2751.76302,0.02521744095261734
2753.31736,0.02040918038848426
2754.8717,0.03919111342262357
2754.8717,0.027274343658069168
2756.42604,0.04052938111300722
2757.98038,0.02494289112329421
2759.53471,0.02201353087770494
2761.08905,0.010329003890386124
2761.08905,0.01678326968232038
2762.64339,0.017169937912389636
2762.64339,0.02881945341424575
2764.19773,0.03826450431603001
2764.19773,0.0
2765.75207,0.006836856828050324
2765.75207,0.009967937973135024
2767.30641,0.007308372625171284
2767.30641,0.021118139201379126
2768.86075,0.005063907950382227
2770.41509,0.0021494723165779014
2770.41509,0.0
2771.96942,0.007020883540312298
2771.96942,0.0
2773.52376,0.0
2775.0781,0.0
2775.0781,0.0
2775.0781,0.0
2776.63244,0.0
2776.63244,0.0
2778.18678,0.005260680320154841
2778.18678,0.0
2779.74112,0.0
2779.74112,0.0
2781.29546,0.0
2781.29546,0.0
2782.8498,0.0
2782.8498,0.0
2782.8498,0.0
2784.40413,0.0
2784.40413,0.0
2785.95847,0.0
2785.95847,0.006223974199401991
2787.51281,0.0
2787.51281,0.0
2789.06715,0.0048408976184642506
2790.62149,0.010925160939505045
2790.62149,0.0
2792.17583,0.0
2792.17583,0.0
2793.73017,0.0037728001198637476
2795.28451,0.00016972377105880132
2795.28451,0.0
2796.83885,0.009622856085523225
2796.83885,0.0
2796.83885,0.004412748549913019
2798.39318,0.045932728708967606
2798.39318,0.0
2798.39318,0.009573032861070684
2798.39318,0.0
2799.94752,0.0
2799.94752,0.03724624617881575
2799.94752,0.03292640471239423
2801.50186,0.07728426684128457
2801.50186,0.006805099225757282
2801.50186,0.04188572035845579
2803.0562,0.04447111784693877
2803.0562,0.06288543161802694
2803.0562,0.027233232411559175
2804.61054,0.04521205555006319
2804.61054,0.028562457056065187
2804.61054,0.0580997750154664
2806.16488,0.06291161126154565
2806.16488,0.04863429677938096
2807.71922,0.05599669936199135
2807.71922,0.01719199254149127
2809.27356,0.05100020811298226
2809.27356,0.026508573438757545
2810.82789,0.04314939283945494
2810.82789,0.03296338019953779
2812.38223,0.036688411434875834
2812.38223,0.03153668448778835
2813.93657,0.032151881726645216
2813.93657,0.028298479369904105
2815.49091,0.017837304326592317
2815.49091,0.0396179196708478
2817.04525,0.019360738460568037
2817.04525,0.010583639282719775
2818.59959,0.0094605340056347
2818.59959,0.007998069980579323
2820.15393,0.004628499967120947
2820.15393,0.02582883436981848
2821.70827,0.0
2821.70827,0.0009000738886376788
2823.2626,0.0
2823.2626,0.0
2824.81694,0.0
2824.81694,0.0
2826.37128,0.0
2826.37128,0.0
2827.92562,0.001073042769362694
2827.92562,0.0
2829.47996,0.004794710422170202
2829.47996,0.0
2831.0343,0.001015274101701253
2832.58864,0.0029492756261525746
2832.58864,0.0
2834.14298,0.0
2834.14298,0.00041514964166715514
2835.69731,0.0
2835.69731,0.0
2837.25165,0.0
2838.80599,0.0006168821179815381
2838.80599,0.013066923451661137
2840.36033,0.0
2840.36033,0.0
2841.91467,0.0031080854368156956
2841.91467,0.0
2843.46901,0.007247465222078338
2843.46901,0.0
2845.02335,0.0
2845.02335,0.011194991086926941
2846.57769,0.011373783595892778
2846.57769,0.0
2846.57769,0.0
2848.13202,0.0
2848.13202,0.0
2848.13202,0.0
2849.68636,0.006109234384973273
2849.68636,0.0018275665688713984
2849.68636,0.0
2851.2407,0.011932050292360679
2851.2407,0.0027080980967308954
2852.79504,0.0
2852.79504,0.03710337075605354
2854.34938,0.04412931296880288
2854.34938,0.0
2854.34938,0.0039479872422126805
2855.90372,0.022330842778646293
2855.90372,0.038736330796964064
2857.45806,0.04584501015524045
2857.45806,0.028883618417444155
2859.0124,0.054999854692466876
2859.0124,0.030001941645469852
2860.56674,0.08261389106598013
2860.56674,0.048972672699221696
2862.12107,0.06800269048871019
2863.67541,0.08087861823450737
2865.22975,0.10755474426688447
2866.78409,0.1058139654100325
2866.78409,0.1041399214976169
2868.33843,0.097661250843824
2868.33843,0.09584321261984356
2869.89277,0.09357837018363899
2869.89277,0.10734883674561849
2871.44711,0.09592866884851536
2871.44711,0.13277998140837266
2873.00145,0.11813763090289513
2873.00145,0.08498669693094457
2874.55578,0.11229949703688438
2874.55578,0.08551194420921958
2876.11012,0.12256915100776637
2876.11012,0.03981173128499016
2876.11012,0.08037041083314812
2877.66446,0.0382877153526842
2877.66446,0.0942947759257279
2879.2188,0.026261590388963755
2879.2188,0.07712883227079613
2880.77314,0.018939008918621533
2880.77314,0.05000029993780831
2882.32748,0.02904732933476269
2882.32748,0.0
2883.88182,0.001491958311332864
2885.43616,0.0
2885.43616,0.023940051036625328
2886.99049,0.0
2886.99049,0.005316836409413944
2886.99049,0.0
2888.54483,0.006737507773410868
2888.54483,0.0
2888.54483,0.0
2890.09917,0.0008101243854646143
2890.09917,0.0
2891.65351,0.0
2891.65351,0.010981715216976481
2893.20785,0.0
2894.76219,0.0
2896.31653,0.0
2896.31653,0.0
2897.87087,0.005826473616806028
2897.87087,0.0
2899.4252,0.0
2899.4252,0.0
2900.97954,0.016050564315417598
2900.97954,0.0
2902.53388,0.0
2902.53388,0.0
2904.08822,0.0
2904.08822,0.0
2904.08822,0.0
2905.64256,0.0
2907.1969,0.0
2907.1969,0.0
2907.1969,0.0022719841012857163
2908.75124,0.01016097814320013
2908.75124,0.0
2908.75124,0.03748821876473891
2910.30558,0.0011057902416148294
2910.30558,0.058913309339669165
2910.30558,0.03677902077426282
2910.30558,0.02791202171036904
2911.85992,0.05625141947633655
2911.85992,0.07846678697000292
2911.85992,0.11717863832621692
2911.85992,0.02609784456747176
2913.41425,0.09521160793768975
2913.41425,0.04790381815032285
2914.96859,0.14303339262403697
2914.96859,0.08251674246431943
2916.52293,0.09026588081765687
2918.07727,0.143172027766663
2919.63161,0.1552894943860666
2921.18595,0.12363341596469724
2921.18595,0.13739961809929227
2922.74029,0.1323744004065481
2924.29463,0.13448598738686213
2924.29463,0.11264997428799968
2925.84896,0.1361670998434667
2925.84896,0.09394601075293078
2927.4033,0.08396794877135155
2927.4033,0.09349479002002783
2927.4033,0.12704407485327954
2928.95764,0.05718329874419157
2928.95764,0.11134841586731704
2930.51198,0.019531560791326005
2930.51198,0.08327412016127983
2932.06632,0.020441298363018487
2932.06632,0.05507941949457092
2933.62066,0.006892807034243666
2933.62066,0.0
2933.62066,0.008244520959231012
2935.175,0.00038822504113554394
2935.175,0.0002604604871132417
2936.72934,0.021353170754069214
2936.72934,0.00907895276525825
2938.28367,0.0
2939.83801,0.0
2941.39235,0.0
2941.39235,0.0
2942.94669,0.0
2942.94669,0.0
2944.50103,0.0
2944.50103,0.00951920307138839
2946.05537,0.006120441125027837
2947.60971,0.0
2949.16405,0.0
2949.16405,0.0
2950.71838,0.0014131219217113943
2950.71838,0.0
2952.27272,0.013270802279118853
2952.27272,0.0
2953.82706,0.004115266900326631
2953.82706,0.01123227657421438
2955.3814,0.025418116212078914
2955.3814,0.008281220361786907
2956.93574,0.044043676441529414
2956.93574,0.0
2958.49008,0.02790312442720427
2958.49008,0.025652638521223
2960.04442,0.009535238756779698
2960.04442,0.0322530557908133
2961.59876,0.018252533959990856
2961.59876,0.0414239186764854
2963.15309,0.031362593066448535
2964.70743,0.018226225841243896
2964.70743,0.03248326262502078
2966.26177,0.012363155832100266
2966.26177,0.010691772540070676
2967.81611,0.03312180196041939
2967.81611,0.01987321933813429
2969.37045,0.02624587667121736
2969.37045,0.0
2970.92479,0.029436646597312707
2970.92479,0.0
2972.47913,0.009082627230260014
2972.47913,0.039023456183495696
2974.03347,0.00917535193875423
2974.03347,0.02101001871567136
2975.58781,0.041270413031546375
2975.58781,0.03508201980403287
2977.14214,0.040874867980777954
2977.14214,0.023214928078701104
2978.69648,0.00697781463686972
2978.69648,0.05104891476755598
2980.25082,0.038626269635725456
2980.25082,0.0
2981.80516,0.019555918516123375
2981.80516,0.0
2983.3595,0.0007580469724874416
2983.3595,0.0
2984.91384,0.0
2984.91384,0.0034161065815262294
2986.46818,0.0057394284533542755
2986.46818,0.0
2988.02252,0.0012116794853350822
2988.02252,0.0
2989.57685,0.0
2989.57685,0.00017150418781155426
2991.13119,0.0
2992.68553,0.01518553693059342
2994.23987,0.0
2995.79421,0.0
2995.79421,0.0
2997.34855,0.005200796192532935
2997.34855,0.0
2998.90289,0.010128369333898542
2998.90289,0.0
3000.45723,0.0
3000.45723,0.0
3002.01156,0.0
3003.5659,0.004631417244824226
3003.5659,0.0
3005.12024,0.008353146002639275
3005.12024,0.0
3006.67458,0.020826235088373404
3006.67458,0.0
3008.22892,0.0062216015394946115
3008.22892,0.005612476426098073
3008.22892,0.0
3009.78326,0.02332391264035041
3009.78326,0.001872084222674909
3011.3376,0.027009866920469545
3011.3376,0.02934868475211058
3012.89194,0.04627702211039845
3012.89194,0.010675044137190776
3014.44627,0.0410565843380874
3014.44627,0.023791896720092243
3014.44627,0.01674231844487375
3016.00061,0.03283369047656001
3016.00061,0.07316312998884499
3017.55495,0.035233607913825786
3017.55495,0.06909922385912425
3019.10929,0.05303684688068021
3019.10929,0.06688948611275568
3020.66363,0.04056277476635464
3020.66363,0.06714857516906238
3022.21797,0.03552607137367339
3022.21797,0.07114150914263619
3023.77231,0.05897158970668701
3025.32665,0.05309247456691748
3025.32665,0.020325271016797708
3026.88099,0.054281240672629946
3026.88099,0.035032652941826656
3028.43532,0.057996445472727524
3028.43532,0.021108446834790122
3029.98966,0.043615879873444216
3029.98966,0.06986943036896737
3031.544,0.06058894569289526
3031.544,0.03876920052372741
3033.09834,0.08433838884499842
3033.09834,0.05157380909347923
3034.65268,0.08212927752777278
3034.65268,0.043282725233344574
3036.20702,0.07881148006870867
3036.20702,0.08540085497034404
3036.20702,0.09660574289981319
3037.76136,0.08275048939470266
3037.76136,0.08670626915186237
3039.3157,0.1142187764117461
3039.3157,0.13475632751127337
3040.87003,0.10791288486034248
3040.87003,0.12669516201379008
3042.42437,0.1073307058584302
3042.42437,0.12502499810442835
3043.97871,0.09937697880166567
3043.97871,0.13032500273042003
3045.53305,0.11332208280347227
3045.53305,0.1517171674505611
3047.08739,0.12271784113269384
3047.08739,0.15564578971703083
3048.64173,0.12343446640158699
3048.64173,0.14866107211180288
3050.19607,0.10973919099176409
3050.19607,0.17023532743521297
3051.75041,0.13318813791183604
3051.75041,0.1614702816438785
3053.30474,0.1304528485229896
3053.30474,0.1623661781142272
3054.85908,0.15787313390584012
3056.41342,0.15855957698625942
3057.96776,0.1532842153361397
3057.96776,0.17799078608981045
3059.5221,0.15150002442325106
3061.07644,0.16158429351877474
3061.07644,0.13690301550057066
3062.63078,0.13453104662211848
3062.63078,0.1757947490497518
3064.18512,0.1709240501240879
3064.18512,0.15412552507918528
3065.73945,0.17764803544219585
3065.73945,0.15380736285904412
3067.29379,0.21388154069875337
3067.29379,0.1505657732859069
3068.84813,0.2320161941363737
3068.84813,0.19838472535369628
3068.84813,0.1658609133437797
3070.40247,0.20962825206261618
3070.40247,0.22643036449992643
3071.95681,0.23710034522906948
3071.95681,0.185799359327512
3073.51115,0.23734454448537878
3075.06549,0.22654417412046585
3075.06549,0.20570626189721272
3076.61983,0.22823451226151356
3078.17416,0.20074087682255456
3078.17416,0.18561143476098155
3079.7285,0.19226087762253558
3079.7285,0.20938108250717882
3081.28284,0.1548001234145123
3081.28284,0.1946661046872945
3082.83718,0.1705147536391988
3082.83718,0.19545797524488767
3082.83718,0.13783296218640648
3084.39152,0.14512649797958346
3084.39152,0.15769875534340697
3084.39152,0.16896845042053824
3085.94586,0.15810906586038906
3085.94586,0.1258748234577779
3087.5002,0.13248115323214185
3087.5002,0.1282658848281333
3089.05454,0.12632535522370877
3089.05454,0.09067523383762784
3090.60888,0.09992707997090076
3090.60888,0.06002726988090178
3090.60888,0.12361347344010341
3092.16321,0.05750464046492339
3092.16321,0.09882020330613832
3093.71755,0.03161709034489731
3093.71755,0.09154178103711337
3095.27189,0.007122942783444567
3095.27189,0.06867929247418726
3096.82623,0.0
3096.82623,0.020973233214810358
3096.82623,0.058412293186908486
3096.82623,0.06947300622520423
3096.82623,0.02309851767922887
3098.38057,0.0016843009476826393
3098.38057,0.03067877180063862
3098.38057,0.01869795599564153
3099.93491,0.0310741139822221
3099.93491,0.0
3099.93491,0.06987784792738756
3101.48925,0.0029041309937878988
3101.48925,0.04624208808120917
3101.48925,0.08252445919158258
3101.48925,0.059403756097196586
3101.48925,0.017300395711568675
3103.04359,0.04188505926787871
3103.04359,0.1357508863626702
3104.59792,0.09323456646338572
3104.59792,0.1709039056633342
3106.15226,0.18764425354744677
3106.15226,0.1260553481560394
3106.15226,0.18123456801053084
3107.7066,0.13899324199021507
3107.7066,0.19390973309430914
3109.26094,0.2285680014073644
3109.26094,0.18760774669161667
3110.81528,0.21994994230866777
3110.81528,0.20373259206571023
3112.36962,0.2242361697210636
3113.92396,0.240021888990824
3115.4783,0.23441549900416833
3115.4783,0.19599410227832179
3117.03263,0.21271232169286317
3117.03263,0.23381571288772995
3118.58697,0.18002299599265026
3118.58697,0.20013652523937053
3118.58697,0.22810595090121696
3120.14131,0.19335576546115862
3120.14131,0.2257464243923735
3121.69565,0.19077121361027768
3121.69565,0.18948853538528704
3123.24999,0.14884114719442895
3123.24999,0.20634785184757704
3124.80433,0.14443390487729546
3124.80433,0.1574107279333068
3124.80433,0.10772356426111329
3126.35867,0.16727661177428788
3126.35867,0.15553986761083652
3126.35867,0.09411647998128832
3127.91301,0.07068717456407522
3127.91301,0.1337992998504355
3127.91301,0.06634129826257282
3129.46734,0.06747822762143565
3129.46734,0.059465769698508815
3129.46734,0.005747162428545363
3129.46734,0.08889446816584669
3131.02168,0.040476231350552346
3131.02168,0.0
3131.02168,0.049476649828477964
3131.02168,0.09075538692261982
3132.57602,0.020842333618441927
3132.57602,0.003962476045708908
3132.57602,0.06018222433807396
3134.13036,0.0
3134.13036,0.020041831614319335
3135.6847,0.0
3137.23904,0.014695377294479695
3138.79338,0.024202189296244563
3138.79338,0.01688177615901843
3140.34772,0.04166102415156317
3140.34772,0.015585596831381408
3141.90206,0.03978562824622449
3141.90206,0.035617795687629315
3143.45639,0.0319672287971439
3145.01073,0.02485720958115491
3146.56507,0.031881840709185504
3146.56507,0.04357189089994068
3148.11941,0.015849924683162722
3148.11941,0.037766125270431015
3149.67375,0.026719061197183414
3149.67375,0.02879441765295299
3151.22809,0.023408602451904195
3151.22809,0.045214770444548184
3152.78243,0.04267535257144683
3152.78243,0.03918640818820439
3154.33677,0.04658164151126195
3154.33677,0.03613517270192735
3155.8911,0.02792104282155366
3155.8911,0.04381673360802167
3157.44544,0.04448832433293807
3158.99978,0.051334878888047955
3158.99978,0.03729872157600092
3160.55412,0.03307844168493923
3160.55412,0.032829028695850034
3162.10846,0.0742503055668955
3162.10846,0.06332691879049088
3163.6628,0.06869622403555939
3163.6628,0.040681166430300585
3165.21714,0.05135148096856019
3165.21714,0.08102094230902701
3166.77148,0.07509097962396535
3166.77148,0.059027830911907726
3168.32581,0.05828704088077923
3168.32581,0.07529917873888928
3169.88015,0.055027211021681406
3169.88015,0.06520334589847021
3169.88015,0.08851380301646636
3171.43449,0.10784111364937701
3171.43449,0.08038480520196123
3172.98883,0.09814643311641533
3172.98883,0.08203499129018721
3174.54317,0.12282892908317021
3174.54317,0.1057231969081315
3176.09751,0.10750553478719582
3176.09751,0.117278180260246
3177.65185,0.11278878855020728
3177.65185,0.11399286905990724
3179.20619,0.12891421583886797
3179.20619,0.11183878146411944
3180.76052,0.14773279916629478
3180.76052,0.12487751077440469
3182.31486,0.13125579879013596
3182.31486,0.14539100422092457
3183.8692,0.1410290800191939
3183.8692,0.1412104145218835
3185.42354,0.15303901819532353
3185.42354,0.15046605092126364
3186.97788,0.14986836395730901
3186.97788,0.16448806705373956
3188.53222,0.15527773698517033
3188.53222,0.16145324680626022
3190.08656,0.15702547417529925
3190.08656,0.1393352460953143
3191.6409,0.17656274508452316
3191.6409,0.1425072105165568
3193.19523,0.16655272866340745
3194.74957,0.1694787693665609
3194.74957,0.15454686910265863
3196.30391,0.1736450068375703
3196.30391,0.1735003788211873
3197.85825,0.16487956509773907
3197.85825,0.17484667778195628
3199.41259,0.16531601243299585
3199.41259,0.16863304774419946
3200.96693,0.1886563938517463
3202.52127,0.18712968344908631
3204.07561,0.1740020577101288
3205.62995,0.18337961840215758
3207.18428,0.17109859861529245
3207.18428,0.17046022113311046
3208.73862,0.15389327061240202
3208.73862,0.17853736733158876
3210.29296,0.17205458902185622
3211.8473,0.1647680503724154
3211.8473,0.19003456292881976
3213.40164,0.20335607874834163
3213.40164,0.18244421128525196
3214.95598,0.2032772565740385
3214.95598,0.1795089475065444
3216.51032,0.21823008459941504
3216.51032,0.19527553314272608
3218.06466,0.16611299715327324
3218.06466,0.21907878310747556
3219.61899,0.22090489415969697
3221.17333,0.21686904367619955
3222.72767,0.19529243601762436
3222.72767,0.24005446694931992
3224.28201,0.1847679946793867
3224.28201,0.21753373104317852
3225.83635,0.2220947758841849
3227.39069,0.22602723028502322
3227.39069,0.18664865627388208
3227.39069,0.20362169921082518
3228.94503,0.16718514377483573
3228.94503,0.22887459244748887
3230.49937,0.18793917027379853
3230.49937,0.21275459219649565
3232.0537,0.18067722444419504
3232.0537,0.18070523593245744
3233.60804,0.1561684986443593
3233.60804,0.14273051716701973
3233.60804,0.1880501919620706
3235.16238,0.15564984601415946
3236.71672,0.16150749288769503
3236.71672,0.14222731119256157
3238.27106,0.13412778531206518
3239.8254,0.11977127820589194
3239.8254,0.12939982047441384
3241.37974,0.14786295454203127
3241.37974,0.12592774406032328
3242.93408,0.14312710776508367
3242.93408,0.10496599388987282
3244.48841,0.14320633165167387
3244.48841,0.16917741392135183
3244.48841,0.12735646801297706
3246.04275,0.18070986437584557
3246.04275,0.11799159572631404
3247.59709,0.19494223240403002
3247.59709,0.15871306471858984
3249.15143,0.18018704986728026
3250.70577,0.19799915438864057
3250.70577,0.22175961823128323
3250.70577,0.18577393377958024
3252.26011,0.19516167598307663
3252.26011,0.23558081737503123
3253.81445,0.23299775473899287
3253.81445,0.24253900290970687
3255.36879,0.22144812911192693
3255.36879,0.23407432715568502
3256.92313,0.23639246505002684
3258.47746,0.24075446238046525
3258.47746,0.22641539154769058
3260.0318,0.22709430329180405
3260.0318,0.23893106805229783
3261.58614,0.23028633867413043
3263.14048,0.2112645335920122
3263.14048,0.24476371839377786
3264.69482,0.22346125811763265
3264.69482,0.21080145609900222
3266.24916,0.22920696816040426
3266.24916,0.22399227304553745
3267.8035,0.23517072852902585
3267.8035,0.20514615463447003
3269.35784,0.2141352743612116
3269.35784,0.2327543900779977
3270.91217,0.22012392993133387
3270.91217,0.2230981909863611
3270.91217,0.23175001657936972
3270.91217,0.20807493422204523
3272.46651,0.21616404074259016
3272.46651,0.2284083949634543
3272.46651,0.22604332290111304
3272.46651,0.22988804747183703
3274.02085,0.22504091150060673
3274.02085,0.22453837554860673
3275.57519,0.23085395927308736
3275.57519,0.2477427730583961
3275.57519,0.23552857463719298
3275.57519,0.23561390212600122
3277.12953,0.22595164320183528
3277.12953,0.2624043891619611
3277.12953,0.24118265488945473
3277.12953,0.22900305810909447
3278.68387,0.23821342025500208
3278.68387,0.2396442449553139
3278.68387,0.26959643997894783
3278.68387,0.25761223393274824
3280.23821,0.25473071637410344
3280.23821,0.2506104882802159
3281.79255,0.25637270732018647
3281.79255,0.29657435521651043
3281.79255,0.30179171947271904
3281.79255,0.2837375491670612
3281.79255,0.24134215219490687
3281.79255,0.28978376800926015
3283.34688,0.29480992135485007
3283.34688,0.2731445262587856
3283.34688,0.3177444064203815
3283.34688,0.27585352200617497
3284.90122,0.3019886776002116
3284.90122,0.2887598631595485
3284.90122,0.2901818818081541
3284.90122,0.32624071585063413
3286.45556,0.3079443178948812
3286.45556,0.2801251128493879
3286.45556,0.32652849290476643
3286.45556,0.3053519747028461
3288.0099,0.31488388706824333
3288.0099,0.30983174591312074
3289.56424,0.29505728973864
3289.56424,0.3086623467714266
3289.56424,0.2880000944381159
3289.56424,0.3145901658003844
3291.11858,0.30119091778617263
3292.67292,0.2959039830894762
3294.22726,0.2897995832694191
3295.78159,0.317888773665402
3295.78159,0.30383161098161926
3297.33593,0.29733091414809737
3297.33593,0.30869159478938685
3298.89027,0.3243076514338339
3298.89027,0.30888659805411367
3301.99895,0.3164297609046293
3303.55329,0.3193659622954676
3303.55329,0.3106476212098714
3305.10763,0.3094564869312212
3305.10763,0.28190378196003135
3306.66197,0.2815118863612961
3308.2163,0.2918416997266383
3308.2163,0.26082517387521903
3309.77064,0.2852279675936016
3309.77064,0.28221886725608103
3311.32498,0.26745804549257085
3312.87932,0.2703869618601848
3312.87932,0.30108614807238004
3314.43366,0.28191463523635585
3314.43366,0.31363424151817293
3315.988,0.2934778761104221
3315.988,0.3064773835206836
3315.988,0.2876986295152426
3317.54234,0.31254477049945195
3317.54234,0.29510100770427083
3319.09668,0.30236604741732276
3319.09668,0.32303820677331213
3320.65102,0.34505909752787156
3320.65102,0.3194491380002756
3322.20535,0.32018108014091934
3322.20535,0.31226726317476167
3322.20535,0.35737019868400244
3323.75969,0.37227317899216283
3323.75969,0.34512864823098566
3325.31403,0.3428218680541452
3325.31403,0.3861282822655431
3326.86837,0.3668079591669057
3326.86837,0.389303166168479
3326.86837,0.3857186741455787
3328.42271,0.3748198800037977
3328.42271,0.4219880693115132
3329.97705,0.3558242448769878
3329.97705,0.3926664284732064
3331.53139,0.3958291086438805
3333.08573,0.4014731032120199
3333.08573,0.37972814699345103
3334.64006,0.3834499426007725
3336.1944,0.34947882328678287
3337.74874,0.3627851785844813
3337.74874,0.2825477043392981
3339.30308,0.3563750800079522
3339.30308,0.32315417713241607
3339.30308,0.320723722002253
3339.30308,0.38492895372818225
3340.85742,0.2667168969111448
3340.85742,0.32415526742638867
3342.41176,0.29297831948631664
3342.41176,0.24831783611716665
3343.9661,0.2901649401932861
3343.9661,0.2536125996071097
3345.52044,0.2580958970277167
3345.52044,0.24540511954840552
3347.07477,0.23824180360652164
3347.07477,0.2793313571067054
3347.07477,0.25258568489998673
3348.62911,0.26347619266785044
3348.62911,0.3048696042806349
3348.62911,0.24844412512426597
3350.18345,0.2769108693906989
3350.18345,0.2702146391775206
3351.73779,0.30616062091945345
3351.73779,0.2703711885690018
3351.73779,0.2754540847642899
3353.29213,0.27808290902322946
3353.29213,0.32077764045333895
3354.84647,0.3308026214775487
3354.84647,0.314569550360512
3356.40081,0.31088214828956573
3356.40081,0.36109841596666875
3357.95515,0.36020081769701884
3357.95515,0.3314488070146791
3359.50948,0.3877315004698592
3359.50948,0.3212968900432956
3361.06382,0.35728077951933856
3361.06382,0.4016114098939981
3362.61816,0.3249398688098361
3362.61816,0.39053276386999064
3364.1725,0.33321774702580514
3364.1725,0.39494227451538105
3365.72684,0.3689261003795489
3365.72684,0.3222991842974256
3365.72684,0.3236516484282986
3367.28118,0.36520461505976476
3367.28118,0.2949524363943549
3368.83552,0.29193853515354923
3370.38986,0.31644225813569854
3370.38986,0.2708958447566465
3371.9442,0.25820407235928045
3371.9442,0.23298896802897118
3371.9442,0.30614221136246483
3373.49853,0.2893226264635776
3373.49853,0.24495616127771425
3375.05287,0.2715178856577088
3375.05287,0.18443672191534
3376.60721,0.22393575988694572
3376.60721,0.16339265652069362
3378.16155,0.19014605681643096
3378.16155,0.21223495684199295
3378.16155,0.18169960420705017
3379.71589,0.1785761077255248
3379.71589,0.20589146006810102
3379.71589,0.16834581561039696
3381.27023,0.22384369064778786
3381.27023,0.16769141870442034
3382.82457,0.18754592253132996
3382.82457,0.21597075463021276
3384.37891,0.1949216282372274
3384.37891,0.2340029741456564
3385.93324,0.20987068030433986
3385.93324,0.25520207241002163
3387.48758,0.22094224902658324
3387.48758,0.23938090920261604
3389.04192,0.2376870630640338
3390.59626,0.23719776928491368
3392.1506,0.24203350889111666
3393.70494,0.26394726454820694
3393.70494,0.22586972309180753
3395.25928,0.25539811988686956
3396.81362,0.20944741302371683
3396.81362,0.23676186206029803
3398.36795,0.2509657059334106
3398.36795,0.20355202471786188
3398.36795,0.23022131705450002
3399.92229,0.22762303528527233
3399.92229,0.20599572621636134
3401.47663,0.2211594688828196
3401.47663,0.2070357968349254
3403.03097,0.22735485972766817
3403.03097,0.2009547871931617
3404.58531,0.1628501178388924
3406.13965,0.11178447680147102
3406.13965,0.17715755038934744
3407.69399,0.10923287232528223
3407.69399,0.15049670684709845
3409.24833,0.10362569242536357
3409.24833,0.1278581030575569
3410.80266,0.10693788757050572
3410.80266,0.07126469531501194
3410.80266,0.14019631151348724
3412.357,0.07082716115597605
3412.357,0.13538520149703695
3413.91134,0.08826821916405556
3413.91134,0.061472277701067495
3413.91134,0.13481776515550478
3415.46568,0.08281930248616239
3417.02002,0.13613114021389644
3417.02002,0.1127458522916995
3418.57436,0.11214947580627584
3418.57436,0.1577251713069902
3420.1287,0.12786658523318298
3420.1287,0.16686901837775975
3421.68304,0.1642945942106465
3423.23737,0.15812264388647318
3423.23737,0.16711002566272087
3424.79171,0.16636182729782661
3424.79171,0.1701654981830261
3426.34605,0.15223063126110875
3427.90039,0.16322896725969846
3427.90039,0.18452652027020602
3429.45473,0.14976432475667742
3429.45473,0.18947143549183024
3431.00907,0.17344523539041318
3431.00907,0.14207829230833513
3432.56341,0.18390785832500325
3432.56341,0.15507851760208494
3434.11775,0.16971636726902822
3435.67209,0.1519223254945029
3435.67209,0.13738810237796442
3435.67209,0.18563066116902205
3437.22642,0.14569854713574829
3437.22642,0.16777034190919862
3438.78076,0.10267598412523118
3438.78076,0.15877745537188723
3440.3351,0.10610302891691367
3440.3351,0.1448489404258831
3441.88944,0.06339900516727934
3441.88944,0.12274254163893906
3443.44378,0.06122578283350671
3443.44378,0.10789373000266177
3443.44378,0.12815397144161608
3444.99812,0.0826835195071794
3444.99812,0.05041136430600975
3446.55246,0.09319649317448624
3446.55246,0.05259232356718007
3448.1068,0.06234358976837336
3448.1068,0.05194909447784601
3448.1068,0.09876907044943188
3449.66113,0.06814870796476613
3449.66113,0.10864118492149148
3451.21547,0.06359116540232769
3451.21547,0.13818647477508797
3452.76981,0.13060071617638494
3452.76981,0.0867877898548602
3452.76981,0.1115597263820936
3454.32415,0.12508086415163303
3454.32415,0.11370368991249657
3455.87849,0.11843591773319767
3457.43283,0.14873874983931543
3457.43283,0.11980076397835315
3458.98717,0.1428247385944325
3458.98717,0.12964516181594457
3460.54151,0.12430054693010571
3460.54151,0.15816475285839632
3462.09584,0.13932287476123362
3463.65018,0.14709235932407183
3463.65018,0.15850120971573645
3465.20452,0.14396651046911843
3465.20452,0.16296183126548283
3466.75886,0.143038016155542
3466.75886,0.14774721860183598
3468.3132,0.13212158752143524
3469.86754,0.15292289498682432
3469.86754,0.14555639445165294
3471.42188,0.1480353839244701
3471.42188,0.17730415381054176
3472.97622,0.1496660539551699
3472.97622,0.17362927849288456
3474.53055,0.15781183757482856
3474.53055,0.17727508942250467
3476.08489,0.2134579223224309
3476.08489,0.18408026651297849
3477.63923,0.18982399169801786
3477.63923,0.16570673898896557
3479.19357,0.19275139146145667
3479.19357,0.17324418839230635
3480.74791,0.18959702799310685
3480.74791,0.18338807067098883
3482.30225,0.1992027015086101
3482.30225,0.20441015682474048
3483.85659,0.20160992944757414
3485.41093,0.20695576516342598
3485.41093,0.22845945897997438
3486.96527,0.2083059582647261
3488.5196,0.18880134620649713
3490.07394,0.19680370757675417
3491.62828,0.18865937930278373
3491.62828,0.19888071798673793
3493.18262,0.18495675386703858
3493.18262,0.1909673631405759
3494.73696,0.1940752148906077
3494.73696,0.17267320248847676
3496.2913,0.18733521302968234
3496.2913,0.18498622119348684
3497.84564,0.14552068177474395
3497.84564,0.18900418545927347
3499.39998,0.1928392214090957
3499.39998,0.1382320079650118
3499.39998,0.13514535815869388
3500.95431,0.12588757192682679
3500.95431,0.11103471757109923
3500.95431,0.19850626712843783
3502.50865,0.13889888568319442
3502.50865,0.1214645575070165
3504.06299,0.11166867455649689
3504.06299,0.14025391345228044
3505.61733,0.10676063682824519
3505.61733,0.10535340286156698
3507.17167,0.06428074236809089
3507.17167,0.11151845696742264
3508.72601,0.07270964111984086
3508.72601,0.10796666812967613
3510.28035,0.05476351221753435
3510.28035,0.08250395083651475
3511.83469,0.0936535116787309
3511.83469,0.0635150175588133
3513.38902,0.07626522287740631
3513.38902,0.06667790608875034
3514.94336,0.06696554778551811
3514.94336,0.049638065328846466
3516.4977,0.050784349557843375
3516.4977,0.07755182316235389
3518.05204,0.06220159360521589
3518.05204,0.0308704194037342
3519.60638,0.05301112101427741
3519.60638,0.0428250531331941
3521.16072,0.03670271674524631
3522.71506,0.03627446713264758
3522.71506,0.03377861553495446
3524.2694,0.04541566300751268
3525.82373,0.0404165897765906
3527.37807,0.03761769846178216
3528.93241,0.03811029368672122
3528.93241,0.0037499194925643548
3530.48675,0.02835953524620438
3530.48675,0.0
3532.04109,0.0019206783234617534
3532.04109,0.03625904301307904
3532.04109,0.005180177766307837
3533.59543,0.0
3533.59543,0.008690336067274103
3535.14977,0.0041894405660702115
3535.14977,0.007294993476213878
3536.70411,0.0024582777324480623
3536.70411,0.0
3538.25844,0.0
3538.25844,0.012424539095700193
3539.81278,0.0
3541.36712,0.012566127384649002
3542.92146,0.017348137966760165
3542.92146,0.002684561494152696
3544.4758,0.0239364710670916
3546.03014,0.0005458994897600114
3546.03014,0.024859628563142392
3547.58448,0.022813737138383076
3547.58448,0.05308084163667691
3549.13882,0.008716007714313512
3549.13882,0.03583475581618607
3549.13882,0.06065920500498048
3550.69316,0.05254720887054793
3550.69316,0.07097604264621384
3550.69316,0.047938135373198534
3552.24749,0.059889850732521274
3552.24749,0.0920911271237417
3553.80183,0.10948498311158485
3553.80183,0.0850707945882365
3555.35617,0.08527584678339399
3555.35617,0.11885924871466033
3556.91051,0.10642201637388816
3556.91051,0.11466953095346938
3558.46485,0.12196630167645389
3558.46485,0.13537256052867455
3560.01919,0.11067612306036353
3560.01919,0.15193092634679028
3561.57353,0.1270481969169403
3561.57353,0.13796696401350297
3563.12787,0.1456721934532084
3563.12787,0.15688996977620084
3564.6822,0.1494055222398737
3564.6822,0.17444814649678073
3566.23654,0.17257004205515528
3566.23654,0.15398591484717292
3567.79088,0.16449482639778676
3569.34522,0.16169747885709707
3569.34522,0.17536198008074416
3570.89956,0.1805093540056794
3570.89956,0.15398626254760192
3572.4539,0.17812666125440352
3574.00824,0.1444149265636777
3574.00824,0.17351095626768245
3575.56258,0.16729157975401776
3575.56258,0.14418323681825276
3577.11691,0.13808098041243844
3578.67125,0.13660957661208503
3578.67125,0.14252417672704903
3580.22559,0.1358523544859421
3580.22559,0.15148377983797662
3581.77993,0.1545353659752541
3581.77993,0.15259591348775195
3583.33427,0.17004309053006708
3583.33427,0.14196220824648328
3584.88861,0.16149349465618984
3584.88861,0.13750354592009614
3586.44295,0.16089462728012988
3587.99729,0.14816392277117235
3587.99729,0.17130736123175863
3587.99729,0.12966785354581636
3589.55162,0.10128206407217634
3589.55162,0.1562235497645302
3591.10596,0.10421907695084741
3591.10596,0.13537442691906992
3592.6603,0.11065490584326512
3592.6603,0.10387011869419045
3594.21464,0.11900100789885823
3594.21464,0.08077078631071798
3595.76898,0.08346146851606247
3597.32332,0.11358549136177969
3598.87766,0.1039440850522302
3598.87766,0.0952562132432866
3600.432,0.10348283563491735
3600.432,0.09538763625628237
3601.98634,0.11353713836846138
3603.54067,0.12167811342346113
3603.54067,0.09916388605089246
3605.09501,0.09281233878340449
3605.09501,0.10720192974896812
3606.64935,0.09005205366894047
3606.64935,0.11999735387861465
3608.20369,0.11124795435120502
3608.20369,0.08852033071543369
3609.75803,0.07409409652118584
3609.75803,0.12634512843597379
3611.31237,0.07705511455405191
3611.31237,0.08087735327726685
3612.86671,0.07888681454141651
3612.86671,0.09373181489264387
3614.42105,0.1086090092451349
3615.97538,0.09883113276732154
3615.97538,0.11008190491066469
3617.52972,0.09040842173237466
3619.08406,0.05762254801507666
3620.6384,0.09539719176391176
3620.6384,0.06858956533357723
3622.19274,0.048911513485483116
3622.19274,0.10439559714179575
3623.74708,0.054841455433181044
3623.74708,0.07047912955889757
3625.30142,0.02961230394451025
3626.85576,0.012267645016743097
3626.85576,0.04978384499123799
3628.41009,0.015325790891132658
3628.41009,0.05146509016021327
3629.96443,0.020869270223502594
3629.96443,0.05084110404363019
3631.51877,0.02812134447540745
3631.51877,0.0363822744459571
3633.07311,0.08717726661461059
3633.07311,0.04600965498839921
3634.62745,0.04450306537698354
3634.62745,0.07950011442361
3636.18179,0.05453550676626857
3636.18179,0.08752983767891007
3637.73613,0.08328060978088767
3637.73613,0.0922308907921991
3639.29047,0.10979833462951441
3639.29047,0.07182829396856982
3640.8448,0.1144905717925472
3640.8448,0.0873212997935244
3640.8448,0.11356877823866703
3642.39914,0.10011432992981818
3642.39914,0.1234016461854783
3643.95348,0.1267805196811435
3645.50782,0.11091834302127772
3645.50782,0.12077176475156458
3647.06216,0.13404983357583694
3647.06216,0.11082946869995887
3648.6165,0.1165957318319326
3648.6165,0.12608110689743998
3650.17084,0.12000786889570043
3650.17084,0.12628421750209645
3651.72518,0.1268137004866436
3653.27951,0.11439251652753749
3654.83385,0.09746173233391935
3656.38819,0.09632864342749442
3656.38819,0.1072520129758557
3657.94253,0.12776050907553504
3657.94253,0.09310273980806692
3659.49687,0.09270826653550472
3659.49687,0.11262804130888865
3661.05121,0.09217634731265723
3661.05121,0.11857853106481055
3662.60555,0.099475934835238
3664.15989,0.11382658973109
3665.71423,0.10845693194721744
3667.26856,0.08538069264495193
3668.8229,0.09571576084651602
3668.8229,0.09539614895888834
3670.37724,0.09678242351596339
3670.37724,0.08838892275236032
3671.93158,0.10501039168533753
3673.48592,0.08998102605938745
3675.04026,0.0823779907791103
3676.5946,0.0923455394351177
3676.5946,0.06015163869026238
3678.14894,0.0739973120227793
3678.14894,0.06680477613712316
3678.14894,0.03792583774341307
3679.70327,0.07992217053814706
3681.25761,0.0823082313541832
3681.25761,0.04442277209963633
3681.25761,0.05155105091808105
3682.81195,0.01530403251990985
3682.81195,0.06088190027061724
3684.36629,0.012197216569845331
3684.36629,0.03575467087331903
3684.36629,0.04263045666328258
3685.92063,0.05790293639149179
3685.92063,0.009402859677165941
3687.47497,0.03765075838479457
3687.47497,0.02422520814787413
3689.02931,0.0259713370720296
3689.02931,0.05962550236956472
3690.58365,0.06347800726420973
3690.58365,0.03458593626636917
3692.13798,0.061888645566281424
3692.13798,0.03996954688517257
3693.69232,0.031650546776007156
3693.69232,0.06830578440876003
3695.24666,0.04017685624770481
3695.24666,0.048930267862709736
3696.801,0.05727766770208582
3698.35534,0.04581268619051439
3699.90968,0.04132310928576869
3699.90968,0.018080334244282518
3701.46402,0.029801856288069514
3703.01836,0.04249078973797599
3703.01836,0.023583665866852548
3704.57269,0.05387242413280068
3704.57269,0.03468299341279199
3706.12703,0.052091131602939905
3706.12703,0.020033485055604563
3706.12703,0.07901312819164528
3707.68137,0.0812302504232248
3707.68137,0.06302474379635052
3709.23571,0.08541374969461138
3709.23571,0.06941546371165544
3710.79005,0.07055338540949568
3712.34439,0.06040050981636445
3712.34439,0.039331787384664106
3713.89873,0.04345758006928361
3713.89873,0.0
3715.45307,0.06350806031972868
3715.45307,0.012994881113842947
3717.00741,0.03363660657927843
3717.00741,0.01318257146259779
3718.56174,0.012222226310824142
3718.56174,0.00957810371433719
3718.56174,0.05909090501915208
3720.11608,0.0389842043790166
3720.11608,0.022728605411234438
3721.67042,0.05238662867288833
3721.67042,0.022481260005744193
3723.22476,0.06976883930707284
3723.22476,0.03655283974460411
3723.22476,0.04696999591197652
3724.7791,0.037160298028640126
3724.7791,0.06642026913769468
3726.33344,0.0897558184050517
3726.33344,0.06303518366749362
3727.88778,0.06151192759243941
3727.88778,0.10368652117683658
3729.44212,0.1021893074377646
3729.44212,0.08923664236229033
3730.99645,0.09604303625219159
3730.99645,0.11088953100988133
3732.55079,0.08405053309822703
3732.55079,0.11689832503904518
3734.10513,0.1007506813414186
3734.10513,0.13517119807849737
3734.10513,0.15050143287614534
3735.65947,0.17356645904902362
3735.65947,0.11619158394992665
3737.21381,0.18244625905747155
3737.21381,0.20188101876653494
3737.21381,0.1153299479896046
3738.76815,0.2331581665010601
3738.76815,0.15919354607000177
3738.76815,0.23858241377747372
3740.32249,0.24969442183299673
3740.32249,0.1615303815225907
3741.87683,0.21810880090926896
3741.87683,0.28791196595258683
3743.43116,0.17807497052940438
3743.43116,0.23776005554311294
3743.43116,0.267309565203565
3744.9855,0.24974492858270222
3744.9855,0.18602884905825087
3744.9855,0.27833116901092453
3744.9855,0.2194810516835723
3746.53984,0.23177694827463421
3746.53984,0.16144101737040623
3748.09418,0.11121370105599544
3748.09418,0.19052177454902866
3748.09418,0.17006362354125243
3749.64852,0.09268636680935376
3749.64852,0.19839395781467556
3749.64852,0.13978213324570637
3749.64852,0.15800280854706356
3751.20286,0.14574774532369444
3751.20286,0.109231976748629
3752.7572,0.11066498519677821
3752.7572,0.09203261938493057
3754.31154,0.09919755400179017
3754.31154,0.07823453205313434
3755.86587,0.07225192366075875
3755.86587,0.12069980929986648
3757.42021,0.07591745745179644
3757.42021,0.0542976689724203
3758.97455,0.08060474578060163
3758.97455,0.059345194971410324
3760.52889,0.06451678557201955
3760.52889,0.08439192903892283
3762.08323,0.05434092952603783
3762.08323,0.039849996871150546
3763.63757,0.026489620742051256
3763.63757,0.06240181627324304
3765.19191,0.05382147541731309
3765.19191,0.01927361108971123
3765.19191,0.03713293391750315
3766.74625,0.04688382799349225
3766.74625,0.012862626011794224
3768.30058,0.03141831161424458
3768.30058,0.07798671736645821
3768.30058,0.0660607181824232
3769.85492,0.08365051497505482
3769.85492,0.031183158628823458
3769.85492,0.06223081229985094
3771.40926,0.12721274847602274
3771.40926,0.06273813117545694
3772.9636,0.1391956938016857
3772.9636,0.11275869421038909
3772.9636,0.08707054677336849
3774.51794,0.09611842401481432
3774.51794,0.13720834346193406
3776.07228,0.12551404513874717
3776.07228,0.12661247081720636
3779.18096,0.1281475279089046
3780.7353,0.1235375202104408
3782.28963,0.1394898001750254
3783.84397,0.11173999648985199
3783.84397,0.11821015113964481
3783.84397,0.09698439769035563
3785.39831,0.1099180453993147
3785.39831,0.1415679619478404
3786.95265,0.11126276288619512
3786.95265,0.07624147726530502
3788.50699,0.08056353593366317
3790.06133,0.07393701413870421
3790.06133,0.08276138796378993
3791.61567,0.06721910274737337
3791.61567,0.06342218328958094
3793.17001,0.0343608880936256
3793.17001,0.07460415419722068
3794.72434,0.05804294312204814
3794.72434,0.026031033780663265
3796.27868,0.045524738584695364
3796.27868,0.008756295078305238
3797.83302,0.012843117377717575
3797.83302,0.03876879053634453
3799.38736,0.020645589465096294
3799.38736,0.017825664710810783
3800.9417,0.0008268854389671811
3800.9417,0.00928522494736163
3802.49604,0.0
3804.05038,0.004416601012970687
3805.60472,0.01624810908596865
3805.60472,0.0041789318804046635
3807.15905,0.017464234896088424
3807.15905,0.015388049957054938
3808.71339,0.030539095258889894
3808.71339,0.0
3808.71339,0.0164225504054108
3810.26773,0.014132404148642197
3810.26773,0.030857303041984734
3811.82207,0.0411303906471278
3811.82207,0.05996006809963827
3811.82207,0.025865386151593457
3813.37641,0.07401818303737417
3813.37641,0.03983596244403531
3813.37641,0.058519986942171996
3814.93075,0.06515404863257829
3814.93075,0.039441136163745706
3814.93075,0.06393923278644341
3816.48509,0.07229058465179053
3818.03943,0.0873405287580449
3818.03943,0.04401533041451437
3819.59376,0.06688418267711824
3819.59376,0.054957903210859645
3821.1481,0.06374213938472145
3821.1481,0.08673944049717432
3822.70244,0.06606565868518442
3824.25678,0.0780016888552942
3824.25678,0.04342593081287209
3825.81112,0.07247963262794806
3825.81112,0.058338942722838044
3827.36546,0.035360006476817876
3827.36546,0.08151247932116581
3828.9198,0.04968543003859952
3830.47414,0.0404184164056385
3832.02848,0.041248854584293636
3833.58281,0.06014615717136066
3833.58281,0.02054962682942122
3835.13715,0.05876955005940433
3835.13715,0.056461489156413726
3836.69149,0.045128565003384996
3836.69149,0.03780167375236727
3838.24583,0.05740913333972159
3838.24583,0.05424517224609123
3839.80017,0.053000197516058375
3839.80017,0.06318967136189424
3841.35451,0.05777347448354953
3841.35451,0.05835913116621326
3842.90885,0.039863530527233404
3842.90885,0.04934052633368358
3844.46319,0.05994019163937754
3846.01752,0.037087040270799745
3847.57186,0.03792485024580897
3849.1262,0.019771265912786547
3849.1262,0.046108668945785296
3850.68054,0.018483630409376443
3850.68054,0.030576034175868537
3852.23488,0.015583277452705257
3852.23488,0.029218599968013508
3853.78922,0.03316730923698212
3853.78922,0.00016165012349827386
3855.34356,0.008729273643556162
3855.34356,0.015412616778037964
3856.8979,0.015997779276926787
3856.8979,0.027017720004854976
3858.45223,0.01978715603756071
3858.45223,0.02514705172558528
3860.00657,0.022913253001433122
3860.00657,0.045634591113995086
3861.56091,0.032543282027301994
3863.11525,0.05608481040786407
3864.66959,0.03296510918759973
3864.66959,0.04712845190465086
3866.22393,0.06117893838026994
3866.22393,0.040921515788642525
3867.77827,0.06534727503493616
3867.77827,0.027169622247632457
3867.77827,0.05459025011945074
3869.33261,0.07514879397879314
3869.33261,0.07117918394839391
3870.88694,0.09809024225350173
3870.88694,0.05257732152671829
3872.44128,0.08763566085524102
3873.99562,0.07831934139956348
3873.99562,0.0722344153931452
3875.54996,0.09694756181010908
3877.1043,0.08734532158199458
3877.1043,0.09614316717559437
3878.65864,0.1031550638096333
3878.65864,0.096974545307643
3880.21298,0.09885721409338616
3881.76732,0.09294905482235669
3881.76732,0.09754213509988893
3883.32165,0.09578327821173173
3883.32165,0.09396688928422077
3884.87599,0.09632436983368146
3884.87599,0.09517373384286547
3886.43033,0.07708423215013921
3886.43033,0.09751241800869442
3887.98467,0.07781254891988357
3887.98467,0.10145586720763433
3889.53901,0.0880037669337203
3891.09335,0.05873091994823467
3891.09335,0.07968838442103851
3891.09335,0.013845789972060697
3891.09335,0.03143873589754542
3892.64769,0.051016980999529754
3894.20203,0.016425453827118904
3894.20203,0.012610480258402309
3894.20203,0.05507019616823134
3895.75637,0.0040999210213179815
3895.75637,0.03862305274550398
3897.3107,0.026345704176230025
3898.86504,0.004888502244581027
3898.86504,0.012402702713592409
3900.41938,0.02245184885444096
3900.41938,0.027588357089648175
3901.97372,0.02333097155252844
3901.97372,0.0
3903.52806,0.013334659217814526
3903.52806,0.002640781337488795
3905.0824,0.010006996357203002
3905.0824,0.0067188865959737715
3906.63674,0.01052559035509824
3906.63674,0.00025515605000436326
3908.19108,0.014105127816896504
3908.19108,0.03920817058983889
3909.74541,0.019221350778018478
3909.74541,0.022896213242944104
3911.29975,0.008014196656228458
3911.29975,0.020761708253681937
3912.85409,0.0030558902688834597
3912.85409,0.0018651824369943048
3914.40843,0.008726355859885859
3914.40843,0.02639518146670869
3915.96277,0.02054969406894421
3915.96277,0.02679505067994172
3915.96277,0.01058423774761479
3917.51711,0.06451859385546331
3917.51711,0.014820423023422723
3917.51711,0.045742409107596166
3917.51711,0.012759537102744243
3919.07145,0.06074695087765616
3919.07145,0.023796142483771987
3919.07145,0.02657836718669341
3920.62579,0.00965445600581642
3920.62579,0.06214457251399625
3920.62579,0.05182582280885193
3922.18012,0.029275385370560885
3922.18012,0.056007572665735285
3923.73446,0.020329671299892677
3923.73446,0.03286984175321701
3925.2888,0.012862346614880442
3925.2888,0.044168648409211975
3925.2888,0.01192270552257468
3926.84314,0.016777175428631316
3926.84314,0.0
3926.84314,0.028132801279934682
3928.39748,0.004580023259979981
3928.39748,0.020948976397496717
3929.95182,0.005233323796898736
3929.95182,0.029373254034648053
3929.95182,0.015763709534998078
3929.95182,0.004589863303453447
3931.50616,0.021564399181547362
3931.50616,0.02101682513090307
3933.0605,0.01260849165914031
3933.0605,0.01533927790539248
3933.0605,0.01374861417067086
3934.61483,0.004546535287394429
3934.61483,0.062453656560045166
3936.16917,0.08628014968792674
3936.16917,0.02405361796123708
3936.16917,0.06343585291868929
3937.72351,0.07282682837515218
3937.72351,0.049030343859104035
3939.27785,0.059456479409986884
3939.27785,0.1381646518245379
3940.83219,0.09384710548407678
3940.83219,0.14131757168981554
3940.83219,0.15370795647462349
3942.38653,0.11864793633318192
3942.38653,0.16317352814386354
3942.38653,0.12003099290504537
3942.38653,0.14577885325549855
3943.94087,0.1294543004957574
3943.94087,0.18796635034120668
3945.49521,0.1911467485255209
3945.49521,0.16031338790441854
3947.04955,0.19819640504078592
3947.04955,0.17611708695505332
3948.60388,0.2127328046563693
3950.15822,0.15703724100203037
3950.15822,0.19665088987353474
3951.71256,0.2095600285010105
3951.71256,0.17036813487805777
3953.2669,0.13994490337101229
3953.2669,0.16974280051027701
3953.2669,0.2255188622147874
3954.82124,0.2090112863369825
3954.82124,0.09369998986543598
3954.82124,0.19306334358947927
3956.37558,0.012690496173390778
3956.37558,0.03904374796040883
3956.37558,0.1361681085937386
3956.37558,0.06107209284110074
3957.92992,0.1348044821485499
3957.92992,0.08495281705578916
3957.92992,0.03891490043663718
3959.48426,0.08461557475877987
3959.48426,0.03204633248181808
3959.48426,0.04151937649396308
3961.03859,0.018376767937736866
3962.59293,0.017016329427737932
3962.59293,0.022598430820142172
3964.14727,0.007850543992716855
3965.70161,0.02826236415842105
3965.70161,0.017065356335101183
3967.25595,0.016525081488407076
3967.25595,0.042381818196463764
3967.25595,0.01934291976130278
3968.81029,0.05976638683615771
3968.81029,0.046127325023542776
3970.36463,0.032275658345639495
3970.36463,0.07094371942461934
3970.36463,0.05771992024472239
3971.91897,0.10353738538617566
3971.91897,0.06373600065849437
3971.91897,0.04774697412491233
3973.4733,0.13563195982198337
3973.4733,0.10058934961525448
3973.4733,0.06652925826476135
3975.02764,0.1028087562384189
3975.02764,0.1438608375734444
3975.02764,0.12671954786357684
3975.02764,0.09296279239353378
