wavenumber_cm-1,intensity
808.83954,0.1143368678799229
808.83954,0.09563645229953346
808.83954,0.08942060533141524
808.83954,0.10809710518303986
808.83954,0.10186400482573253
810.39388,0.05854560043655312
810.39388,0.06470903845425252
810.39388,0.0770713075336061
810.39388,0.0832692474254249
810.39388,0.10815321162767182
810.39388,0.07088707496969764
811.94822,0.03409763549739909
811.94822,0.01593219345248332
811.94822,0.05245318272061984
811.94822,0.04020058643121318
811.94822,0.04632001197262383
811.94822,0.0
813.50256,0.0
813.50256,0.022016103523237837
813.50256,0.0
813.50256,0.0
813.50256,0.009993439258205792
813.50256,0.0
813.50256,0.0
813.50256,0.028078131456067815
813.50256,0.0
815.0569,0.004094222675353902
815.0569,0.0
815.0569,0.0
815.0569,0.0
816.61123,0.0
816.61123,0.0
816.61123,0.0
816.61123,0.0
818.16557,0.0
818.16557,0.0
818.16557,0.0
818.16557,0.0
818.16557,0.0
819.71991,0.0
839.29551,0.0
864.79574,0.0
866.35008,0.0
866.35008,0.0
866.35008,0.0
867.90441,0.0
867.90441,0.0
867.90441,0.011722479099914097
867.90441,0.0
867.90441,0.0
869.45875,0.01777991945397148
869.45875,0.023818949443205117
869.45875,0.005809103595187252
869.45875,0.042078268564990494
871.01309,0.029934986627485182
871.01309,0.04825313847778337
871.01309,0.054393627144404814
871.01309,0.03602505467643433
872.56743,0.07913448831796523
872.56743,0.07294555111363864
872.56743,0.0667677662757675
872.56743,0.08533831668702135
872.56743,0.06060314660096899
874.12177,0.09160052420140724
875.67611,0.09787095778276357
877.23045,0.10415021288118577
878.78479,0.11043777994315138
880.33912,0.11673333369362054
880.33912,0.12298672048284574
880.33912,0.12924726383138668
881.89346,0.13556445209738846
881.89346,0.14183846831086863
883.4478,0.14816868936602584
885.00214,0.167092915398638
885.00214,0.15450622839660463
885.00214,0.16079853249886167
886.55648,0.1734487382478134
888.11082,0.1798074713216014
888.11082,0.18612137795473221
888.11082,0.19244018867636709
889.66516,0.19249143303794686
891.2195,0.19886513483739215
892.77384,0.20524352705790858
892.77384,0.19891759607341172
894.32817,0.2052959911313472
895.88251,0.2116789424717569
897.43685,0.21173010252699664
898.99119,0.21178122252123238
900.54553,0.2118323024536271
902.09987,0.21188334232335326
902.09987,0.20555272359492158
903.65421,0.2056036953661058
905.20855,0.19932714823869732
906.76288,0.19937800377555065
908.31722,0.20575637021656124
909.87156,0.2058071818887518
909.87156,0.21214063244152406
911.4259,0.2121914457741378
912.98024,0.21857873331314734
914.53458,0.22497036883624522
916.08892,0.23136619325791197
916.08892,0.23771670139305623
917.64326,0.23776749099067773
931.6323,0.353100152716122
933.18664,0.3531509394081789
934.74098,0.3532016853594633
936.29532,0.3532523905694842
937.84966,0.35971497512168055
939.404,0.3661802197951467
939.404,0.3725989690389157
940.95834,0.37906957022083665
942.51268,0.38554274857733356
944.06701,0.40487608712909634
944.06701,0.3920198828803532
944.06701,0.39844896179847344
945.62135,0.41136217893901134
945.62135,0.4177985208098564
945.62135,0.4242372731341813
945.62135,0.4049341528999523
947.17569,0.4887848030804288
947.17569,0.4307305622309336
947.17569,0.46296376664285405
947.17569,0.4694181820532576
947.17569,0.4758746710526715
947.17569,0.45651763217769076
948.73003,0.4436734491840356
948.73003,0.4372308422742708
948.73003,0.48238724108865266
948.73003,0.49530917760604387
948.73003,0.4501260649955336
950.28437,0.5147571609338387
950.28437,0.5018264097010949
950.28437,0.5212294690852232
950.28437,0.508294780583661
951.83871,0.5407007156601886
951.83871,0.527754618545858
951.83871,0.5342291426067276
958.05606,0.6122438511998458
958.05606,0.6057512932587922
959.6104,0.6187922091875294
961.16474,0.6253404957639564
962.71908,0.6513973439552827
962.71908,0.6253929624224935
964.27342,0.638443625874541
964.27342,0.6579569717866353
964.27342,0.6319462461941308
965.82776,0.6515039792472745
965.82776,0.6710267272597731
965.82776,0.638501169949722
967.3821,0.7036444215701974
967.3821,0.6580653610867725
967.3821,0.6580670916195921
967.3821,0.6450594554909485
967.3821,0.6515650843655847
967.3821,0.6775979892634127
968.93644,0.6711386999679949
968.93644,0.6646318942285518
968.93644,0.6711422372417011
968.93644,0.7037092653094978
970.49077,0.7363615576801745
970.49077,0.6842182175095376
970.49077,0.6907331010182521
970.49077,0.6712001789925452
970.49077,0.6777120890196651
970.49077,0.7233257650022339
970.49077,0.7298493299486164
970.49077,0.7168091010325801
970.49077,0.7233312683609665
970.49077,0.6777212612842193
972.04511,0.697311280327621
972.04511,0.6973131424925563
972.04511,0.7429571030688923
972.04511,0.7103503464463261
972.04511,0.7038347999354679
972.04511,0.756015940964085
972.04511,0.7299170138435702
973.59945,0.756068761866531
973.59945,0.7625993139448184
973.59945,0.7234499663041067
973.59945,0.7495472272886752
973.59945,0.7560764460784783
973.59945,0.7691369623245815
975.15379,0.7365515152650105
975.15379,0.7822538276574533
975.15379,0.7757231379245738
975.15379,0.7822577528995
976.70813,0.7561860750685726
976.70813,0.788844639069181
976.70813,0.7823126557660254
978.26247,0.8019693489508574
978.26247,0.7823655646566596
978.26247,0.7758349036959004
979.81681,0.7824184525842153
979.81681,0.8085641511118717
979.81681,0.7889564922517652
981.37115,0.7955426066702592
981.37115,0.7955446489633525
981.37115,0.7890114459082642
981.37115,0.815162361958358
982.92548,0.8152132410642937
982.92548,0.8021382758618922
982.92548,0.802140352795016
984.47982,0.8087290768074865
984.47982,0.8087311675966224
986.03416,0.802244073770352
986.03416,0.8284053226384205
987.5885,0.8284561230104815
989.14284,0.8219652255217381
990.69718,0.7958616926909532
990.69718,0.8220180653495409
992.25152,0.7959144599169822
993.80586,0.7828956464585329
995.36019,0.769881946365438
996.91453,0.7895307650460553
996.91453,0.7699345841437533
998.46887,0.756926122363667
1000.02321,0.763505308752226
1001.57755,0.7766172615726296
1001.57755,0.809296485034278
1003.13189,0.7897367437034278
1003.13189,0.8224288799818783
1004.68623,0.8290209871072132
1004.68623,0.7963268829507305
1006.24057,0.8421608705350315
1006.24057,0.8029161496370752
1007.79491,0.8749530013309544
1007.79491,0.8225865608338779
1007.79491,0.855310122967513
1009.34924,0.8553604288892973
1010.90358,0.8488639959474521
1010.90358,0.9012734342978533
1012.45792,0.8751106648150072
1012.45792,0.9341181287948177
1014.01226,0.9604221667192783
1014.01226,0.9144920186836849
1015.5666,0.9867458437759212
1015.5666,0.9145445745133515
1015.5666,0.953914315713698
1017.12094,0.9802313979620438
1017.12094,0.9999450087402535
1017.12094,0.94740524511059
1018.67528,0.9605845999782192
1018.67528,1.0
1020.22962,0.9672033629587146
1020.22962,0.9934811665481718
1021.78395,0.9672559119067893
1021.78395,0.9935337602346999
1023.33829,0.9870134579419523
1023.33829,0.9607446264545503
1024.89263,0.9804965618223379
1024.89263,0.9542319965470579
1026.44697,0.9477179874907515
1026.44697,0.9739831199730906
1028.00131,0.9346456282634908
1028.00131,0.9674683407549812
1029.55565,0.9346980318520021
1031.10999,0.8691914284488187
1031.10999,0.9150714336090561
1031.10999,0.8954051610186488
1031.10999,0.9413172538829795
1032.66433,0.895457487009345
1032.66433,0.862701879616515
1034.21866,0.882403041265327
1034.21866,0.8365691388246298
1034.21866,0.9020699475130493
1035.773,0.8628064107924259
1035.773,0.8039203414189889
1037.32734,0.836673558146682
1037.32734,0.7908999845637199
1038.88168,0.7974851612430727
1038.88168,0.8236431072427979
1040.43602,0.7910016512785426
1040.43602,0.8171545051945411
1041.99036,0.8172040455323026
1041.99036,0.7910563063952571
1041.99036,0.8172092178154436
1043.5447,0.8041809704070624
1043.5447,0.8172613336643142
1045.09904,0.823851593268604
1045.09904,0.823854210586202
1046.65337,0.8108233385694646
1046.65337,0.8304482853305746
1046.65337,0.8239089311678776
1048.20771,0.8239583548148205
1048.20771,0.8305030079380371
1049.76205,0.8174695865305561
1049.76205,0.8305550714009943
1049.76205,0.8305577441426408
1051.31639,0.8306071138208606
1051.31639,0.8175269635316186
1051.31639,0.8371558010879316
1052.87073,0.8306618356511078
1052.87073,0.8306645430327847
1054.42507,0.8372571745874898
1054.42507,0.837259895825179
1054.42507,0.8176364267552502
1055.97941,0.8373119116138432
1055.97941,0.8373146536355506
1055.97941,0.8176911787910494
1057.53375,0.8373666622266548
1057.53375,0.8242840283519386
1057.53375,0.837372194766112
1059.08808,0.8308780750470589
1059.08808,0.8374242097167565
1060.64242,0.8309300466285254
1060.64242,0.8309328440742814
1062.19676,0.82443991632751
1062.19676,0.817901847318128
1062.19676,0.8113650433870786
1062.19676,0.8309904518548187
1062.19676,0.830993283940605
1062.19676,0.8113735396444378
1062.19676,0.8048380311053094
1063.7511,0.8048871483211593
1063.7511,0.80489000811897
1063.7511,0.8245117586086342
1065.30544,0.8049419641271769
1065.30544,0.8180228572133335
1065.30544,0.8049477322188409
1066.85978,0.8049967935675701
1066.85978,0.765796671918396
1066.85978,0.8115409846920302
1068.41412,0.7985145232839996
1068.41412,0.7593222413792088
1068.41412,0.8050574878698705
1069.96846,0.7202273909379624
1069.96846,0.7267513190933749
1069.96846,0.7920394763805418
1069.96846,0.7137166731796877
1069.96846,0.7267601894630623
1069.96846,0.7985841549086343
1069.96846,0.7789835745449557
1069.96846,0.7332915133392226
1069.96846,0.7398182420106374
1069.96846,0.7072164701440468
1071.5228,0.70074864785519
1071.5228,0.7007516600691345
1071.5228,0.6681932845050668
1071.5228,0.7659881238106809
1071.5228,0.6942454880400514
1071.5228,0.7725247448363386
1071.5228,0.7594679855938874
1071.5228,0.7594710393758685
1071.5228,0.7529461911556327
1071.5228,0.7921366866579708
1071.5228,0.7856052133055963
1071.5228,0.7464288659702781
1071.5228,0.7790781421773456
1073.07713,0.6747820294764025
1073.07713,0.681295950126156
1073.07713,0.6878113235952598
1073.07713,0.6487633447511434
1073.07713,0.7204010283766907
1073.07713,0.6617805094433807
1073.07713,0.6748007470646349
1073.07713,0.6682945799641173
1073.07713,0.6552836864367056
1074.63147,0.7139429507506214
1074.63147,0.6423278851523847
1076.18581,0.5968996603331909
1076.18581,0.5774377508893268
1076.18581,0.6684049760817
1076.18581,0.5839307869274275
1076.18581,0.6293878633042858
1076.18581,0.5709656202041399
1076.18581,0.6358942732062942
1077.74015,0.6229447131575901
1077.74015,0.6099560452759228
1077.74015,0.6164544061832236
1077.74015,0.6034690502554858
1077.74015,0.5904904451281413
1077.74015,0.564550590986577
1079.29449,0.558117846669703
1079.29449,0.5516415218407033
1080.84883,0.5516901121938436
1080.84883,0.5452156090967694
1082.40317,0.5387881945832171
1083.95751,0.5323626217865343
1083.95751,0.5388399867136167
1085.51184,0.5259421258179318
1087.06618,0.5259905128799501
1087.06618,0.5195234868889869
1088.62052,0.5001724288457159
1088.62052,0.5066402846636459
1088.62052,0.49371658868620627
1088.62052,0.5195818605686361
1088.62052,0.5131167814909458
1090.17486,0.48731105277697256
1090.17486,0.4743995971212498
1090.17486,0.46794866991460277
1090.17486,0.48086271810899495
1091.7292,0.44865018266680834
1091.7292,0.4615514513588322
1091.7292,0.4551048109166911
1093.28354,0.44225943512317223
1094.83788,0.4358640461883404
1094.83788,0.42942628930623233
1094.83788,0.4229908395576524
1096.39222,0.42303882933128
1102.60957,0.429658955098114
1102.60957,0.4103525929313471
1104.16391,0.4168346155112841
1104.16391,0.4361549463684516
1105.71825,0.4233224234464573
1105.71825,0.4426497602333806
1107.27259,0.44914332368876353
1107.27259,0.41694047286414426
1108.82693,0.3976923569836888
1108.82693,0.44919806283317376
1110.38126,0.43635630686355353
1110.38126,0.39131996187762513
1111.9356,0.4170903642091071
1111.9356,0.37852445253457123
1113.48994,0.4107070712586617
1113.48994,0.3721560134107441
1115.04428,0.34014645400053073
1115.04428,0.3850484805265226
1116.59862,0.32739415892790336
1116.59862,0.3466067692373698
1118.15296,0.32744493582486245
1118.15296,0.3594778271092511
1119.7073,0.3467048405777811
1121.26164,0.33394301098127266
1121.26164,0.36599015396471046
1122.81598,0.3660373568252572
1124.37031,0.37892097543996806
1125.92465,0.3853902990958855
1127.47899,0.34694398007253147
1127.47899,0.39829299605871
1129.03333,0.3854881813567375
1129.03333,0.3469982841313742
1130.58767,0.379116691351241
1130.58767,0.3406428473560585
1130.58767,0.321445685891376
1132.14201,0.35350842722424103
1132.14201,0.3214962358822493
1133.69635,0.3535590405208929
1133.69635,0.29598788321790337
1133.69635,0.3279478844374441
1135.25069,0.28327804601121215
1135.25069,0.2705350959444777
1135.25069,0.32160474862243
1136.80502,0.2642172920319621
1136.80502,0.30248127369876504
1138.35936,0.289761029542544
1138.35936,0.2642713448838271
1139.9137,0.27068602401144826
1141.46804,0.26436430145202244
1143.02238,0.28352586206779934
1143.02238,0.2644145141950518
1144.57672,0.2772009288319822
1146.13106,0.27087551820327566
1147.6854,0.2709218453342579
1149.23973,0.2645998081472883
1149.23973,0.283719060356947
1150.79407,0.2582851217896758
1150.79407,0.2837692030421911
1152.34841,0.2519740969359392
1152.34841,0.27744402971076704
1153.90275,0.24566672343709486
1153.90275,0.2711221927030557
1155.45709,0.24571664953881536
1155.45709,0.2648038121489819
1157.01143,0.26484990763652777
1157.01143,0.245770455099533
1158.56577,0.23946287773175096
1158.56577,0.25853891516557437
1160.12011,0.23951271941437047
1160.12011,0.2776942356351474
1161.67444,0.2777402768989892
1163.22878,0.29692278955240664
1163.22878,0.26504963353273864
1164.78312,0.3097468336079556
1164.78312,0.29059452882174985
1164.78312,0.2714720437296345
1166.33746,0.27151796168572595
1166.33746,0.3098047940543034
1167.8918,0.2970766624267162
1167.8918,0.32264136912617364
1169.44614,0.3035121043135232
1169.44614,0.2588880212030619
1171.00048,0.233511237224031
1171.00048,0.2971805374760824
1172.55482,0.22087346183584816
1172.55482,0.27172134749726023
1172.55482,0.29723449181878087
1174.10915,0.2590373438050462
1174.10915,0.23361864611385738
1174.10915,0.1956121791461082
1175.66349,0.21464327835579808
1175.66349,0.17671873136076127
1177.21783,0.15786796003807155
1177.21783,0.20836378174168244
1177.21783,0.189395952089787
1178.77217,0.17681745969897167
1178.77217,0.13281242164856882
1180.32651,0.13912623069999733
1180.32651,0.15797465651064682
1181.88085,0.15801973835216737
1181.88085,0.0892353976324932
1181.88085,0.11414963702609006
1183.43519,0.08307911856363878
1183.43519,0.1329637680366795
1184.98953,0.10800307006002523
1184.98953,0.06458045245482054
1186.54387,0.05846472509591176
1186.54387,0.08938557307408912
1188.0982,0.04623512086795303
1188.0982,0.08322906167813537
1189.65254,0.027995872274774916
1189.65254,0.05856544149387015
1191.20688,0.03411929041877395
1191.20688,0.052467093523133515
1192.76122,0.046379210169716974
1192.76122,0.01602043599035484
1194.31556,0.010075275102298158
1194.31556,0.02814301963552757
1194.31556,0.0
1195.8699,0.0
1195.8699,0.028194909823388348
1197.42424,0.028238223387802824
1197.42424,0.0
1198.97858,0.0
1198.97858,0.022237632800363796
1200.53291,0.004323764283150304
1200.53291,0.03441431710002492
1202.08725,0.028380904631754487
1202.08725,0.00437468449213962
1202.08725,0.052812295617885925
1203.64159,0.0651641233267673
1203.64159,0.02238416219802143
1205.19593,0.07757076276212554
1205.19593,0.046775776356560585
1206.75027,0.06526045569566367
1206.75027,0.0838193150539291
1206.75027,0.040711779390901696
1208.30461,0.08386768257742554
1208.30461,0.05915631297607951
1209.85895,0.06536112854305492
1209.85895,0.08392045055274351
1211.41329,0.08396436318074098
1211.41329,0.06541367874002571
1212.96762,0.05929601349466081
1214.52196,0.07786032327446472
1214.52196,0.059344013335926676
1216.0763,0.07172300730709184
1216.0763,0.053243959538836
1217.63064,0.047153996242513506
1217.63064,0.0717755967105367
1219.18498,0.047201742019424314
1219.18498,0.06564956763826096
1220.73932,0.047249470453138966
1220.73932,0.06569757852446194
1222.29366,0.0411798028677842
1222.29366,0.05958374746628375
1223.848,0.035128052564502674
1223.848,0.05348316006264197
1225.40233,0.05352639711581458
1226.95667,0.04743565329437985
1226.95667,0.02914390882675387
1228.51101,0.04136547112731044
1228.51101,0.023135598402797608
1230.06535,0.01715022306464024
1231.61969,0.02927649529853497
1231.61969,0.01719710047519113
1233.17403,0.02932369330273473
1233.17403,0.01124964469405445
1234.72837,0.011291633298273861
1234.72837,0.023319269851956103
1236.28271,0.005387053968206933
1237.83705,0.01138013595680031
1239.39138,0.011422023314341062
1240.94572,0.011463874915414627
1240.94572,0.0
1242.50006,0.005557939804888827
1244.0544,0.0
1244.0544,0.011556813036249574
1245.60874,0.011598570451621961
1245.60874,0.0
1247.16308,0.011644987554972187
1247.16308,0.0
1248.71742,0.0
1248.71742,0.005742456991887198
1250.27176,0.0
1250.27176,0.0
1251.82609,0.0
1251.82609,0.0
1253.38043,0.0
1253.38043,0.0
1253.38043,0.0
1254.93477,0.0
1254.93477,0.0
1256.48911,0.0
1256.48911,0.0
1258.04345,0.0
1258.04345,0.0
1259.59779,0.0
1259.59779,0.0
1261.15213,0.0
1262.70647,0.0
1262.70647,0.0
1264.2608,0.0
1264.2608,0.0
1265.81514,0.0
1265.81514,0.0
1267.36948,0.0
1267.36948,0.0
1268.92382,0.0
1268.92382,0.0
1270.47816,0.0
1270.47816,0.000486859826631728
1272.0325,0.0
1273.58684,0.012426805421396188
1273.58684,0.0
1275.14118,0.018473444431254787
1275.14118,0.0
1276.69551,0.018519776986564172
1276.69551,0.0006636565389930326
1278.24985,0.006605828262091797
1278.24985,0.03066521517807952
1279.80419,0.012611222078208145
1279.80419,0.03679540509866636
1281.35853,0.01865867930201536
1281.35853,0.04906717323754297
1282.91287,0.024739090780278566
1282.91287,0.049114122637674416
1284.46721,0.06144526488386723
1284.46721,0.03693561299949356
1286.02155,0.061492338894102626
1287.57589,0.04312301111871324
1289.13022,0.04316470684885574
1289.13022,0.055429299488276906
1290.68456,0.05547115423072806
1290.68456,0.04321649749448861
1292.2389,0.055518047322501755
1293.79324,0.049421875432524916
1293.79324,0.03720025490316256
1295.34758,0.031156887635407794
1295.34758,0.049473734211217764
1296.90192,0.031203288919430996
1298.45626,0.03732962023982725
1298.45626,0.06185287366569226
1300.0106,0.043481104529279266
1300.0106,0.06189974614347817
1301.56494,0.04965031927756497
1301.56494,0.07429037515054877
1303.11927,0.05583546443104268
1303.11927,0.08052664228207874
1304.67361,0.06203507595195685
1304.67361,0.08677351868256954
1306.22795,0.08681539295622748
1306.22795,0.0682530873448916
1307.78229,0.08686242966696658
1307.78229,0.06829994513218259
1309.33663,0.08690944813351596
1309.33663,0.0683467849971934
1310.89097,0.06222211909480985
1310.89097,0.08076159534722739
1312.44531,0.06226883539166898
1313.99965,0.07465519449210364
1313.99965,0.062315533889096865
1315.55398,0.06235694360882751
1315.55398,0.07470727363790094
1317.10832,0.07474879348222656
1317.10832,0.06240887724580582
1318.66266,0.08098549061755268
1318.66266,0.06245552233362614
1320.217,0.06866353029502217
1321.77134,0.06870487976614775
1321.77134,0.08727961250395722
1323.32568,0.0687515166830172
1323.32568,0.08732645285336438
1324.88002,0.08736792799248339
1324.88002,0.06880348261192126
1326.43436,0.08741471796788673
1327.98869,0.08745612171445309
1329.54303,0.08749748664655636
1329.54303,0.06893250311115645
1331.09737,0.08754419412279786
1331.09737,0.0751582983291429
1332.65171,0.0875908833337885
1332.65171,0.06902555185027234
1334.20605,0.06906663306304235
1334.20605,0.08764297051019751
1335.76039,0.08148317503523726
1337.31473,0.056832064463575874
1337.31473,0.08152975134151398
1338.86907,0.07538012056738398
1338.86907,0.05074328988255738
1340.4234,0.04465895832496911
1340.4234,0.06925238765162836
1341.97774,0.038597106801091234
1341.97774,0.056976288658590606
1343.53208,0.02648790634040382
1343.53208,0.050881769346713526
1345.08642,0.04479706322389785
1345.08642,0.02653907195392875
1346.64076,0.02657920835195447
1348.1951,0.02057810798565337
1348.1951,0.032691770603573964
1349.74944,0.032731974275797444
1349.74944,0.020629084851048855
1351.30378,0.03277768809832675
1351.30378,0.020674518374545113
1352.85812,0.03282338498763482
1352.85812,0.02071993563125756
1354.41245,0.026801589606544357
1355.96679,0.02684152918814587
1357.52113,0.02688143133419662
1357.52113,0.0512794299937635
1359.07547,0.032994775563870204
1360.62981,0.03912462971687446
1360.62981,0.06366301515383241
1362.18415,0.04527954421422814
1362.18415,0.06987767246220597
1363.73849,0.051451728993484554
1363.73849,0.07610440255495574
1365.29283,0.051497556267279615
1365.29283,0.08234231105413349
1366.84716,0.08238281358388079
1368.4015,0.10105848148188287
1368.4015,0.07005622503705396
1369.95584,0.07627743347037164
1369.95584,0.09488931306050283
1371.51018,0.09492982139273487
1371.51018,0.113624558261622
1373.06452,0.0949760046892687
1373.06452,0.12617001206321374
1374.61886,0.1012434502408231
1374.61886,0.1324768542981412
1376.1732,0.11375776920960973
1376.1732,0.13879055360623457
1377.72754,0.15138511933007065
1377.72754,0.12005579197256301
1379.28187,0.13261028991557794
1379.28187,0.15772353699244726
1380.83621,0.17035387360297685
1380.83621,0.1389298202877041
1382.39055,0.15152449662009168
1382.39055,0.18301753579597202
1383.94489,0.16414924928899585
1383.94489,0.18306412382751203
1385.49923,0.16419571577288222
1385.49923,0.1894241311083531
1387.05357,0.17053989970373765
1387.05357,0.18947070829865373
1388.60791,0.19582981959308093
1388.60791,0.17689535281987515
1390.16225,0.20219958410305833
1390.16225,0.18325028373381722
1391.71658,0.20857396998301247
1393.27092,0.2022867864069148
1394.82526,0.2023273907346242
1396.3796,0.18972609258872622
1396.3796,0.20870176629902842
1397.93394,0.18977247948965748
1397.93394,0.2024203160200302
1399.48828,0.18350516174213016
1399.48828,0.2024667496400796
1401.04262,0.1961838208888244
1401.04262,0.17094541863787385
1402.59696,0.17098571383553637
1402.59696,0.18991748812029494
1404.15129,0.18364406724707438
1404.15129,0.1710379167608023
1405.70563,0.15848754082031327
1405.70563,0.1836963219538494
1407.25997,0.1774278172524226
1407.25997,0.15225292561753
1408.81431,0.15857977530229825
1410.36865,0.13977769877715387
1410.36865,0.16491846356375436
1411.92299,0.13982365524210896
1411.92299,0.15867193358852455
1413.47733,0.1273400534678235
1413.47733,0.1524311095557495
1415.03167,0.12113157558591742
1415.03167,0.14619625035566858
1416.58601,0.10245988761277637
1416.58601,0.13996749259686084
1418.14034,0.08386537639801951
1418.14034,0.1025116239852968
1418.14034,0.12748973154733384
1419.69468,0.11502788359918756
1419.69468,0.09634069356060361
1419.69468,0.07155248196220101
1421.24902,0.09638627851727585
1421.24902,0.05926810997078159
1422.80336,0.047032546668931155
1422.80336,0.07782623966830642
1424.3577,0.04096441489024202
1424.3577,0.07168856399138575
1425.91204,0.034914802944793696
1425.91204,0.0594037314047386
1427.46638,0.02888613222540799
1427.46638,0.047173781523869696
1429.02072,0.04109912363292596
1429.02072,0.022887970982657362
1430.57505,0.041143991721738264
1430.57505,0.0229324854877887
1432.12939,0.022970749959604984
1433.68373,0.011004390134749261
1433.68373,0.02906466752553043
1435.23807,0.005111081902837756
1436.79241,0.0
1436.79241,0.01707718260831148
1438.34675,0.0
1438.34675,0.01712141819917425
1439.90109,0.01715934852877503
1439.90109,0.0
1441.45543,0.0
1441.45543,0.005285975407974597
1443.00976,0.029319324708157762
1443.00976,0.0053296622414338675
1443.00976,0.0
1444.5641,0.035444902408472596
1444.5641,0.0
1444.5641,0.005386016955277986
1446.11844,0.029420929905967706
1446.11844,0.05998957193596475
1446.11844,0.0
1447.67278,0.07855050816941583
1447.67278,0.03555315829901123
1449.22712,0.07859562055132394
1449.22712,0.10344000013316508
1450.78146,0.06628422190013114
1450.78146,0.12220555267870227
1452.3358,0.12849978302734533
1452.3358,0.09109232439011049
1452.3358,0.10976919584010716
1453.89014,0.09735216629380354
1453.89014,0.10981452380494666
1455.44447,0.1160937119289694
1455.44447,0.13486587648226855
1456.99881,0.12238709175213704
1458.55315,0.12242595351148483
1460.10749,0.11621663599861325
1461.66183,0.1225035584584804
1463.21617,0.12254230164434145
1463.21617,0.14761181763395242
1464.77051,0.15393255306635287
1464.77051,0.12259402008994452
1466.32485,0.13515089119138912
1466.32485,0.1665660381248763
1467.87919,0.14774130226345603
1467.87919,0.16661145048578652
1469.43352,0.15406857115974149
1469.43352,0.18557056649867118
1470.98786,0.19824412252299667
1470.98786,0.17300152840735372
1472.5422,0.19828959453848263
1472.5422,0.16674757261891213
1474.09654,0.19201522581135
1474.09654,0.16049908827813283
1516.06369,0.24992520447588912
1516.06369,0.2435769852231687
1517.25705,0.372548512218916
1517.61803,0.23727040771095972
1517.61803,0.2309301680111981
1519.17236,0.2309678317667342
1520.7267,0.1930141368639855
1520.7267,0.1993413252857858
1520.7267,0.23101876116803
1522.28104,0.20571074589589816
1522.28104,0.22472016791097738
1522.28104,0.23106970567661522
1523.83538,0.2120914078142795
1523.83538,0.21843242601864427
1523.83538,0.205774968389927
1528.59075,0.39840458723133043
1562.59186,0.4930563157809907
1574.9559,0.46762543462141853
1615.54137,0.5669053691505525
1617.09571,0.5604594056317506
1618.65005,0.5475374994402349
1618.65005,0.5605014882415859
1618.65005,0.5540286859582418
1618.65005,0.5410818662389817
1620.20439,0.5346431181805357
1621.75872,0.5346783598062076
1623.31306,0.5282413872676279
1624.8674,0.5153379586615078
1624.8674,0.5088783525807269
1624.8674,0.5218199056763145
1624.8674,0.5024275347135905
1626.42174,0.5024626308957415
1627.97608,0.5024976858169459
1629.53042,0.5025326994770065
1631.08476,0.5025676718757285
1632.6391,0.5026026030129134
1634.19343,0.5026374927081264
1635.74777,0.4962098479984273
1637.30211,0.5027071486736684
1638.85645,0.5027419147630589
1640.41079,0.49631412027444055
1641.96513,0.4963487952054818
1643.51947,0.4899229593808697
1645.07381,0.48349906154917666
1646.62815,0.4835335952444235
1648.18248,0.47711165807566064
1649.73682,0.4706917579231856
1649.73682,0.46424651223562946
1649.73682,0.4578033762891222
1649.73682,0.451362426044969
1651.29116,0.42562764068828524
1651.29116,0.4449580734740276
1651.29116,0.43852158023128823
1652.8455,0.4256758756267685
1652.8455,0.43212174621302135
1654.39984,0.4128463561998599
1654.39984,0.4257241249240537
1654.39984,0.4192945478374147
1654.39984,0.4064355845969203
1655.95418,0.4064698194193516
1655.95418,0.4000474551361954
1655.95418,0.3936275702191742
1657.50852,0.387237348024099
1657.50852,0.393668794374307
1659.06286,0.36160679183433453
1659.06286,0.37444447317179624
1659.06286,0.3680348797055049
1659.06286,0.38087787843150156
1659.06286,0.3873067739987014
1660.61719,0.3616691226879352
1662.17153,0.36170316630952254
1662.17153,0.3552989750328191
1663.72587,0.3553329732139479
1665.28021,0.3553669305438849
1666.83455,0.36181216553374346
1668.38889,0.36184605259308616
1669.94323,0.3682939562459544
1671.49757,0.3619137040918959
1673.0519,0.3683615482118463
1674.60624,0.3683952829385776
1676.16058,0.3684289767702278
1677.71492,0.36204851643263947
1679.26926,0.3620821173744733
1680.8236,0.36211567744131445
1682.37794,0.3621491966329096
1683.93228,0.36218267494900835
1685.48661,0.3493960107699625
1685.48661,0.35581186157656386
1687.04095,0.3494365953745313
1688.59529,0.3366609704115314
1688.59529,0.343071249566128
1690.14963,0.3303013174711765
1691.70397,0.3111520481038382
1691.70397,0.3175504251180859
1691.70397,0.323951878378337
1693.25831,0.29842686748009545
1693.25831,0.3112069778532643
1693.25831,0.3048262342161923
1694.81265,0.2984745201355449
1696.36699,0.2985075931962411
1697.92133,0.29854062560925393
1699.47566,0.2985736172091462
1701.03,0.2986065683261966
1702.58434,0.29863947879466785
1704.13868,0.298672348614264
1705.69302,0.29870517778468975
1707.24736,0.2923563190886929
1708.8017,0.28601066218707333
1710.35604,0.28604334306460993
1711.91037,0.28607598318088234
1713.46471,0.27973353485825847
1715.01905,0.2797660804344666
1716.57339,0.2797985854376421
1718.12773,0.2798310498674733
1719.68207,0.2862385755845322
1721.23641,0.2862709722647788
1722.79075,0.28630332834415717
1724.34508,0.2863356436623004
1725.89942,0.2799927632460061
1727.45376,0.2736532682687919
1729.0081,0.2609526820894554
1729.0081,0.26732471878197234
1730.56244,0.25463130129805245
1730.56244,0.26099967965983456
1732.11678,0.25467081167291694
1733.67112,0.24199232294638104
1733.67112,0.2483531193115059
1735.22546,0.24203175035299715
1736.77979,0.242063663348438
1738.33413,0.24209553609650322
1739.88847,0.2421273684395541
1741.44281,0.2358097622961715
1742.99715,0.22949608914217723
1744.55149,0.21684949042648707
1744.55149,0.2105244366565385
1744.55149,0.22320156383641782
1746.10583,0.197911910669441
1746.10583,0.21057112742328837
1746.10583,0.2042505371097822
1747.66017,0.16012282233351943
1747.66017,0.19164735798424404
1747.66017,0.14757042353690092
1747.66017,0.15385880253870232
1747.66017,0.13504297832279297
1747.66017,0.14131864239780065
1749.2145,0.17278297152893332
1749.2145,0.11632708660174297
1749.2145,0.16650000585214983
1749.2145,0.18541820345371257
1749.2145,0.12259684426314797
1749.2145,0.12885875055565912
1750.76884,0.17915617589230182
1750.76884,0.11015733274571174
1752.32318,0.10395745076393124
1753.87752,0.10398855409027608
1753.87752,0.09777376032864271
1755.43186,0.09159130996331327
1756.9862,0.08541835522463635
1758.54054,0.07925550842325882
1760.09488,0.07310351271326908
1775.63826,0.11682909182009044
1775.63826,0.09814272831728536
1777.1926,0.09817315980928581
1777.1926,0.11687506117871307
1778.74694,0.11690555139325873
1780.30128,0.11693600205122556
1781.85562,0.11072666351569813
1781.85562,0.08586115438972655
1783.40996,0.09831001497542742
1783.40996,0.06734957889441308
1784.9643,0.09213390335570687
1784.9643,0.061228216603732566
1786.51864,0.08596727066800487
1786.51864,0.04898993221940531
1788.07297,0.05515035490112188
1789.62731,0.061325866556156815
1789.62731,0.036847971451314736
1791.18165,0.03687761199547688
1792.73599,0.0369072143305951
1792.73599,0.05525550082339331
1794.29033,0.036944626417048716
1794.29033,0.0552931157989448
1795.84467,0.04307774954555207
1795.84467,0.055330712874095
1797.39901,0.04311519678212429
1797.39901,0.05536829204758551
1798.95335,0.03705675809733688
1798.95335,0.0554058533181633
1800.50768,0.043190038283168454
1802.06202,0.04933399748369273
1803.61636,0.0554946362660553
1803.61636,0.03716080163519146
1805.1707,0.049400890632965794
1805.1707,0.02507208742868046
1806.72504,0.04332359949513614
1806.72504,0.02510917495740555
1808.27938,0.043360895713417065
1808.27938,0.01912406691393545
1809.83372,0.007225618273514251
1809.83372,0.037309801751394325
1811.38806,0.0
1811.38806,0.025220335629706457
1812.9424,0.0
1812.9424,0.0
1812.9424,0.013255713401735439
1814.49673,0.0
1814.49673,0.0014773158412763419
1816.05107,0.0
1816.05107,0.0
1817.60541,0.0
1817.60541,0.0
1819.15975,0.0
1819.15975,0.0
1820.71409,0.0
1820.71409,0.0
1822.26843,0.0
1822.26843,0.0
1823.82277,0.0
1825.37711,0.0
1825.37711,0.0
1826.93144,0.0
1826.93144,0.0017589437436197042
1828.48578,0.019594876738187186
1828.48578,0.0
1830.04012,0.013642944039542956
1830.04012,0.0
1831.59446,0.031744472371237474
1831.59446,0.0018673259440003434
1833.1488,0.03785787746539518
1834.70314,0.03181000616370937
1834.70314,0.07472113201828526
1836.25748,0.08093490345067994
1836.25748,0.044029212644369195
1837.81182,0.08097213063571079
1837.81182,0.06246153814114523
1839.36615,0.08100933933140286
1839.36615,0.05635140850868716
1840.92049,0.056380194584874026
1840.92049,0.07486990937610093
1842.47483,0.07489879444494131
1842.47483,0.05642546229742735
1844.02917,0.06876249132893285
1844.02917,0.04421384176806556
1845.58351,0.06263857278089827
1845.58351,0.03815283323949785
1847.13785,0.03210411680006042
1847.13785,0.06268387518549498
1848.69219,0.050432350273398006
1848.69219,0.01408060607384628
1850.24653,0.008163385492898384
1850.24653,0.044361227379785824
1851.80086,0.020135453993234565
1851.80086,0.0
1853.3552,0.0
1853.3552,0.008244055293615367
1853.3552,0.0
1854.90954,0.0023988875219511526
1854.90954,0.014234351993382756
1854.90954,0.0
1856.46388,0.008324724492316395
1856.46388,0.0
1858.01822,0.0
1858.01822,0.008369267700442235
1859.57256,0.0025148619494046376
1859.57256,0.0
1861.1269,0.0
1861.1269,0.020379196221478088
1862.68124,0.026432995438524124
1862.68124,0.0025949746267350323
1864.23557,0.026469452847704026
1865.78991,0.00853277195225761
1865.78991,0.026505893312316512
1867.34425,0.020507656689968543
1868.89859,0.02656171770407316
1870.45293,0.026589573109587136
1872.00727,0.032671985057922896
1872.00727,0.0205994395259219
1873.56161,0.03270836658127604
1873.56161,0.0206356548144504
1875.11595,0.03274473078645708
1875.11595,0.020671853311859858
1876.67029,0.0206994803966762
1878.22462,0.0207270697787092
1878.22462,0.0029095900394454925
1879.77896,0.014770465516098537
1881.3333,0.008849263383784207
1882.88764,0.014825228777851715
1882.88764,0.0
1884.44198,0.008912225988784179
1884.44198,0.0
1885.99632,0.00894797118228336
1885.99632,0.0
1887.55066,0.008983700495473259
1887.55066,0.0
1889.105,0.0
1889.105,0.009028058606241745
1890.65933,0.003167992618632428
1892.21367,0.015031848716092257
1892.21367,0.0032034338858477735
1893.76801,0.0032301808990397906
1895.32235,0.03317238791382839
1895.32235,0.009153415386289472
1896.87669,0.009180335350782597
1896.87669,0.03929659325438972
1898.43103,0.0211604261111332
1898.43103,0.0454326855750297
1899.98537,0.057712488689457116
1899.98537,0.03936880756078149
1901.53971,0.07006020796507614
1901.53971,0.039404888404976766
1903.09404,0.05165051639238245
1903.09404,0.07010525195600718
1904.64838,0.057821108589372526
1904.64838,0.07631643849476971
1906.20272,0.05785727930095319
1906.20272,0.08253909717067369
1907.75706,0.06404263717748314
1907.75706,0.08257541440606965
1909.3114,0.0640788141569656
1909.3114,0.08880886709599554
1910.86574,0.07645271223335183
1910.86574,0.09505237170526155
1912.42008,0.07648892725792487
1912.42008,0.09508869389817139
1913.97442,0.0765251239781819
1913.97442,0.0889177463161673
1915.52875,0.08894513593732718
1915.52875,0.07657016865375853
1917.08309,0.08898135972273931
1917.08309,0.0766063426193276
1918.63743,0.0890175650292837
1918.63743,0.07664249827821931
1920.19177,0.08905375185628102
1920.19177,0.07667863562965305
1921.74611,0.07670583286971346
1923.30045,0.06439466348983228
1923.30045,0.08292863933069543
1924.85479,0.08295579777656942
1924.85479,0.0644395881539183
1926.40913,0.07062968380237199
1927.96346,0.058343846711058564
1927.96346,0.07684110010504404
1929.5178,0.058379719863595046
1929.5178,0.07687709988368152
1931.07214,0.052280349577757075
1931.07214,0.07073757918670909
1932.62648,0.06460127923333638
1932.62648,0.04620601843676177
1934.18082,0.06463713878266127
1934.18082,0.04014047315572496
1935.73516,0.058523032485416265
1935.73516,0.04017614004875895
1937.2895,0.03412160645482943
1937.2895,0.05243245965402579
1938.84384,0.04633980993331147
1938.84384,0.028108315613446202
1940.39818,0.02813472147206417
1940.39818,0.04638453892456843
1941.95251,0.028170170413162384
1941.95251,0.0403186317703768
1943.50685,0.022174914877074473
1943.50685,0.04035421078762956
1945.06119,0.022210244303840825
1946.61553,0.02826729181887601
1948.16987,0.016264887276020604
1948.16987,0.02830265831822188
1949.72421,0.01630003331893419
1949.72421,0.028338007638682654
1951.27855,0.028364182423096115
1951.27855,0.016344320155018775
1952.83289,0.02839948352430302
1952.83289,0.010423967983802008
1954.38722,0.028434767332357554
1954.38722,0.016414557022811832
1955.94156,0.028470034063355503
1955.94156,0.016449650655953885
1957.4959,0.01647551493597878
1959.05024,0.02853129625229744
1960.60458,0.02252566023388699
1962.15892,0.01655288360102036
1962.15892,0.028592441179052703
1963.71326,0.016587838912969576
1963.71326,0.028627594240366643
1965.2676,0.016622777636995524
1965.2676,0.028662730104813308
1966.82193,0.0048031738282735435
1966.82193,0.016666974796413273
1968.37627,0.00483774906407392
1968.37627,0.022700930465981997
1969.93061,0.0
1969.93061,0.02273593372955301
1971.48495,0.0
1971.48495,0.016771683192948125
1973.03929,0.0
1973.03929,0.010849324732713533
1974.59363,0.0
1974.59363,0.0
1976.14797,0.0
1976.14797,0.0
1977.70231,0.0
1977.70231,0.0
1979.25664,0.0
1979.25664,0.0
1979.25664,0.0
1980.81098,0.0
1980.81098,0.0
1980.81098,0.0
1982.36532,0.0
1983.91966,0.0
1983.91966,0.0
1985.474,0.0
1985.474,0.0
1985.474,0.0
1987.02834,0.0
1987.02834,0.0
1987.02834,0.0
1988.58268,0.0
1988.58268,0.0
1990.13702,0.0
1991.69136,0.0
1991.69136,0.0
1993.24569,0.0
1993.24569,0.0
1994.80003,0.0
1994.80003,0.0
1996.35437,0.0
1996.35437,0.0
1996.35437,0.0
1997.90871,0.0
1997.90871,0.0
1999.46305,0.0
1999.46305,0.0
2001.01739,0.0
2001.01739,0.011500627348448856
2002.57173,0.0
2002.57173,0.02349590877863619
2004.12607,0.0
2004.12607,0.029564396979787008
2005.6804,0.011594353620107297
2005.6804,0.041743636652996366
2007.23474,0.02359021658144601
2007.23474,0.06014074676415489
2008.78908,0.029658864265684995
2008.78908,0.05403839214985367
2010.34342,0.0418383883728313
2010.34342,0.06636235742081652
2011.89776,0.0479769886561569
2011.89776,0.07256228112962947
2013.4521,0.078764717828267
2013.4521,0.054142990173282966
2015.00644,0.0849881522186537
2015.00644,0.06031526738176275
2016.56078,0.08502311109578681
2018.11511,0.07268248256809795
2018.11511,0.09125718377223814
2019.66945,0.09128237106393383
2019.66945,0.07890440732202385
2021.22379,0.07892950989015324
2021.22379,0.09132706001956643
2022.77813,0.07896435419589819
2022.77813,0.0975710638093304
2024.33247,0.07899918014675318
2024.33247,0.09760597925700944
2025.88681,0.09142191997062167
2027.44115,0.06671619837984719
2027.44115,0.09145676089364135
2028.99549,0.06675089594997888
2028.99549,0.09149158329409311
2030.54982,0.06063338349512307
2030.54982,0.08532705391188544
2032.10416,0.0791631704471473
2032.10416,0.0545400197656987
2033.6585,0.054564729173692025
2033.6585,0.06686475744172075
2035.21284,0.06688950448116827
2035.21284,0.054609176380887976
2036.76718,0.05463382220250944
2038.32152,0.04853627729260514
2039.87586,0.06082103419793772
2041.4302,0.06084559966499494
2041.4302,0.04249051654489977
2042.98453,0.06088005948492186
2042.98453,0.03643991853810299
2044.53887,0.05477635773053915
2044.53887,0.030411887029577787
2046.09321,0.054810746064523734
2046.09321,0.018406691476202292
2047.64755,0.012467744571503058
2047.64755,0.042627828184053154
2049.20189,0.0007781279760657654
2049.20189,0.024478580376487372
2050.75623,0.0008115585383906088
2050.75623,0.024512672403362044
2052.31057,0.0
2052.31057,0.01257942453245153
2053.86491,0.0
2053.86491,0.0008884146889525
2055.41925,0.0009117658253273728
2056.97358,0.0
2056.97358,0.006762887100584828
2058.52792,0.0
2058.52792,0.006796536109032425
2060.08226,0.0
2060.08226,0.006830169463033185
2061.6366,0.0
2061.6366,0.012772273969415241
2063.19094,0.012795915580893285
2063.19094,0.0010784957340780816
2064.74528,0.0011016720137824894
2064.74528,0.018803956437875764
2066.29962,0.018827642574486502
2066.29962,0.00696454623634164
2067.85396,0.0248662426474751
2067.85396,0.00699810124468048
2069.40829,0.007021471640323018
2069.40829,0.024910271119045597
2070.96263,0.03097076087621143
2072.51697,0.0
2072.51697,0.024967770519148898
2074.07131,0.01898625476652646
2074.07131,0.0
2075.62565,0.0013240847913267492
2075.62565,0.0
2077.17999,0.0
2077.17999,0.0
2077.17999,0.0
2078.73433,0.0
2078.73433,0.0
2078.73433,0.0
2080.28867,0.0
2080.28867,0.0
2081.843,0.0
2081.843,0.0
2083.39734,0.0
2083.39734,0.0
2084.95168,0.0
2084.95168,0.0
2086.50602,0.0
2088.06036,0.0
2088.06036,0.0
2089.6147,0.0
2089.6147,0.0
2091.16904,0.0
2091.16904,0.0
2092.72338,0.0
2092.72338,0.0
2094.27771,0.0
2094.27771,0.0017418586397271517
2095.83205,0.0017644719158679124
2095.83205,0.0
2097.38639,0.013534085387503017
2097.38639,0.0
2098.94073,0.025540193221319077
2098.94073,0.0
2100.49507,0.0018633968286564486
2100.49507,0.019577741763738877
2100.49507,0.037696874815402404
2102.04941,0.02561767231944849
2102.04941,0.007742801757129989
2103.60375,0.04384042964129699
2103.60375,0.019655088531621533
2105.15809,0.03172282692340014
2105.15809,0.062254131228171396
2105.15809,0.05000145328265609
2106.71243,0.06844156196485815
2108.26676,0.04394127692858321
2108.26676,0.06847530446246372
2109.8211,0.05008136541077793
2109.8211,0.06850902884304845
2111.37544,0.056238842444905734
2111.37544,0.06854273502411616
2112.92978,0.06856585926448859
2112.92978,0.05628302221281405
2114.48412,0.06859951518869549
2114.48412,0.05631663411863332
2116.03846,0.05021565964037835
2116.03846,0.06248987950894343
2117.5928,0.05024918857655023
2119.14714,0.06868976151433373
2119.14714,0.056406742799065254
2120.70147,0.07489030640794321
2120.70147,0.050316192819170415
2122.25581,0.08110291562158904
2123.81015,0.08731603945696534
2123.81015,0.06263641372224144
2125.36449,0.08734960931320726
2125.36449,0.06266990148200992
2126.91883,0.08738316069370941
2126.91883,0.0565635120488546
2128.47317,0.05046200738831135
2128.47317,0.09362811939775229
2128.47317,0.06890159929761346
2130.02751,0.050506068090624925
2130.02751,0.032257109876076696
2130.02751,0.0751129132855324
2131.58185,0.05667444827132132
2131.58185,0.020254107547581147
2133.13618,0.05670783045896074
2133.13618,0.014318807647042985
2134.69052,0.02030957097287368
2134.69052,0.03843288350181432
2134.69052,0.0
2136.24486,0.014384821152459247
2136.24486,0.0
2137.7992,0.014417803227463855
2137.7992,0.0
2139.35354,0.0
2140.90788,0.0
2142.46222,0.0
2144.01656,0.0
2144.01656,0.0
2145.57089,0.0
2145.57089,0.020529869972408743
2145.57089,0.0086557613710792
2147.12523,0.0
2147.12523,0.008688510942837825
2147.12523,0.03263272136373834
2148.67957,0.057040663648765234
2148.67957,0.0028997152133904787
2150.23391,0.03268794400760529
2151.78825,0.0941293916985494
2151.78825,0.05098230750116453
2151.78825,0.026692026536621123
2151.78825,0.06326915392449167
2153.34259,0.06329142643999375
2153.34259,0.11285496683119117
2154.89693,0.08801671829717071
2154.89693,0.13788195678090662
2156.45127,0.14417065528442674
2156.45127,0.11292163236346398
2158.0056,0.15675610786385893
2158.0056,0.11919196689205283
2159.55994,0.14423735148967415
2159.55994,0.18828322931916314
2161.11428,0.17569594099667626
2162.66862,0.15056589590205074
2162.66862,0.19465155630719672
2164.22296,0.15687841805767844
2164.22296,0.20100246836666086
2165.7773,0.19470722786583766
2167.33164,0.18841692193719325
2167.33164,0.16952138906606315
2167.33164,0.13813739560944827
2168.88598,0.10693657251802312
2168.88598,0.15070996044078971
2170.44032,0.13193312701847607
2170.44032,0.09454954870662151
2171.99465,0.07599973153985333
2171.99465,0.1319773655702294
2171.99465,0.10702496485061881
2173.54899,0.08841439995738502
2175.10333,0.08224545051546311
2175.10333,0.06375417860067087
2175.10333,0.04539148263600201
2176.65767,0.07610976533219828
2176.65767,0.045424328870875365
2178.21201,0.03329078333528231
2178.21201,0.06383114883143097
2179.76635,0.015302091559899927
2179.76635,0.05159802648726466
2181.32069,0.045511580824407705
2181.32069,0.021316738182082833
2182.87503,0.02734804637176235
2182.87503,0.009459737943566917
2184.42936,0.009480924652782854
2185.9837,0.03344299749440932
2185.9837,0.009513289638225647
2187.53804,0.03347561730775561
2187.53804,0.02143577442230162
2189.09238,0.03957505501394574
2189.09238,0.02146828635721643
2190.64672,0.04569662670676087
2190.64672,0.027510978852511535
2192.20106,0.027532243455492846
2192.20106,0.04574053823514777
2193.7554,0.027564747427191373
2193.7554,0.05188150910727778
2195.30974,0.03970544780487349
2196.86407,0.0703459134626218
2196.86407,0.045827084705056545
2198.41841,0.08272673342496295
2198.41841,0.06423471785112893
2199.97275,0.058114910641255894
2199.97275,0.08277074515379693
2201.52709,0.07661197903405931
2201.52709,0.06429996405159297
2203.08143,0.06432119949918491
2203.08143,0.08283607558239016
2204.63577,0.05821258574916363
2204.63577,0.07668858233599417
2206.19011,0.05211941995459977
2206.19011,0.07055297856779333
2207.74445,0.06441883688614625
2207.74445,0.046054703090892345
2209.29878,0.0644513463606651
2209.29878,0.04608714894566883
2210.85312,0.04610814737014211
2210.85312,0.0644952675087779
2212.40746,0.046140543928237285
2213.9618,0.05227018325970309
2213.9618,0.07070415304866944
2215.51614,0.07072514650766006
2217.07048,0.07691444122377689
2217.07048,0.058460781690856674
2218.62482,0.058481660866751495
2218.62482,0.08313863159383796
2220.17916,0.06465540047368636
2220.17916,0.08936241590127203
2221.7335,0.09558511374265614
2221.7335,0.07085474008638969
2223.28783,0.08322432667257684
2223.28783,0.10184057888936443
2224.84217,0.08325668326820894
2224.84217,0.10809370851848196
2226.39651,0.08328902144353438
2226.39651,0.11435546757758598
2227.95085,0.120613930264796
2227.95085,0.08952434858223197
2229.50519,0.08335364253177326
2229.50519,0.1144202574209867
2231.05953,0.08957739614999162
2232.61387,0.0587604012611143
2232.61387,0.09581156797840186
2234.16821,0.08343881920506718
2234.16821,0.06494577846563906
2234.16821,0.046580600727250225
2235.72254,0.04051120717993299
2235.72254,0.07114525860551658
2237.27688,0.06501010735908842
2237.27688,0.02243277428747275
2238.83122,0.04666523113148571
2238.83122,0.0
2238.83122,0.0224763756078983
2240.38556,0.022496615548749644
2240.38556,0.04063068523642162
2240.38556,0.0
2241.9399,0.0
2243.49424,0.0
2243.49424,0.0
2245.04858,0.0
2245.04858,0.0
2270.43317,0.01794845597350766
2298.25226,0.10744588908201656
2321.95,0.2958689519617237
2338.43539,0.36376951834879934
2344.61741,0.24957048216622985
2355.95111,0.22439346049988806
2355.95111,0.13255423532015037
2378.72171,0.0
2378.72171,0.0
2380.27605,0.0
2380.27605,0.0
2381.83039,0.0
2381.83039,0.0
2383.38473,0.0
2383.38473,0.0
2383.38473,0.0
2384.93907,0.0
2384.93907,0.0
2386.49341,0.0
2386.49341,0.0
2388.04774,0.0
2389.60208,0.0
2389.60208,0.0
2391.15642,0.0
2391.15642,0.0
2392.71076,0.0
2392.71076,0.0
2394.2651,0.0
2395.81944,0.0
2395.81944,0.0
2397.37378,0.0
2397.37378,0.0
2398.92812,0.00016788301237382749
2400.48246,0.0
2400.48246,0.011729077219820637
2402.03679,0.02365170951004076
2402.03679,0.0
2403.59113,0.023679551541665168
2405.14547,0.011788433150981693
2405.14547,0.03576837007942531
2406.69981,0.03578419741979978
2406.69981,0.017756916989814707
2408.25415,0.04797482929655604
2408.25415,0.029778550532055376
2409.80849,0.05411381411095907
2409.80849,0.023790749365275785
2411.36283,0.023806446052971775
2411.36283,0.05415369108638111
2412.91717,0.041966010986635036
2414.4715,0.017871404242988463
2414.4715,0.041993769351804544
2416.02584,0.035938727995306036
2416.02584,0.017911152451056622
2417.58018,0.0061432143552155715
2417.58018,0.029932941168389265
2419.13452,0.023932783101994603
2419.13452,0.0004999856571761387
2420.68886,0.017981917463165926
2420.68886,0.0002115082155252734
2422.2432,0.00022365154148345156
2422.2432,0.012092574673477973
2423.79754,0.0002479589774180462
2423.79754,0.0005818604144922186
2425.35188,0.00027229412537696436
2425.35188,0.0002844720913655435
2426.90621,0.0002966569853602001
2426.90621,0.00030884880736093957
2428.46055,0.00032104755736775983
2428.46055,0.0003332532353806597
2430.01489,0.000345465841399637
2430.01489,0.00035768537542469784
2431.56923,0.00036991183745583835
2431.56923,0.0003821452274930591
2433.12357,0.00039438554553636
2433.12357,0.0004066327915857387
2434.67791,0.0004188869656412
2434.67791,0.00043114806770274154
2436.23225,0.0004434160977703632
2436.23225,0.0004556910558440627
2437.78659,0.0004679729419238448
2437.78659,0.00048026175600970704
2439.34092,0.0004925574981016496
2439.34092,0.0005048601681996722
2440.89526,0.0005171697663037727
2440.89526,0.0005294862924139557
2442.4496,0.0005418097465302189
2444.00394,0.0005541401286525624
2444.00394,0.0005664774387809836
2445.55828,0.0005788216769154874
2445.55828,0.0005911728430560715
2447.11262,0.0006035309372027357
2447.11262,0.0006158959593554776
2447.11262,0.0006282679095143023
2448.66696,0.000640646787679207
2448.66696,0.0006530325938501924
2450.2213,0.0006654253280272577
2450.2213,0.0006778249902104003
2451.77564,0.0006902315803996263
2451.77564,0.000702645098594932
2453.32997,0.000715065544796318
2453.32997,0.0007274929190037818
2453.32997,0.000739927221217328
2454.88431,0.0007523684514369546
2454.88431,0.0007648166096626614
2456.43865,0.0007772716958944459
2456.43865,0.000789733710132313
2457.99299,0.0008022026523762603
2457.99299,0.0008146785226262878
2459.54733,0.0008271613208823955
2461.10167,0.0008396510471445811
2462.65601,0.0008521477014128491
2464.21035,0.0008646512836871975
2464.21035,0.0008771617939676259
2465.76468,0.0008896792322541321
2465.76468,0.000902203598546721
2465.76468,0.0009147348928453901
2467.31902,0.0009272731151501394
2467.31902,0.0009398182654609664
2467.31902,0.0009523703437778761
2468.87336,0.0009649293501008659
2468.87336,0.0009774952844299363
2470.4277,0.0009900681467650864
2470.4277,0.0010026479371063142
2471.98204,0.001015234655453625
2471.98204,0.0010278283018070157
2471.98204,0.01890863687047664
2471.98204,0.0010530363785320358
2473.53638,0.0010656508089036672
2473.53638,0.024927431455389372
2475.09072,0.0010909004536651707
2475.09072,0.06756383378281815
2476.64506,0.02496890947294824
2476.64506,0.10470976439195898
2478.19939,0.05533342930127528
2478.19939,0.11095886719955281
2479.75373,0.06763240118705974
2479.75373,0.13595573230800473
2481.30807,0.18623382862082302
2481.30807,0.12348234470527601
2482.86241,0.2052016475978587
2482.86241,0.186273587127963
2482.86241,0.14855132273744917
2484.41675,0.2178927183865732
2484.41675,0.17371205960334535
2485.97109,0.19894986520566008
2485.97109,0.23060178550837288
2487.52543,0.21161879365288913
2487.52543,0.22429200201676772
2487.52543,0.21164430656188166
2487.52543,0.2243175287817724
2489.07977,0.2560576106086411
2489.07977,0.22434456758066557
2489.07977,0.22435735521118919
2489.07977,0.256095973500212
2490.6341,0.2561102166952527
2490.6341,0.25612302510979457
2492.18844,0.25613723475070443
2492.18844,0.24344746306268641
2492.18844,0.25616288621981853
2492.18844,0.24347312838781277
2493.74278,0.24983666037784333
2493.74278,0.24984951036042166
2495.29712,0.23716903050386332
2495.29712,0.2562297824706353
2495.29712,0.2371947651090504
2495.29712,0.25625553093183456
2496.85146,0.237221777098648
2496.85146,0.2562825591445896
2496.85146,0.2562954576232105
2496.85146,0.23726047253451077
2498.4058,0.2309334521743615
2498.4058,0.23094637143700064
2499.96014,0.230960451873267
2499.96014,0.25000916083390184
2499.96014,0.2500221008805592
2499.96014,0.23099927201323917
2501.51448,0.24369976332864254
2501.51448,0.2437127241593182
2501.51448,0.22470243831832123
2501.51448,0.22471541300500902
2503.06881,0.23740741463869353
2503.06881,0.22474244208147418
2503.06881,0.2374333986520995
2503.06881,0.22476843995089235
2504.62315,0.21212198604066368
2504.62315,0.2374734396548671
2504.62315,0.21214802547811834
2504.62315,0.23749949294833392
2506.17749,0.21217505564941805
2506.17749,0.23118540108951816
2506.17749,0.21220115051092137
2506.17749,0.23121150980703362
2507.73183,0.20590483453275651
2507.73183,0.20591790621152942
2507.73183,0.22491481676499817
2507.73183,0.22492790229978324
2509.28617,0.21228138581369407
2509.28617,0.21229448520449135
2510.84051,0.21230841294756375
2510.84051,0.21232152619437314
2512.39485,0.21866340930379646
2512.39485,0.19339297767184443
2512.39485,0.2186896704374457
2512.39485,0.1934192526615058
2513.94919,0.2123886975993991
2513.94919,0.18713767503867032
2513.94919,0.212415014157097
2513.94919,0.18716400545238032
2515.50353,0.20611868100315808
2515.50353,0.18719104128997735
2515.50353,0.20614505298490457
2515.50353,0.18721742712773598
2517.05786,0.18092788669964555
2517.05786,0.19986670634477843
2517.05786,0.19987992351167902
2517.05786,0.18096753820034733
2518.6122,0.17468338522028154
2518.6122,0.17469662317120035
2518.6122,0.1936198172801311
2518.6122,0.19363306908706215
2520.16654,0.19364686481493307
2520.16654,0.17475017988938482
2520.16654,0.17476345248033406
2520.16654,0.19368668258778082
2523.27522,0.18108891719873577
2523.27522,0.16851191564144363
2524.82956,0.17481793719709726
2526.3839,0.18743293797530608
2526.3839,0.16855257912953037
2527.93824,0.18745987451381696
2527.93824,0.16857952873517204
2529.49257,0.1811834144895306
2531.04691,0.17489899366109912
2531.04691,0.19382229922229677
2532.60125,0.17492585804779764
2532.60125,0.1938491778704428
2534.15559,0.20017629192337466
2534.15559,0.17496607968577715
2535.70993,0.2002031180099699
2535.70993,0.17499291940896458
2537.26427,0.1876076833719747
2537.26427,0.2065619206359463
2537.26427,0.1750331510234577
2538.81861,0.15618707108808896
2538.81861,0.2002835550209558
2540.37295,0.18137129295490942
2540.37295,0.1562272921062295
2541.92728,0.17510008570500307
2541.92728,0.14371198260730544
2543.48162,0.11249429618490747
2543.48162,0.1562808267470365
2545.03596,0.13749095865735914
2545.03596,0.08770316332301135
2546.5903,0.11254773048617088
2546.5903,0.06307630693995755
2548.14464,0.10635237154504154
2548.14464,0.08157451077898163
2548.14464,0.03871259776371277
2549.69898,0.0032059579063350593
2549.69898,0.06928690141461358
2551.25332,0.03875245240917748
2551.25332,0.002818648293697556
2551.25332,0.002832198004890014
2552.80766,0.03879266765655512
2552.80766,0.0032864969617487235
2552.80766,0.0028728887065038677
2554.36199,0.0028864661297206464
2554.36199,0.0029000504809434994
2554.36199,0.0029136417601724387
2555.91633,0.0029272399674074574
2557.47067,0.0029408451026485564
2559.02501,0.002954457165895736
2559.02501,0.0029680761571489957
2560.57935,0.0029817020764083355
2562.13369,0.0029953349236737556
2562.13369,0.0030089746989452556
2563.68803,0.0030226214022228306
2563.68803,0.003036275033506491
2565.24237,0.003049935592796232
2565.24237,0.0034862053057484756
2566.79671,0.003077277495393954
2566.79671,0.003512806496389742
2568.35104,0.0031046471100159975
2568.35104,0.0210165988673787
2569.90538,0.009242748524343
2569.90538,0.02702239778986322
2569.90538,0.04516979783226324
2571.45972,0.05127521928636012
2571.45972,0.027062599770629702
2573.01406,0.05130165697815532
2573.01406,0.021109779270153638
2574.5684,0.027101763061249323
2574.5684,0.051341834399957424
2576.12274,0.03314452778183742
2576.12274,0.051368250305105195
2577.67708,0.039217047133665375
2579.23142,0.03922962991522422
2579.23142,0.0212017168615282
2580.78575,0.0392559735416275
2580.78575,0.021228095349153472
2582.34009,0.033236194713354296
2582.34009,0.015324373375362833
2583.89443,0.003790740607997865
2583.89443,0.02726003324770192
2585.44877,0.021293282755825864
2585.44877,0.00342138947991753
2587.00311,0.0034352440233775166
2587.00311,0.009547141017445887
2588.55745,0.0034629738943157294
2590.11179,0.003476849221793956
2591.66613,0.0034907314772782572
2593.22046,0.039424383442390326
2593.22046,0.003518516772265112
2594.7748,0.06999767705655971
2594.7748,0.00963687509141331
2596.32914,0.07618124900417274
2596.32914,0.03949057890437928
2597.88348,0.04557384343410029
2597.88348,0.08857350321605513
2599.43782,0.13838648312315535
2599.43782,0.07624734106565631
2600.99216,0.1697825663398681
2600.99216,0.12592602348798318
2600.99216,0.1447014331133602
2600.99216,0.0948465173577685
2602.5465,0.10106183510645801
2602.5465,0.16356397178338197
2604.10084,0.20137824407495514
2604.10084,0.13850646984403123
2605.65517,0.17618077332273355
2605.65517,0.22038807418191478
2605.65517,0.2394124807237514
2607.20951,0.2457696754524394
2607.20951,0.22042807175764295
2607.20951,0.16995656689949729
2607.20951,0.18256083566127712
2608.76385,0.2585262798338934
2608.76385,0.22048215376444133
2610.31819,0.25855221579042786
2611.87253,0.2840148884799703
2611.87253,0.24587558170170018
2613.42687,0.2585899246304807
2613.42687,0.2968017302123812
2614.98121,0.2904383025925145
2614.98121,0.2713479479335509
2614.98121,0.30960215502425126
2616.53555,0.2904782706404217
2616.53555,0.31601308521092414
2618.08988,0.27776422801414813
2618.08988,0.31603892437665826
2618.08988,0.2905324128768336
2619.64422,0.2460190485981101
2619.64422,0.2587357572328349
2619.64422,0.30332616162102277
2621.19856,0.29058406956608823
2621.19856,0.2333868887880299
2621.19856,0.26514710716168177
2622.7529,0.2778842114426228
2622.7529,0.258815811636841
2622.7529,0.20812067421380356
2624.30724,0.23979384615591
2624.30724,0.18290254387842267
2625.86158,0.18291412565055917
2627.41592,0.2018510916877791
2627.41592,0.1515085396405905
2628.97026,0.13899142625793945
2628.97026,0.1766678041087245
2630.5246,0.15782005073611077
2630.5246,0.10784002520502198
2632.07893,0.15784578756284914
2632.07893,0.10165297227351701
2633.63327,0.12656834397537894
2633.63327,0.0892826983847941
2635.18761,0.08311221327772988
2635.18761,0.11413922084039456
2636.74195,0.07081050065320528
2636.74195,0.09552703794589885
2638.29629,0.09553839694321435
2638.29629,0.06470713231055483
2639.85063,0.08318934057998505
2639.85063,0.058604703733751054
2641.40497,0.04641235131082382
2641.40497,0.0770593107440349
2642.95931,0.05253042016788563
2642.95931,0.07708498477958205
2644.51364,0.058667383385319245
2644.51364,0.07711064055908136
2644.51364,0.04649256101557888
2646.06798,0.046503825258471375
2646.06798,0.07715070761004786
2647.62232,0.052621823618547836
2647.62232,0.07101904879390418
2647.62232,0.08336084900865466
2649.17666,0.07104467068455952
2649.17666,0.08956833328974466
2649.17666,0.058802111675078865
2650.731,0.09578673120151829
2652.28534,0.10200092992029254
2652.28534,0.07111035185701452
2653.83968,0.10823922937639567
2653.83968,0.07729319594119663
2655.39402,0.06500361752880571
2655.39402,0.10206650164398312
2655.39402,0.08350330235066791
2656.94835,0.08969613658313709
2656.94835,0.06505823077018318
2658.50269,0.07121256769829036
2658.50269,0.08355437222795409
2658.50269,0.052859089892714935
2660.05703,0.046777833647574006
2661.61137,0.05899221092884912
2661.61137,0.040732721217332124
2663.16571,0.07744625508030636
2663.16571,0.04075826237708851
2663.16571,0.06517492098153001
2664.72005,0.04685441536442323
2664.72005,0.08985270487188116
2666.27439,0.08986351514263234
2666.27439,0.06522588401944916
2667.82873,0.07137998358024689
2667.82873,0.0960962997690774
2669.38306,0.08991431360404249
2669.38306,0.1085374574038255
2670.9374,0.11476995677180993
2672.49174,0.10855880639167624
2672.49174,0.08996503823696467
2674.04608,0.08997568004519928
2674.04608,0.10859880043355569
2675.60042,0.07149216180187003
2675.60042,0.09620838659436642
2677.15476,0.07151747040254387
2677.15476,0.09623367723135463
2678.7091,0.07154276083025665
2680.26344,0.07155329175698273
2680.26344,0.05318587009818375
2681.81778,0.07157853198340139
2681.81778,0.05321115764114299
2683.37211,0.07160375406528167
2683.37211,0.04714437697909591
2684.92645,0.05935790195271601
2684.92645,0.04109921291839844
2686.48079,0.04110968120999873
2686.48079,0.0593979062263904
2688.03513,0.053297319150874906
2688.03513,0.03510449128107618
2689.58947,0.035114916762070784
2691.14381,0.035125304184997985
2691.14381,0.05334767063911472
2691.14381,0.07174443008047374
2692.69815,0.08408158086716959
2692.69815,0.047295709127945035
2694.25249,0.08410665650626854
2694.25249,0.05952374398949323
2695.80682,0.06566176872681416
2695.80682,0.09652083284530573
2697.36116,0.07182993486754559
2697.36116,0.10274879522488932
2698.9155,0.09655597853240783
2698.9155,0.07802688761886854
2700.46984,0.10899644964875807
2700.46984,0.09040331065871657
2702.02418,0.10902140087922654
2703.57852,0.102818830916912
2703.57852,0.12149824736196062
2705.13286,0.127746649048555
2705.13286,0.10285869457205751
2706.6872,0.12153305869333228
2706.6872,0.09668071824462982
2708.24153,0.09669062683116894
2708.24153,0.12157289111920108
2708.24153,0.07817676740819185
2709.79587,0.10914587698650399
2709.79587,0.06590175008077948
2711.35021,0.059783989968125714
2711.35021,0.10297321270019671
2711.35021,0.0844113205336345
2712.90455,0.07825146065955334
2712.90455,0.04156634875978119
2714.45889,0.04157625997950858
2714.45889,0.06599151191883684
2716.01323,0.05987370381741045
2716.01323,0.023579342425869235
2717.56757,0.02956652935423696
2717.56757,0.047711235452695205
2717.56757,0.017692129369432257
2719.12191,0.041666101156437624
2719.12191,0.006195761173302734
2719.12191,0.02365957245882727
2720.67624,0.02366946277811279
2720.67624,0.006087265386921025
2722.23058,0.017767281738573396
2722.23058,0.006117530908084589
2723.78492,0.006272446570908092
2725.33926,0.0062828353364510125
2725.33926,0.006162981149875531
2726.8936,0.006178145086484674
2730.00228,0.006313832152267611
2731.55662,0.0062084937437212
2731.55662,0.006339293550583617
2733.11095,0.01201517049453855
2733.11095,0.006254068689621591
2734.66529,0.00626927419426721
2734.66529,0.017906055387216194
2736.21963,0.0062997059875766976
2736.21963,0.023857558985652387
2737.77397,0.0064258375515066244
2739.32831,0.012099549515985292
2739.32831,0.02986850975269887
2740.88265,0.023901259951882307
2742.43699,0.03590155639633161
2743.99133,0.029896627004827134
2743.99133,0.04197052149908617
2745.54567,0.02992120557077048
2745.54567,0.04199505330763621
2747.1,0.04200426519617563
2748.65434,0.04808304707234817
2750.20868,0.04809215867610521
2751.76302,0.048101231857412094
2753.31736,0.04811026661677566
2754.8717,0.054210500604456806
2754.8717,0.042065087901923516
2756.42604,0.05423478131428217
2757.98038,0.05424368631268567
2759.53471,0.048161379407449106
2761.08905,0.030042888440525908
2761.08905,0.048185600769809406
2762.64339,0.030067169243420504
2762.64339,0.048209804497321894
2764.19773,0.0421492283732503
2764.19773,0.018205264812532693
2765.75207,0.036129421677140776
2765.75207,0.024155143824264508
2767.30641,0.006744081129297314
2767.30641,0.030155336934826155
2768.86075,0.006774942458983776
2770.41509,0.018271757416102256
2770.41509,0.006805831500694551
2771.96942,0.006821286413559062
2771.96942,0.006836748254429654
2773.52376,0.006852217023306325
2775.0781,0.006867692720189077
2775.0781,0.006883175345077908
2775.0781,0.006898664897972822
2776.63244,0.0069141613788738145
2776.63244,0.006929664787780886
2778.18678,0.006945175124694032
2778.18678,0.006960692389613265
2779.74112,0.0069762165825385785
2779.74112,0.006991747703469971
2781.29546,0.007007285752407445
2781.29546,0.007022830729350999
2782.8498,0.007038382634300633
2782.8498,0.007053941467256347
2782.8498,0.0070695072282181345
2784.40413,0.007085079917186009
2784.40413,0.007100659534159963
2785.95847,0.007116246079139998
2785.95847,0.007131839552126112
2787.51281,0.0071474399531183085
2787.51281,0.007163047282116584
2789.06715,0.00717866153912094
2790.62149,0.007194282724131374
2790.62149,0.007209910837147885
2792.17583,0.0072255458781704815
2792.17583,0.0072411878471991585
2793.73017,0.007256836744233913
2795.28451,0.007272492569274751
2795.28451,0.007288155322321668
2796.83885,0.01866665607100898
2796.83885,0.007319501612433742
2796.83885,0.0073351851494988995
2798.39318,0.05482080622417091
2798.39318,0.00736657300764745
2798.39318,0.030636645708876767
2798.39318,0.007397988577820326
2799.94752,0.007413706754915885
2799.94752,0.04880113018441452
2799.94752,0.02471715790398438
2801.50186,0.08561895711047889
2801.50186,0.02474111058122371
2801.50186,0.06718329172572608
2803.0562,0.07333332349197201
2803.0562,0.09185495863541725
2803.0562,0.04889596637282021
2804.61054,0.07337277093438457
2804.61054,0.05501022971248792
2804.61054,0.09191017361006455
2806.16488,0.08573720052635858
2806.16488,0.06728599985505351
2807.71922,0.07959192718803838
2807.71922,0.06730969101983203
2809.27356,0.0796155499078945
2809.27356,0.05509723043285443
2810.82789,0.07348315547045359
2810.82789,0.061230465196003996
2812.38223,0.042969913704179054
2812.38223,0.06125412356059571
2813.93657,0.036950673091418064
2813.93657,0.061277764014736814
2815.49091,0.02498769899447841
2815.49091,0.05519192344072545
2817.04525,0.04910938121751045
2817.04525,0.01910434647050713
2818.59959,0.013267900619177877
2818.59959,0.0370377247994021
2820.15393,0.007888473590609905
2820.15393,0.031049119344035925
2821.70827,0.007920346409184074
2821.70827,0.025098803217208518
2823.2626,0.013339869491324662
2823.2626,0.007968207597090927
2824.81694,0.007984175182405373
2824.81694,0.008000149695725899
2826.37128,0.008016131137052506
2826.37128,0.008032119506385185
2827.92562,0.00804811480372395
2827.92562,0.008064117029068797
2829.47996,0.008080126182419725
2829.47996,0.008096142263776732
2831.0343,0.008112165273139819
2832.58864,0.008128195210508985
2832.58864,0.008144232075884234
2834.14298,0.013491215203128968
2834.14298,0.008176326590652962
2835.69731,0.019357871657230748
2835.69731,0.008208448817446019
2837.25165,0.013538878787614438
2838.80599,0.008240598756263396
2838.80599,0.02532707796771898
2840.36033,0.008272776407105093
2840.36033,0.019428841937334625
2841.91467,0.013594147580150743
2841.91467,0.008321094843413234
2843.46901,0.008337214844861445
2843.46901,0.008353341774315735
2845.02335,0.008369475631776103
2845.02335,0.008385616417242555
2846.57769,0.008401764130715087
2846.57769,0.008417918772193696
2846.57769,0.008434080341678387
2848.13202,0.008450248839169151
2848.13202,0.008466424264666005
2848.13202,0.008482606618168936
2849.68636,0.013745117651963066
2849.68636,0.008514992109193039
2849.68636,0.00853119524671421
2851.2407,0.025547439115085533
2851.2407,0.008563622305774796
2852.79504,0.008579846227314208
2852.79504,0.049680748961752154
2854.34938,0.061886131164389686
2854.34938,0.008628559559968921
2854.34938,0.037610744650970855
2855.90372,0.0376178014906911
2855.90372,0.08036452361759108
2857.45806,0.09271995114996881
2857.45806,0.06196497918308724
2859.0124,0.09893428712077137
2859.0124,0.06198812818090116
2860.56674,0.11137043187296745
2860.56674,0.08043376521948396
2862.12107,0.10518194993980716
2863.67541,0.1176205656368093
2865.22975,0.12385631543433887
2866.78409,0.12386280867334962
2866.78409,0.1363619041469728
2868.33843,0.14262107701650537
2868.33843,0.11767278952748897
2869.89277,0.12390839450042244
2869.89277,0.14892004693989372
2871.44711,0.12393115924744283
2871.44711,0.15520939861105632
2873.00145,0.15521570243062513
2873.00145,0.1302077156080609
2874.55578,0.14897177109777265
2874.55578,0.10533212415483721
2876.11012,0.1427346223356523
2876.11012,0.08061406942146444
2876.11012,0.10537132173563127
2877.66446,0.0683406888810179
2877.66446,0.11782581955704098
2879.2188,0.056129680216420536
2879.2188,0.0930242268075152
2880.77314,0.025973620690181883
2880.77314,0.08069894858050522
2882.32748,0.04401955496159468
2882.32748,0.009201488898317282
2883.88182,0.009217983012093822
2885.43616,0.009234484053876443
2885.43616,0.02604292607128514
2886.99049,0.009267506921459924
2886.99049,0.009284028747260786
2886.99049,0.00930055750106772
2888.54483,0.00931709318288074
2888.54483,0.009333635792699843
2888.54483,0.009350185330525024
2890.09917,0.009366741796356286
2890.09917,0.009383305190193628
2891.65351,0.00939987551203705
2891.65351,0.009416452761886554
2893.20785,0.009433036939742137
2894.76219,0.009449628045603791
2896.31653,0.009466226079471535
2896.31653,0.009482831041345358
2897.87087,0.009499442931225262
2897.87087,0.009516061749111246
2899.4252,0.00953268749500331
2899.4252,0.009549320168901454
2900.97954,0.00956595977080568
2900.97954,0.009582606300715975
2902.53388,0.00959925975863236
2902.53388,0.009615920144554826
2904.08822,0.009632587458483373
2904.08822,0.009649261700417997
2904.08822,0.009665942870358702
2905.64256,0.009682630968305487
2907.1969,0.009699325994258354
2907.1969,0.014612104511439867
2907.1969,0.032351328538091424
2908.75124,0.032357377926808824
2908.75124,0.009766175378130614
2908.75124,0.056594949957166095
2910.30558,0.020509551084022876
2910.30558,0.09349263607696678
2910.30558,0.06886694990766332
2910.30558,0.044496531750284785
2911.85992,0.07502995769889778
2911.85992,0.09973927110901862
2911.85992,0.13709900322784035
2911.85992,0.05061888844878876
2913.41425,0.12463935908785678
2913.41425,0.07510280078680596
2914.96859,0.16847389702012833
2914.96859,0.10601877353587243
2916.52293,0.13716588477981786
2918.07727,0.1810777685368914
2919.63161,0.174792031766023
2921.18595,0.1685120745584001
2921.18595,0.18110517555619657
2922.74029,0.162255019465917
2924.29463,0.17482458417586105
2924.29463,0.14973804526388998
2925.84896,0.1748466167616105
2925.84896,0.11853808761863564
2927.4033,0.08754178394564248
2927.4033,0.11234027598115483
2927.4033,0.14979911604372015
2928.95764,0.08758090303578844
2928.95764,0.1435617932046149
2930.51198,0.04475598549107119
2930.51198,0.11240147688852561
2932.06632,0.026761676863807753
2932.06632,0.06918047528244899
2933.62066,0.020868814600570378
2933.62066,0.01033887063297265
2933.62066,0.05698798788361459
2935.175,0.010372807997358716
2935.175,0.03881771496955685
2936.72934,0.020931199672617355
2936.72934,0.010423766003983417
2938.28367,0.010440765862203813
2939.83801,0.010457772648430287
2941.39235,0.010474786362662835
2941.39235,0.010491807004901469
2942.94669,0.010508834575146186
2942.94669,0.010525869073396981
2944.50103,0.010542910499653857
2944.50103,0.010559958853916812
2946.05537,0.010577014136185848
2947.60971,0.010594076346460965
2949.16405,0.015214859524521661
2949.16405,0.01062822155102943
2950.71838,0.010645304545322788
2950.71838,0.021083523697935064
2952.27272,0.02700288301296712
2952.27272,0.010696595096239339
2953.82706,0.03299291892899847
2953.82706,0.010730823436880773
2955.3814,0.045061110413122836
2955.3814,0.015322852642369357
2956.93574,0.05723515804312926
2956.93574,0.027087017932440352
2958.49008,0.06336379540476232
2958.49008,0.033076744858166515
2960.04442,0.03908882670073091
2960.04442,0.06340290032315925
2961.59876,0.045149385190873616
2961.59876,0.06342482819086001
2963.15309,0.057322999061317756
2964.70743,0.02716398583625494
2964.70743,0.05125797612517477
2966.26177,0.033153139132596245
2966.26177,0.02129063638256335
2967.81611,0.0452201472090654
2967.81611,0.02722560699653441
2969.37045,0.04524208935122159
2969.37045,0.02724778911926862
2970.92479,0.04526401416020685
2970.92479,0.0213575888800861
2972.47913,0.021362597822778995
2972.47913,0.0574542294726975
2974.03347,0.03326342468578272
2974.03347,0.051389360075431094
2975.58781,0.06358675973277712
2975.58781,0.039309063640021416
2977.14214,0.06973204374437542
2977.14214,0.03933099338107097
2978.69648,0.03933557354836399
2978.69648,0.06977104515135461
2980.25082,0.05754575535353688
2980.25082,0.015666843071572407
2981.80516,0.03937931971311743
2981.80516,0.011334305282042791
2983.3595,0.03339521321292213
2983.3595,0.011369046295134152
2984.91384,0.015716753789084794
2984.91384,0.011403815020249845
2986.46818,0.01142120977481681
2986.46818,0.011438611457389855
2988.02252,0.01145602006796898
2988.02252,0.011473435606554188
2989.57685,0.011490858073145472
2989.57685,0.011508287467742833
2991.13119,0.01152572379034628
2992.68553,0.011543167040955806
2994.23987,0.011560617219571414
2995.79421,0.011578074326193101
2995.79421,0.011595538360820869
2997.34855,0.011613009323454715
2997.34855,0.011630487214094643
2998.90289,0.011647972032740652
2998.90289,0.011665463779392734
3000.45723,0.011682962454050903
3000.45723,0.011700468056715149
3002.01156,0.011717980587385478
3003.5659,0.011735500046061888
3003.5659,0.011753026432744378
3005.12024,0.011770559747432947
3005.12024,0.011788099990127596
3006.67458,0.02177834046063318
3006.67458,0.011823201259535126
3008.22892,0.03367338318521814
3008.22892,0.01185833024096699
3008.22892,0.01187590512369204
3009.78326,0.05181675948899524
3009.78326,0.01191107567316038
3011.3376,0.027770063711465853
3011.3376,0.051855739849589855
3012.89194,0.06405028917645772
3012.89194,0.03977777126209519
3014.44627,0.07633271660328089
3014.44627,0.04583559573448037
3014.44627,0.0580015913211183
3016.00061,0.05800524491945407
3016.00061,0.08254194305395054
3017.55495,0.07025426332633945
3017.55495,0.08872894609389835
3019.10929,0.07641382024091563
3019.10929,0.09492799122724771
3020.66363,0.0764349418806283
3020.66363,0.08877111351136617
3022.21797,0.06419523507713579
3022.21797,0.0887921698067158
3023.77231,0.08262974150957669
3025.32665,0.08263304959354245
3025.32665,0.06423753567889469
3026.88099,0.07650150661863937
3026.88099,0.058153786126382265
3028.43532,0.08267503821976901
3028.43532,0.05208989321971889
3029.98966,0.05209330606953535
3029.98966,0.08271377409432178
3031.544,0.08271695406334668
3031.544,0.05821718181733605
3033.09834,0.10746958980349651
3033.09834,0.06434297558949466
3034.65268,0.11991837534464367
3034.65268,0.08277660765775409
3036.20702,0.1324021816789911
3036.20702,0.10752900419510246
3036.20702,0.14493262266095824
3037.76136,0.10754978531177946
3037.76136,0.1387021539692354
3039.3157,0.13246138023509263
3039.3157,0.15749744095733845
3040.87003,0.13872560844432383
3040.87003,0.1575180441532714
3042.42437,0.1449973194486876
3042.42437,0.16381041321870474
3043.97871,0.14501790413648674
3043.97871,0.16383096254976182
3045.53305,0.15756182496253396
3045.53305,0.17641379648515368
3047.08739,0.16385407578720368
3047.08739,0.18272430301263973
3048.64173,0.15760283225380228
3048.64173,0.189040483512319
3050.19607,0.17017306691508055
3050.19607,0.19536209981586114
3051.75041,0.1764776370619281
3051.75041,0.20168897285669263
3053.30474,0.1827879962642383
3053.30474,0.20802088862967266
3054.85908,0.20171165681319558
3056.41342,0.1891063507711805
3057.96776,0.18910863054651203
3057.96776,0.20804574244000199
3059.5221,0.19543000937885943
3061.07644,0.201738614931573
3061.07644,0.18285350575338483
3062.63078,0.17656581176479422
3062.63078,0.20177683984822092
3064.18512,0.214406932220594
3064.18512,0.1766040867277689
3065.73945,0.22074836733641648
3065.73945,0.18291414896653982
3067.29379,0.23975995069460027
3067.29379,0.19553094269586707
3068.84813,0.2651619225717961
3068.84813,0.23979808180721263
3068.84813,0.2145034289580861
3070.40247,0.2525008800662563
3070.40247,0.28429593134172526
3071.95681,0.2779347323143661
3071.95681,0.2335213357044838
3073.51115,0.2906842972041485
3075.06549,0.277956402033788
3075.06549,0.23354317248780315
3076.61983,0.2589100693485011
3078.17416,0.2589117719545836
3078.17416,0.220908491352614
3079.7285,0.20827264196712433
3079.7285,0.24625886005063682
3081.28284,0.19567498981480186
3081.28284,0.22727421913246662
3082.83718,0.20200114204985722
3082.83718,0.22729409615704144
3082.83718,0.17684534019672365
3084.39152,0.16428555102827042
3084.39152,0.18315499315318878
3084.39152,0.20207575644522424
3085.94586,0.18947033019624548
3085.94586,0.15807071887802382
3087.5002,0.1831948650033744
3087.5002,0.15809072376137512
3089.05454,0.16436371270773717
3089.05454,0.1268598297460062
3090.60888,0.10820871295113613
3090.60888,0.07734841922338791
3090.60888,0.15188438502866575
3092.16321,0.08351979307052519
3092.16321,0.13939616132238877
3093.71755,0.04688638645862875
3093.71755,0.12071176065477147
3095.27189,0.023017537768525217
3095.27189,0.09591937502762485
3096.82623,0.017237835862069662
3096.82623,0.046945736144053514
3096.82623,0.07132966105824293
3096.82623,0.08979977241720195
3096.82623,0.03496877052332988
3098.38057,0.01399838281593695
3098.38057,0.053080957136920265
3098.38057,0.0350078774427063
3099.93491,0.05310139493148382
3099.93491,0.017372556154729588
3099.93491,0.10225952768744316
3101.48925,0.01739395018158975
3101.48925,0.07760052473455666
3101.48925,0.12714881756549434
3101.48925,0.089952448585924
3101.48925,0.04112237916128895
3103.04359,0.07152135713917623
3103.04359,0.17100439686037375
3104.59792,0.12720730655718912
3104.59792,0.21512661955218176
3106.15226,0.2404394820591654
3106.15226,0.17104414950771515
3106.15226,0.21516489271098288
3107.7066,0.1899322006699505
3107.7066,0.246835216698194
3109.26094,0.25952688784499994
3109.26094,0.22785102367851418
3110.81528,0.265897773322338
3110.81528,0.24687454951355017
3112.36962,0.26591736296314816
3113.92396,0.27227355919666013
3115.4783,0.278633510598157
3115.4783,0.24689622228816194
3117.03263,0.25324033605612983
3117.03263,0.2786715857251469
3118.58697,0.22791304629192286
3118.58697,0.2469353040934911
3118.58697,0.27235069156915154
3120.14131,0.22162562373784703
3120.14131,0.253316576629117
3121.69565,0.21532430396707275
3121.69565,0.24065404200148524
3123.24999,0.1901104870653429
3123.24999,0.234339018457662
3124.80433,0.164985128237815
3124.80433,0.21538202563179543
3124.80433,0.1275030498967808
3126.35867,0.21540153647434299
3126.35867,0.19018699055729804
3126.35867,0.13377600349367064
3127.91301,0.08416705421195117
3127.91301,0.17764105742628772
3127.91301,0.10892892874347292
3129.46734,0.09654503604320203
3129.46734,0.07807427587017289
3129.46734,0.03556840042364888
3129.46734,0.13387169209461341
3131.02168,0.059756390779835564
3131.02168,0.023758290072328807
3131.02168,0.07815054791046012
3131.02168,0.09665870368086997
3132.57602,0.03564689199511616
3132.57602,0.018025377560918057
3132.57602,0.0782081462926571
3134.13036,0.018046652702877006
3134.13036,0.04773262066818817
3135.6847,0.023858345811182693
3137.23904,0.029754208283296207
3138.79338,0.06597704920959886
3138.79338,0.035728679880348675
3140.34772,0.06599705545338777
3140.34772,0.047775956316940954
3141.90206,0.06601704396503834
3141.90206,0.05385375187272777
3143.45639,0.05993585107921251
3145.01073,0.05993697530946344
3146.56507,0.053857314210965186
3146.56507,0.06605800510244322
3148.11941,0.04782001541185217
3148.11941,0.06607790884198975
3149.67375,0.06607887593959295
3149.67375,0.05391623418069616
3151.22809,0.05391728972941442
3151.22809,0.06611766314419973
3152.78243,0.06611856708139799
3152.78243,0.05395619344926742
3154.33677,0.0661383860681808
3154.33677,0.05397614702613923
3155.8911,0.06615818745063635
3155.8911,0.05399608334956467
3157.44544,0.06617797099677579
3158.99978,0.07843207600268871
3158.99978,0.06009713489118278
3160.55412,0.08460107881954801
3160.55412,0.06621748493452254
3162.10846,0.08462065643700162
3162.10846,0.07235568269917683
3163.6628,0.09080290172194662
3163.6628,0.0723753442301347
3165.21714,0.07851051814044413
3165.21714,0.10320287519342153
3166.77148,0.10320323989420893
3166.77148,0.07854914811489826
3168.32581,0.08469878601414806
3168.32581,0.11564590003034181
3169.88015,0.08471827313023383
3169.88015,0.10945816143806615
3169.88015,0.1281261628721917
3171.43449,0.13436010816651978
3171.43449,0.10329959428905104
3172.98883,0.14687047379489016
3172.98883,0.10951595469373558
3174.54317,0.15314626296844425
3174.54317,0.1219586634899735
3176.09751,0.15942890405673932
3176.09751,0.13443685170207129
3177.65185,0.16571820221490718
3177.65185,0.14069771698489428
3179.20619,0.17201384724570978
3179.20619,0.1469661417003436
3180.76052,0.18460423959828223
3180.76052,0.15324178183768591
3182.31486,0.16577523558285376
3182.31486,0.18464238538237113
3183.8692,0.17207076521323053
3183.8692,0.19095569402018828
3185.42354,0.1783724000370933
3185.42354,0.19727447657139283
3186.97788,0.17839129655597324
3186.97788,0.197293334328898
3188.53222,0.1846987272845959
3188.53222,0.20361737342260372
3190.08656,0.2036168970192611
3190.08656,0.18473684646410535
3191.6409,0.20994596317483455
3191.6409,0.19104997137620353
3193.19523,0.20365441706446702
3194.74957,0.2162794253914821
3194.74957,0.1973680135706823
3196.30391,0.20367253210554687
3196.30391,0.22263759544101566
3197.85825,0.20369121065188658
3197.85825,0.22265624086807334
3199.41259,0.2037098698971781
3199.41259,0.2226748668788766
3200.96693,0.2226741042374639
3202.52127,0.22267330139645763
3204.07561,0.22267245835619967
3205.62995,0.22267157511703495
3207.18428,0.20372524739018313
3207.18428,0.2226900487584683
3208.73862,0.2037437354133008
3208.73862,0.22270850285516242
3210.29296,0.21007230578942182
3211.8473,0.21638645997820927
3211.8473,0.23538000812020304
3213.40164,0.24171266413663306
3213.40164,0.22274429629111886
3214.95598,0.2480690979298338
3214.95598,0.22908737886601463
3216.51032,0.25442971874935116
3216.51032,0.23543500628195763
3218.06466,0.23543381302276525
3218.06466,0.26081390690172773
3219.61899,0.26081262495437685
3221.17333,0.25446486589165507
3222.72767,0.2481212214307807
3222.72767,0.2671798565382612
3224.28201,0.24813936701775852
3224.28201,0.26719797566988457
3225.83635,0.26084615674191725
3227.39069,0.26084468652962045
3227.39069,0.2291747687529516
3227.39069,0.2418571393220606
3228.94503,0.2165484680078691
3228.94503,0.2609018655821494
3230.49937,0.2165666108865931
3230.49937,0.2482313378806506
3232.0537,0.20395992606975022
3232.0537,0.22924870095897254
3233.60804,0.2039780637968874
3233.60804,0.18509982821697868
3233.60804,0.2229618705540686
3235.16238,0.19771111896332555
3236.71672,0.19770961023061545
3236.71672,0.17256616338878017
3238.27106,0.16628885528199608
3239.8254,0.1662873722560412
3239.8254,0.1851527944596538
3241.37974,0.18515121697449502
3241.37974,0.16632519063699913
3242.93408,0.1914629633762163
3242.93408,0.1600739902551378
3244.48841,0.1788994575644597
3244.48841,0.2041044878645316
3244.48841,0.153849280966852
3246.04275,0.2104321833593064
3246.04275,0.17267501058857795
3247.59709,0.24840920536745376
3247.59709,0.19785562568778875
3249.15143,0.22942683149299054
3250.70577,0.23575389879655453
3250.70577,0.27383737453635015
3250.70577,0.22314009263145135
3252.26011,0.25480467291993303
3252.26011,0.28659458614466377
3253.81445,0.26751871560427876
3253.81445,0.28661229293327933
3255.36879,0.27389053073410785
3255.36879,0.28662997999552153
3256.92313,0.28026614198259747
3258.47746,0.286625635186397
3258.47746,0.2739258700003503
3260.0318,0.2739236697210022
3260.0318,0.2866630757002346
3261.58614,0.28029916861295473
3263.14048,0.26758496673592325
3263.14048,0.28667837653038464
3264.69482,0.280314421229082
3264.69482,0.2676224086370475
3266.24916,0.2612700572386394
3266.24916,0.2803518304646793
3267.8035,0.2803494423314418
3267.8035,0.26130750154594135
3269.35784,0.2613051208632413
3269.35784,0.28038683988871127
3270.91217,0.261322623413033
3270.91217,0.28040431520261533
3270.91217,0.28042425253541375
3270.91217,0.2613824354114282
3272.46651,0.2804417218670776
3272.46651,0.267749927434657
3272.46651,0.2677698924794797
3272.46651,0.28050161700154574
3274.02085,0.26778739701271226
3274.02085,0.26780738284155325
3275.57519,0.26780488191179747
3275.57519,0.2868981095678166
3275.57519,0.2678448882095098
3275.57519,0.28693812972154104
3277.12953,0.27421629322756097
3277.12953,0.2996895207345824
3277.12953,0.29970955505946584
3277.12953,0.2742763962022115
3278.68387,0.2806315874207547
3278.68387,0.28065164252965646
3278.68387,0.31889421065102225
3278.68387,0.3189142796159362
3280.23821,0.30615682172324377
3280.23821,0.30617690454416985
3281.79255,0.30617423239292557
3281.79255,0.33171703538795244
3281.79255,0.3509127698250783
3281.79255,0.33175724952584723
3281.79255,0.306254660668715
3281.79255,0.3509731222079477
3283.34688,0.3637691420151186
3283.34688,0.32542930653252194
3283.34688,0.3638094254330741
3283.34688,0.3254696038064897
3284.90122,0.3638267779271992
3284.90122,0.3318726223165681
3284.90122,0.3318927952015732
3284.90122,0.3638872965822145
3286.45556,0.344690822183823
3286.45556,0.3447110158528464
3286.45556,0.37032862935698496
3286.45556,0.37034883688202047
3288.0099,0.37034598690287523
3288.0099,0.3703662082839229
3289.56424,0.3511608935596662
3289.56424,0.3639798221849512
3289.56424,0.351201370961792
3289.56424,0.3640203134430891
3291.11858,0.35761658710010813
3292.67292,0.35121583481273105
3294.22726,0.3448180168916868
3295.78159,0.3448150335407421
3295.78159,0.3640287783032613
3297.33593,0.36402572846484316
3297.33593,0.3448525975550955
3298.89027,0.3640429423396226
3298.89027,0.3512646889210674
3301.99895,0.35763589424036946
3303.55329,0.3640334463754744
3303.55329,0.3448604809155245
3305.10763,0.36405053860499803
3305.10763,0.3448776198754571
3306.66197,0.3448743789443265
3308.2163,0.33847939195088045
3308.2163,0.32572575931416964
3309.77064,0.3257224788350119
3309.77064,0.35130328248274734
3311.32498,0.3257395453488692
3312.87932,0.32573619047763297
3312.87932,0.3513169221816607
3314.43366,0.3321385666606822
3314.43366,0.3513339024355777
3315.988,0.34493572571838627
3315.988,0.3641491877063203
3315.988,0.3321964130733225
3317.54234,0.3641661059373124
3317.54234,0.3449935566011131
3319.09668,0.35138472336784465
3319.09668,0.38342252394211607
3320.65102,0.3962454613579087
3320.65102,0.35781973214618285
3322.20535,0.3898476467921884
3322.20535,0.36423723225926913
3322.20535,0.41556288037345807
3323.75969,0.4284116786175267
3323.75969,0.38990546049021646
3325.31403,0.3963163381496906
3325.31403,0.4413112515276559
3326.86837,0.4155926319643297
3326.86837,0.4413279578985316
3326.86837,0.45422041886770637
3328.42271,0.42205487974640693
3328.42271,0.46067655265805174
3329.97705,0.4284990495657027
3329.97705,0.4542537627184126
3331.53139,0.44137795546437786
3333.08573,0.44780872721766685
3333.08573,0.42210490041109205
3334.64006,0.44139057669709186
3336.1944,0.40924962307721696
3337.74874,0.4220928490276363
3337.74874,0.364384221822249
3339.30308,0.4028423401467624
3339.30308,0.3836194969181961
3339.30308,0.35162351482049875
3339.30308,0.4221713119802774
3340.85742,0.3260806911702104
3340.85742,0.39008919382180784
3342.41176,0.34526229238787615
3342.41176,0.294242475756772
3343.9661,0.338887482514312
3343.9661,0.28789460991158206
3345.52044,0.3133702948098417
3345.52044,0.28155043929281054
3347.07477,0.29427192561301635
3347.07477,0.33255313021754246
3347.07477,0.31342839132273953
3348.62911,0.3198028413835634
3348.62911,0.33897875339892014
3348.62911,0.30071894367929874
3350.18345,0.3326070747022405
3350.18345,0.3071073077228058
3351.73779,0.3581951255330579
3351.73779,0.319877586256978
3351.73779,0.33266521171202557
3353.29213,0.33266100196365467
3353.29213,0.3710569083866725
3354.84647,0.3838676186381843
3354.84647,0.3518723622176315
3356.40081,0.3646657845904314
3356.40081,0.40956770123676717
3357.95515,0.42241026240664536
3357.95515,0.38392131649596273
3359.50948,0.43528365314486533
3359.50948,0.3839377303431121
3361.06382,0.40317629790284715
3361.06382,0.4481875255124065
3362.61816,0.3903612573019073
3362.61816,0.4417692319916459
3364.1725,0.39037758606091294
3364.1725,0.43535337980973754
3365.72684,0.42891900271244826
3365.72684,0.377594371064263
3365.72684,0.3968500453883679
3367.28118,0.4096820203911944
3367.28118,0.35842209896222743
3368.83552,0.3456259283028333
3370.38986,0.37762233522435784
3370.38986,0.3264780228732967
3371.9442,0.313713480078822
3371.9442,0.28189507827735044
3371.9442,0.3584710969102829
3373.49853,0.3520691695971222
3373.49853,0.2882931440451669
3375.05287,0.31376715828933716
3375.05287,0.24386787494506768
3376.60721,0.288304950074706
3376.60721,0.21227039433717945
3378.16155,0.23754781528787178
3378.16155,0.2692719752088651
3378.16155,0.20599992663153044
3379.71589,0.2249348718272934
3379.71589,0.26296050438745344
3379.71589,0.21234564921307567
3381.27023,0.26297692060191963
3381.27023,0.2186754023318777
3382.82457,0.23763932890646022
3382.82457,0.2693632875237883
3384.37891,0.23765577556274411
3384.37891,0.2757325476591488
3385.93324,0.2566812127586526
3385.93324,0.28846614959841105
3387.48758,0.26304238983970885
3387.48758,0.28848243815648217
3389.04192,0.28211707969292465
3390.59626,0.2948368361578567
3392.1506,0.2948318731849402
3393.70494,0.30119458026537277
3393.70494,0.2821234383977652
3395.25928,0.30121068514556304
3396.81362,0.2567105337969763
3396.81362,0.2948590891654954
3398.36795,0.2884898808807282
3398.36795,0.25040735648030427
3398.36795,0.2694625152310552
3399.92229,0.2758101647661436
3399.92229,0.2377767282113428
3401.47663,0.2631248515627745
3401.47663,0.23146564377249418
3403.03097,0.2504558207458856
3403.03097,0.21884140552540743
3404.58531,0.212523509580467
3406.13965,0.16221473150119145
3406.13965,0.2251703544199241
3407.69399,0.15597129559422404
3407.69399,0.19364873269107039
3409.24833,0.12480269987722734
3409.24833,0.18108809877982218
3410.80266,0.14350617431472018
3410.80266,0.11242772356652198
3410.80266,0.16857304017221242
3412.357,0.11244433712007504
3412.357,0.1685893590560066
3413.91134,0.13109392521952137
3413.91134,0.1124822691242526
3413.91134,0.1686270027023276
3415.46568,0.13113173291363747
3417.02002,0.18745463741697294
3417.02002,0.14361442885871195
3418.57436,0.16863306668443703
3418.57436,0.20008026696246492
3420.1287,0.1749222885180557
3420.1287,0.21270616326459232
3421.68304,0.19379421686931714
3423.23737,0.20008567014285317
3423.23737,0.21271679211335115
3424.79171,0.21902393940838777
3424.79171,0.20012310954126822
3426.34605,0.2064198738564349
3427.90039,0.20641437748760158
3427.90039,0.22537327150044648
3429.45473,0.20643029566558968
3429.45473,0.22538913897806426
3431.00907,0.21906605602976073
3431.00907,0.200165540938471
3432.56341,0.2190818918744074
3432.56341,0.20018145752249505
3434.11775,0.21909770840314172
3435.67209,0.18129756803679598
3435.67209,0.20019171620156506
3435.67209,0.21282258072909135
3437.22642,0.17505597985346424
3437.22642,0.20653112899382625
3438.78076,0.15002178688906048
3438.78076,0.1939483730543072
3440.3351,0.1251083530099625
3440.3351,0.18767332907759832
3441.88944,0.09417709999370405
3441.88944,0.15632744038991334
3443.44378,0.09419347089323167
3443.44378,0.13761022427203595
3443.44378,0.1563650052922854
3444.99812,0.11276738030765933
3444.99812,0.081959486672964
3446.55246,0.1314140021187922
3446.55246,0.08197597344910769
3448.1068,0.10043090655560448
3448.1068,0.08199244248040723
3448.1068,0.1377016047383686
3449.66113,0.10046881320390771
3449.66113,0.14395414467658113
3451.21547,0.119054128129803
3451.21547,0.1627252940210427
3452.76981,0.16271946657405206
3452.76981,0.13152146317307073
3452.76981,0.14400775840138277
3454.32415,0.16902280638145567
3454.32415,0.14402370601155448
3455.87849,0.16903859475681654
3457.43283,0.18158364860414244
3457.43283,0.1627886036992678
3458.98717,0.18788400641194467
3458.98717,0.1690701146966358
3460.54151,0.17533637970739566
3460.54151,0.18792139410232508
3462.09584,0.17535205003560178
3463.65018,0.1816244841253606
3463.65018,0.2005175337287059
3465.20452,0.18164007482171435
3465.20452,0.2005330612850363
3466.75886,0.18165564648055804
3466.75886,0.19425245011836723
3468.3132,0.20684380861883878
3469.86754,0.20683741897072797
3469.86754,0.18797122362123062
3471.42188,0.19425525672300664
3471.42188,0.21318141546609123
3472.97622,0.20056670554166203
3472.97622,0.21950869540571719
3474.53055,0.2005820905034481
3474.53055,0.22584087866539662
3476.08489,0.23215594148251686
3476.08489,0.21322746873371465
3477.63923,0.24482830297051308
3477.63923,0.21955462272119217
3479.19357,0.24484347485114294
3479.19357,0.2258866816702089
3480.74791,0.25119387613023425
3480.74791,0.2322234992466854
3482.30225,0.23221675475431988
3482.30225,0.251230921907952
3483.85659,0.2385581389697519
3485.41093,0.24488201447740496
3485.41093,0.2639223559917122
3486.96527,0.2575717252144956
3488.5196,0.2575647532011068
3490.07394,0.2575577406994742
3491.62828,0.23854552383622873
3491.62828,0.25123325374687705
3493.18262,0.23223438306140845
3493.18262,0.25124818896634576
3494.73696,0.244906019563743
3494.73696,0.21332181569703335
3496.2913,0.238590351620191
3496.2913,0.21333684168869366
3497.84564,0.2007223462921928
3497.84564,0.23230125984275243
3499.39998,0.21965629710199164
3499.39998,0.19446383803302134
3499.39998,0.16936255874522568
3500.95431,0.1819050544157149
3500.95431,0.15060406946665844
3500.95431,0.2008186068071355
3502.50865,0.1819422249072295
3502.50865,0.14439821411553708
3504.06299,0.13192925752384455
3504.06299,0.16316528075553838
3505.61733,0.15064976142713096
3505.61733,0.13196670957330903
3507.17167,0.11953327481811207
3507.17167,0.144443999288465
3508.72601,0.10716181766235779
3508.72601,0.13822410153786757
3510.28035,0.10100058115331964
3510.28035,0.12579475116630787
3511.83469,0.11957934606032873
3511.83469,0.09487379301119471
3513.38902,0.11339610527209457
3513.38902,0.08873819055978109
3514.94336,0.10104700529160801
3514.94336,0.08261717871008911
3516.4977,0.07649002775211416
3516.4977,0.10108466739358539
3518.05204,0.08876268449611534
3518.05204,0.07042529331214624
3519.60638,0.06433628709046683
3519.60638,0.08266407088511879
3521.16072,0.07043457304734921
3522.71506,0.058286475556082185
3522.71506,0.07045030567450265
3524.2694,0.06436150345715631
3525.82373,0.06435499688316101
3527.37807,0.052257958643419505
3528.93241,0.06434186981024939
3528.93241,0.04031979651906197
3530.48675,0.058298931402459904
3530.48675,0.034439913778275134
3532.04109,0.02864012858112535
3532.04109,0.04035253854011039
3532.04109,0.052328205622534055
3533.59543,0.025631821006543855
3533.59543,0.04634641664431987
3535.14977,0.025676538348390694
3535.14977,0.0404075887887999
3536.70411,0.025721283402261864
3536.70411,0.028737057221405155
3538.25844,0.025766056168157355
3538.25844,0.028754457407059855
3539.81278,0.02581085664607717
3541.36712,0.02583326727704619
3542.92146,0.040421801273928436
3542.92146,0.025878109323002475
3544.4758,0.046391524740177534
3546.03014,0.0345390562937193
3546.03014,0.058433681834397136
3547.58448,0.04044793953037445
3547.58448,0.0766882250209571
3549.13882,0.052412815051471176
3549.13882,0.07670350210737475
3549.13882,0.10129249474431073
3550.69316,0.07061799915781251
3550.69316,0.11986680627477958
3550.69316,0.08901748420732773
3552.24749,0.0890100823026367
3552.24749,0.13232815185483052
3553.80183,0.15102188721962792
3553.80183,0.10753504015580256
3555.35617,0.11991117040421727
3555.35617,0.15730854646528705
3556.91051,0.13857516336491188
3556.91051,0.1635798085986613
3558.46485,0.14482363318035033
3558.46485,0.17612836041241423
3560.01919,0.1573294546562638
3560.01919,0.18870233987614923
3561.57353,0.1636005419810315
3561.57353,0.18871663866851393
3563.12787,0.16987854573875297
3563.12787,0.19501969103246528
3564.6822,0.18872255391396633
3564.6822,0.2076283771503305
3566.23654,0.21392515451224092
3566.23654,0.18875942096754508
3567.79088,0.22024970454474652
3569.34522,0.20762546762139525
3569.34522,0.22657919714849167
3570.89956,0.22657053439735964
3570.89956,0.2076622145952445
3572.4539,0.2202691236522737
3574.00824,0.18876223876084222
3574.00824,0.22028310687901473
3575.56258,0.20135913570225653
3575.56258,0.18251647704714796
3577.11691,0.18250786568731564
3578.67125,0.17622284183983403
3578.67125,0.1950929227319251
3580.22559,0.1762369184538585
3580.22559,0.19510692225141435
3581.77993,0.1762509761333543
3581.77993,0.19512090268353854
3583.33427,0.20140622177396905
3583.33427,0.18256406369967995
3584.88861,0.20771975902675588
3584.88861,0.18257806573546723
3586.44295,0.2077336125893922
3587.99729,0.18884270803355632
3587.99729,0.20774744697502218
3587.99729,0.16379700332686972
3589.55162,0.1575322196393697
3589.55162,0.19519051876161556
3591.10596,0.1450565089328542
3591.10596,0.17635776499898867
3592.6603,0.151311627687642
3592.6603,0.13263600072656442
3594.21464,0.15132567599200195
3594.21464,0.12643472731630762
3595.76898,0.1264260617516737
3597.32332,0.1450899353612888
3598.87766,0.14508105814293518
3598.87766,0.12643150870714337
3600.432,0.15133585652589263
3600.432,0.13266091581455272
3601.98634,0.14510901133109855
3603.54067,0.15134076215090606
3603.54067,0.13266609608382499
3605.09501,0.13265716905863675
3605.09501,0.15137758218536493
3606.64935,0.13267115380369252
3606.64935,0.151391453307871
3608.20369,0.1451417227580067
3608.20369,0.12028747901010414
3609.75803,0.12027855295731898
3609.75803,0.13894606354899008
3611.31237,0.11409722672182153
3611.31237,0.13273599679425088
3612.86671,0.11411128983652566
3612.86671,0.13274992156159482
3614.42105,0.1389646754861501
3615.97538,0.12031151915558426
3615.97538,0.14521083875021287
3617.52972,0.14520155808144639
3619.08406,0.11412124384959745
3620.6384,0.1451828785813786
3620.6384,0.11413518833260264
3622.19274,0.08946322199968575
3622.19274,0.13898746215608526
3623.74708,0.07113522770407343
3623.74708,0.11416302276023126
3625.30142,0.05300175592968014
3626.85576,0.041067704150545614
3626.85576,0.08337455212312007
3628.41009,0.04108299045852867
3628.41009,0.0895197490198554
3629.96443,0.053023030284961845
3629.96443,0.08953383651408625
3631.51877,0.059059081725114156
3631.51877,0.07120713717483994
3633.07311,0.10801602719944824
3633.07311,0.0712214676670489
3634.62745,0.08955281328598753
3634.62745,0.12043121885392873
3636.18179,0.09571242951711048
3636.18179,0.12664956629664612
3637.73613,0.10805741029495856
3637.73613,0.13287731036243747
3639.29047,0.14532246969876617
3639.29047,0.12047224455213869
3640.8448,0.157823113026835
3640.8448,0.12669038101797983
3640.8448,0.1391507413531964
3642.39914,0.13914097170088413
3642.39914,0.16413769024112995
3643.95348,0.15787302208986984
3645.50782,0.1453760902359598
3645.50782,0.16414099445966415
3647.06216,0.16413095582715823
3647.06216,0.14541273933830165
3648.6165,0.1454027888805659
3648.6165,0.1641674793860593
3650.17084,0.1641573754742614
3650.17084,0.1454394285267686
3651.72518,0.15166886515496056
3653.27951,0.15165876825451094
3654.83385,0.1516486317042619
3656.38819,0.15163845572011775
3656.38819,0.13919128991183122
3657.94253,0.15165160007086767
3657.94253,0.13920453559875265
3659.49687,0.1329718502072059
3659.49687,0.15168810632553728
3661.05121,0.13920757705853692
3661.05121,0.15170122723749113
3662.60555,0.1454517676556919
3664.15989,0.13921049602134938
3665.71423,0.13920019937523756
3667.26856,0.14542074224728654
3668.8229,0.1267441195759789
3668.8229,0.14543375763658212
3670.37724,0.13297031898159473
3670.37724,0.14544675445589253
3671.93158,0.1329833769601156
3673.48592,0.13297294591071124
3675.04026,0.13296247566645245
3676.5946,0.1267390980253598
3676.5946,0.10201409953368354
3678.14894,0.0958464478150685
3678.14894,0.12057237362147916
3678.14894,0.08362164038667348
3679.70327,0.09588325096289349
3681.25761,0.11438208795410391
3681.25761,0.0653508841171479
3681.25761,0.08977670980212521
3682.81195,0.047325429624232536
3682.81195,0.08979007260878781
3684.36629,0.03555789420299813
3684.36629,0.05334127259275137
3684.36629,0.07149600140520636
3685.92063,0.07148605939130713
3685.92063,0.041473166593929925
3687.47497,0.04739193578194996
3687.47497,0.07152326329449034
3689.02931,0.05939828343068506
3689.02931,0.08986695692827341
3690.58365,0.08985662252797078
3690.58365,0.053421145738535916
3692.13798,0.09601267864558426
3692.13798,0.07156402879520635
3693.69232,0.0715539324787133
3693.69232,0.10220615657364208
3695.24666,0.07156745605526488
3695.24666,0.08992000608455317
3696.801,0.09605210138262114
3698.35534,0.07766177471706366
3699.90968,0.07765142788319981
3699.90968,0.059471222748804016
3701.46402,0.05946124280654563
3703.01836,0.08989102747115196
3703.01836,0.059474938841751986
3704.57269,0.08990410258000417
3704.57269,0.07160076633069214
3706.12703,0.08379047352604711
3706.12703,0.06554549810035391
3706.12703,0.10843167177675478
3707.68137,0.11460151053327017
3707.68137,0.08997771587356587
3709.23571,0.12080601828549194
3709.23571,0.08386426107528677
3710.79005,0.11462698087786424
3712.34439,0.10843532653032079
3712.34439,0.07166748162289953
3713.89873,0.08998218279873278
3713.89873,0.05355855792644862
3715.45307,0.08999513467092876
3715.45307,0.05357231526719733
3717.00741,0.059573631318876594
3717.00741,0.03585029407090975
3718.56174,0.030621414002528824
3718.56174,0.04170615601628038
3718.56174,0.07783392430956201
3720.11608,0.05962451897141521
3720.11608,0.035904010196963404
3721.67042,0.08394487521795786
3721.67042,0.04767890512354734
3723.22476,0.11472813876813295
3723.22476,0.0901074242052561
3723.22476,0.07180797843143966
3724.7791,0.077886308789082
3724.7791,0.11478853702855922
3726.33344,0.12716975376638395
3726.33344,0.09629807324695064
3727.88778,0.10860980298816907
3727.88778,0.1334172565256653
3729.44212,0.139625972464678
3729.44212,0.12101717449839841
3730.99645,0.12100565553057849
3730.99645,0.14589118494243103
3732.55079,0.12721933323324078
3732.55079,0.16463797397632876
3734.10513,0.13966275827945335
3734.10513,0.170909614473843
3734.10513,0.1897521931392166
3735.65947,0.20231650009371233
3735.65947,0.14595183581896762
3737.21381,0.227547198014494
3737.21381,0.2655455690465444
3737.21381,0.16472223210377498
3738.76815,0.2719014148346038
3738.76815,0.20868493551512457
3738.76815,0.31009791137017567
3740.32249,0.30371782988759766
3740.32249,0.2213302600928334
3741.87683,0.27194846898065494
3741.87683,0.32924370388303537
3743.43116,0.2276419971231716
3743.43116,0.297400993520981
3743.43116,0.316527030154896
3744.9855,0.3037760226901633
3744.9855,0.24034140890019368
3744.9855,0.316562489720672
3744.9855,0.26572370107700405
3746.53984,0.2847558551416103
3746.53984,0.20254367884121452
3748.09418,0.16487864576056202
3748.09418,0.24673962356095128
3748.09418,0.21517805323680736
3749.64852,0.15241833062044105
3749.64852,0.22780929015119736
3749.64852,0.18376093506154972
3749.64852,0.20263979445898422
3751.20286,0.1900516157395718
3751.20286,0.14003809555820187
3752.7572,0.15873525390384186
3752.7572,0.1338307176481245
3754.31154,0.15250287064225365
3754.31154,0.12763271254500758
3755.86587,0.11523039701757362
3755.86587,0.14630269249314767
3757.42021,0.13384297264348052
3757.42021,0.10292182027917018
3758.97455,0.1214448095386284
3758.97455,0.10293428017174938
3760.52889,0.07840060050248607
3760.52889,0.1152916123104974
3762.08323,0.08451924346088605
3762.08323,0.06628781677873033
3763.63757,0.06023931312359467
3763.63757,0.09681835887624465
3765.19191,0.09066765538076996
3765.19191,0.054271645054505706
3765.19191,0.07240167487161911
3766.74625,0.09070453863520099
3766.74625,0.05430940143855987
3768.30058,0.06030319223733877
3768.30058,0.1215666240583618
3768.30058,0.09690447681847078
3769.85492,0.12157876573156419
3769.85492,0.06036513407961937
3769.85492,0.08467994273217148
3771.40926,0.15895108345183753
3771.40926,0.09081529155028369
3772.9636,0.17773815615527316
3772.9636,0.15274349516659352
3772.9636,0.12167629547831794
3774.51794,0.14029189351086144
3774.51794,0.17779871866872438
3776.07228,0.17778591995845638
3776.07228,0.15279163610213922
3779.18096,0.17149494372056004
3780.7353,0.1652237347155037
3782.28963,0.16521086013166827
3783.84397,0.14646785127619527
3783.84397,0.17148069622837622
3783.84397,0.13407112794356482
3785.39831,0.13405843229821784
3785.39831,0.16525854226481712
3786.95265,0.15275124600501916
3786.95265,0.11549795740926286
3788.50699,0.1340820056858707
3790.06133,0.09084141392228677
3790.06133,0.12168581990994459
3791.61567,0.07254467870706409
3791.61567,0.10933213519129828
3793.17001,0.06649642891293342
3793.17001,0.09702766330577298
3794.72434,0.09087805922878543
3794.72434,0.04853928756645946
3796.27868,0.07258229881549602
3796.27868,0.033311243321589724
3797.83302,0.033335863986498335
3797.83302,0.05452498528225145
3799.38736,0.03338512610033379
3799.38736,0.048579361921986114
3800.9417,0.033434415926193554
3800.9417,0.033459071231132564
3802.49604,0.03348373346407765
3804.05038,0.03350840262502883
3805.60472,0.03353307871398607
3805.60472,0.0335577617309494
3807.15905,0.04857175179636428
3807.15905,0.03360714854889431
3808.71339,0.060541010056553185
3808.71339,0.03365656307886351
3808.71339,0.0427361861547197
3810.26773,0.03370600532085706
3810.26773,0.07269425385807843
3811.82207,0.07876395723492108
3811.82207,0.09714719268221803
3811.82207,0.048685590648526705
3813.37641,0.09102307041571785
3813.37641,0.06668486968961339
3813.37641,0.1095229799434392
3814.93075,0.11568597835172384
3814.93075,0.0727808378171449
3814.93075,0.09110940221967499
3816.48509,0.109546446124307
3818.03943,0.10953333777042136
3818.03943,0.09110855353199455
3819.59376,0.10954501259303098
3819.59376,0.09112050025242922
3821.1481,0.09110758696547326
3821.1481,0.10958151167362609
3822.70244,0.09725493956629791
3824.25678,0.10339181200138799
3824.25678,0.07891074895088282
3825.81112,0.09725361707631398
3825.81112,0.07892283427906471
3827.36546,0.07282924790133515
3827.36546,0.09115507385132719
3828.9198,0.09114199737600848
3830.47414,0.07282866353002887
3832.02848,0.0667588858956983
3833.58281,0.07888326318561047
3833.58281,0.06677113771657926
3835.13715,0.07889519134553598
3835.13715,0.09113918180274644
3836.69149,0.09112592834893951
3836.69149,0.07893205576934381
3838.24583,0.0789189968329106
3838.24583,0.0972970672059037
3839.80017,0.08503103056073259
3839.80017,0.09730863611280867
3841.35451,0.07286319064691993
3841.35451,0.09118587658495794
3842.90885,0.07287517107598414
3842.90885,0.09119750685633186
3844.46319,0.09118409727412057
3846.01752,0.07895318502050475
3847.57186,0.06680553859859512
3849.1262,0.06076526718575748
3849.1262,0.07895167558118867
3850.68054,0.048836107600992426
3850.68054,0.07288468885443962
3852.23488,0.03719265230013821
3852.23488,0.06684163094257721
3853.78922,0.06080185055029021
3853.78922,0.03723210729066707
3855.34356,0.04299021709997125
3855.34356,0.03505142099987589
3856.8979,0.03507652662521011
3856.8979,0.05485941588338155
3858.45223,0.054846680046731024
3858.45223,0.037275257258452814
3860.00657,0.0430298478666814
3860.00657,0.06087554803555232
3861.56091,0.06688822293523251
3863.11525,0.07292871834889698
3864.66959,0.06083631722228947
3864.66959,0.079017870094751
3866.22393,0.09735143093414912
3866.22393,0.060873523987647296
3867.77827,0.10351008035863153
3867.77827,0.07296374573952719
3867.77827,0.08516408743730393
3869.33261,0.08515026141201021
3869.33261,0.10973247161574817
3870.88694,0.12207651829951975
3870.88694,0.09130289522665962
3872.44128,0.12828297756170923
3873.99562,0.12826845064014744
3873.99562,0.10974012826779507
3875.54996,0.12827914283705277
3877.1043,0.11588445146220587
3877.1043,0.13449533493683127
3878.65864,0.1344806420250663
3878.65864,0.12210509101152596
3880.21298,0.13449120277842574
3881.76732,0.12827111026432056
3881.76732,0.14694051523059465
3883.32165,0.13448694945885162
3883.32165,0.1469509236770477
3884.87599,0.14693597921092913
3884.87599,0.12831757427146698
3886.43033,0.12830277757982542
3886.43033,0.14697168484083883
3887.98467,0.1221183208643616
3887.98467,0.14698203781953212
3889.53901,0.10977240051807825
3891.09335,0.09132075301361779
3891.09335,0.12213944143467538
3891.09335,0.04908717829822515
3891.09335,0.07311124438362658
3892.64769,0.07917208509971456
3894.20203,0.06101126803909862
3894.20203,0.036213450251543045
3894.20203,0.0853045312755958
3895.75637,0.036264305806776934
3895.75637,0.043279391099087225
3897.3107,0.03631518907403516
3898.86504,0.03634064109967339
3898.86504,0.0363661000533177
3900.41938,0.0363915659349681
3900.41938,0.03641703874462456
3901.97372,0.03644251848228712
3901.97372,0.036468005147955736
3903.52806,0.03649349874163045
3903.52806,0.03651899926331124
3905.0824,0.03654450671299812
3905.0824,0.03657002109069107
3906.63674,0.0365955423963901
3906.63674,0.03662107063009521
3908.19108,0.03664660579180641
3908.19108,0.03667214788152369
3909.74541,0.036697696899247026
3909.74541,0.03672325284497646
3911.29975,0.036748815718711976
3911.29975,0.036774385520453576
3912.85409,0.036799962250201254
3912.85409,0.036825545907955004
3914.40843,0.03685113649371483
3914.40843,0.03687673400748076
3915.96277,0.06117364887829868
3915.96277,0.03692794981903081
3915.96277,0.036953568116814973
3917.51711,0.09768519566004917
3917.51711,0.04345907656286619
3917.51711,0.06728032854096097
3917.51711,0.0370561105880124
3919.07145,0.09774707496630962
3919.07145,0.03781517669521575
3919.07145,0.0494102240009838
3920.62579,0.0371587639073071
3920.62579,0.1039533325192584
3920.62579,0.07949955132242212
3922.18012,0.037870529092499924
3922.18012,0.0856039906981055
3923.73446,0.03728723643656229
3923.73446,0.07344959953639237
3925.2888,0.03733867394430693
3925.2888,0.04362564054797988
3925.2888,0.037390139164075874
3926.84314,0.03741588216596947
3926.84314,0.037441632095869155
3926.84314,0.03746738895377492
3928.39748,0.03749315273968676
3928.39748,0.03751892345360468
3929.95182,0.03754470109552868
3929.95182,0.03757048566545876
3929.95182,0.037596277163394906
3929.95182,0.03762207558933715
3931.50616,0.03764788094328547
3931.50616,0.03767369322523987
3933.0605,0.03769951243520036
3933.0605,0.04964837253335221
3933.0605,0.03775117163913956
3934.61483,0.037777011633118286
3934.61483,0.08581925047110514
3936.16917,0.1288886458680071
3936.16917,0.0556273767346236
3936.16917,0.10423852050808287
3937.72351,0.12892459935217251
3937.72351,0.08586662436650333
3939.27785,0.10423346014989325
3939.27785,0.1725666582594362
3940.83219,0.1289447305564491
3940.83219,0.1725763287612313
3940.83219,0.21026327888575172
3942.38653,0.1413959723632775
3942.38653,0.21657034150925608
3942.38653,0.1601380945258762
3942.38653,0.1914659326848678
3943.94087,0.1726475085575112
3943.94087,0.22924300381463025
3945.49521,0.24185797509592272
3945.49521,0.20405137689631966
3947.04955,0.2481901543642223
3947.04955,0.222953320329173
3948.60388,0.25452694004313087
3950.15822,0.22291986140855582
3950.15822,0.25453603201628977
3951.71256,0.260851180439046
3951.71256,0.22295510530697585
3953.2669,0.19148024235627684
3953.2669,0.24190375005544473
3953.2669,0.2609122645642388
3954.82124,0.25456319207327993
3954.82124,0.1291386046428756
3954.82124,0.22933371493262206
3956.37558,0.044113496157112644
3956.37558,0.08000810174287365
3956.37558,0.17280235131922794
3956.37558,0.09838706487641448
3957.92992,0.17281188596219046
3957.92992,0.1354388434437416
3957.92992,0.06798567958337064
3959.48426,0.11687427404585542
3959.48426,0.0388424163994809
3959.48426,0.07406574329486139
3961.03859,0.03889468526795516
3962.59293,0.04424267840399921
3962.59293,0.03894698184845373
3964.14727,0.03897314053071214
3965.70161,0.061977315842313335
3965.70161,0.0390254786792472
3967.25595,0.03905165814552385
3967.25595,0.07406772937436316
3967.25595,0.05606834053751977
3968.81029,0.09234383445043622
3968.81029,0.0560798810490897
3970.36463,0.06804781420191573
3970.36463,0.11697061328751426
3970.36463,0.08629812398917117
3971.91897,0.13555324223430582
3971.91897,0.10468363051989245
3971.91897,0.08633486276767616
3973.4733,0.16673233719191996
3973.4733,0.12941406295702682
3973.4733,0.09860534336939589
3975.02764,0.1418363559743858
3975.02764,0.17930658669076974
3975.02764,0.16057555646746793
3975.02764,0.12950273197860596
