wavenumber_cm-1,intensity
400.0,0.00037375021630447835
401.0,0.0054986459665862415
402.0,0.002781014103225524
403.0,0.003551788887034996
404.0,0.00576228215260527
405.0,0.004206832527541897
406.0,0.0012933932432305363
407.0,0.012039200177856667
408.0,0.01174689485240792
409.0,0.0077971890431921525
410.0,0.02061686363580884
411.0,0.016625974503850425
412.0,0.012120826652805918
413.0,0.010164895195124217
414.0,0.0032509893749311236
415.0,0.006491357268640366
416.0,0.007865827240327678
417.0,0.01934825774074017
418.0,0.010178273705566017
419.0,0.007466937271850716
420.0,0.008096984257332922
421.0,0.012029951008962798
422.0,0.0014218129639282867
423.0,0.009442507117621374
424.0,0.0026389908357101967
425.0,0.009339541887169543
426.0,0.002698957297334004
427.0,0.001059516815674814
428.0,0.010344270336315594
429.0,0.005696136654025934
430.0,0.006823556492249837
431.0,0.008608711908218195
432.0,0.005930887310349714
433.0,0.0005257652594721643
434.0,0.00033392390301306864
435.0,0.0005206405720714297
436.0,0.007447645495320086
437.0,0.0040466050915060284
438.0,0.001155967575279491
439.0,0.012922074624408956
440.0,0.0007748036923296901
441.0,0.0006736284208347133
442.0,0.0009893839846890546
443.0,0.011925278915319252
444.0,0.001011915250897671
445.0,0.0007696455962409818
446.0,0.00402050583239715
447.0,0.010229488292814438
448.0,0.008500180783842267
449.0,0.015552300895266952
450.0,0.0013562478290156659
451.0,0.0010538481747904866
452.0,0.010812863311478736
453.0,0.0021672441897402977
454.0,0.008203082996916864
455.0,0.003768482086515079
456.0,0.008717220028932517
457.0,0.0008191519565704565
458.0,0.004930074895993019
459.0,0.0014677526803235823
460.0,0.01921243524658462
461.0,0.005115528232888745
462.0,0.006915106668237692
463.0,0.001019559381850562
464.0,0.0016757279443363029
465.0,0.021518646940205492
466.0,0.012035908719087537
467.0,0.007307784942219517
468.0,0.017152452857426802
469.0,0.011927845522164962
470.0,0.02381054053035693
471.0,0.006832569327495554
472.0,0.005270577687045385
473.0,0.013041416859270388
474.0,0.006404657922153934
475.0,0.0012579170029006557
476.0,0.0025534146427918423
477.0,0.004875046050931462
478.0,0.0021721532133994513
479.0,0.006464389981213648
480.0,0.010730834065646979
481.0,0.008911444870385823
482.0,0.014645218536404625
483.0,0.015496432818584637
484.0,0.0042325657334530715
485.0,0.011649634146410048
486.0,0.0022073571679383556
487.0,0.006992363977581682
488.0,0.0016838410213505482
489.0,0.0030880087775243125
490.0,0.003748909739258655
491.0,0.019543097624683814
492.0,0.009538057969428899
493.0,0.009574837467127147
494.0,0.0014271256718836494
495.0,0.0039507733982915814
496.0,0.022033974832154423
497.0,0.007775996722848514
498.0,0.003318308808568956
499.0,0.009136345810636945
500.0,0.004389913779029039
501.0,0.007369850680399331
502.0,0.007867146330599501
503.0,0.007967492072751874
504.0,0.022793637762900464
505.0,0.00820739095500076
506.0,0.0011491596631221215
507.0,0.0010152654950317153
508.0,0.00583010451407799
509.0,0.0064286509797291036
510.0,0.0038034845763551114
511.0,0.012706851702598259
512.0,0.011958754509979694
513.0,0.02432798911973284
514.0,0.0017836038823608325
515.0,0.0012559166919391177
516.0,0.0009405479649708438
517.0,0.010282626646062413
518.0,0.014724092276708853
519.0,0.009154925634660012
520.0,0.007943854509484349
521.0,0.018728924160581154
522.0,0.02043519459117785
523.0,0.009144523068645669
524.0,0.012418363526392707
525.0,0.0023557510779025933
526.0,0.014341888651384452
527.0,0.0009606891376289327
528.0,0.0006549197767134258
529.0,0.00436208795923566
530.0,0.002636892455492664
531.0,0.011918358933086034
532.0,0.001819242127192832
533.0,0.01696589028236219
534.0,0.0057720363259120945
535.0,0.001765850743934181
536.0,0.012492250619965114
537.0,0.008358390917510903
538.0,0.004038603252565779
539.0,0.010662550803624033
540.0,0.0026545426714557254
541.0,0.0010677842872921929
542.0,0.011905397534175941
543.0,0.001996561885997749
544.0,0.01404231776175977
545.0,0.007215960604786385
546.0,0.006318998403463817
547.0,0.0032545278222683603
548.0,0.008434950666527934
549.0,0.006680623838136196
550.0,0.004741229062147165
551.0,0.010856351262257816
552.0,0.03092203406816283
553.0,0.002938710314315752
554.0,0.016319789188342957
555.0,0.0017135381855981375
556.0,0.008509983367036997
557.0,0.01572269311299619
558.0,0.013113988859143699
559.0,0.012383120934627071
560.0,0.002771739871094514
561.0,0.01683183789296164
562.0,0.014148173320144689
563.0,0.009858720750162529
564.0,0.011464358533795824
565.0,0.011342060868240056
566.0,0.003366985885706356
567.0,0.000904410794483274
568.0,0.007882479299643775
569.0,0.0016142388486795362
570.0,0.001026089692661013
571.0,0.0007141631902984235
572.0,0.002155406580923145
573.0,0.002948442390715195
574.0,0.00030526351423218386
575.0,0.0006428588306828011
576.0,0.0026044975941370233
577.0,0.0023706434362395887
578.0,0.005955815374682935
579.0,0.013404573959703816
580.0,0.0054510428793970315
581.0,0.018562432703063906
582.0,0.013929932994312505
583.0,0.014880820295246799
584.0,0.0068530184612845355
585.0,0.005837807405809248
586.0,0.0018741521534314277
587.0,0.006990505166595711
588.0,0.007176337439936099
589.0,0.011054806707404562
590.0,0.008695362339790161
591.0,0.005332979640312464
592.0,0.005746219081500602
593.0,0.008961081854670084
594.0,0.015707582815025423
595.0,0.01164406278383792
596.0,0.007786008083032789
597.0,0.014930304270390632
598.0,0.0015304385402591229
599.0,0.007120366628053232
600.0,0.008088225652172109
601.0,0.01808200752414705
602.0,0.010195315937681717
603.0,0.0012556243078194402
604.0,0.0003377696098735504
605.0,0.001430215591644974
606.0,8.799422630228943e-05
607.0,0.0003690315539750779
608.0,0.0008935078004889226
609.0,0.01146541702980529
610.0,0.011095965650749787
611.0,0.011203208003078871
612.0,0.012317048152707405
613.0,0.001667787295337094
614.0,0.008629437937411763
615.0,0.010839774430924305
616.0,0.0009761477370609762
617.0,0.001589440009310643
618.0,0.003372303630482522
619.0,0.0012098805074224445
620.0,0.0005598188785092429
621.0,0.00724842297722359
622.0,0.0012681133217937138
623.0,0.008142772811240526
624.0,0.007754391704499941
625.0,0.004658163402525113
626.0,0.005815376905841217
627.0,0.014133282159044634
628.0,0.020477752789034735
629.0,0.0021106309185148966
630.0,0.010478638959408676
631.0,0.002104577376880206
632.0,0.004434622104923157
633.0,0.004640756496759798
634.0,0.007934921270702812
635.0,0.0005623390602204591
636.0,0.0007616468124038134
637.0,0.0013965580182175499
638.0,0.021419432478615996
639.0,0.004176281437157369
640.0,0.021860036155621636
641.0,0.015176663409937908
642.0,0.0017945823257081064
643.0,0.0067015281996300816
644.0,0.004163384055548291
645.0,0.013132929588593736
646.0,0.0014187966137441841
647.0,0.005290194593521985
648.0,0.013560932178226019
649.0,0.0055296438456957945
650.0,0.02405946031288813
651.0,0.005949845677745458
652.0,0.012584422374756706
653.0,0.010480309044488993
654.0,0.00844771314533295
655.0,0.015121794232262805
656.0,0.001819998399588402
657.0,0.0013352094155824894
658.0,0.013028731741387141
659.0,0.008066333582614105
660.0,0.008353775404883274
661.0,0.000839241046649464
662.0,0.0006198030324415422
663.0,0.006535640725453239
664.0,0.0029425293438728804
665.0,0.010776883161096268
666.0,0.011766291980362211
667.0,0.012189958450312321
668.0,0.023911589003408677
669.0,0.006352310435617533
670.0,0.005010443007006727
671.0,0.00392768025098441
672.0,0.013995494343058875
673.0,0.006884476315901954
674.0,0.0011625091267813783
675.0,0.00652916834014149
676.0,0.0019698813745090567
677.0,0.0047175281416277776
678.0,0.0074999420073712875
679.0,0.001887340276802621
680.0,0.008958943240686685
681.0,0.0034015783547130616
682.0,0.014532320177029042
683.0,0.008002826454125663
684.0,0.011050992119967542
685.0,0.0027281840732902296
686.0,0.01161300071479729
687.0,0.00893956029902683
688.0,0.002869349660849035
689.0,0.010423200666282544
690.0,0.0057706687490788975
691.0,0.003176119985304538
692.0,0.005518422007825218
693.0,0.0004768362795890456
694.0,0.0006533779098587458
695.0,0.004748070401943055
696.0,0.011826224247362802
697.0,0.01234315163396941
698.0,0.00907466592232717
699.0,0.010444703290974747
700.0,0.005774890422560152
701.0,0.008749002359760817
702.0,0.011841845879221569
703.0,0.009114278492528837
704.0,0.002297017517304429
705.0,0.005293526948799685
706.0,0.0037664019011802094
707.0,0.013358810123200206
708.0,0.018150475670562626
709.0,0.0021601548571135395
710.0,0.014501882942854712
711.0,0.0015230360736516143
712.0,0.011867985520919099
713.0,0.000824838540449109
714.0,0.0006614116177494887
715.0,0.0053693903783048795
716.0,0.0026991558988757724
717.0,0.005557413121917761
718.0,0.012451647290667526
719.0,0.006144645231404745
720.0,0.010793148231230763
721.0,0.0008903350615520742
722.0,0.0009639993665432659
723.0,0.0069549408316982595
724.0,0.014174172582179984
725.0,0.015038957562139521
726.0,0.004224666454745147
727.0,0.019143565790286907
728.0,0.016309951621911498
729.0,0.0030831010120842732
730.0,0.0014818820855972705
731.0,0.012644683078649717
732.0,0.011936388123438602
733.0,0.0026803868779221667
734.0,0.025647796982930897
735.0,0.011226917371787479
736.0,0.0023264367603295743
737.0,0.017940151296269503
738.0,0.00438680004775847
739.0,0.008629316098133076
740.0,0.0008173214708110433
741.0,0.005112330874654284
742.0,0.0013651005260489717
743.0,0.016458887151049047
744.0,0.00456621694733892
745.0,0.012225258925220634
746.0,0.0012928982267713701
747.0,0.004630269551573999
748.0,0.012910428371603867
749.0,0.008646946471128356
750.0,0.008633657629288463
751.0,0.009472401978071454
752.0,0.002109641488579019
753.0,0.00210700424620191
754.0,0.007379873919199204
755.0,0.013021751146664975
756.0,0.007550507541665059
757.0,0.0011075681189711408
758.0,0.006838556989483537
759.0,0.0005372895305222184
760.0,0.0022653737286242454
761.0,0.0013177098837396715
762.0,0.0027130531802340885
763.0,0.010940436672980367
764.0,0.011145388528361666
765.0,0.008923763943772608
766.0,0.00680073141996628
767.0,0.0019346767615638894
768.0,0.020553777195525032
769.0,0.01100368813852459
770.0,0.01807274903430459
771.0,0.0018173775684975277
772.0,0.007349094417395413
773.0,0.006281915661604846
774.0,0.008365524947692158
775.0,0.009432082478033225
776.0,0.011330594094618054
777.0,0.006898374981415812
778.0,0.0015800615002634166
779.0,0.012666172624390255
780.0,0.01196110609143358
781.0,0.015537994193748888
782.0,0.008887784290054128
783.0,0.007112961842326442
784.0,0.0013863475338338014
785.0,0.0049247603251603034
786.0,0.008624872126830477
787.0,0.003906213777771172
788.0,0.0016898602018809732
789.0,0.0008469349811090728
790.0,0.010729354464573833
791.0,0.005079009954354546
792.0,0.015466260495487435
793.0,0.002533492601952584
794.0,0.022043218344526203
795.0,0.014180739073008018
796.0,0.007574052275723855
797.0,0.0009268443962979327
798.0,0.002951075618475701
799.0,0.004284834175663924
800.0,0.012057646290250634
801.0,0.014791380955370493
802.0,0.006597279823137591
803.0,0.00142716916498624
804.0,0.008032436618757516
805.0,0.012786440328628305
806.0,0.00246162524065158
807.0,0.019659466700923826
808.0,0.0199212811208189
809.0,0.011922763689621948
810.0,0.0019368807540094952
811.0,0.011003079558599936
812.0,0.010992758975364182
813.0,0.008529708654831587
814.0,0.022541403496544522
815.0,0.0017130598257757274
816.0,0.0009372846546177525
817.0,0.004673001321342708
818.0,0.0032709502208167355
819.0,0.00027105760831606197
820.0,0.00021070204084866473
821.0,0.0008333641018731006
822.0,0.004576948762162247
823.0,0.003918300858306896
824.0,0.00474475433774922
825.0,0.0014806218952227131
826.0,0.0052160572996857646
827.0,0.007098737222196588
828.0,0.005183382605197659
829.0,0.0038672323301775823
830.0,0.0048721757943174515
831.0,0.003357893234206718
832.0,0.0010952775652207582
833.0,0.008535641115753084
834.0,0.000701548495250182
835.0,0.0008197050888963476
836.0,0.007601040720690243
837.0,0.007346650551335259
838.0,0.005918203524779266
839.0,0.008298507010910987
840.0,0.007347757347720993
841.0,0.009797676267505993
842.0,0.006265655346762096
843.0,0.002222356517184165
844.0,0.006367191838889888
845.0,0.001027782145234192
846.0,0.002443332924350216
847.0,0.00630021995054183
848.0,0.003959896026241026
849.0,0.0005785898482975359
850.0,0.004022664230698208
851.0,0.0012773560228515224
852.0,0.014577302819880645
853.0,0.009727026366169548
854.0,0.001833482798261663
855.0,0.010538271493499837
856.0,0.010996232740092744
857.0,0.011952846133734336
858.0,0.005887983131756281
859.0,0.0013350731531849675
860.0,0.006533811246321871
861.0,0.018016196609049174
862.0,0.011368055366077996
863.0,0.008587123885102512
864.0,0.004657667552115236
865.0,0.014610219012679223
866.0,0.021415152316333938
867.0,0.0019643165122904347
868.0,0.004495651892569262
869.0,0.007091368941046335
870.0,0.0007593990716901968
871.0,0.0022088456445306624
872.0,0.006446884904999629
873.0,0.002453339685692223
874.0,0.012493101875786282
875.0,0.006295736041627392
876.0,0.0020654876794133476
877.0,0.003243035856727829
878.0,0.004772450888323608
879.0,0.011779103950279405
880.0,0.006317550480912982
881.0,0.008786561364071667
882.0,0.011107956244060286
883.0,0.010297326946713311
884.0,0.010890891278387752
885.0,0.006683668110802551
886.0,0.007713689499030987
887.0,0.0033295451915950933
888.0,0.0003842866900860753
889.0,0.0002133523390053712
890.0,0.000825257851648756
891.0,0.005139700919684287
892.0,0.009159331535225128
893.0,0.0018110239941638636
894.0,0.01763937824647631
895.0,0.007641883073289633
896.0,0.002098484663631307
897.0,0.013911943510925524
898.0,0.005394915375715819
899.0,0.020289058306367576
900.0,0.007327499381398197
901.0,0.0031165923933944954
902.0,0.011234652131297684
903.0,0.006534747550109709
904.0,0.003924138888858707
905.0,0.013475461837637625
906.0,0.0019138286795169284
907.0,0.015915074666473683
908.0,0.008155907644991847
909.0,0.00564198660309256
910.0,0.0062528736929417395
911.0,0.0012037830382088835
912.0,0.01029481013476886
913.0,0.007430421728345195
914.0,0.003608486262569032
915.0,0.0073775463866160166
916.0,0.0007516401038986038
917.0,0.0009902774021005776
918.0,0.010414376796146686
919.0,0.008729629546968272
920.0,0.003359384750831215
921.0,0.0012582485374130119
922.0,0.00847273060416444
923.0,0.018345955271275475
924.0,0.0045805690421571975
925.0,0.01234932671334387
926.0,0.010038262729668715
927.0,0.001414368012842088
928.0,0.0018230927752239101
929.0,0.021551289569434993
930.0,0.01069621056289094
931.0,0.006064282782238577
932.0,0.011450307561170686
933.0,0.002498185076612996
934.0,0.009895390360098934
935.0,0.0029053508240725785
936.0,0.0028775429983790924
937.0,0.01044929804180832
938.0,0.0017991047552444737
939.0,0.017776692510821458
940.0,0.007437372934530691
941.0,0.01205276233579607
942.0,0.005729868827405442
943.0,0.0012913393081269587
944.0,0.01095598111774376
945.0,0.004994362506788658
946.0,0.00931601593899832
947.0,0.0029422370242402963
948.0,0.0017476513356579771
949.0,0.00784815668912675
950.0,0.022594955486611234
951.0,0.01978571770722961
952.0,0.012879883587820022
953.0,0.017754865434176256
954.0,0.010862165101549559
955.0,0.013441201074018689
956.0,0.005167647811190045
957.0,0.017669443380364313
958.0,0.01818410337535527
959.0,0.006314424463723556
960.0,0.003482010192305318
961.0,0.0011431466360697139
962.0,0.010212938957392245
963.0,0.013713836632423497
964.0,0.012676263787380647
965.0,0.02449731265972311
966.0,0.026564635654456156
967.0,0.03342597166126724
968.0,0.03663977202503622
969.0,0.03986007100370906
970.0,0.0694926266434081
971.0,0.058091310583224955
972.0,0.07695969173841379
973.0,0.061507901706409386
974.0,0.10885428631778368
975.0,0.12073154393339722
976.0,0.16313221473893288
977.0,0.1550143809593357
978.0,0.19060810356878832
979.0,0.22757813318516787
980.0,0.2493557046931862
981.0,0.3109920051352948
982.0,0.3374838864378243
983.0,0.40425581430268775
984.0,0.43779563023417173
985.0,0.4800126122908365
986.0,0.5465504190203027
987.0,0.6385204615189539
988.0,0.6429940614899042
989.0,0.7015678634325605
990.0,0.7663842302745193
991.0,0.8146835483071101
992.0,0.8579158431105877
993.0,0.8997083540347081
994.0,0.918470246285545
995.0,0.9548878198681584
996.0,0.9875535705082443
997.0,0.9954995848172711
998.0,1.0
999.0,0.9763227554195805
1000.0,0.9572345906852122
1001.0,0.9280722427243404
1002.0,0.9218860429443395
1003.0,0.8798897167450588
1004.0,0.850423852226542
1005.0,0.8141127663755796
1006.0,0.7534009802211156
1007.0,0.7265178935153284
1008.0,0.6630030249039329
1009.0,0.5963578016472011
1010.0,0.5437702870647261
1011.0,0.47884858110654216
1012.0,0.4380386371133276
1013.0,0.4140205563241184
1014.0,0.36370805955800145
1015.0,0.308755117647623
1016.0,0.2755908478899275
1017.0,0.22953771903845852
1018.0,0.18596655783715887
1019.0,0.17177916826397535
1020.0,0.1633170206909186
1021.0,0.12489013727919979
1022.0,0.11129240009390678
1023.0,0.08041446659837141
1024.0,0.06128967972940525
1025.0,0.05380598035524174
1026.0,0.07161573748382466
1027.0,0.04631799164453407
1028.0,0.041635132794209
1029.0,0.02512292845205623
1030.0,0.02296578519017241
1031.0,0.03224594999514559
1032.0,0.013369054548837642
1033.0,0.009629762936900297
1034.0,0.01265974287150861
1035.0,0.015838853819265135
1036.0,0.0220236378652042
1037.0,0.016085961366252836
1038.0,0.010162513710481417
1039.0,0.014334757414171555
1040.0,0.013207683014238077
1041.0,0.007501991899550181
1042.0,0.007049260158292407
1043.0,0.006290804197834203
1044.0,0.008967801030775907
1045.0,0.018668034040316125
1046.0,0.0018217967675842072
1047.0,0.009806049328923367
1048.0,0.0008878081521189712
1049.0,0.002029139004366335
1050.0,0.011252876791569125
1051.0,0.00880268595450775
1052.0,0.021383373504046538
1053.0,0.005515920495658474
1054.0,0.009448803669235534
1055.0,0.00210807231036464
1056.0,0.02336796177652526
1057.0,0.00858074028007071
1058.0,0.008690170575903827
1059.0,0.0067152703103130935
1060.0,0.019464812959806153
1061.0,0.0016309989723117817
1062.0,0.0035582274685857745
1063.0,0.007399943639475219
1064.0,0.0009019728416350957
1065.0,0.00431206513764781
1066.0,0.008573591102627039
1067.0,0.010624970100728852
1068.0,0.012766334358276829
1069.0,0.00691830229140958
1070.0,0.003547306107464411
1071.0,0.007749161981473323
1072.0,0.016184319959863202
1073.0,0.009612537377164986
1074.0,0.0030213919077259842
1075.0,0.00958108143035946
1076.0,0.011039474128733035
1077.0,0.00982270066617883
1078.0,0.017560991455584
1079.0,0.003844293543016593
1080.0,0.0015593786067423384
1081.0,0.015171941799238501
1082.0,0.005898819009862828
1083.0,0.01164740009654449
1084.0,0.01322327890309531
1085.0,0.0013380891340054233
1086.0,0.004627423756442342
1087.0,0.006379421095766772
1088.0,0.02219260940429448
1089.0,0.030606114421148134
1090.0,0.017291493183769137
1091.0,0.02388977524574865
1092.0,0.013944751656901915
1093.0,0.0493126616351291
1094.0,0.018318476705957085
1095.0,0.03155890615747204
1096.0,0.05243228522112928
1097.0,0.02284336371034213
1098.0,0.038606855247864044
1099.0,0.04977342193283786
1100.0,0.05094072065386916
1101.0,0.055182010150591036
1102.0,0.0736540332831346
1103.0,0.07894804640693749
1104.0,0.08947334009328593
1105.0,0.0919766652817057
1106.0,0.10157334236241228
1107.0,0.13859312376080446
1108.0,0.13320418950692217
1109.0,0.1380884861681376
1110.0,0.14547850066209825
1111.0,0.16672496797595196
1112.0,0.15684794124139068
1113.0,0.18365488866014323
1114.0,0.21382456999995494
1115.0,0.21851573903350396
1116.0,0.24486211895820983
1117.0,0.24918133220396127
1118.0,0.2501902463553015
1119.0,0.3188778246181491
1120.0,0.30142735608261884
1121.0,0.2999213596184779
1122.0,0.3425703086344499
1123.0,0.34946248063419316
1124.0,0.3577498551500459
1125.0,0.38562819269706844
1126.0,0.3658772379318505
1127.0,0.3870073275119404
1128.0,0.40903365817769066
1129.0,0.392062046670368
1130.0,0.397991229602582
1131.0,0.4131543901790395
1132.0,0.4169254177995652
1133.0,0.4349139466410545
1134.0,0.4352099686822974
1135.0,0.4464515400602755
1136.0,0.45512842674493575
1137.0,0.41790872437647175
1138.0,0.4275032550854064
1139.0,0.4193911692319027
1140.0,0.42216225446858013
1141.0,0.38753567993772653
1142.0,0.40414830283098285
1143.0,0.3754179296440409
1144.0,0.3935186344075374
1145.0,0.3660509852980535
1146.0,0.3496456754358591
1147.0,0.3143063752882857
1148.0,0.3036094026656703
1149.0,0.3202657510218265
1150.0,0.2944242910952177
1151.0,0.2915692411411013
1152.0,0.2663019627541264
1153.0,0.2634919881177825
1154.0,0.25020351459137913
1155.0,0.22572576837332653
1156.0,0.21953167891593892
1157.0,0.20813953025749232
1158.0,0.15927260668004095
1159.0,0.17214476625232042
1160.0,0.15843402774528803
1161.0,0.14977182525386135
1162.0,0.11640828691216998
1163.0,0.10775084734738034
1164.0,0.11672599793551108
1165.0,0.09864998044911866
1166.0,0.0728011763423599
1167.0,0.0763783726971426
1168.0,0.0600351099460029
1169.0,0.056669836358617554
1170.0,0.06069790792296732
1171.0,0.05622386893196109
1172.0,0.03628249683286223
1173.0,0.036198548127877025
1174.0,0.03593370214592041
1175.0,0.031279096383233645
1176.0,0.023198165730029002
1177.0,0.026606191756762158
1178.0,0.02652936116995338
1179.0,0.02354475769050286
1180.0,0.015128535991865626
1181.0,0.011634327542374744
1182.0,0.01583272080069503
1183.0,0.0022483112858418747
1184.0,0.01734161602058251
1185.0,0.007125245726183339
1186.0,0.008807561891988346
1187.0,0.007893682646698515
1188.0,0.007721657526307207
1189.0,0.005571300556374827
1190.0,0.0011833519284208847
1191.0,0.010493176909080125
1192.0,0.007328848776208529
1193.0,0.019669691796045125
1194.0,0.002789615098258017
1195.0,0.0055685777638832664
1196.0,0.018170410258833765
1197.0,0.007562286012119475
1198.0,0.00145868627302643
1199.0,0.011009646799415398
1200.0,0.0017700674320024995
1201.0,0.016292670069812568
1202.0,0.006892371687536273
1203.0,0.003928227525950344
1204.0,0.0005720870580849643
1205.0,0.0036342587636388935
1206.0,0.0036333065181630847
1207.0,0.019654677581642244
1208.0,0.003376821868405346
1209.0,0.0036139347882244285
1210.0,0.014510619727543856
1211.0,0.011295116797435285
1212.0,0.004511312677324601
1213.0,0.014552946528407912
1214.0,0.0017584457462944294
1215.0,0.010972134593758114
1216.0,0.011110922295115346
1217.0,0.007079370236762226
1218.0,0.003112764362382578
1219.0,0.001272019322903533
1220.0,0.008520056723534347
1221.0,0.001673513598104115
1222.0,0.015208338740985072
1223.0,0.013995433533519227
1224.0,0.0072664530664489435
1225.0,0.0064859834723887625
1226.0,0.0006464440516144171
1227.0,0.0026510574760804954
1228.0,0.0004958575522262832
1229.0,0.0008900857278688363
1230.0,0.013192294408636196
1231.0,0.0026914991557426514
1232.0,0.002958658851701456
1233.0,0.004814381158062414
1234.0,0.0028940125798990906
1235.0,0.004496663063260834
1236.0,0.01762843937508729
1237.0,0.008172000252275085
1238.0,0.006322923434391305
1239.0,0.006557186714070826
1240.0,0.002238627171986665
1241.0,0.01665315998049804
1242.0,0.010690270789845472
1243.0,0.01213536571711678
1244.0,0.0022326140664192503
1245.0,0.007996055357304365
1246.0,0.0013571424177390972
1247.0,0.010810634376058148
1248.0,0.013010273435042076
1249.0,0.010768265575211546
1250.0,0.004435230329952655
1251.0,0.009563705185534408
1252.0,0.012715927560252013
1253.0,0.017142430585680272
1254.0,0.008392504139029644
1255.0,0.021425253428488097
1256.0,0.011839276552931802
1257.0,0.010579085410953447
1258.0,0.011432023189352167
1259.0,0.0014044333545149348
1260.0,0.0016488094189811417
1261.0,0.020609299241567194
1262.0,0.00808789019853031
1263.0,0.008479034987392605
1264.0,0.008914271082028495
1265.0,0.0102494351762309
1266.0,0.0036951254784524687
1267.0,0.011572626468418156
1268.0,0.01458472594099654
1269.0,0.0041631567136192075
1270.0,0.0013206777710925125
1271.0,0.011889379664323782
1272.0,0.005506935895504743
1273.0,0.007322622313594036
1274.0,0.02425987917438271
1275.0,0.007905062835404972
1276.0,0.015793891852302944
1277.0,0.01681032440697604
1278.0,0.004103077518678411
1279.0,0.009598289255434034
1280.0,0.00904962983283683
1281.0,0.0019476552784074503
1282.0,0.0005493476455587506
1283.0,0.0011997937192286888
1284.0,0.009072202247823447
1285.0,0.006789519960827175
1286.0,0.015109008622588854
1287.0,0.00953039198527507
1288.0,0.003171905430323567
1289.0,0.0012284347708143037
1290.0,0.003078699939705721
1291.0,0.009386020905764587
1292.0,0.005136551035153498
1293.0,0.01760488549861623
1294.0,0.017071989696744738
1295.0,0.005601243115631171
1296.0,0.006794824102388128
1297.0,0.004215634549519654
1298.0,0.0034793531321456743
1299.0,0.013401896231636927
1300.0,0.002122637714287508
1301.0,0.01309635462485931
1302.0,0.02528056528601423
1303.0,0.0152242082480611
1304.0,0.0018932617248936276
1305.0,0.007603322901240777
1306.0,0.001811780147566854
1307.0,0.0006890680501167342
1308.0,0.0037249030757134506
1309.0,0.010127641540043511
1310.0,0.01057060525838203
1311.0,0.003692994671766818
1312.0,0.013395740404308201
1313.0,0.004676085575412714
1314.0,0.003632738518634931
1315.0,0.003180767359302185
1316.0,0.005770046978711036
1317.0,0.022586989263994894
1318.0,0.02858644752371354
1319.0,0.016498534460142638
1320.0,0.010127133653551435
1321.0,0.011736753958313001
1322.0,0.00852277519112602
1323.0,0.006464208956613714
1324.0,0.0009509519538021901
1325.0,0.006006377934235727
1326.0,0.004283571788107637
1327.0,0.004330490430452877
1328.0,0.021212662338834908
1329.0,0.0018991555170739197
1330.0,0.005902337104080276
1331.0,0.0010298711583417892
1332.0,0.006649016296236768
1333.0,0.016783554878564196
1334.0,0.020158933775873866
1335.0,0.0015993819638085419
1336.0,0.0016419455121187976
1337.0,0.0016397957018943524
1338.0,0.0183799019117942
1339.0,0.0018056321673304775
1340.0,0.0009825055909479141
1341.0,0.005445964570625842
1342.0,0.008249822846071116
1343.0,0.014691904029010248
1344.0,0.013317674752356205
1345.0,0.01119988635030303
1346.0,0.0020307082972353084
1347.0,0.01468681244764642
1348.0,0.006272748781638311
1349.0,0.003532187351651287
1350.0,0.01200342083531509
1351.0,0.007851493764904544
1352.0,0.0046360467836021844
1353.0,0.017214161757372254
1354.0,0.020570095370875608
1355.0,0.014941480629212613
1356.0,0.001361189540038434
1357.0,0.0009742032910317786
1358.0,0.003624662205783178
1359.0,0.018973488328621026
1360.0,0.01179819784245323
1361.0,0.004069130382141787
1362.0,0.006230265537158911
1363.0,0.0020646133123522407
1364.0,0.0030523843128868263
1365.0,0.013981951345967124
1366.0,0.004768721160877449
1367.0,0.006450723127773348
1368.0,0.009307836975387562
1369.0,0.01196309098739696
1370.0,0.014107776067398768
1371.0,0.02101977098101246
1372.0,0.020187135748174073
1373.0,0.007964204447246276
1374.0,0.001160908631217547
1375.0,0.0014727752906530719
1376.0,0.012660128455465491
1377.0,0.02549602846757532
1378.0,0.01061298655530416
1379.0,0.002324689304991079
1380.0,0.018280858161350562
1381.0,0.0055758392096337825
1382.0,0.003030883568308989
1383.0,0.003748847564379095
1384.0,0.003807029667170874
1385.0,0.019213614056162023
1386.0,0.0023101006100305914
1387.0,0.01366113188981743
1388.0,0.015514868194887522
1389.0,0.005374253084260059
1390.0,0.013510539495129915
1391.0,0.00526957321649212
1392.0,0.0070231798074252925
1393.0,0.015666537545123694
1394.0,0.0037905588462167628
1395.0,0.012099896878861748
1396.0,0.0010200285752360665
1397.0,0.0011679216845727819
1398.0,0.01133380546476599
1399.0,0.01124742093749108
1400.0,0.021278658035085832
1401.0,0.008116503098941467
1402.0,0.012013537809348825
1403.0,0.011983524756230393
1404.0,0.007968913396625654
1405.0,0.020705907687465254
1406.0,0.02095012171481518
1407.0,0.017435826935791602
1408.0,0.001968354182361954
1409.0,0.006683681746808584
1410.0,0.0074409773904611735
1411.0,0.001330128520710704
1412.0,0.008834450626521549
1413.0,0.011197313090470964
1414.0,0.001125216221918621
1415.0,0.002281075196566009
1416.0,0.00890722098749349
1417.0,0.014285465221730676
1418.0,0.02310993706379838
1419.0,0.012325582914699812
1420.0,0.007562918105007522
1421.0,0.004519687343303034
1422.0,0.0015059979236157416
1423.0,0.012262385241667612
1424.0,0.021249025753113403
1425.0,0.027266904878686972
1426.0,0.0029101908084552173
1427.0,0.015716034467608036
1428.0,0.0016131586760789309
1429.0,0.012652687631233063
1430.0,0.0009265976317525526
1431.0,0.0007608917948338494
1432.0,0.007413048126997713
1433.0,0.0008070108257417836
1434.0,0.005762167107507439
1435.0,0.003651128470637458
1436.0,0.009555559092601073
1437.0,0.025863978812596545
1438.0,0.008572720530955669
1439.0,0.009660330999695526
1440.0,0.012224653414190882
1441.0,0.0038798395742572524
1442.0,0.002003357068807335
1443.0,0.02288366818281983
1444.0,0.01121313873870774
1445.0,0.01199176836447952
1446.0,0.015809667939967232
1447.0,0.02058952811058092
1448.0,0.0017597208175594787
1449.0,0.0035184097375145777
1450.0,0.0037728386413530585
1451.0,0.011782653265255516
1452.0,0.0014938150402379515
1453.0,0.009505237391770243
1454.0,0.010940905394839289
1455.0,0.01699623714934798
1456.0,0.011880084074545053
1457.0,0.005796563569544526
1458.0,0.012800685111369196
1459.0,0.007996922798983766
1460.0,0.008789308380096337
1461.0,0.011588174266963626
1462.0,0.01161365394224976
1463.0,0.0016116559428718039
1464.0,0.011893602704647573
1465.0,0.00315630219163024
1466.0,0.012893619197915538
1467.0,0.016010899568510362
1468.0,0.002520115943799176
1469.0,0.01572026989139678
1470.0,0.018870720491400993
1471.0,0.0032657450827644026
1472.0,0.012908218612633084
1473.0,0.0012166544185344657
1474.0,0.008025684680888006
1475.0,0.0005745277267356014
1476.0,0.0011348254967648078
1477.0,0.0029230354981687507
1478.0,0.0031481157559985805
1479.0,0.002854113227091612
1480.0,0.012472854098895755
1481.0,0.021041820768156232
1482.0,0.004490695902285525
1483.0,0.011443082972523722
1484.0,0.0014762076933576092
1485.0,0.013855276628348743
1486.0,0.0019916995959895186
1487.0,0.015172006961235192
1488.0,0.014609236998751848
1489.0,0.0014858786981774498
1490.0,0.0028044420211354006
1491.0,0.007375558673852512
1492.0,0.006070272495539726
1493.0,0.008842039625763997
1494.0,0.00600594235268457
1495.0,0.0023261154250247976
1496.0,0.009166579253539878
1497.0,0.013809987384853936
1498.0,0.013785383984835552
1499.0,0.011366134687749675
1500.0,0.010717650186859455
1501.0,0.0033858696740603983
1502.0,0.019129737109588128
1503.0,0.005358116800496417
1504.0,0.00955131273430072
1505.0,0.017878485150889644
1506.0,0.0019332756662184146
1507.0,0.008991169753442593
1508.0,0.009491429311033077
1509.0,0.003678727727890143
1510.0,0.019146395841531622
1511.0,0.008869405062786054
1512.0,0.0019378394781470105
1513.0,0.008312345329857512
1514.0,0.006699395272117625
1515.0,0.0063317120163435756
1516.0,0.0042451372160181
1517.0,0.0011458930111427604
1518.0,0.012279676602159522
1519.0,0.003479824727527637
1520.0,0.0006300687568222741
1521.0,0.0009973505535668798
1522.0,0.005339625371722804
1523.0,0.008572962154640528
1524.0,0.020266072495897118
1525.0,0.01911505439830276
1526.0,0.014787917445266745
1527.0,0.018833241747403823
1528.0,0.016433801279575676
1529.0,0.008159984840188709
1530.0,0.02061167296169913
1531.0,0.006777328435146001
1532.0,0.001829634674827859
1533.0,0.007183626648642697
1534.0,0.0011579640674246518
1535.0,0.00814131097704198
1536.0,0.013043727770125987
1537.0,0.010409822387015946
1538.0,0.0155349351775813
1539.0,0.02492065632176295
1540.0,0.02067326205516093
1541.0,0.0022296588261518143
1542.0,0.00699784098185829
1543.0,0.005960175824876154
1544.0,0.004946919081850766
1545.0,0.012625080354388436
1546.0,0.0018012288127381545
1547.0,0.007426136246014394
1548.0,0.0014372666767356295
1549.0,0.010679185956359478
1550.0,0.008899979277568484
1551.0,0.017504434389372336
1552.0,0.009002662022838037
1553.0,0.020594737906750805
1554.0,0.007009624100269126
1555.0,0.0009525649749231683
1556.0,0.0015488293111294523
1557.0,0.0011179415432424785
1558.0,0.0035386393816716688
1559.0,0.001354233845379135
1560.0,0.015640152305132316
1561.0,0.011174812806665012
1562.0,0.006798669030352531
1563.0,0.004991639082358604
1564.0,0.0054267671085635955
1565.0,0.0016509757791933785
1566.0,0.016553652754063185
1567.0,0.014265049984813377
1568.0,0.007071645841547064
1569.0,0.017613815849564295
1570.0,0.005099962627123318
1571.0,0.012826200861032836
1572.0,0.02160612375873595
1573.0,0.013371900321454603
1574.0,0.00485539161829844
1575.0,0.010428848555629833
1576.0,0.016082885756118978
1577.0,0.012314074917497678
1578.0,0.007620731066414537
1579.0,0.01901211183897169
1580.0,0.01696832629287857
1581.0,0.0025777433969375457
1582.0,0.01630803165711141
1583.0,0.01320667324895054
1584.0,0.013969694865052167
1585.0,0.015019198714856909
1586.0,0.02496274799318437
1587.0,0.002591820509657579
1588.0,0.007426590558192775
1589.0,0.0007660959892205518
1590.0,0.005258834768286272
1591.0,0.002754512416715452
1592.0,0.0015383068133336816
1593.0,0.0006070251571568666
1594.0,0.006476321998702518
1595.0,0.0050722772713281015
1596.0,0.005685070273469796
1597.0,0.00460693018858114
1598.0,0.008953966285704516
1599.0,0.007246268227191135
1600.0,0.0017607831445555133
1601.0,0.01619639823607926
1602.0,0.011055746188283425
1603.0,0.006583140902992064
1604.0,0.020420089720048728
1605.0,0.014748949923596634
1606.0,0.005448672251598708
1607.0,0.0016714511061293594
1608.0,0.013670889539763285
1609.0,0.006280831654844188
1610.0,0.011404834628735564
1611.0,0.0023189607747667283
1612.0,0.01246061662750835
1613.0,0.0038228085411372704
1614.0,0.0033402448784304642
1615.0,0.0008128708435487657
1616.0,0.0014525505413333284
1617.0,0.021498737174077496
1618.0,0.005473039157355042
1619.0,0.001597529313138146
1620.0,0.007738372555133516
1621.0,0.0016784056353706105
1622.0,0.00989076515807392
1623.0,0.01064977369219619
1624.0,0.0070191448618769445
1625.0,0.008214376243164043
1626.0,0.012259960874934112
1627.0,0.0024848471263359154
1628.0,0.006142532045767186
1629.0,0.012240218123374154
1630.0,0.011468472135639172
1631.0,0.019756099715334766
1632.0,0.013980889344944713
1633.0,0.0027609911327532437
1634.0,0.0121755563670427
1635.0,0.013872272687162112
1636.0,0.009878896638306777
1637.0,0.01462303703453624
1638.0,0.0019442736953507588
1639.0,0.008395538304826955
1640.0,0.020512231012244968
1641.0,0.00935630252746003
1642.0,0.01270387873897496
1643.0,0.010664116634680667
1644.0,0.01454618267588928
1645.0,0.005351939675769256
1646.0,0.009948924789191141
1647.0,0.010841071749435716
1648.0,0.00595459941609975
1649.0,0.01957406657402665
1650.0,0.0023702150446371314
1651.0,0.004084800896297448
1652.0,0.004400212926975248
1653.0,0.006535851089259255
1654.0,0.012887300147423744
1655.0,0.009267896812568208
1656.0,0.0046244058478962435
1657.0,0.004821821821029785
1658.0,0.010489507788911381
1659.0,0.0062901630110629375
1660.0,0.0036903147636075887
1661.0,0.017275647758242117
1662.0,0.007607366157689475
1663.0,0.021531859626865452
1664.0,0.006659962273221244
1665.0,0.004330972417494403
1666.0,0.008738448218208425
1667.0,0.00300086610128999
1668.0,0.0017311245241328932
1669.0,0.010873798280485403
1670.0,0.006670771844486084
1671.0,0.009561083940956805
1672.0,0.0036263485526003216
1673.0,0.00041344906846784314
1674.0,0.00038106569344075695
1675.0,0.0007816065785361806
1676.0,0.011422875138010888
1677.0,0.0013372179492192589
1678.0,0.011518789456490087
1679.0,0.0008871555581392356
1680.0,0.0019277593946475948
1681.0,0.0057119654303434434
1682.0,0.0035972018753047015
1683.0,0.003143511106230709
1684.0,0.014807095140829155
1685.0,0.011919720704588091
1686.0,0.00231133931588352
1687.0,0.013489111868953357
1688.0,0.025275797348225566
1689.0,0.019321844516380797
1690.0,0.017051637486235796
1691.0,0.012385577891445705
1692.0,0.012882447081131352
1693.0,0.02167138569593996
1694.0,0.0039364865507768914
1695.0,0.002334836220590871
1696.0,0.012408668920042496
1697.0,0.007488951413071521
1698.0,0.00797897180945407
1699.0,0.0018332630345768528
1700.0,0.0036824756883176517
1701.0,0.00036297690084569274
1702.0,0.0011493216980581298
1703.0,0.003327569091095496
1704.0,0.0017383091325813799
1705.0,0.008757785942759973
1706.0,0.01262653799530281
1707.0,0.003303084661751926
1708.0,0.0007622200346219252
1709.0,0.005290184627148518
1710.0,0.0014185017307091115
1711.0,0.00941617321956459
1712.0,0.008098750804426173
1713.0,0.011048915585909612
1714.0,0.01589834023660672
1715.0,0.007827765266261047
1716.0,0.00304790441333412
1717.0,0.015636857785393598
1718.0,0.004539738445376145
1719.0,0.01147124492627996
1720.0,0.005817813432541414
1721.0,0.0024389712095112897
1722.0,0.00046549689781871697
1723.0,0.00175957492055206
1724.0,0.0055584632360298715
1725.0,0.00131779687559816
1726.0,0.005012999574517935
1727.0,0.002160844135474119
1728.0,0.009844116574252862
1729.0,0.011720078176591493
1730.0,0.005855295946453267
1731.0,0.0041502901538848095
1732.0,0.004429015598254537
1733.0,0.019580580929279515
1734.0,0.025813121984700153
1735.0,0.005860250493190926
1736.0,0.016485246863807524
1737.0,0.0037131912038065418
1738.0,0.007226160324901744
1739.0,0.0005307504403865903
1740.0,0.00042389355611683314
1741.0,0.003105506167503069
1742.0,0.004156066363412817
1743.0,0.010842842301398144
1744.0,0.0008664532130465401
1745.0,0.001074078296536991
1746.0,0.006774273944345044
1747.0,0.01882528204561539
1748.0,0.01244581045105384
1749.0,0.012709232067889854
1750.0,0.00873346583400979
1751.0,0.008370755620544732
1752.0,0.0037182234870689387
1753.0,0.01038616902584263
1754.0,0.0011577529308093393
1755.0,0.008984342203592635
1756.0,0.0015514605321240316
1757.0,0.012245575024200364
1758.0,0.015296304287100562
1759.0,0.0022474825006983533
1760.0,0.014035422082561613
1761.0,0.013217568309450247
1762.0,0.003750743433954715
1763.0,0.0014096557595409652
1764.0,0.01596177389692283
1765.0,0.0010691784685694565
1766.0,0.002451978831497868
1767.0,0.0003649201224792555
1768.0,0.0007132980712965942
1769.0,0.009411535755809719
1770.0,0.004958432389007469
1771.0,0.00132988715024527
1772.0,0.009008257724576947
1773.0,0.013974482789537012
1774.0,0.002130941538688972
1775.0,0.012868839992221784
1776.0,0.019161188764304293
1777.0,0.016014703556907903
1778.0,0.015139644065911834
1779.0,0.018652272893497527
1780.0,0.023078932166481988
1781.0,0.01568230774956525
1782.0,0.002153396218854452
1783.0,0.009196970247223327
1784.0,0.012628396895906505
1785.0,0.01340044884204815
1786.0,0.0013797865161283315
1787.0,0.0034809527491607554
1788.0,0.007704792697587515
1789.0,0.010113008180060877
1790.0,0.00726767846037752
1791.0,0.013637788589585607
1792.0,0.015130375920231622
1793.0,0.0038877795441863237
1794.0,0.010950507079270038
1795.0,0.004923948964950393
1796.0,0.004922998586733464
1797.0,0.014245592313076644
1798.0,0.011493811042947409
1799.0,0.00923365878336424
1800.0,0.0018398273004570657
1801.0,0.015204669404075501
1802.0,0.010377816258433172
1803.0,0.006203513840907338
1804.0,0.009474623682442432
1805.0,0.01663646432660901
1806.0,0.01542271542893098
1807.0,0.007619846390906109
1808.0,0.013841532189976635
1809.0,0.007243261778727537
1810.0,0.0194633294346705
1811.0,0.0076462820358109826
1812.0,0.01867593542827642
1813.0,0.0018464938243299533
1814.0,0.004980932388947767
1815.0,0.018222738738551614
1816.0,0.016506446803070177
1817.0,0.002082836721637421
1818.0,0.012017831439324271
1819.0,0.0031783106136565684
1820.0,0.008041740996653002
1821.0,0.01506076852104047
1822.0,0.012623711593854536
1823.0,0.011815007905881891
1824.0,0.00130858141456023
1825.0,0.0013460323629147718
1826.0,0.014657277931713064
1827.0,0.009950231724613814
1828.0,0.008676078768750801
1829.0,0.010099244846221659
1830.0,0.0019618462210552767
1831.0,0.0074951103520157015
1832.0,0.0038440008663642253
1833.0,0.0008396419522843281
1834.0,0.0033795461049177
1835.0,0.003582130885727496
1836.0,0.0011898035273270313
1837.0,0.014126055999026655
1838.0,0.005117245063840984
1839.0,0.004487632638255612
1840.0,0.00512999315656204
1841.0,0.011787637921849104
1842.0,0.005953044516137415
1843.0,0.0013516078038423756
1844.0,0.004089911617635162
1845.0,0.007518014902002176
1846.0,0.00907927710856322
1847.0,0.005879872919093565
1848.0,0.010635996134790195
1849.0,0.019427977391001588
1850.0,0.01231592733805496
1851.0,0.016178646145569433
1852.0,0.004282171952789694
1853.0,0.00494734349420786
1854.0,0.024424324394269763
1855.0,0.014968878791547317
1856.0,0.01193160735233858
1857.0,0.007779537581533585
1858.0,0.009453390629026247
1859.0,0.016705295109990574
1860.0,0.008988157304584318
1861.0,0.0025057310479785987
1862.0,0.0025070398175672244
1863.0,0.0057733538577130995
1864.0,0.0054721682815199535
1865.0,0.0018602505237528724
1866.0,0.008916570814732003
1867.0,0.005556033940506479
1868.0,0.003040919965718449
1869.0,0.000280840316717415
1870.0,0.00030259679162051277
1871.0,0.0010476781194364397
1872.0,0.010543920531911893
1873.0,0.021260306575710597
1874.0,0.021132344772361335
1875.0,0.004893137301003309
1876.0,0.0017360834479448093
1877.0,0.014161179053748855
1878.0,0.002435685402321457
1879.0,0.00800080437460712
1880.0,0.0064753253594280365
1881.0,0.009126089809208883
1882.0,0.006539651163240057
1883.0,0.0007415915200169556
1884.0,0.0007921376357713173
1885.0,0.006998648622116401
1886.0,0.010424325039937034
1887.0,0.00440408445164601
1888.0,0.012453837521054946
1889.0,0.017481474363602856
1890.0,0.004070996295402447
1891.0,0.0009621703092247795
1892.0,0.0010674030710456194
1893.0,0.013858996563355376
1894.0,0.008503946436641142
1895.0,0.004293636977117484
1896.0,0.007366392996733351
1897.0,0.0065182626317751065
1898.0,0.01019599076126889
1899.0,0.0014625185827305581
1900.0,0.00523422941894152
1901.0,0.022590816143906556
1902.0,0.024283845566363392
1903.0,0.009232296747004515
1904.0,0.0014369429410054989
1905.0,0.004790883772032684
1906.0,0.008089153678577545
1907.0,0.017148360094743114
1908.0,0.0026561050024003726
1909.0,0.0008756385894059758
1910.0,0.0009004465054132349
1911.0,0.013530908377830329
1912.0,0.0049907778984538236
1913.0,0.013197894623185113
1914.0,0.021488320579442808
1915.0,0.015603881782782601
1916.0,0.015969668786654997
1917.0,0.006443006397766923
1918.0,0.00118893428987457
1919.0,0.006415955711682121
1920.0,0.006928289551093444
1921.0,0.007778121512388898
1922.0,0.006638311112331462
1923.0,0.005020113483057188
1924.0,0.008580209171478068
1925.0,0.025282084870427497
1926.0,0.007887792679636822
1927.0,0.009910120804089572
1928.0,0.0012008896653241555
1929.0,0.009182677411794243
1930.0,0.0008128487974709479
1931.0,0.004588098467902971
1932.0,0.0022027952007090887
1933.0,0.004632392659302668
1934.0,0.018833664370093352
1935.0,0.003102859954155715
1936.0,0.008758031584783645
1937.0,0.015264234799092636
1938.0,0.0017367284270391494
1939.0,0.012077209542369936
1940.0,0.0016604976634784483
1941.0,0.016044353543713877
1942.0,0.003979562442733123
1943.0,0.009513335704610281
1944.0,0.0024621591865476053
1945.0,0.010259000938112968
1946.0,0.01993120188683307
1947.0,0.006200161221785543
1948.0,0.010436778210814384
1949.0,0.008012363728283444
1950.0,0.012341059371815418
1951.0,0.0035339642307679496
1952.0,0.004095278281048222
1953.0,0.007460205231541248
1954.0,0.0050043556536824236
1955.0,0.003580481819734948
1956.0,0.012589060874766524
1957.0,0.013651141369443993
1958.0,0.0012846981273991562
1959.0,0.0013207518090485855
1960.0,0.009005713348323391
1961.0,0.020205720665416413
1962.0,0.00612076567567932
1963.0,0.0031754878709567666
1964.0,0.00251166938634986
1965.0,0.003195228051906761
1966.0,0.000985277411103443
1967.0,0.0036649048625553814
1968.0,0.025535866425554544
1969.0,0.014503527091174334
1970.0,0.020030965218189607
1971.0,0.0018801529159245109
1972.0,0.0015027393505792248
1973.0,0.01692064390852801
1974.0,0.0013796098677133068
1975.0,0.00447831111679311
1976.0,0.0070082389243087476
1977.0,0.007782317242668065
1978.0,0.00802451379690849
1979.0,0.006899954973130314
1980.0,0.01226223552136451
1981.0,0.005639839078927738
1982.0,0.005508336948752622
1983.0,0.007044435333464205
1984.0,0.0014813227565038949
1985.0,0.007972520444174722
1986.0,0.023479891535299596
1987.0,0.008429048006489075
1988.0,0.013175795301668469
1989.0,0.0015126515914179173
1990.0,0.01037543490761086
1991.0,0.00263084806299342
1992.0,0.0055514967193279864
1993.0,0.0041475379164434
1994.0,0.01696548155443447
1995.0,0.01104910218201726
1996.0,0.007800151802732145
1997.0,0.011701046273572583
1998.0,0.006154761322531328
1999.0,0.0046724329803747005
2000.0,0.0024274457035998818
2001.0,0.0075800547126029065
2002.0,0.0019865909778495803
2003.0,0.002096634903766469
2004.0,0.003381298736641531
2005.0,0.01811431334790273
2006.0,0.0020150098098016263
2007.0,0.005849534611188573
2008.0,0.0012625702463549674
2009.0,0.010891460294785264
2010.0,0.01500468201150657
2011.0,0.012050823344579851
2012.0,0.001993399313459889
2013.0,0.00587499206105949
2014.0,0.009813825587007207
2015.0,0.0017456320318485453
2016.0,0.017665002248395564
2017.0,0.0018906008887881662
2018.0,0.0014721722131845153
2019.0,0.006133962982634186
2020.0,0.027299518925556283
2021.0,0.007436314388483583
2022.0,0.011185637536738353
2023.0,0.0030332987565676326
2024.0,0.004506828829833435
2025.0,0.01925217666044076
2026.0,0.003947944282511863
2027.0,0.0176763157858776
2028.0,0.020949882144017797
2029.0,0.0023368278493072097
2030.0,0.011992506731855713
2031.0,0.0033731171407780044
2032.0,0.0040247778441760175
2033.0,0.0012592716081712102
2034.0,0.0039113152767275275
2035.0,0.008395172653099267
2036.0,0.011261546066127308
2037.0,0.0035255532214799805
2038.0,0.016603933964100256
2039.0,0.006071073333307343
2040.0,0.00226243067813487
2041.0,0.002727506840839202
2042.0,0.016990699493110068
2043.0,0.01655821046579679
2044.0,0.019903165990471778
2045.0,0.00511932811957249
2046.0,0.01036192014832776
2047.0,0.00571523239600523
2048.0,0.0029974189119416064
2049.0,0.0010304983541262998
2050.0,0.0029978019111955544
2051.0,0.001305144811615009
2052.0,0.000560778746335571
2053.0,0.0055806307374078575
2054.0,0.004541157576395072
2055.0,0.0007091740814011569
2056.0,0.005102346611948992
2057.0,0.004162378984881328
2058.0,0.019844096767224654
2059.0,0.019327784553440946
2060.0,0.0021404835182576016
2061.0,0.001163494176555628
2062.0,0.005486383291433868
2063.0,0.000739433331254817
2064.0,0.004193755379250502
2065.0,0.009366773547987442
2066.0,0.011262432600938186
2067.0,0.028367003602759663
2068.0,0.0026524548889979727
2069.0,0.012301987030312525
2070.0,0.007273186065364195
2071.0,0.02116391730309686
2072.0,0.019539277659800416
2073.0,0.013790173377379188
2074.0,0.015633421986225932
2075.0,0.0015053226610263323
2076.0,0.005511013770134837
2077.0,0.0019080710711993356
2078.0,0.0004985353918275016
2079.0,0.0006580947023766172
2080.0,0.010132484069837773
2081.0,0.0013354811289218581
2082.0,0.001279227434370307
2083.0,0.012757082728219927
2084.0,0.011005453773438128
2085.0,0.004709469619749634
2086.0,0.005589871071882068
2087.0,0.007263148404130613
2088.0,0.00699380514500524
2089.0,0.019852709526560843
2090.0,0.008234325571442895
2091.0,0.0011015381454867737
2092.0,0.001013005038659927
2093.0,0.008027545072020364
2094.0,0.017058626412151577
2095.0,0.011708076997321952
2096.0,0.009990028228373337
2097.0,0.002265025781667001
2098.0,0.006177200146765706
2099.0,0.01265727218622827
2100.0,0.011998431530387871
2101.0,0.013996388160759755
2102.0,0.0031912173712725
2103.0,0.006331734918338505
2104.0,0.00209732967972748
2105.0,0.014456942258135154
2106.0,0.005955167394086558
2107.0,0.01052223668297613
2108.0,0.009952554141459735
2109.0,0.010054668991875945
2110.0,0.01681377476342167
2111.0,0.006801334088063463
2112.0,0.0014677200045617985
2113.0,0.010095527945074942
2114.0,0.002626551894366115
2115.0,0.00103427191444602
2116.0,0.008296406204169935
2117.0,0.008902985075409287
2118.0,0.005989823724147982
2119.0,0.023232493194102158
2120.0,0.015989529729342172
2121.0,0.005963377360330554
2122.0,0.0031096285241092726
2123.0,0.0004965673181841374
2124.0,0.0007590710711570037
2125.0,0.007216496795234383
2126.0,0.011957878281443903
2127.0,0.003955392672535045
2128.0,0.001578247842344114
2129.0,0.019180073663506
2130.0,0.0021699904963033965
2131.0,0.016413613027511317
2132.0,0.008273841934804233
2133.0,0.02461488236098595
2134.0,0.001585249832366709
2135.0,0.0009717664313550969
2136.0,0.0007594799609532658
2137.0,0.012869185700375181
2138.0,0.0011402180393984404
2139.0,0.006850681304903982
2140.0,0.0009173956665736697
2141.0,0.006257096505945548
2142.0,0.008816053207517017
2143.0,0.006235682870953375
2144.0,0.018200467001168518
2145.0,0.01775490559040449
2146.0,0.005166183780522767
2147.0,0.00321737194027504
2148.0,0.004794995099625614
2149.0,0.010462676709774016
2150.0,0.0010453856401803612
2151.0,0.005950606763914766
2152.0,0.0006038532102118974
2153.0,0.00070134064025338
2154.0,0.00943853427529714
2155.0,0.0018278175721284128
2156.0,0.015655287893558873
2157.0,0.001459931852053489
2158.0,0.006751520466797448
2159.0,0.009789089963734414
2160.0,0.02014311850176963
2161.0,0.005217785405526986
2162.0,0.0011254878220095883
2163.0,0.004143038446340468
2164.0,0.007468763058061645
2165.0,0.003366704884657681
2166.0,0.02656556725158774
2167.0,0.001799518072788707
2168.0,0.0025483096286663346
2169.0,0.005807228955187469
2170.0,0.01717664731454856
2171.0,0.0014735712317012614
2172.0,0.0025960517619958126
2173.0,0.010371377046154076
2174.0,0.00869964012738384
2175.0,0.0008520270784874752
2176.0,0.0023285538750841034
2177.0,0.000686348370603216
2178.0,0.009920168046618449
2179.0,0.001292967297835091
2180.0,0.010458158294715802
2181.0,0.006923711648378222
2182.0,0.01374294303804011
2183.0,0.002569033468658987
2184.0,0.01177898963081342
2185.0,0.01588810350773862
2186.0,0.0036215460401404945
2187.0,0.02226553538366675
2188.0,0.0013351338926526444
2189.0,0.001035022009093347
2190.0,0.0010580326627197914
2191.0,0.017285969600229305
2192.0,0.0025790970883334454
2193.0,0.0038553193443847363
2194.0,0.005288447947983628
2195.0,0.006216559959054212
2196.0,0.0010833122005064872
2197.0,0.002517413997053138
2198.0,0.004883627933158811
2199.0,0.005691647328488973
2200.0,0.007731612773226874
2201.0,0.00643228758286308
2202.0,0.011400071925549947
2203.0,0.01676960046401723
2204.0,0.005879230609125647
2205.0,0.01339603085298105
2206.0,0.014970203245269693
2207.0,0.0022553801267159246
2208.0,0.013966264577791557
2209.0,0.01601655044803254
2210.0,0.019408588999729207
2211.0,0.0016197820079211374
2212.0,0.001159801294855481
2213.0,0.0065007978121294704
2214.0,0.012927208320723579
2215.0,0.0021403921185770406
2216.0,0.0010848957650040347
2217.0,0.008293220429275118
2218.0,0.009411077057796997
2219.0,0.00330794155879535
2220.0,0.008496003414241855
2221.0,0.011664913664580147
2222.0,0.005636268394447649
2223.0,0.0011029617799555038
2224.0,0.005746182083531787
2225.0,0.0019464318991156493
2226.0,0.001989009763897153
2227.0,0.00030741975098246064
2228.0,0.002972954686304804
2229.0,0.0016194851585168096
2230.0,0.013760833271816953
2231.0,0.005700516969806901
2232.0,0.0016734706343808615
2233.0,0.009913856416311458
2234.0,0.001432926643528886
2235.0,0.00850940907667032
2236.0,0.017206165837108964
2237.0,0.010755477193700924
2238.0,0.010187650141360713
2239.0,0.006105391930081903
2240.0,0.0038099095172365307
2241.0,0.006818822325163796
2242.0,0.006107645355715845
2243.0,0.013547401409509103
2244.0,0.002551673161536245
2245.0,0.0031389605037399388
2246.0,0.0033731508842098756
2247.0,0.0038685408286000954
2248.0,0.0062071377496546115
2249.0,0.006305444152944886
2250.0,0.008487963194755864
2251.0,0.014211757095728405
2252.0,0.007478260622643156
2253.0,0.00823928766212622
2254.0,0.001693989366573036
2255.0,0.006903092245012822
2256.0,0.012915241487487678
2257.0,0.01033215982147477
2258.0,0.001690671079006733
2259.0,0.012814242033070088
2260.0,0.0051207046237106086
2261.0,0.008748429667983917
2262.0,0.010858502795133335
2263.0,0.008534060300271777
2264.0,0.0016285031980560988
2265.0,0.01524337002966968
2266.0,0.004021229394218452
2267.0,0.016276476071491866
2268.0,0.002640300832000733
2269.0,0.008853972819327838
2270.0,0.00185332648717396
2271.0,0.017177544466902818
2272.0,0.01755346800945192
2273.0,0.01666596115378799
2274.0,0.014291919486434294
2275.0,0.005645379539513976
2276.0,0.001201216659960256
2277.0,0.00865192826527018
2278.0,0.005436564808578572
2279.0,0.005085048429019456
2280.0,0.013168938392844234
2281.0,0.009010110037120603
2282.0,0.001029658254394993
2283.0,0.0038444154319017955
2284.0,0.0009618708849171593
2285.0,0.004892480729432306
2286.0,0.006079737187230219
2287.0,0.0042611366873123255
2288.0,0.004725025696329217
2289.0,0.0009283326892663341
2290.0,0.009600198992388218
2291.0,0.0014243986475089851
2292.0,0.0005146150418994633
2293.0,0.0008385019910720605
2294.0,0.00906227809035531
2295.0,0.013920113021698863
2296.0,0.012900982523265695
2297.0,0.001963370931164377
2298.0,0.0033973905398381496
2299.0,0.001694768463768345
2300.0,0.019730577799063998
2301.0,0.01761307285078811
2302.0,0.012383931467398341
2303.0,0.005945764661387808
2304.0,0.009909159103574056
2305.0,0.009233028970708754
2306.0,0.008198574176755773
2307.0,0.0013966494041522586
2308.0,0.0023683928847483987
2309.0,0.011859542761575543
2310.0,0.0019727104355804995
2311.0,0.015055196690216583
2312.0,0.00541281990993484
2313.0,0.01955793271167046
2314.0,0.0021762721436824244
2315.0,0.0015914792951240045
2316.0,0.003116331558785416
2317.0,0.009632715354213313
2318.0,0.001308515882317551
2319.0,0.00569348568723403
2320.0,0.0017451818892995448
2321.0,0.01775039998285816
2322.0,0.0017263732338230575
2323.0,0.00924785654360163
2324.0,0.007403962821400159
2325.0,0.001336193919315908
2326.0,0.01254107535931773
2327.0,0.0014994804092705479
2328.0,0.013213433592616888
2329.0,0.00260606051782123
2330.0,0.010355456132106868
2331.0,0.01256394456004533
2332.0,0.010734879914366734
2333.0,0.011229957900578305
2334.0,0.017922414644908822
2335.0,0.006891139944740117
2336.0,0.014269286541316156
2337.0,0.008057869123415082
2338.0,0.009107630308820377
2339.0,0.0013179660171939683
2340.0,0.004582705184507534
2341.0,0.0014529992683108167
2342.0,0.004385317237695586
2343.0,0.01700958232671306
2344.0,0.006534945967030978
2345.0,0.013598343767823533
2346.0,0.007628514899112447
2347.0,0.002247418473474558
2348.0,0.018885573902028625
2349.0,0.016781178975239106
2350.0,0.010040640518700336
2351.0,0.01495244332990308
2352.0,0.008754291186888955
2353.0,0.032092585730917715
2354.0,0.006568231384959092
2355.0,0.008862390303812253
2356.0,0.007179094959351479
2357.0,0.007666431929504935
2358.0,0.007641610583610447
2359.0,0.005369400290143825
2360.0,0.00158021704339418
2361.0,0.017544893456673323
2362.0,0.006890870399427445
2363.0,0.01253466731087651
2364.0,0.0090133721102419
2365.0,0.0014976599618361456
2366.0,0.012510365249530636
2367.0,0.0014245897087625315
2368.0,0.007597542549111795
2369.0,0.013013966830057719
2370.0,0.009490717140960172
2371.0,0.003878188294025766
2372.0,0.0019056285562773921
2373.0,0.01028703273158191
2374.0,0.017937700641334545
2375.0,0.01778147569070463
2376.0,0.01557054437224407
2377.0,0.011530727501209525
2378.0,0.008906635072518525
2379.0,0.006774865773883884
2380.0,0.019538619675514696
2381.0,0.001645595802469985
2382.0,0.006963043284311184
2383.0,0.0022469048077613744
2384.0,0.015427347006267767
2385.0,0.005769847679907425
2386.0,0.014141521148846951
2387.0,0.02023712077706884
2388.0,0.002500906273604209
2389.0,0.0005748274821499516
2390.0,2.7002539972227488e-05
2391.0,0.0
2392.0,0.0
2393.0,0.00013139651935719775
2394.0,0.0005720939315973005
2395.0,0.005604923573520558
2396.0,0.011269778190617944
2397.0,0.003318693385165169
2398.0,0.018598207589638482
2399.0,0.0011295981718777203
2400.0,0.0004846213098566782
2401.0,8.096712745133554e-05
2402.0,0.00028773315902227455
2403.0,0.00349964889598734
2404.0,0.004639267286305933
2405.0,0.008657864660572336
2406.0,0.0014309032767246947
2407.0,0.009389890279608213
2408.0,0.013795921173251966
2409.0,0.0059831636389679945
2410.0,0.0010662752970860957
2411.0,0.00104988225749635
2412.0,0.012485807109956712
2413.0,0.006976308616729286
2414.0,0.0067140805478801795
2415.0,0.016935402780738636
2416.0,0.017368664510472795
2417.0,0.014669271176818438
2418.0,0.014936240128605357
2419.0,0.010560445465862933
2420.0,0.0077240547265397435
2421.0,0.006108270643438516
2422.0,0.006012065297328947
2423.0,0.003703554374877168
2424.0,0.0018215536761144232
2425.0,0.0047110657198784454
2426.0,0.000796634675343997
2427.0,0.004190786397600896
2428.0,0.012228323591128415
2429.0,0.007790014158340799
2430.0,0.009338508589600227
2431.0,0.00822463412391213
2432.0,0.002688591620632394
2433.0,0.0010458053457153835
2434.0,0.006374334665846536
2435.0,0.016030290032467802
2436.0,0.0015058799006699524
2437.0,0.007889073384842887
2438.0,0.0009257547896532353
2439.0,0.008182356475098644
2440.0,0.0015334063999440978
2441.0,0.0047569006768394245
2442.0,0.0019381232099309168
2443.0,0.02779998769215188
2444.0,0.0031373000773229215
2445.0,0.001194739090828844
2446.0,0.0010969951928008618
2447.0,0.014799831595695619
2448.0,0.009936556320160127
2449.0,0.012682836115289385
2450.0,0.00534827352624109
2451.0,0.0010375355272719353
2452.0,0.007833333418692202
2453.0,0.001802025864085125
2454.0,0.004674821373266198
2455.0,0.009257684471325765
2456.0,0.012450900506738876
2457.0,0.015044862744052118
2458.0,0.028080139741557427
2459.0,0.002741867510293384
2460.0,0.0013458625001458993
2461.0,0.006766014353306249
2462.0,0.009733368641525
2463.0,0.009168907772523183
2464.0,0.010381621876184617
2465.0,0.002083431601708448
2466.0,0.02051284666049263
2467.0,0.0070274472817359514
2468.0,0.00817582203058827
2469.0,0.0007065841726588302
2470.0,0.0018126640712278193
2471.0,0.002618133560974833
2472.0,0.0077824284872699935
2473.0,0.014116420102399047
2474.0,0.0017613325850072126
2475.0,0.0099845002736948
2476.0,0.010177572648140624
2477.0,0.006094479551693661
2478.0,0.01207747244461625
2479.0,0.0019366630746927977
2480.0,0.014488476769571886
2481.0,0.015891932733501816
2482.0,0.018630123640368278
2483.0,0.006451629545523758
2484.0,0.0017467653411130826
2485.0,0.0018756199766754307
2486.0,0.02393967712020598
2487.0,0.015525650228643412
2488.0,0.012054511994758542
2489.0,0.01821033073361128
2490.0,0.015639247750224735
2491.0,0.0021820791042024097
2492.0,0.008572577515416674
2493.0,0.01824307128998132
2494.0,0.003441385679670509
2495.0,0.0015153613623301834
2496.0,0.012906886027732708
2497.0,0.009668120394166783
2498.0,0.01393248350445098
2499.0,0.008451046236401881
2500.0,0.0017071091703330472
2501.0,0.01321396236953156
2502.0,0.008959232173067306
2503.0,0.008886817240345938
2504.0,0.008394656546812988
2505.0,0.012671394979305048
2506.0,0.011030978481101374
2507.0,0.007990069980429906
2508.0,0.006924133150791301
2509.0,0.0008218830643392859
2510.0,0.004357523501986102
2511.0,0.00306833780137789
2512.0,0.01428604066067456
2513.0,0.0027848767976559738
2514.0,0.0010260122010719037
2515.0,0.001965251052950493
2516.0,0.001414486449603858
2517.0,0.008886736849917483
2518.0,0.005235166610932329
2519.0,0.011510908115429484
2520.0,0.005729723516286373
2521.0,0.00918354059019731
2522.0,0.00985025214004612
2523.0,0.00241346027169379
2524.0,0.027173804797938295
2525.0,0.004923136797740114
2526.0,0.001097811057681367
2527.0,0.002597460076117447
2528.0,0.0028311229099252464
2529.0,0.0073003902166973835
2530.0,0.0007843793798308306
2531.0,0.004671522142889025
2532.0,0.001852823520117616
2533.0,0.0014027122589336562
2534.0,0.001969382216904057
2535.0,0.01827686212099993
2536.0,0.0013442713602034393
2537.0,0.004781557933248933
2538.0,0.0008813690525533208
2539.0,0.011021484119137916
2540.0,0.0012130790291590948
2541.0,0.009220218061106848
2542.0,0.0022204216837273106
2543.0,0.023803644165986747
2544.0,0.007434440502247922
2545.0,0.0011537899836644337
2546.0,0.0032232629812319153
2547.0,0.000460909260802981
2548.0,0.0023642961456944436
2549.0,0.006758147363807178
2550.0,0.0018039931906335468
2551.0,0.01567183964388308
2552.0,0.020736226829942583
2553.0,0.0022778498426962997
2554.0,0.01020273412296587
2555.0,0.005632310643342246
2556.0,0.0026569617627241453
2557.0,0.0064292089343401925
2558.0,0.022668374131258075
2559.0,0.013575392727411801
2560.0,0.01799285864398095
2561.0,0.007270410363617494
2562.0,0.007452670473867013
2563.0,0.013103423658846671
2564.0,0.002600799087447777
2565.0,0.0007109790149388548
2566.0,0.004384960978156379
2567.0,0.002095613337431663
2568.0,0.006163580755158758
2569.0,0.004105010392708503
2570.0,0.00519849790094745
2571.0,0.016511450806444308
2572.0,0.0070398243758075345
2573.0,0.0028303569089450096
2574.0,0.011740386397832316
2575.0,0.0017104868439789642
2576.0,0.016435319347103426
2577.0,0.004413878636218908
2578.0,0.011984522473543608
2579.0,0.004823328627042647
2580.0,0.002758074810112889
2581.0,0.0014758862647187194
2582.0,0.014221674294881477
2583.0,0.01867717671526338
2584.0,0.0016832700289971148
2585.0,0.0027856850764171074
2586.0,0.007101171665884763
2587.0,0.009540740127923155
2588.0,0.014577805485390083
2589.0,0.0161898307017704
2590.0,0.001841312939321777
2591.0,0.0044381864624739205
2592.0,0.004277310190958547
2593.0,0.010118365368804517
2594.0,0.005101764428678113
2595.0,0.0042270099220949675
2596.0,0.013275282746136825
2597.0,0.010820344373872175
2598.0,0.0013618154389046697
2599.0,0.0007357733523578055
2600.0,0.005016979214631026
2601.0,0.008457751140498041
2602.0,0.012011863474318108
2603.0,0.008438077894594288
2604.0,0.002819940529183038
2605.0,0.00581565054925459
2606.0,0.012348176758495704
2607.0,0.010490025754571228
2608.0,0.013720871197604305
2609.0,0.008776093108575923
2610.0,0.007676397487828103
2611.0,0.0007200521775850303
2612.0,0.00048397756880196225
2613.0,0.0042698239607992
2614.0,0.0022061026091085207
2615.0,0.00030968050390090375
2616.0,0.0007362000231966195
2617.0,0.004312493545361014
2618.0,0.019314020378329813
2619.0,0.005358482562469533
2620.0,0.006626328589466992
2621.0,0.011414733687478461
2622.0,0.013902722543233216
2623.0,0.02798181569525974
2624.0,0.006388523718653903
2625.0,0.003951247661697768
2626.0,0.0084379072451451
2627.0,0.015594981406909323
2628.0,0.0057178940494929985
2629.0,0.001725639549362201
2630.0,0.00884053673265885
2631.0,0.0028544958952237873
2632.0,0.00036670219858460384
2633.0,0.0002483640119542562
2634.0,0.0005999424291511556
2635.0,0.007867870158814834
2636.0,0.008547021598440323
2637.0,0.01840412613617119
2638.0,0.014428364155837958
2639.0,0.010895313244347482
2640.0,0.008365171364743646
2641.0,0.006475655807933404
2642.0,0.014536890704382613
2643.0,0.002970085361430143
2644.0,0.011923955465469304
2645.0,0.0018571728696111659
2646.0,0.011376435351787804
2647.0,0.02249184140404473
2648.0,0.004409778020415053
2649.0,0.01833276799742605
2650.0,0.0016493723555853228
2651.0,0.0041908091148136015
2652.0,0.005084723063184479
2653.0,0.0115942109836032
2654.0,0.005176272284850906
2655.0,0.013505630509644045
2656.0,0.014456764337678443
2657.0,0.01027496003772185
2658.0,0.015934734420488796
2659.0,0.00520909448399861
2660.0,0.0022381767824317888
2661.0,0.004224741340450557
2662.0,0.0023317192019400934
2663.0,0.0002720077334004379
2664.0,0.0009409716261974938
2665.0,0.001153431876681379
2666.0,0.00870441417144957
2667.0,0.02170702371615918
2668.0,0.02052170537454379
2669.0,0.002565608681850484
2670.0,0.012033526817093175
2671.0,0.011372494930354905
2672.0,0.010851889817276356
2673.0,0.010971690760070181
2674.0,0.0022777831187794683
2675.0,0.012229165771392173
2676.0,0.015437488788932629
2677.0,0.01729817106582347
2678.0,0.0034994963005242474
2679.0,0.019356842604963752
2680.0,0.0015627947771927702
2681.0,0.004048985246951296
2682.0,0.009105974204636628
2683.0,0.003163055484567584
2684.0,0.0004549428676653471
2685.0,0.0004985085942886463
2686.0,0.0033233194092126724
2687.0,0.010898113640819967
2688.0,0.005741574597673258
2689.0,0.004691326669359973
2690.0,0.013106248032506748
2691.0,0.009131956765466367
2692.0,0.0011450150053175104
2693.0,0.005942400500258831
2694.0,0.0008146691110361397
2695.0,0.008652753028815675
2696.0,0.0019550756999212374
2697.0,0.018963458030130262
2698.0,0.007645214004464696
2699.0,0.007260879861303285
2700.0,0.017273493515090735
2701.0,0.001685926614374475
2702.0,0.004253472557833062
2703.0,0.0056378539519846334
2704.0,0.010940971645118697
2705.0,0.00896765559668171
2706.0,0.008827849284298781
2707.0,0.00857938245956496
2708.0,0.008612602176029625
2709.0,0.01495424926588455
2710.0,0.004324120301486559
2711.0,0.004958386570512005
2712.0,0.011409538541075936
2713.0,0.008231994437981076
2714.0,0.007911926383410758
2715.0,0.002096536770235534
2716.0,0.008005405073107924
2717.0,0.011652904542500587
2718.0,0.010518988925388639
2719.0,0.0012039092987391827
2720.0,0.0013140843282137562
2721.0,0.013632677408082425
2722.0,0.012088327471204
2723.0,0.007216633138271184
2724.0,0.006025320927370794
2725.0,0.01265230225757979
2726.0,0.02496745049167464
2727.0,0.0023209196344742044
2728.0,0.006489587896555604
2729.0,0.0057256618389042455
2730.0,0.011381234259270555
2731.0,0.01195089392085657
2732.0,0.0139917864035236
2733.0,0.006328132984714403
2734.0,0.009199180183965735
2735.0,0.007407811613680761
2736.0,0.0014044569345570473
2737.0,0.011666833417693392
2738.0,0.005725717591904721
2739.0,0.0013758898161297932
2740.0,0.010136993165323774
2741.0,0.010647585016636544
2742.0,0.012928889440308915
2743.0,0.012963774392716123
2744.0,0.006305551749639332
2745.0,0.012556878272364342
2746.0,0.0013390070601226
2747.0,0.0053117219770387174
2748.0,0.009830425049484151
2749.0,0.0039379885442227
2750.0,0.00532907206413001
2751.0,0.0010100155530573275
2752.0,0.0076598649855085365
2753.0,0.010502443839589235
2754.0,0.010103613877987859
2755.0,0.016886063692848556
2756.0,0.0019756993420835733
2757.0,0.002797011303198436
2758.0,0.00015681356187633035
2759.0,0.00014301093342323698
2760.0,0.00018234000044290712
2761.0,0.0033799010228507402
2762.0,0.001215960998346233
2763.0,0.013571118365152419
2764.0,0.012673217173802378
2765.0,0.0165175842579454
2766.0,0.008544444227680685
2767.0,0.017084696188369643
2768.0,0.013065733209232868
2769.0,0.004186165710586932
2770.0,0.012463563033566126
2771.0,0.0017448043586639386
2772.0,0.01551907211636796
2773.0,0.004431840030676163
2774.0,0.002513489052794777
2775.0,0.0013841689191657037
2776.0,0.01728528366348278
2777.0,0.009169583205610562
2778.0,0.004983620512852039
2779.0,0.008354324825625623
2780.0,0.010508676384840971
2781.0,0.0008509413283161695
2782.0,0.0006662784867542962
2783.0,0.002817276620271152
2784.0,0.010242504023292185
2785.0,0.0007093708084495345
2786.0,0.0005209080113628878
2787.0,0.0025600539472061213
2788.0,0.006922119804393666
2789.0,0.019307666987622193
2790.0,0.005277016893437286
2791.0,0.001730885105200439
2792.0,0.0026017331382062344
2793.0,0.0021926567528275146
2794.0,0.014135753286839626
2795.0,0.0034266490858726115
2796.0,0.004808757985205464
2797.0,0.0077340406481030575
2798.0,0.007958863859879362
2799.0,0.002170329637552867
2800.0,0.0066550829877449974
2801.0,0.001017214612518543
2802.0,0.008084110561385964
2803.0,0.006788361451558298
2804.0,0.0010629938219475323
2805.0,0.0071241093645753656
2806.0,0.005512355857685348
2807.0,0.013489797321781795
2808.0,0.0060651208075643386
2809.0,0.00267579486142571
2810.0,0.004043284060425728
2811.0,0.009168469730876911
2812.0,0.009572922169996398
2813.0,0.016535843066915377
2814.0,0.015169939490238185
2815.0,0.011049102685059767
2816.0,0.00915109131880405
2817.0,0.020614630542872
2818.0,0.01823526471823329
2819.0,0.007406875154958116
2820.0,0.013507484196848479
2821.0,0.008410222592360907
2822.0,0.0031165147470420115
2823.0,0.008100900303285044
2824.0,0.005379232331561166
2825.0,0.008447435066006006
2826.0,0.005470999414664831
2827.0,0.0009057317894157521
2828.0,0.003528373262001646
2829.0,0.011160005700239218
2830.0,0.014450455795923309
2831.0,0.011039405755613348
2832.0,0.006958737482564368
2833.0,0.0011412417365551538
2834.0,0.00829720975170792
2835.0,0.0029914780884036287
2836.0,0.002968285682102079
2837.0,0.0026575206440812233
2838.0,0.006058171213847033
2839.0,0.009604275924960078
2840.0,0.015257078224827181
2841.0,0.011932746610997925
2842.0,0.011742876462384201
2843.0,0.007725497703465664
2844.0,0.001706675983748431
2845.0,0.012522179558944807
2846.0,0.01554406330591895
2847.0,0.014532930888800649
2848.0,0.00426052765104072
2849.0,0.001345843146262346
2850.0,0.00722673434299059
2851.0,0.01817985678670021
2852.0,0.006543586305431624
2853.0,0.007613043078990444
2854.0,0.0009843474786361424
2855.0,0.0004903674551368357
2856.0,0.00014980061718484255
2857.0,0.00025458463593807144
2858.0,0.0005431257117704563
2859.0,0.009439086091655785
2860.0,0.0016830384761223102
2861.0,0.01677338964215407
2862.0,0.010533161949712922
2863.0,0.022867188853234736
2864.0,0.006674544577549946
2865.0,0.007913385797761414
2866.0,0.013581466037371294
2867.0,0.007084323805158746
2868.0,0.014278893510925221
2869.0,0.011320105514181302
2870.0,0.011737272145121871
2871.0,0.0056261763611093
2872.0,0.002345008236730181
2873.0,0.008304872855506348
2874.0,0.0014980598157235787
2875.0,0.0013549722737436455
2876.0,0.004674451984016197
2877.0,0.007511546472594052
2878.0,0.0136530631427292
2879.0,0.004074569293252644
2880.0,0.004888170308068375
2881.0,0.005503950097031265
2882.0,0.0033525716053751375
2883.0,0.0025257624277748515
2884.0,0.011338574000997132
2885.0,0.011256601270266996
2886.0,0.016730262951972774
2887.0,0.004073402453278284
2888.0,0.006853562055475547
2889.0,0.003476836271284494
2890.0,0.007273686189680154
2891.0,0.004034821687423162
2892.0,0.0004903891621060992
2893.0,0.0003150129875061019
2894.0,0.004011710070464985
2895.0,0.0009940235154729726
2896.0,0.012587152395534366
2897.0,0.002429075105017942
2898.0,0.003980885429912146
2899.0,0.007124723450019723
2900.0,0.014463879807076188
2901.0,0.011114773616918507
2902.0,0.0026280801941068544
2903.0,0.004688588950120508
2904.0,0.00048526972403075585
2905.0,0.00336645176237902
2906.0,0.0006470669759904957
2907.0,0.0018794613365590435
2908.0,0.015383351609729257
2909.0,0.0015751596976349461
2910.0,0.010372433145898084
2911.0,0.0035561113802563275
2912.0,0.003823601281271019
2913.0,0.011319850750529725
2914.0,0.004673673295783432
2915.0,0.0013053642575344714
2916.0,0.008188101835346588
2917.0,0.005408546224638515
2918.0,0.007158493676310131
2919.0,0.014535339401501628
2920.0,0.009623453310898361
2921.0,0.007504461675513723
2922.0,0.005601161706499699
2923.0,0.006461383603355534
2924.0,0.0168355755695081
2925.0,0.0018315979699886269
2926.0,0.007290172274558503
2927.0,0.016859560602522045
2928.0,0.023074667632162673
2929.0,0.00610279686565299
2930.0,0.004236165516547752
2931.0,0.001228017964517254
2932.0,0.012071408177227376
2933.0,0.006408469229993415
2934.0,0.014144720686982049
2935.0,0.004893078858231165
2936.0,0.020139716263571632
2937.0,0.007529177512745554
2938.0,0.008945144825990065
2939.0,0.013419755489549346
2940.0,0.0012956391815043716
2941.0,0.0005369878642802753
2942.0,3.7402087795994906e-05
2943.0,0.000592452695053376
2944.0,0.0006387708049286746
2945.0,0.010483240262015636
2946.0,0.0012890703893695696
2947.0,0.005305827480768351
2948.0,0.01662687782705068
2949.0,0.004049294064180306
2950.0,0.0007423935767409023
2951.0,0.001138528832177834
2952.0,0.006914399201196959
2953.0,0.028747896361116125
2954.0,0.013672992322593308
2955.0,0.009029488629879494
2956.0,0.014784777542431439
2957.0,0.00172895401553182
2958.0,0.0013027445059817248
2959.0,0.014114073334437224
2960.0,0.003670887613397144
2961.0,0.000669208638778285
2962.0,0.0009098079497700993
2963.0,0.0060823039334988276
2964.0,0.02109889369570014
2965.0,0.0022364459797965396
2966.0,0.013830072988024189
2967.0,0.00487582183620059
2968.0,0.0012017826445363594
2969.0,0.00912310528737135
2970.0,0.006385443514528278
2971.0,0.018136334407829795
2972.0,0.001659024812939343
2973.0,0.005902719830810796
2974.0,0.007476884459294983
2975.0,0.003077552974100745
2976.0,0.0012188867863592492
2977.0,0.014939453441690172
2978.0,0.002551338738722036
2979.0,0.009032692138595593
2980.0,0.004349265595347457
2981.0,0.020311701507326654
2982.0,0.02157959767689446
2983.0,0.002599985387229156
2984.0,0.009350498032960801
2985.0,0.016972208349635524
2986.0,0.0042562187234294535
2987.0,0.009501023015973466
2988.0,0.0009493453993634831
2989.0,0.0011215866673789162
2990.0,0.013584640311933675
2991.0,0.005397706718254602
2992.0,0.011188302759221756
2993.0,0.009699384329439302
2994.0,0.013678848954060527
2995.0,0.006583297755934191
2996.0,0.011100208060035033
2997.0,0.011877666555339506
2998.0,0.008623883678743173
2999.0,0.001722594453435085
3000.0,0.00045951398397513004
3001.0,0.0009725135348282183
3002.0,0.007004846546727787
3003.0,0.00570317594845221
3004.0,0.009067031552441129
3005.0,0.001243182934985961
3006.0,0.005998882615479305
3007.0,0.01331101030334683
3008.0,0.010784284541978457
3009.0,0.016739952345651756
3010.0,0.0014654945862776062
3011.0,0.0047556105863177595
3012.0,0.001754275488859687
3013.0,0.003153435481823933
3014.0,0.008837029407195968
3015.0,0.021131945444885277
3016.0,0.0016609573244678935
3017.0,0.003685366547297092
3018.0,0.0032390026920096435
3019.0,0.00721518033085794
3020.0,0.01047599416559219
3021.0,0.0013669726639457876
3022.0,0.007556762795576051
3023.0,0.00944516739619312
3024.0,0.013111760188104575
3025.0,0.004718984505660215
3026.0,0.012715895889030953
3027.0,0.007029297709716425
3028.0,0.01764698983176956
3029.0,0.008642804380097612
3030.0,0.007113686745054069
3031.0,0.0032674346299082758
3032.0,0.0005514441465984452
3033.0,0.0032336271208487978
3034.0,0.002042157202443226
3035.0,0.0006215198965231947
3036.0,0.0011991582064603899
3037.0,0.01657877716371277
3038.0,0.008144508440019491
3039.0,0.002207070943451036
3040.0,0.008867709826432216
3041.0,0.009857390740187861
3042.0,0.0012561820894869138
3043.0,0.007927109245434548
3044.0,0.0020120717626733514
3045.0,0.0009776790538354508
3046.0,0.00018309973292058993
3047.0,0.001940608341071186
3048.0,0.0005029766513062847
3049.0,0.0069383449482387635
3050.0,0.0010810810869513207
3051.0,0.00958546621208182
3052.0,0.004963293060156786
3053.0,0.0043467494693340105
3054.0,0.00903993839425022
3055.0,0.0019246410955989985
3056.0,0.003492625773281431
3057.0,0.0004860225416960789
3058.0,0.0008664032972827346
3059.0,0.010381453310894302
3060.0,0.00808024098696962
3061.0,0.0021906167187301616
3062.0,0.0197075116653167
3063.0,0.014025546571680458
3064.0,0.011908733735429677
3065.0,0.0076453786576031945
3066.0,0.007667497338260228
3067.0,0.00071864023680539
3068.0,0.002426651657797741
3069.0,0.0002045908434008039
3070.0,0.00048469160859793354
3071.0,0.002396207752284314
3072.0,0.013528382784534453
3073.0,0.011078198504031004
3074.0,0.003011274740384807
3075.0,0.018868407557458156
3076.0,0.0012960694263672785
3077.0,0.0009180665858496463
3078.0,0.0063776643616095825
3079.0,0.003554360136933046
3080.0,0.008543567603424155
3081.0,0.015405538490021513
3082.0,0.01062100624319222
3083.0,0.01723405992717174
3084.0,0.011235729247612474
3085.0,0.0016113991745951995
3086.0,0.0072355533149904075
3087.0,0.004427376568598052
3088.0,0.0006160539790152679
3089.0,0.0031474418849627922
3090.0,0.0016141675481171995
3091.0,0.004456571186389251
3092.0,0.0045743950659293915
3093.0,0.007266344197266942
3094.0,0.0039482259524811535
3095.0,0.013435113610887681
3096.0,0.0026427897394233767
3097.0,0.001341626179854497
3098.0,0.01384879312072971
3099.0,0.0012670903797373683
3100.0,0.0062795010128303165
3101.0,0.006738729672698271
3102.0,0.016714142937822574
3103.0,0.015222644196546049
3104.0,0.0017023298555077484
3105.0,0.00372914984378483
3106.0,0.01228068977666515
3107.0,0.011078702101030416
3108.0,0.0021630536468207917
3109.0,0.004607176285295426
3110.0,0.011205479548783471
3111.0,0.005227864802990482
3112.0,0.003060179219084029
3113.0,0.00112109718088423
3114.0,0.004670050169008568
3115.0,0.000609114333165014
3116.0,0.001947966871616373
3117.0,0.01148034569037641
3118.0,0.01712872529223049
3119.0,0.008284582290176156
3120.0,0.009602053244266216
3121.0,0.01259887348514351
3122.0,0.020020548885647336
3123.0,0.003181396717731477
3124.0,0.0011098287830698754
3125.0,0.005688835012466378
3126.0,0.00941080584839234
3127.0,0.013339963448461266
3128.0,0.014213155804787473
3129.0,0.017699288512899695
3130.0,0.009235796042456172
3131.0,0.006896301734948812
3132.0,0.011330351775332996
3133.0,0.009149336169327761
3134.0,0.007607679874997752
3135.0,0.0010997842463581957
3136.0,0.007350652081056039
3137.0,0.0036758669031648037
3138.0,0.0038555087935736912
3139.0,0.02032265258685993
3140.0,0.0310551097821438
3141.0,0.014548067328855337
3142.0,0.00963518947601755
3143.0,0.01427313237404478
3144.0,0.00305443686185651
3145.0,0.0006561786705417443
3146.0,0.0020863427665273834
3147.0,0.003504312971096977
3148.0,0.006150005536819457
3149.0,0.007339085337806877
3150.0,0.0029875501885714547
3151.0,0.0024932366549274072
3152.0,0.013091563958121732
3153.0,0.00204526722747645
3154.0,0.00041708927546800576
3155.0,3.809535691086558e-05
3156.0,0.0005002958822537892
3157.0,0.0018416695805256078
3158.0,0.016140686255154794
3159.0,0.022138438403969566
3160.0,0.007165263289542114
3161.0,0.00842594411576741
3162.0,0.001198115563292836
3163.0,0.008156706762849547
3164.0,0.0080453415427645
3165.0,0.009308743292158748
3166.0,0.008954811901522673
3167.0,0.0019313529296261915
3168.0,0.0005978336831039484
3169.0,0.004737705345627405
3170.0,0.003431577394387106
3171.0,0.013446025063602767
3172.0,0.007869537235272998
3173.0,0.006979251882051186
3174.0,0.001156658828133543
3175.0,0.010564175674045311
3176.0,0.0006533869982578769
3177.0,0.0010995454386509736
3178.0,0.0020252672107400013
3179.0,0.020389532965062587
3180.0,0.010203183095893515
3181.0,0.0040052672028807
3182.0,0.005753225721572679
3183.0,0.007388605790183153
3184.0,0.0033674334440098653
3185.0,0.016087305328344965
3186.0,0.011083010551278706
3187.0,0.0055688582717498885
3188.0,0.0025983404304235364
3189.0,0.0005605887646493644
3190.0,0.0035842341319504054
3191.0,0.005766863453139773
3192.0,0.00523523062357796
3193.0,0.006748002898294058
3194.0,0.007050196091071275
3195.0,0.004858418343452292
3196.0,0.011508301576690276
3197.0,0.0011579190058204716
3198.0,0.0020254921222395738
3199.0,0.00106768468294031
3200.0,0.0014980595060889532
3201.0,0.010992995229972753
3202.0,0.0013844713268555604
3203.0,0.01257915163647426
3204.0,0.001186707938362588
3205.0,0.006246158388408082
3206.0,0.0010920563413720494
3207.0,0.012208777573983608
3208.0,0.002805370422786852
3209.0,0.004245906919103095
3210.0,0.011477643380741531
3211.0,0.006406174311608854
3212.0,0.016719765276644635
3213.0,0.005453955051438963
3214.0,0.0011536879693764277
3215.0,0.0038356060320809413
3216.0,0.011174678626682902
3217.0,0.0009274575264391169
3218.0,0.002983836360282386
3219.0,0.0027242035075261905
3220.0,0.00931028061565972
3221.0,0.01513313556321169
3222.0,0.002139004134518856
3223.0,0.0017108524703207
3224.0,0.01724769367170098
3225.0,0.01260000356235224
3226.0,0.004542525212406804
3227.0,0.0005352403654989512
3228.0,0.0009497183366990043
3229.0,0.0014691028736968056
3230.0,0.01623304328441138
3231.0,0.02258199138648261
3232.0,0.011137252767736092
3233.0,0.0023507246603295946
3234.0,0.005210316132258495
3235.0,0.010928610275799774
3236.0,0.012916723042696757
3237.0,0.04117117042216149
3238.0,0.016490107746095144
3239.0,0.015038320498051459
3240.0,0.008568795388466404
3241.0,0.01439895513737955
3242.0,0.0013404254958478653
3243.0,0.005751453261694324
3244.0,0.00212811475697236
3245.0,0.0013829694247961552
3246.0,0.01686174572575671
3247.0,0.009021328352944315
3248.0,0.008615363811240439
3249.0,0.024696229569537678
3250.0,0.015642506243854173
3251.0,0.013699616603177181
3252.0,0.001603338767227414
3253.0,0.004101477334318549
3254.0,0.01438274046012469
3255.0,0.01088136267281239
3256.0,0.01594417875029169
3257.0,0.007376121368521664
3258.0,0.005099308817737871
3259.0,0.0011627692766551505
3260.0,0.011916930597339054
3261.0,0.004163185310288377
3262.0,0.009589151259984722
3263.0,0.0019429670119975274
3264.0,0.01797256848642502
3265.0,0.011292593854426995
3266.0,0.011230367613617473
3267.0,0.003560484962008083
3268.0,0.001672623309178079
3269.0,0.018323352711986717
3270.0,0.009216928228387575
3271.0,0.002372691982564711
3272.0,0.012236264062747025
3273.0,0.0126443459520846
3274.0,0.0019105615837827288
3275.0,0.005604775267142191
3276.0,0.02652890697227309
3277.0,0.008330180911031274
3278.0,0.005811822899374191
3279.0,0.013125596797791789
3280.0,0.0032093832295646604
3281.0,0.006240789093297054
3282.0,0.005440130455428527
3283.0,0.012255762867827634
3284.0,0.0014014344239405162
3285.0,0.0050353101059884735
3286.0,0.013816050479117525
3287.0,0.005700875105999141
3288.0,0.0020237811313053794
3289.0,0.020230433406461502
3290.0,0.01201733930688066
3291.0,0.01432885286732505
3292.0,0.004415780373477013
3293.0,0.0035142649932019604
3294.0,0.012024859227615318
3295.0,0.007521095151748191
3296.0,0.002211785719751189
3297.0,0.0011354964963525929
3298.0,0.012708746161798509
3299.0,0.007096815884227622
3300.0,0.007316623105061032
3301.0,0.0019135244750710424
3302.0,0.01739493090319833
3303.0,0.017716266273514438
3304.0,0.011338659191329729
3305.0,0.00916752936329473
3306.0,0.0007406408736288406
3307.0,0.0002758644164710807
3308.0,0.0001747412359524127
3309.0,0.0024544151404105696
3310.0,0.00209959762208615
3311.0,0.006262875577185929
3312.0,0.0010036854956308042
3313.0,0.010620418676286979
3314.0,0.0011716456549919583
3315.0,0.00932842967084372
3316.0,0.0017894753386360177
3317.0,0.003790826495215058
3318.0,0.003944531722290142
3319.0,0.012836493160829314
3320.0,0.028967375421420496
3321.0,0.008031346361353919
3322.0,0.010198828901285173
3323.0,0.004672740549100342
3324.0,0.00626888027242259
3325.0,0.0059463079564608685
3326.0,0.0008956917271310201
3327.0,0.005418084097323568
3328.0,0.006969568352752765
3329.0,0.014365834808691308
3330.0,0.00632674229623527
3331.0,0.005820002293946761
3332.0,0.004854769630727497
3333.0,0.01604893844479735
3334.0,0.0043465288737092895
3335.0,0.008895388563670597
3336.0,0.013066234660821501
3337.0,0.005884339328646878
3338.0,0.020424768843804696
3339.0,0.015649064948065117
3340.0,0.003237904769934691
3341.0,0.001713289872140983
3342.0,0.001319600251567854
3343.0,0.0015732401785340682
3344.0,0.02006449926870894
3345.0,0.016419593308268837
3346.0,0.01682243042561442
3347.0,0.014961760753474277
3348.0,0.012118259647930346
3349.0,0.0022817971132279772
3350.0,0.014698460917304399
3351.0,0.010384745117944447
3352.0,0.007586059306143174
3353.0,0.001485794164525601
3354.0,0.010321734232197512
3355.0,0.011556056652634799
3356.0,0.012433337657802069
3357.0,0.005078692693994865
3358.0,0.0020782639785403186
3359.0,0.005868657700931318
3360.0,0.00217209453203868
3361.0,0.013623884683258949
3362.0,0.009953382140734345
3363.0,0.013448752109787045
3364.0,0.005473408800152624
3365.0,0.0010043049265224362
3366.0,0.003503052988568814
3367.0,0.009434478639793872
3368.0,0.001096317129501839
3369.0,0.00832990550904594
3370.0,0.0007137144305967792
3371.0,0.0032240363418030438
3372.0,0.0034087644514586867
3373.0,0.0061603405346107145
3374.0,0.009509474171293508
3375.0,0.0102229359491937
3376.0,0.012638392088284722
3377.0,0.004607298075664747
3378.0,0.013639738381060064
3379.0,0.015586022575796844
3380.0,0.002486429386982446
3381.0,0.01564111203238489
3382.0,0.017787709405284728
3383.0,0.002132687337750506
3384.0,0.008281809292466198
3385.0,0.012829071987762843
3386.0,0.0012550099698220203
3387.0,0.003776053067289168
3388.0,0.0073131372634664465
3389.0,0.013101528784291303
3390.0,0.01105373803951837
3391.0,0.0020350822478127175
3392.0,0.01807480147478961
3393.0,0.004196344825511235
3394.0,0.0023565555215007894
3395.0,0.0010947030492180878
3396.0,0.01567744501993927
3397.0,0.001469680090622086
3398.0,0.003103837208903503
3399.0,0.01021862952156654
3400.0,0.004988296829785589
3401.0,0.0010144572214819312
3402.0,0.004545259771957875
3403.0,0.010435577669834075
3404.0,0.011421739925163142
3405.0,0.0012895663303918454
3406.0,0.005375862795490215
3407.0,0.0066525345806581855
3408.0,0.017809276145996065
3409.0,0.004713637950136132
3410.0,0.0012423634865596767
3411.0,0.0027000106019308893
3412.0,0.018646977461067065
3413.0,0.0021067745618920408
3414.0,0.011823798767185822
3415.0,0.013988183800744307
3416.0,0.00491539520767568
3417.0,0.004122762712659446
3418.0,0.010340139399631885
3419.0,0.0013026432288414027
3420.0,0.002504851458411524
3421.0,0.008412138395550018
3422.0,0.0017690718539622005
3423.0,0.016793927179248293
3424.0,0.013334204551759085
3425.0,0.008274166370592554
3426.0,0.011283765650976729
3427.0,0.001967792510437774
3428.0,0.009228759139174448
3429.0,0.001057663040201949
3430.0,0.008367181112225092
3431.0,0.0027687090369062093
3432.0,0.0058735373580551305
3433.0,0.009423904633439029
3434.0,0.006872006794838579
3435.0,0.005549509320850874
3436.0,0.006494822886006052
3437.0,0.007254787369250199
3438.0,0.011873658657979742
3439.0,0.008100085185230909
3440.0,0.0023712024836579234
3441.0,0.010423872417337466
3442.0,0.022243210878995046
3443.0,0.0015341852636717936
3444.0,0.0008887994062613151
3445.0,0.001093405102040709
3446.0,0.01271222337502853
3447.0,0.01577537608985194
3448.0,0.005207305749013065
3449.0,0.0077535387431448295
3450.0,0.014472536707657871
3451.0,0.01223739596618355
3452.0,0.012675525508089555
3453.0,0.01085733329440905
3454.0,0.012610649848624277
3455.0,0.002563509298474972
3456.0,0.0007880409807819482
3457.0,0.006682043965790514
3458.0,0.0006335796648889217
3459.0,0.004536617413965105
3460.0,0.001266830163671967
3461.0,0.013931630871831354
3462.0,0.005284910394489061
3463.0,0.010498214966788433
3464.0,0.0016247458278115783
3465.0,0.010095352000244294
3466.0,0.00915623931145429
3467.0,0.007167371737143559
3468.0,0.0009769110341410557
3469.0,0.006140342151258318
3470.0,0.001913919120221888
3471.0,0.0038688662157861154
3472.0,0.001000359559152563
3473.0,0.0068291781243189475
3474.0,0.0013643612224306548
3475.0,0.016138599674944028
3476.0,0.003550489864632676
3477.0,0.010850011253122507
3478.0,0.018975027383793214
3479.0,0.010379088213831588
3480.0,0.002519916042089924
3481.0,0.02606454901223388
3482.0,0.0021917227578458318
3483.0,0.006634160692710888
3484.0,0.0009836984692989485
3485.0,0.0015781325818671956
3486.0,0.023598423340135635
3487.0,0.0027923657057294738
3488.0,0.008223075132114597
3489.0,0.004416472122640707
3490.0,0.011884136642892316
3491.0,0.004671646112722111
3492.0,0.009905439058770501
3493.0,0.005470535799571993
3494.0,0.004255709348761192
3495.0,0.0007107831985630916
3496.0,0.005958111714291971
3497.0,0.0015614342864379907
3498.0,0.002242425994868213
3499.0,0.0006775509820244981
3500.0,0.00914716982411627
3501.0,0.0006453262989967715
3502.0,0.0019781190415307705
3503.0,0.0002126569924337507
3504.0,0.0004817014362503147
3505.0,0.0047231131199400814
3506.0,0.008420296396989815
3507.0,0.009402723584103507
3508.0,0.021197632813590418
3509.0,0.0035365572938409347
3510.0,0.0043809554463690335
3511.0,0.008401699365288144
3512.0,0.006940461781632109
3513.0,0.022842337078550157
3514.0,0.0109458803080419
3515.0,0.005064936053286985
3516.0,0.002765843152166233
3517.0,0.01348127840894419
3518.0,0.009007295880081131
3519.0,0.004051781167160263
3520.0,0.012379137555789805
3521.0,0.02329518407836503
3522.0,0.0037360070066204043
3523.0,0.0011189419745865465
3524.0,0.004103487834962895
3525.0,0.0077289002112007656
3526.0,0.003256464756918258
3527.0,0.014755384678651005
3528.0,0.003794574364997736
3529.0,0.002319316797317055
3530.0,0.001412762230382014
3531.0,0.005825070946060997
3532.0,0.01275155344706217
3533.0,0.014619453331335734
3534.0,0.011435966187766195
3535.0,0.00441522718138861
3536.0,0.01043231250612764
3537.0,0.004474956199524069
3538.0,0.012146228734462207
3539.0,0.002949215352492908
3540.0,0.0035350628314526514
3541.0,0.005227873139205459
3542.0,0.015768090340909417
3543.0,0.010106312411851053
3544.0,0.009957815352048878
3545.0,0.0018695630886393008
3546.0,0.01670362874839866
3547.0,0.008534091858038833
3548.0,0.011486162785037413
3549.0,0.010925639856763782
3550.0,0.008853927835921796
3551.0,0.018759832598350568
3552.0,0.005698994311695185
3553.0,0.010552613756020979
3554.0,0.007307513147332603
3555.0,0.019394321726550902
3556.0,0.0017236545516097544
3557.0,0.004189222327726935
3558.0,0.01040037116726943
3559.0,0.000757149346766561
3560.0,0.001164176526579319
3561.0,0.002723318098365902
3562.0,0.016835617551223824
3563.0,0.006930417158719757
3564.0,0.015166557883875515
3565.0,0.0090301955018005
3566.0,0.000853508498261327
3567.0,0.0002181600250083006
3568.0,0.00025072852433165885
3569.0,0.0010930710465946196
3570.0,0.01023566102732071
3571.0,0.016338753636936668
3572.0,0.009292634103635117
3573.0,0.005024783291601543
3574.0,0.014000112104845908
3575.0,0.015197025455996969
3576.0,0.0092271784056677
3577.0,0.0012054511425949263
3578.0,0.004187159517291756
3579.0,0.006839822060471211
3580.0,0.010317795170235115
3581.0,0.006097437935813798
3582.0,0.007669830939946111
3583.0,0.0008721328971822017
3584.0,0.005466815376162573
3585.0,0.001082388052678219
3586.0,0.0038809698736648615
3587.0,0.0021390243074873657
3588.0,0.007013816559689875
3589.0,0.0005244693740320466
3590.0,0.0013014966113367226
3591.0,0.0006003183014227342
3592.0,0.00106257358676062
3593.0,0.0008466605435149619
3594.0,0.013485787682999906
3595.0,0.0013843156769601454
3596.0,0.007697818740455587
3597.0,0.007553690955521844
3598.0,0.003870092857863222
3599.0,0.011700014755044227
3600.0,0.00987251894804782
3601.0,0.004800571217818017
3602.0,0.0022239835242644037
3603.0,0.00592614911864093
3604.0,0.01813200541333626
3605.0,0.0018542497642354118
3606.0,0.007786852526323284
3607.0,0.011779803753504384
3608.0,0.009872242822204103
3609.0,0.0020340935241360005
3610.0,0.010210073414668607
3611.0,0.009748263923802826
3612.0,0.00392498117740833
3613.0,0.008675499190551423
3614.0,0.009519960782214613
3615.0,0.003725019689435749
3616.0,0.010998193236810543
3617.0,0.006020855182764531
3618.0,0.01264787875767054
3619.0,0.010586432259823132
3620.0,0.0018264882387908799
3621.0,0.010695422872638078
3622.0,0.011321577327224684
3623.0,0.002730914136736139
3624.0,0.009770614663514417
3625.0,0.008882958202692911
3626.0,0.004589244819234113
3627.0,0.005014046245624506
3628.0,0.008536539088790313
3629.0,0.018040118716727102
3630.0,0.0077377429967260825
3631.0,0.001414240290203572
3632.0,0.001988222444582843
3633.0,0.022907743156251735
3634.0,0.022383212890183794
3635.0,0.014512895329404524
3636.0,0.01268814106895535
3637.0,0.021510501071703603
3638.0,0.014608817522636512
3639.0,0.02880477949641363
3640.0,0.016481334125871917
3641.0,0.005069199098393498
3642.0,0.000651744956706406
3643.0,0.0006594403791511243
3644.0,0.001333193983396526
3645.0,0.017398948093055117
3646.0,0.01444499759417356
3647.0,0.009394592918100473
3648.0,0.004327324623165781
3649.0,0.001120893145116606
3650.0,0.002281172499805637
3651.0,0.028174557797837077
3652.0,0.026115016900539426
3653.0,0.02127092550372273
3654.0,0.013606687483523519
3655.0,0.006832893557378705
3656.0,0.0009049640574008065
3657.0,0.0007554870078353777
3658.0,0.010021062995529538
3659.0,0.002103477328579399
3660.0,0.009117781486946211
3661.0,0.012087585122164896
3662.0,0.021161445608820884
3663.0,0.005610910373588646
3664.0,0.002071422426172951
3665.0,0.0071505979361169494
3666.0,0.003865605561430534
3667.0,0.005961028563583924
3668.0,0.032773118741445166
3669.0,0.004891010635720009
3670.0,0.012389464624617057
3671.0,0.012942776378370865
3672.0,0.015716273244324185
3673.0,0.015952833381638287
3674.0,0.007879374947474222
3675.0,0.005751811494719384
3676.0,0.0013602476639758884
3677.0,0.011692608383538375
3678.0,0.010945383728048399
3679.0,0.005791140576847852
3680.0,0.012890402815669305
3681.0,0.01005811942489368
3682.0,0.025629201000913173
3683.0,0.010769238134859853
3684.0,0.012965151260173354
3685.0,0.002568433958243767
3686.0,0.02011139208687302
3687.0,0.009855548309090335
3688.0,0.008124041715628697
3689.0,0.0029369566711465087
3690.0,0.011120894672033591
3691.0,0.008448613327223492
3692.0,0.0010782515657893792
3693.0,0.004023971225536223
3694.0,0.007625625810370315
3695.0,0.019899534362050324
3696.0,0.005708068412059961
3697.0,0.00905954507394412
3698.0,0.0037716917261799783
3699.0,0.009337923572057798
3700.0,0.0039872173565551165
3701.0,0.007683103218747862
3702.0,0.01083170060396048
3703.0,0.007970789118631368
3704.0,0.010579995546124144
3705.0,0.0076250926038577485
3706.0,0.006050802801633262
3707.0,0.00545175089848394
3708.0,0.01306652065717203
3709.0,0.009023267346723426
3710.0,0.003700345671798073
3711.0,0.012687975711897134
3712.0,0.007257116031305381
3713.0,0.014811559735029069
3714.0,0.0012922150082075666
3715.0,0.002139041189757286
3716.0,0.009112555205730363
3717.0,0.005346330559236388
3718.0,0.006776843626396176
3719.0,0.0005411186805397011
3720.0,0.0009861465062133562
3721.0,0.0004776412054107837
3722.0,0.0012673580817555922
3723.0,0.016948340799928248
3724.0,0.012325911907986724
3725.0,0.00923629843189846
3726.0,0.01534072340243457
3727.0,0.012024204854946234
3728.0,0.024739843912725008
3729.0,0.0022100191729132823
3730.0,0.002882795204575573
3731.0,0.017887575918351
3732.0,0.0026505918963352906
3733.0,0.02049644794025729
3734.0,0.01810414497004039
3735.0,0.0022935702780430074
3736.0,0.009828834954667142
3737.0,0.011217600669034223
3738.0,0.006244130185563564
3739.0,0.011112757161354833
3740.0,0.0016234989460156407
3741.0,0.01032075397049208
3742.0,0.014139496036255167
3743.0,0.012767106685446948
3744.0,0.0012344235356409614
3745.0,0.0035623733501841653
3746.0,0.0002848481386437428
3747.0,0.0009243711226755609
3748.0,0.002503441681333431
3749.0,0.004192571993443206
3750.0,0.012969627421293872
3751.0,0.020535921540363572
3752.0,0.015157945430015774
3753.0,0.014698449066017825
3754.0,0.005402248845625881
3755.0,0.013948164521840119
3756.0,0.017495784514687623
3757.0,0.0023734821523122823
3758.0,0.01853368333758614
3759.0,0.0013864872424716776
3760.0,0.005802568665729784
3761.0,0.0008705832575606619
3762.0,0.00488363780858825
3763.0,0.012595811779117267
3764.0,0.003690535574937365
3765.0,0.0034923547924231436
3766.0,0.001776361959617351
3767.0,0.003757037958953994
3768.0,0.011718600298355291
3769.0,0.010719204956247187
3770.0,0.01723845586797337
3771.0,0.010253920367449917
3772.0,0.001310205608556917
3773.0,0.004500608718492225
3774.0,0.0053512670366613595
3775.0,0.006149532977467367
3776.0,0.009992282401454238
3777.0,0.0016137913225970492
3778.0,0.013674566254567758
3779.0,0.0074852754871897265
3780.0,0.010278768626358181
3781.0,0.014086918282264672
3782.0,0.004894992490228244
3783.0,0.004076074180337482
3784.0,0.008554465178325013
3785.0,0.0009960054457155815
3786.0,0.007573846534277907
3787.0,0.002683464701466604
3788.0,0.019480774202362904
3789.0,0.011934550585313652
3790.0,0.004213910211600972
3791.0,0.007920414363684385
3792.0,0.010077360997781143
3793.0,0.016188766568874913
3794.0,0.00428652394923771
3795.0,0.015758293507757443
3796.0,0.011659293839357838
3797.0,0.009152539621234572
3798.0,0.018114192621632903
3799.0,0.014799929928975379
3800.0,0.01695880042949141
3801.0,0.0015250174115289431
3802.0,0.001650472746679771
3803.0,0.011019628718747891
3804.0,0.02702158746016279
3805.0,0.013008607999286884
3806.0,0.008878554854069893
3807.0,0.001350064264117239
3808.0,0.009019166617542259
3809.0,0.007026207640125634
3810.0,0.01907113833825652
3811.0,0.0021457208447370015
3812.0,0.013435258817897072
3813.0,0.006780689728582083
3814.0,0.0007775052439492358
3815.0,0.0014760984712245853
3816.0,0.0008553723853814312
3817.0,0.003023166864700297
3818.0,0.009849245499472914
3819.0,0.005730228408347414
3820.0,0.011226404953104683
3821.0,0.006539661556126286
3822.0,0.005004612594762798
3823.0,0.010123926200336171
3824.0,0.007081820953690686
3825.0,0.005547599768095579
3826.0,0.014214950535233107
3827.0,0.009858006033367511
3828.0,0.008371396271232923
3829.0,0.00275562673234175
3830.0,0.0011856757414222326
3831.0,0.014948169573238492
3832.0,0.0013496672235705708
3833.0,0.003945349778374192
3834.0,0.01315364607689142
3835.0,0.016914599972449745
3836.0,0.00476686051434218
3837.0,0.0007758155340662305
3838.0,0.002531026141228425
3839.0,0.001721611565712106
3840.0,0.012279164475637882
3841.0,0.0008115962714233606
3842.0,0.001387626100587285
3843.0,0.0003898867565537643
3844.0,0.0015925226764827013
3845.0,0.010727178373002863
3846.0,0.001751736941952244
3847.0,0.01876830002685737
3848.0,0.001921815098199843
3849.0,0.0015841073140378814
3850.0,0.01318275404930873
3851.0,0.014388990757505793
3852.0,0.012741509862135698
3853.0,0.010627126665942104
3854.0,0.005265091825298938
3855.0,0.008776601183215466
3856.0,0.007782830601678177
3857.0,0.0010870085986086381
3858.0,0.008007662447103759
3859.0,0.0010005168955383808
3860.0,0.006625071188833876
3861.0,0.00757185858167244
3862.0,0.003404450261920912
3863.0,0.0015440832888314942
3864.0,0.010546729531750666
3865.0,0.0007162908564986706
3866.0,0.0010734106228551725
3867.0,0.0043569487972898325
3868.0,0.024005664067241493
3869.0,0.0050569795670948004
3870.0,0.006746567238365855
3871.0,0.0016688279201934838
3872.0,0.00878550036015724
3873.0,0.0009722464348676001
3874.0,0.005159107242452255
3875.0,0.007543301274741442
3876.0,0.005363975379196004
3877.0,0.009401046222998739
3878.0,0.015677955760149503
3879.0,0.018016829209111147
3880.0,0.00814127678759851
3881.0,0.010348863511818877
3882.0,0.01326602305970626
3883.0,0.005728327365301025
3884.0,0.0051236311692290735
3885.0,0.014946827214261974
3886.0,0.0015724172174932064
3887.0,0.010842395258326046
3888.0,0.0010424673975889518
3889.0,0.006203018798493274
3890.0,0.004005349043101577
3891.0,0.0043922018454559545
3892.0,0.0031729514490820895
3893.0,0.0010114555352415686
3894.0,0.007217132152739906
3895.0,0.014665198221405794
3896.0,0.0031209804068900743
3897.0,0.006794145776658792
3898.0,0.006657638498428453
3899.0,0.017269623930536722
3900.0,0.014084284209071
3901.0,0.0053687840133244315
3902.0,0.011238463121025376
3903.0,0.004456022705457322
3904.0,0.014583073254413522
3905.0,0.009257728922725531
3906.0,0.012766222721947808
3907.0,0.015670812948930687
3908.0,0.00714669220139738
3909.0,0.007033115673513221
3910.0,0.009680205582271593
3911.0,0.020115052734792353
3912.0,0.0032262102717919156
3913.0,0.01920339561508173
3914.0,0.013343888980186392
3915.0,0.006462190452464754
3916.0,0.0012792731180508651
3917.0,0.01061098540271408
3918.0,0.0035369335543201405
3919.0,0.01026320595804598
3920.0,0.008103417000476693
3921.0,0.00451906271932707
3922.0,0.004205436457344014
3923.0,0.011030433780049989
3924.0,0.002178988079478121
3925.0,0.00988496734498137
3926.0,0.0040586680961867405
3927.0,0.016426284195241093
3928.0,0.00500641450490047
3929.0,0.01435695611104498
3930.0,0.0012822060595509836
3931.0,0.0021432761969632013
3932.0,0.012425063870580384
3933.0,0.0037914913747884227
3934.0,0.012790493649483873
3935.0,0.001110685767026717
3936.0,0.0023596212302907722
3937.0,0.008843451947064552
3938.0,0.0027491518991183696
3939.0,0.007595301092636547
3940.0,0.004819538575223965
3941.0,0.005956545940655828
3942.0,0.0005789802930168627
3943.0,0.0026593425842435744
3944.0,0.00041071337850829626
3945.0,0.004045900243396956
3946.0,0.0030862669628734496
3947.0,0.01251761895384443
3948.0,0.0061738569015196915
3949.0,0.004937577089743521
3950.0,0.029128868405817878
3951.0,0.0059810724041673745
3952.0,0.009665720353426032
3953.0,0.0016011377459359418
3954.0,0.01396804611944033
3955.0,0.01075399116244989
3956.0,0.016125644167871725
3957.0,0.010079938836025575
3958.0,0.006220321640346285
3959.0,0.0024587919109298885
3960.0,0.002868056879342951
3961.0,0.0014205890378185596
3962.0,0.016922221075752232
3963.0,0.01501326823309582
3964.0,0.0304780132226522
3965.0,0.01670961595671307
3966.0,0.014510835966760505
3967.0,0.0027216143302246304
3968.0,0.003324040120703017
3969.0,0.0007547095824568446
3970.0,0.00604510456389702
3971.0,0.009370308433900208
3972.0,0.0026101822566480045
3973.0,0.01934023573665248
3974.0,0.011081304926666891
3975.0,0.0017354530105221247
3976.0,0.0012004594827635863
3977.0,0.0026372012433213033
3978.0,0.0027011690444391774
3979.0,0.0015743991214438925
3980.0,0.01671177015852314
3981.0,0.01931504280789536
3982.0,0.011778777314662288
3983.0,0.01658516465734411
3984.0,0.002151428595959668
3985.0,0.015304456270917916
3986.0,0.006548106808949293
3987.0,0.007748320830238496
3988.0,0.01827727496155344
3989.0,0.005052695960016115
3990.0,0.006566719761658898
3991.0,0.003802215274500262
3992.0,0.010333232565315716
3993.0,0.003990037197482934
3994.0,0.012829338393917672
3995.0,0.002207627464237624
3996.0,0.019510099067506115
3997.0,0.01414536456669075
3998.0,0.009833465696946065
3999.0,0.001897714844497019
4000.0,0.01824438583230625
