wavenumber_cm-1,intensity
755.67159,0.0561209601624207
757.73905,0.0
759.80651,0.04008132750514098
761.87398,0.030595506826160437
763.94144,0.0
766.0089,0.0
768.07636,0.0
770.14383,0.0399398293028266
772.21129,0.02024870292183014
774.27875,0.0
776.34621,0.016657148383816295
778.41368,0.026016278802461358
780.48114,0.06022429821697513
782.5486,0.11032548974772105
784.61606,0.10026130241586867
786.68353,0.14770089884059562
788.75099,0.14661859758150708
790.81845,0.1604905476356544
792.88591,0.08551976663248048
794.95338,0.1007920778608815
797.02084,0.08150688401708873
799.0883,0.038267494693226496
801.15576,0.0363080576648698
803.22323,0.0
805.29069,0.010456323248927842
807.35815,0.009529640075695458
809.42561,0.0
811.49308,0.0
813.56054,0.03551640651881073
815.628,0.0027262414367731783
817.69546,0.03521265316732926
819.76293,0.002500007845207757
819.76293,0.009107196451830616
819.76293,0.014330611656507562
819.76293,0.002443356032204616
819.76293,0.015329349447521639
821.83039,0.002237447670785405
821.83039,0.0
823.89785,0.0
823.89785,0.0
823.89785,0.0
823.89785,0.005134795971084848
823.89785,0.0
825.96531,0.005785703919482851
825.96531,0.006362604594720627
825.96531,0.07931757035185603
825.96531,0.0
825.96531,0.0017884625033347255
825.96531,0.026067282760665743
825.96531,0.03201401926022007
825.96531,0.0
825.96531,0.0
825.96531,0.03274033928781998
825.96531,0.0
825.96531,0.0
825.96531,0.0173649388501997
825.96531,0.0
828.03278,0.0
828.03278,0.007270387351570653
828.03278,0.0051236534368003
828.03278,0.03674658974694164
828.03278,0.006200156389245921
828.03278,0.007034518302897852
828.03278,0.0
828.03278,0.0
828.03278,0.0
828.03278,0.03296721503778013
828.03278,0.021413327027680115
828.03278,0.029551414892450178
828.03278,0.007962386539332263
828.03278,0.00014885775524786117
828.03278,0.0
828.03278,0.007442395622476237
828.03278,0.010682594501108113
830.10024,0.034865606767252505
830.10024,0.0
830.10024,0.02582153012214776
830.10024,0.01754771261934386
830.10024,0.027649086441125195
830.10024,0.0
830.10024,0.042506330743450435
830.10024,0.006503255846256148
830.10024,0.0
832.1677,0.013952914530153
832.1677,0.010530012811443732
832.1677,0.01016851302458788
832.1677,0.0
832.1677,0.05050384193852418
832.1677,0.019547247869774863
834.23516,0.03867453710159703
834.23516,0.04875884935856008
836.30262,0.046294077662149116
836.30262,0.06404512160803144
836.30262,0.029431221670405242
838.37009,0.03962782909869102
838.37009,0.06621341545311385
838.37009,0.02801015720264736
840.43755,0.10572559310666073
840.43755,0.11966262058395694
840.43755,0.013563465016619631
840.43755,0.11147232144563142
840.43755,0.10924968859750207
842.50501,0.10441875479701454
842.50501,0.09150463668180496
842.50501,0.014484575479052507
842.50501,0.03984689542638553
842.50501,0.12433227024237363
842.50501,0.13709874159199675
842.50501,0.07391157418540298
842.50501,0.056966938539815916
842.50501,0.09352561734588748
842.50501,0.06659774052680706
842.50501,0.1602917170920434
844.57247,0.12130297480428368
844.57247,0.12881608394065486
844.57247,0.08096809375632799
844.57247,0.15734057912314897
844.57247,0.16282823564665386
844.57247,0.1214895632585974
844.57247,0.1277472038439256
844.57247,0.14068625292269277
846.63994,0.13514971011711407
846.63994,0.08388035923780889
846.63994,0.16587582791507252
848.7074,0.15670779395330353
848.7074,0.14974905152461765
848.7074,0.1446599916241867
848.7074,0.14925164016320575
850.77486,0.18011112994146894
850.77486,0.13151690259182855
852.84232,0.12964106758086227
854.90979,0.15638854846059783
856.97725,0.16412869041598102
859.04471,0.1317978547720165
861.11217,0.14738315052636408
863.17964,0.17189253371067836
869.38202,0.18662830968128274
869.38202,0.20428483669806377
871.44949,0.20044578164894003
871.44949,0.16732697488563097
871.44949,0.16058371233296323
873.51695,0.1575129073297381
873.51695,0.2093917842933418
873.51695,0.1609738341995205
875.58441,0.17182019875582613
877.65187,0.14060681219635962
879.71934,0.16345198479172465
879.71934,0.12577222887380582
879.71934,0.12908830181442615
881.7868,0.11303732285842322
881.7868,0.028373894671143752
883.85426,0.0
883.85426,0.10102086204353473
883.85426,0.13726465054304607
883.85426,0.11809098629642159
883.85426,0.06726047857953119
883.85426,0.012847147045861438
883.85426,0.1367497188257435
883.85426,0.05426552102234031
883.85426,0.013421532235408377
883.85426,0.0031889385966314726
883.85426,0.0
883.85426,0.010983118662620006
883.85426,0.07013839755872774
885.92172,0.09505648264137675
885.92172,0.08121136239265853
885.92172,0.050555919553560306
885.92172,0.12106736242574932
885.92172,0.03798072929989227
885.92172,0.09317081054130236
885.92172,0.0
885.92172,0.015037022762294478
885.92172,0.013229872747950285
887.98919,0.10096042872816434
887.98919,0.007064212137357087
887.98919,0.09446301141550542
887.98919,0.09239805534420158
887.98919,0.06432738069724414
887.98919,0.11339348012452143
887.98919,0.0
890.05665,0.01541135463425465
890.05665,0.087974685178219
890.05665,0.0
890.05665,0.049621220670762536
892.12411,0.0
892.12411,0.011572334545819246
892.12411,0.01638364587822218
894.19157,0.002568470185784273
894.19157,0.030129921000641657
896.25904,0.0
896.25904,0.0
898.3265,0.0
898.3265,0.0
898.3265,0.0
898.3265,0.0
898.3265,0.004304751686859284
898.3265,0.0
900.39396,0.0
900.39396,0.058219046650267184
902.46142,0.016834062567729107
902.46142,0.02285521725799909
902.46142,0.0
902.46142,0.011999534080700158
902.46142,0.005661130030505239
902.46142,0.0
902.46142,0.0625589355627058
902.46142,0.02449934269152329
904.52889,0.026896987836338204
904.52889,0.0015961441500541393
904.52889,0.0
904.52889,0.004499644437109858
906.59635,0.0
906.59635,0.0364772366441061
906.59635,0.019779554233878192
906.59635,0.005687057264274251
906.59635,0.0026580244778364828
908.66381,0.032840001411987355
908.66381,0.0
910.73127,0.0
910.73127,0.0
910.73127,0.014011900482661094
912.79874,0.0
914.8662,0.0
916.93366,0.016537223434006293
919.00112,0.0
921.06859,0.021208587310039398
923.13605,0.0
925.20351,0.018355902918424104
927.27097,0.012662677667754798
929.33844,0.034625770560659616
931.4059,0.0
933.47336,0.0
935.54082,0.0004347602538683271
937.60829,0.0
939.67575,0.005682620528770815
941.74321,0.0
943.81067,0.030512753785998048
943.81067,0.004172760552524441
945.87814,0.02587051143986291
945.87814,0.04763802295222329
947.9456,0.03635117064833671
947.9456,0.055338358313204265
950.01306,0.07809827391981253
950.01306,0.0882571042732899
952.08052,0.055894607055983016
952.08052,0.0791563657036059
954.14799,0.059458389704260005
954.14799,0.07904137314802906
956.21545,0.11542260425945955
956.21545,0.07640338423323709
958.28291,0.12393416208609055
958.28291,0.09014949040507336
960.35037,0.11915584080700556
960.35037,0.07263896794577349
962.41784,0.1339336785481593
962.41784,0.13317188659253745
964.4853,0.11125746064382354
964.4853,0.11784484711258357
966.55276,0.09428405250835692
966.55276,0.13714453742253088
968.62022,0.15903603906369268
968.62022,0.1053596301570465
970.68769,0.13097427507930937
970.68769,0.12097712903361263
972.75515,0.1491431370019596
972.75515,0.12047247438793895
974.82261,0.1178537914544107
974.82261,0.09362062622964074
976.89007,0.10351401040221607
976.89007,0.1069062211806486
978.95754,0.11414625534211544
978.95754,0.0661360206509949
981.025,0.0632333580780322
981.025,0.08959354828141071
983.09246,0.06882961718403628
985.15992,0.06592965105935744
987.22739,0.07788919155540351
989.29485,0.08948203379287499
991.36231,0.02450700625483724
993.42977,0.006028210543262257
995.49724,0.00982050058559636
997.5647,0.013347956953329446
999.63216,0.0795947014758179
1001.69962,0.022218101032685816
1003.76709,0.0619102410972235
1005.83455,0.08205609717035592
1007.90201,0.08891079469392893
1009.96947,0.1213646196253731
1012.03694,0.14238265273417394
1014.1044,0.12867110207990365
1016.17186,0.1781224151499721
1018.23932,0.17829587354715412
1020.30679,0.18264406912083805
1022.37425,0.1657274051562794
1024.44171,0.14108560331316478
1026.50917,0.12033960587743167
1028.57663,0.11212300037232402
1030.6441,0.105276509877367
1032.71156,0.07263179693065346
1034.77902,0.11502691708838923
1036.84648,0.1378646570692529
1038.91395,0.12043149012661931
1040.98141,0.16332659185536672
1043.04887,0.16661334127811864
1045.11633,0.18261914370019805
1047.1838,0.23435310688979216
1049.25126,0.2278453905551028
1051.31872,0.24443378638693214
1053.38618,0.20678675300977012
1055.45365,0.2291078727725614
1057.52111,0.23217753864707621
1059.58857,0.20097702704040205
1061.65603,0.1575069104820934
1063.7235,0.09191266408132358
1065.79096,0.08912810273718207
1067.85842,0.08569997504414145
1069.92588,0.07629645088989374
1071.99335,0.083541318187713
1074.06081,0.10342325318908321
1076.12827,0.06435662678468078
1078.19573,0.07936562051201194
1078.19573,0.08436516166957186
1078.19573,0.003303084942607426
1080.2632,0.06868910219368293
1080.2632,0.11383286069558018
1080.2632,0.0
1082.33066,0.0014943303031169995
1082.33066,0.11265942959261399
1082.33066,0.13565192240358404
1084.39812,0.0
1084.39812,0.11020117755833816
1084.39812,0.11815287039649366
1086.46558,0.07341772290484354
1086.46558,0.13279960893628656
1086.46558,0.03786591766589717
1088.53305,0.1012633068705691
1088.53305,0.1346299587309167
1088.53305,0.06533277005895594
1090.60051,0.0048053059110053295
1090.60051,0.056873950540750895
1090.60051,0.11213813936912968
1092.66797,0.09363248449970198
1092.66797,0.0872963695773936
1092.66797,0.0059886626864588816
1094.73543,0.0
1094.73543,0.07281133020320749
1094.73543,0.0070961924747127035
1096.8029,0.0598575862596807
1096.8029,0.061643944322247665
1096.8029,0.0
1098.87036,0.0
1098.87036,0.050906714573640856
1098.87036,0.017865937332781166
1100.93782,0.015525563273393475
1100.93782,0.0
1100.93782,0.02130440663585359
1103.00528,0.06176177470565027
1103.00528,0.0
1105.07275,0.0
1105.07275,0.046551697588061734
1107.14021,0.016604976309064507
1109.20767,0.019036633334622157
1111.27513,0.040062114280745006
1113.3426,0.0
1113.3426,0.054549849509130756
1115.41006,0.009712613885052438
1115.41006,0.0
1117.47752,0.0
1117.47752,0.02697693982351526
1119.54498,0.0
1119.54498,0.03578899331230927
1121.61245,0.0
1121.61245,0.0
1123.67991,0.0
1123.67991,0.00023091924143657823
1125.74737,0.03014601121369804
1125.74737,0.03931260475172876
1127.81483,0.0
1127.81483,0.002423266084341798
1129.8823,0.028028450616212026
1131.94976,0.0
1134.01722,0.011877079030131047
1136.08468,0.0
1138.15215,0.008381407710377308
1140.21961,0.0
1140.21961,0.016366209637702852
1142.28707,0.0
1142.28707,0.019502050912865273
1144.35453,0.0
1144.35453,0.020691963631750698
1146.422,0.022256184861955373
1146.422,0.0
1148.48946,0.0
1148.48946,0.0
1150.55692,0.03066728063388428
1150.55692,0.010490432542291544
1152.62438,0.0
1152.62438,0.010489149923836885
1152.62438,0.0038014092619980404
1154.69185,0.0001837825383540347
1154.69185,0.003897086506085425
1154.69185,0.041275036380645454
1156.75931,0.005293911125009532
1156.75931,0.0
1156.75931,0.05037859275311489
1158.82677,0.03417481711037691
1158.82677,0.06482883379875985
1158.82677,0.0
1160.89423,0.0313920556200048
1160.89423,0.014380342559303202
1160.89423,0.03149345431389151
1162.9617,0.053524158932816625
1162.9617,0.030641759860227703
1162.9617,0.012575458467915933
1165.02916,0.0
1165.02916,0.007892406258920499
1165.02916,0.01797939926333791
1167.09662,0.0
1167.09662,0.0018160739134086585
1169.16408,0.0
1169.16408,0.008102696580141566
1171.23155,0.0
1171.23155,0.0013846508118269658
1173.29901,0.02816062208088451
1173.29901,0.0
1175.36647,0.017103821217715472
1175.36647,0.002614327138093943
1177.43393,0.0
1177.43393,0.01758135999925282
1179.5014,0.0
1179.5014,0.008565727492821449
1181.56886,0.0
1181.56886,0.0025086325948662307
1183.63632,0.0
1185.70378,0.02899490169328731
1187.77125,0.0
1189.83871,0.02425140690623268
1191.90617,0.03346619757035725
1193.97363,0.040317474840104936
1196.0411,0.07589444531792285
1198.10856,0.06861842785272637
1200.17602,0.08543357937396169
1202.24348,0.0653411055932295
1204.31095,0.07089602876519367
1206.37841,0.07513795126862538
1208.44587,0.09159493872569828
1210.51333,0.05819573976386119
1212.5808,0.11826042635150202
1214.64826,0.12410452504964896
1216.71572,0.05948577344311752
1218.78318,0.08618543335639148
1220.85064,0.053577137572841195
1222.91811,0.03694188302500848
1224.98557,0.022303720312211443
1227.05303,0.010776011040273847
1229.12049,0.011059648946600139
1231.18796,0.0027121316941483577
1231.18796,0.019550253024700905
1231.18796,0.0
1231.18796,0.0
1231.18796,0.0
1233.25542,0.033359377844385384
1233.25542,0.019993293013285448
1233.25542,0.0
1235.32288,0.00022928926185360898
1235.32288,0.022772657166315605
1235.32288,0.044014366753819346
1235.32288,0.04103403127927883
1235.32288,0.0038903691335134194
1235.32288,0.0
1235.32288,0.044007270917554867
1235.32288,0.014048822799421132
1237.39034,0.07432556702967871
1237.39034,0.0004859951818597083
1237.39034,0.07727077272391072
1237.39034,0.05333202014976008
1237.39034,0.08852071462227092
1239.45781,0.1020020248360067
1239.45781,0.11454507528931691
1239.45781,0.027035140750728496
1239.45781,0.0953181209167685
1239.45781,0.11517848473653784
1241.52527,0.0459377304966744
1241.52527,0.04411907231382584
1241.52527,0.1267597654034524
1241.52527,0.10374687267840763
1241.52527,0.12877700835108638
1241.52527,0.0664918726256631
1241.52527,0.09516870996381763
1241.52527,0.09148278669132476
1241.52527,0.08129614893112351
1241.52527,0.08333794359730394
1243.59273,0.06919013925742767
1243.59273,0.09174684579746849
1243.59273,0.037634050985847926
1243.59273,0.10441706356041995
1243.59273,0.07810873290009132
1245.66019,0.13481295641948365
1245.66019,0.13163762309466145
1247.72766,0.14339724487428276
1247.72766,0.16047579062677744
1247.72766,0.11578178664278997
1249.79512,0.1148451253590807
1249.79512,0.13229050064165293
1249.79512,0.12479902936345318
1249.79512,0.1871514550460104
1249.79512,0.10992358940397584
1249.79512,0.16984393650158056
1249.79512,0.16319718570728914
1249.79512,0.15470730136993147
1251.86258,0.2016494430559708
1251.86258,0.21080621941586436
1251.86258,0.16485668640119625
1251.86258,0.21838244579712995
1251.86258,0.16103607969676628
1251.86258,0.10997676302626386
1251.86258,0.22296370886362896
1251.86258,0.16556487862496333
1251.86258,0.14075088710632874
1253.93004,0.1502859095146634
1253.93004,0.1098493142828916
1253.93004,0.24017197308020313
1253.93004,0.1713202957020574
1253.93004,0.20512090376614073
1253.93004,0.15039940260183982
1253.93004,0.18577389192524407
1253.93004,0.19095850782980384
1253.93004,0.19923330145801224
1255.99751,0.22719447295782325
1255.99751,0.2329649814011617
1255.99751,0.17580647237133257
1255.99751,0.2688049207834236
1255.99751,0.23217356689277688
1255.99751,0.26348401462605137
1255.99751,0.1902668713884914
1255.99751,0.2550733036349488
1255.99751,0.12357595673996778
1255.99751,0.26347883440848086
1258.06497,0.20274509984252664
1258.06497,0.2124209639620883
1258.06497,0.2740113978687794
1258.06497,0.2908307666778288
1260.13243,0.2521766984561245
1260.13243,0.2100169576347185
1260.13243,0.2345517753467219
1262.19989,0.2590590687971606
1262.19989,0.285065929053222
1262.19989,0.21384473990308242
1264.26736,0.262250110402909
1264.26736,0.3411815073124699
1264.26736,0.25720621776499103
1264.26736,0.2591134601404996
1264.26736,0.26866508875223233
1264.26736,0.29233786861580446
1264.26736,0.31039404891565914
1264.26736,0.2450401789990187
1266.33482,0.3325075654413448
1266.33482,0.30667741190224207
1266.33482,0.2414396486073117
1268.40228,0.30254845679148945
1268.40228,0.29797810278184406
1268.40228,0.3029032221039675
1268.40228,0.3327050568238825
1270.46974,0.321936605618462
1270.46974,0.3129031515534169
1270.46974,0.3297679468412118
1272.53721,0.32914396018273073
1272.53721,0.2867725094404719
1272.53721,0.2766893117946559
1274.60467,0.282868431455607
1274.60467,0.293734023932157
1274.60467,0.29905995584571204
1276.67213,0.29215532853380477
1276.67213,0.33160086368394787
1276.67213,0.3209535529080223
1278.73959,0.2788352481028152
1278.73959,0.27431921383503605
1278.73959,0.2483146282805997
1280.80706,0.3291221769508865
1280.80706,0.2668875081576687
1280.80706,0.3012890482053705
1280.80706,0.2670015974483448
1280.80706,0.32522853737133106
1280.80706,0.26178328965148445
1280.80706,0.2780502918184556
1280.80706,0.2832590606662475
1282.87452,0.3094398031975325
1282.87452,0.2663914375562013
1282.87452,0.2629270614232787
1282.87452,0.22125853287697186
1282.87452,0.23984992432607768
1282.87452,0.272373874646414
1282.87452,0.25789605500212853
1282.87452,0.24220929250016224
1282.87452,0.22478764176182867
1282.87452,0.18365581198540026
1282.87452,0.2013711696336404
1282.87452,0.23443627880017867
1284.94198,0.2714118907070069
1284.94198,0.2060480912148215
1284.94198,0.22476575275638186
1284.94198,0.20659303200170046
1284.94198,0.15619590669719494
1284.94198,0.22640497005728652
1287.00944,0.23420964330720245
1287.00944,0.19789595730631304
1287.00944,0.20866474089252057
1287.00944,0.21800841225228124
1287.00944,0.1780154438490923
1287.00944,0.22650678227088095
1289.07691,0.1780501391488609
1289.07691,0.14271541678452657
1289.07691,0.2276517984179756
1289.07691,0.16011970456698618
1289.07691,0.1610582518998466
1289.07691,0.2329221232622658
1291.14437,0.14303114297115613
1291.14437,0.1750697552449272
1293.21183,0.20026512319615525
1293.21183,0.18700614853763853
1295.27929,0.2464542323596751
1295.27929,0.2318920149352589
1297.34676,0.2134605893613262
1297.34676,0.25658261931765985
1299.41422,0.3039528121808367
1299.41422,0.26825441944253536
1301.48168,0.234421841615036
1301.48168,0.2816009219542822
1303.54914,0.2903276336217723
1303.54914,0.29540791079028267
1305.61661,0.2606709315654796
1305.61661,0.2828046837182458
1307.68407,0.3177076861354846
1307.68407,0.3048053555381496
1309.75153,0.2797553206159941
1309.75153,0.3101600247300057
1311.81899,0.27345705505933215
1311.81899,0.23408890720894834
1313.88646,0.276069389601596
1313.88646,0.23928049353323624
1315.95392,0.2430192739916607
1315.95392,0.2520166605059065
1318.02138,0.27449190838625287
1318.02138,0.2327754109407173
1320.08884,0.19128760856457994
1320.08884,0.1948369985584589
1322.15631,0.18931668452762304
1322.15631,0.20113735939594593
1324.22377,0.17283025198213384
1324.22377,0.16800494206271566
1326.29123,0.19036743763838432
1326.29123,0.14512924329877322
1328.35869,0.14645398817724192
1328.35869,0.20396261642316846
1330.42616,0.16349547180191004
1330.42616,0.14508951308726378
1332.49362,0.11722770958458885
1332.49362,0.13544675667227182
1334.56108,0.13906621236132963
1336.62854,0.06474080571526697
1338.69601,0.08172088954857169
1340.76347,0.08752229540848337
1342.83093,0.08348078554729317
1344.89839,0.10837799522642223
1346.96586,0.11726116405141161
1349.03332,0.1281903819131063
1351.10078,0.15865359987550587
1353.16824,0.16350017009711057
1355.23571,0.20966782154021846
1357.30317,0.15741489197600286
1359.37063,0.11935152096421678
1359.37063,0.1959746796074362
1361.43809,0.21806386735675576
1363.50556,0.15668018801003547
1365.57302,0.10895201742670761
1367.64048,0.09006592084022974
1369.70794,0.06724687533501589
1371.77541,0.08149086635261865
1373.84287,0.011970727468712883
1375.91033,0.012462923413142294
1377.97779,0.006573852169126586
1380.04526,0.04252098682300829
1382.11272,0.1076193837679334
1384.18018,0.05678116968597459
1386.24764,0.08420351391198623
1388.31511,0.13508728386622623
1390.38257,0.19001293221762272
1392.45003,0.195418333367786
1394.51749,0.1754942876747532
1396.58496,0.18424190869109264
1398.65242,0.18758473099589926
1400.71988,0.1187244343785168
1402.78734,0.15015443788642133
1404.85481,0.10201429314479311
1406.92227,0.07231924326170308
1408.98973,0.07325918273792666
1411.05719,0.032685697006688566
1413.12465,0.05071716414083874
1415.19212,0.0165161200221765
1417.25958,0.00638413822454117
1419.32704,0.024231594619274627
1421.3945,0.0
1423.46197,0.0
1425.52943,0.03707346537664138
1427.59689,0.030077302711060884
1429.66435,0.046217417091733486
1431.73182,0.03989843460375959
1433.79928,0.08592537581425658
1435.86674,0.07110708081899178
1437.9342,0.1042320108799957
1440.00167,0.12576989852571505
1442.06913,0.08619780370733168
1444.13659,0.1155806435050209
1446.20405,0.12726275754949054
1448.27152,0.11762404513600516
1450.33898,0.09660843981848036
1452.40644,0.03629782577586288
1454.4739,0.07221059929098261
1456.54137,0.06904344950315368
1458.60883,0.05340168900404542
1460.67629,0.04275665347560001
1462.74375,0.061930885225769935
1464.81122,0.0
1466.87868,0.0
1468.94614,0.0
1471.0136,0.02576165916000844
1473.08107,0.0
1475.14853,0.0
1477.21599,0.0
1479.28345,0.0
1481.35092,0.03191239313669529
1483.41838,0.046783528319353805
1485.48584,0.07301141425858708
1487.5533,0.15230486275865637
1489.62077,0.24550442374922
1491.68823,0.2849589898659988
1493.75569,0.20809344616159972
1495.82315,0.29074075281819717
1497.89062,0.27675161546889643
1499.95808,0.301015693086218
1502.02554,0.22760645425789847
1504.093,0.2425028071609428
1506.16047,0.20905815524127808
1508.22793,0.19326073052566614
1510.29539,0.13883959107718533
1512.36285,0.12317573665299617
1514.43032,0.15669336635375622
1516.49778,0.06033060971271712
1516.49778,0.05247532038225325
1516.49778,0.032325387263388766
1516.49778,0.17225611470168858
1516.49778,0.015790447789711688
1516.49778,0.0654641080150792
1516.49778,0.022994579488291266
1518.56524,0.3348117705287654
1518.56524,0.32327873216412445
1518.56524,0.16920565764367615
1518.56524,0.2980351132570807
1518.56524,0.06541896229279974
1518.56524,0.3404045053763601
1518.56524,0.29913011782640225
1518.56524,0.28083641683917904
1520.6327,0.10893288376294931
1520.6327,0.5171197135207146
1520.6327,0.575429856932457
1520.6327,0.5562216898813748
1520.6327,0.05858821927723066
1520.6327,0.5445883484302819
1520.6327,0.5348490488000518
1520.6327,0.11326792411639618
1520.6327,0.08378939042113402
1520.6327,0.34484194229946535
1520.6327,0.07382239875081929
1520.6327,0.08580843888938373
1520.6327,0.536905370552562
1520.6327,0.06619752685405549
1520.6327,0.5711335812527679
1520.6327,0.20056708697295617
1520.6327,0.5275756090700202
1520.6327,0.420034264338957
1520.6327,0.3975678432157095
1520.6327,0.4150115148028999
1520.6327,0.4118682014551719
1520.6327,0.2899267504504369
1520.6327,0.3765833015873343
1520.6327,0.10749982397510455
1520.6327,0.2696107360183999
1520.6327,0.3363735854259352
1520.6327,0.09116604419683923
1522.70017,0.16340413631652909
1522.70017,0.1936641975291621
1522.70017,0.13857224684122096
1522.70017,0.31209706799920467
1522.70017,0.14940711339802232
1522.70017,0.09157720757758911
1522.70017,0.1346967983794771
1522.70017,0.12452937161747728
1522.70017,0.1576153618070952
1522.70017,0.14410674823606512
1522.70017,0.25702248028730973
1522.70017,0.24596927569940458
1522.70017,0.2478063429615448
1522.70017,0.19681986983359276
1522.70017,0.26210364553428644
1522.70017,0.1341266914925366
1522.70017,0.30371174903817083
1522.70017,0.2329888365453504
1522.70017,0.2481189670179616
1522.70017,0.36781201064136837
1522.70017,0.13820233338939852
1522.70017,0.2892326654878314
1522.70017,0.5524748699146157
1522.70017,0.19657413313480096
1522.70017,0.14991924562339848
1522.70017,0.6033675305456758
1522.70017,0.1489909908662393
1522.70017,0.17595432700049438
1522.70017,0.14603526976814693
1522.70017,0.42499404134125895
1522.70017,0.21201273708272714
1522.70017,0.2284854573385764
1522.70017,0.48228037076951175
1522.70017,0.2205439801192221
1522.70017,0.4118519647749546
1524.76763,0.2493170503419102
1524.76763,0.48203333174821067
1524.76763,0.5857467120157215
1524.76763,0.29109393894327956
1524.76763,0.3711833036785767
1524.76763,0.46565742143939653
1524.76763,0.417905712000119
1524.76763,0.22216620261794126
1524.76763,0.48079104976606307
1524.76763,0.5789329196937875
1524.76763,0.2703591236951253
1524.76763,0.2568410826863981
1524.76763,0.49924357816950954
1524.76763,0.29731411277322844
1524.76763,0.21494077821257296
1526.83509,0.5472527208917517
1526.83509,0.5123062705808504
1526.83509,0.6520534609780153
1526.83509,0.5006920243756329
1526.83509,0.5048102918678388
1526.83509,0.480101432411151
1526.83509,0.6290282548928616
1526.83509,0.6874210726867063
1526.83509,0.6863885923894777
1526.83509,0.39312378618422905
1526.83509,0.4266729327855499
1526.83509,0.4074871458241899
1526.83509,0.3939861769574277
1526.83509,0.6633973804659761
1526.83509,0.48608784397566845
1526.83509,0.6945425078312945
1526.83509,0.6808739020749237
1526.83509,0.6690459066650856
1526.83509,0.3964944177760492
1526.83509,0.45797390942886973
1528.90255,0.706508151145901
1528.90255,0.6843241018157824
1528.90255,0.6818629527462542
1528.90255,0.6974885796803081
1528.90255,0.6379859670042032
1528.90255,0.6954076842323664
1528.90255,0.6096278912269992
1530.97002,0.6113104042421519
1530.97002,0.7369632484522464
1533.03748,0.7129640347036323
1535.10494,0.7075257378749278
1537.1724,0.7483406685096414
1539.23987,0.7067538862423861
1541.30733,0.6772183352899563
1543.37479,0.7002349541033461
1545.44225,0.6975398095840167
1547.50972,0.730021812354406
1549.57718,0.7476955238090313
1551.64464,0.6855755934784341
1551.64464,0.6955535228588147
1551.64464,0.7068209711227107
1551.64464,0.6736790614669943
1551.64464,0.6615470689770366
1551.64464,0.6612081834472139
1551.64464,0.6809845701846181
1551.64464,0.7202858763634715
1553.7121,0.6644352089031269
1553.7121,0.6376871486777381
1553.7121,0.6191366129505128
1555.77957,0.6481690589188009
1555.77957,0.6340962944151812
1555.77957,0.6771588249556969
1555.77957,0.6511252411513857
1555.77957,0.6668228454807645
1557.84703,0.6421559782452365
1557.84703,0.5959608571648822
1559.91449,0.5548802326053665
1559.91449,0.6444144065648334
1559.91449,0.5644786137878994
1559.91449,0.6007611671943095
1559.91449,0.6071101174771787
1559.91449,0.6200869427915683
1561.98195,0.5735812749755593
1561.98195,0.5751342582889861
1561.98195,0.5537826777500605
1564.04942,0.5944283470883149
1564.04942,0.40930985240057843
1566.11688,0.5002319941101879
1566.11688,0.5225040234210715
1566.11688,0.42491924623609834
1566.11688,0.517969948653004
1566.11688,0.534086899608812
1566.11688,0.531535432864139
1566.11688,0.5548209162641843
1568.18434,0.4608471677808937
1568.18434,0.4741525417270643
1568.18434,0.5130701901437202
1568.18434,0.3867195063618689
1568.18434,0.46527739145652935
1570.2518,0.24896614798378236
1570.2518,0.5407745731444286
1570.2518,0.3635472899313703
1570.2518,0.3606932170960556
1570.2518,0.36761212615589234
1570.2518,0.2660948056344558
1570.2518,0.44180973465502965
1570.2518,0.47724765680940945
1570.2518,0.46723867777935857
1570.2518,0.44039290450679597
1570.2518,0.3352151390281595
1570.2518,0.47909975986057746
1570.2518,0.46410030629447496
1572.31927,0.36295050212539426
1572.31927,0.22629828116061892
1572.31927,0.45024685118162433
1572.31927,0.44741247459427264
1572.31927,0.44900256311963865
1572.31927,0.39736188251718507
1572.31927,0.34474708108325514
1572.31927,0.3586245688782436
1572.31927,0.3821807475177816
1572.31927,0.3274447673573391
1572.31927,0.34669809312603994
1572.31927,0.4140093882447216
1572.31927,0.3486914971777029
1572.31927,0.34703822439302795
1572.31927,0.31220803137324193
1572.31927,0.4238082768781893
1572.31927,0.37039642408007606
1572.31927,0.2769760474405965
1572.31927,0.2755210076257922
1572.31927,0.28024851837562215
1572.31927,0.27419884661208915
1574.38673,0.31125313617944755
1574.38673,0.42301351852267344
1574.38673,0.32657358912544276
1574.38673,0.20842236039557968
1574.38673,0.231769536555804
1574.38673,0.20988201765310244
1574.38673,0.19904264790520024
1574.38673,0.19679535692987965
1574.38673,0.36908055205517903
1574.38673,0.33236899909179884
1574.38673,0.35418680637031563
1574.38673,0.2517651580970892
1576.45419,0.242925964485389
1576.45419,0.23406139509317703
1576.45419,0.2673521644342444
1576.45419,0.3099117001777532
1576.45419,0.21378603843320496
1576.45419,0.22717834257021235
1576.45419,0.173140920981091
1576.45419,0.22091913810494107
1576.45419,0.1829903684303749
1578.52165,0.22953670987897243
1578.52165,0.2629890139644499
1578.52165,0.18176919595420254
1578.52165,0.17816388905179675
1580.58912,0.18655420789879618
1580.58912,0.17771058702256912
1580.58912,0.17239248548846464
1582.65658,0.2031779872870448
1582.65658,0.1388175400587436
1582.65658,0.114647359062989
1582.65658,0.12388294658259685
1584.72404,0.19155133804073157
1584.72404,0.1687097446429158
1584.72404,0.22059809087408497
1584.72404,0.15914759205108678
1584.72404,0.20452812876029583
1584.72404,0.18288960649028146
1584.72404,0.11360570344540076
1584.72404,0.16676817571964664
1584.72404,0.2162082955868459
1584.72404,0.19848226898980922
1584.72404,0.24024933818434466
1584.72404,0.23890774816662508
1584.72404,0.16875773007244596
1584.72404,0.15922019638670346
1586.7915,0.24666835208279358
1586.7915,0.2483453351954229
1586.7915,0.2623968369721138
1586.7915,0.17524434322798418
1586.7915,0.2685070468394937
1586.7915,0.20285835154847903
1586.7915,0.24872575839251604
1586.7915,0.14025800506179797
1588.85897,0.2267289997307548
1588.85897,0.23145243771616406
1588.85897,0.28487321154040446
1588.85897,0.30334157457927197
1588.85897,0.2815659290571359
1588.85897,0.27225700577446316
1588.85897,0.27918123635584263
1588.85897,0.3059014219417883
1588.85897,0.257812994380299
1588.85897,0.20904697494285113
1588.85897,0.2927461058311601
1590.92643,0.24288779550124964
1590.92643,0.3155223514318968
1590.92643,0.3089385415437741
1592.99389,0.2680831128935976
1592.99389,0.32091835069709074
1592.99389,0.30843292643298825
1595.06135,0.3098205436385239
1595.06135,0.32722855218948094
1597.12882,0.3387398451873152
1597.12882,0.2807857451107986
1599.19628,0.2899629603246221
1599.19628,0.3401260661675825
1599.19628,0.27515766429600863
1599.19628,0.2785444960652332
1601.26374,0.3242728529874339
1601.26374,0.3044462307679597
1601.26374,0.2398453130650095
1601.26374,0.2901841098592628
1601.26374,0.2470963863567197
1601.26374,0.3325789471700164
1603.3312,0.2602921521586298
1603.3312,0.18308137437640032
1603.3312,0.20835904731560465
1603.3312,0.1723282041141396
1603.3312,0.24489245429900655
1603.3312,0.31248406175645926
1603.3312,0.24531821923658234
1603.3312,0.2797872495860829
1603.3312,0.19814482568165462
1605.39867,0.23341461991413665
1605.39867,0.24978428551685206
1605.39867,0.17627062103767796
1605.39867,0.14417675238111707
1605.39867,0.11064908717246905
1605.39867,0.18051770575724696
1605.39867,0.08242706164839986
1605.39867,0.1390820382076574
1605.39867,0.10530860497413495
1605.39867,0.1969429491658395
1607.46613,0.2299543434889698
1607.46613,0.06790570208517939
1607.46613,0.28641328685415174
1607.46613,0.06214070744181314
1607.46613,0.1825210275260744
1607.46613,0.2628666291383616
1607.46613,0.08400173517661098
1607.46613,0.12436999784482321
1607.46613,0.10708265536495393
1607.46613,0.13769273493978884
1607.46613,0.14393525898063056
1609.53359,0.05394077466854584
1609.53359,0.16675015595699155
1609.53359,0.19130953379804094
1609.53359,0.14334550720602274
1609.53359,0.2482727447007278
1609.53359,0.06119332670745269
1609.53359,0.11013738318699788
1609.53359,0.25583286403061367
1609.53359,0.200747812307972
1609.53359,0.10077330938504334
1609.53359,0.24711237819578602
1609.53359,0.1651367371695016
1611.60105,0.09022830578048216
1611.60105,0.15743710957919932
1611.60105,0.1260023455623402
1611.60105,0.07314326303409158
1613.66851,0.026022061351429954
1613.66851,0.06456130920548857
1615.73598,0.06428395884821621
1615.73598,0.024050633591731475
1615.73598,0.0
1615.73598,0.012922558791605886
1615.73598,0.018813913584940452
1615.73598,0.0336466442080689
1617.80344,0.019813609595632286
1617.80344,0.0035261350258046316
1617.80344,0.0
1617.80344,0.0
1617.80344,0.05994499766339313
1617.80344,0.01564678150413101
1617.80344,0.02297902513632411
1617.80344,0.035669671875167834
1617.80344,0.022241771724715392
1617.80344,0.016659118304077285
1617.80344,0.0
1619.8709,0.012888428050563746
1621.93836,0.01877225784300205
1624.00583,0.0
1626.07329,0.0
1628.14075,0.0
1630.20821,0.0
1632.27568,0.05102776495732853
1634.34314,0.05369428511270144
1636.4106,0.10319975224694082
1638.47806,0.06728390101112423
1640.54553,0.1379475037806293
1642.61299,0.10833958271189317
1698.43448,0.4031790735566382
1698.43448,0.3628094944591631
1698.43448,0.3338598870909861
1700.50194,0.3517995513657621
1702.5694,0.3279270615492468
1702.5694,0.3191524859695597
1702.5694,0.32285520809895746
1704.63686,0.2785112882057073
1706.70433,0.21901618524796604
1706.70433,0.16076141809551753
1706.70433,0.31756380252938793
1706.70433,0.16093697398669674
1706.70433,0.18517365798597207
1708.77179,0.1626208350587146
1708.77179,0.32025729767646804
1708.77179,0.29960610543491767
1708.77179,0.14248695783073353
1708.77179,0.1835974054121622
1708.77179,0.13145313948052742
1708.77179,0.15642300909070267
1708.77179,0.22935671260699558
1708.77179,0.1748053297579145
1710.83925,0.0977556417746092
1710.83925,0.14454822350266427
1710.83925,0.308661639229726
1710.83925,0.26744731620664813
1710.83925,0.3313576750010572
1710.83925,0.273937168634643
1710.83925,0.31610060565559994
1710.83925,0.2702358009818983
1710.83925,0.1490307520770405
1710.83925,0.17148483967971356
1710.83925,0.13309280080269467
1712.90671,0.09418845069042829
1712.90671,0.0711060033986013
1712.90671,0.12551058954450575
1712.90671,0.23079576489951587
1712.90671,0.27771672167483435
1712.90671,0.08916308963900581
1712.90671,0.2749685376187628
1712.90671,0.25823872840361745
1712.90671,0.27072476762528846
1712.90671,0.10241979789480649
1712.90671,0.3015406395222264
1714.97418,0.26093363711619405
1714.97418,0.2182576240358381
1714.97418,0.23122352029402238
1714.97418,0.24220811697907843
1714.97418,0.21066060161329112
1714.97418,0.09017439686334894
1717.04164,0.09033673809251255
1719.1091,0.09899873775188796
1721.17656,0.1296739983187496
1723.24403,0.12689321023746325
1723.24403,0.06979704934143785
1725.31149,0.04111112328232009
1725.31149,0.07899825080819106
1725.31149,0.07744448244727456
1725.31149,0.06357133779085349
1727.37895,0.05819209649511201
1727.37895,0.08541306252219869
1727.37895,0.04186295030264694
1727.37895,0.05881397459887548
1729.44641,0.07005339531565762
1729.44641,0.030965673878965826
1729.44641,0.012827308537542404
1729.44641,0.11291917988691033
1729.44641,0.11764676697451665
1729.44641,0.0576505653484157
1729.44641,0.10568663065660405
1729.44641,0.046346573668147865
1729.44641,0.07278597382307611
1731.51388,0.03657991840164865
1731.51388,0.01684977192224992
1731.51388,0.020568132895476186
1731.51388,0.0674631797846172
1731.51388,0.007543998733295248
1733.58134,0.03286888284171104
1733.58134,0.05528783251950948
1733.58134,0.050200753321238606
1735.6488,0.017760290449191963
1735.6488,0.005791067831094679
1735.6488,0.040309274055055744
1737.71626,0.058050393580804466
1737.71626,0.03212929149883161
1737.71626,0.0
1739.78373,0.021546303102252314
1739.78373,0.029677362290364388
1741.85119,0.03644556233954085
1741.85119,0.009618538799459196
1743.91865,0.016518932945797662
1743.91865,0.007023356512177874
1745.98611,0.01915072753855614
1745.98611,0.01180787675523376
1748.05358,0.01775281651433287
1748.05358,0.05574974149273735
1750.12104,0.07665132933461864
1750.12104,0.022488103049485255
1752.1885,0.09473913317444345
1754.25596,0.11734189210707051
1756.32343,0.16531631260845783
1758.39089,0.1759086152614934
1760.45835,0.21775648461864006
1762.52581,0.20994421325934598
1764.59328,0.25709803705759354
1766.66074,0.2885997333967168
1768.7282,0.3228908599798628
1770.79566,0.2717920189512977
1772.86313,0.26368714432645796
1774.93059,0.260722045592
1776.99805,0.21481126747207738
1779.06551,0.2280776735539936
1781.13298,0.20609697538165095
1783.20044,0.17484797437321103
1785.2679,0.1711273463566667
1787.33536,0.14192028883556468
1789.40283,0.1373438984622237
1791.47029,0.15061414700056863
1793.53775,0.12676561721403573
1795.60521,0.19585681200880536
1797.67268,0.17318732975152332
1799.74014,0.21691622635184626
1801.8076,0.19403750205275425
1803.87506,0.21313110355792791
1805.94252,0.18817509403075872
1808.00999,0.14643725080803383
1810.07745,0.15288196525525274
1812.14491,0.11204080344886284
1812.14491,0.17778742292356164
1812.14491,0.15658961032438107
1812.14491,0.17316570723059668
1812.14491,0.15894761933563115
1814.21237,0.19440368968603616
1814.21237,0.14484837644096826
1814.21237,0.1166957863531262
1814.21237,0.2208458592281655
1814.21237,0.18910260838605195
1814.21237,0.16732201798216778
1814.21237,0.13996130318803987
1814.21237,0.16328051104156094
1814.21237,0.03834137516160463
1816.27984,0.0919067846099818
1816.27984,0.05460220833277483
1816.27984,0.1731539359746112
1816.27984,0.16380139040640562
1816.27984,0.15602558127949792
1816.27984,0.1535007835830713
1816.27984,0.1325361848388516
1816.27984,0.1720599013471528
1816.27984,0.13809666629584977
1816.27984,0.13947688456112112
1816.27984,0.10944470553859749
1816.27984,0.05170834426151101
1816.27984,0.11098889593975443
1818.3473,0.1228374445350166
1818.3473,0.03782251711908896
1818.3473,0.12026844227656715
1818.3473,0.0775199621816305
1818.3473,0.04535707796149992
1820.41476,0.06873818451405256
1820.41476,0.08416658028862221
1820.41476,0.07105574526216965
1820.41476,0.11428451142324994
1822.48222,0.025777751241263493
1822.48222,0.04949242985067894
1822.48222,0.023021179697386658
1822.48222,0.02636773576310271
1824.54969,0.133186047094275
1826.61715,0.11111507878699764
1828.68461,0.08655039591683042
1830.75207,0.08811981615388591
1832.81954,0.11088072700065423
1834.887,0.0968342933960314
1836.95446,0.12965917051709705
1839.02192,0.1402279324403478
1841.08939,0.09702076561523361
1843.15685,0.11969974195664429
1845.22431,0.06812526119040654
1847.29177,0.043762043836701334
1849.35924,0.03090670629708769
1851.4267,0.04305529430673657
1853.49416,0.03171655070564325
1855.56162,0.004778292094408672
1857.62909,0.03217167546824181
1859.69655,0.02294249752920185
1859.69655,0.0
1859.69655,0.0
1859.69655,0.0
1861.76401,0.0
1861.76401,0.025546467019576746
1863.83147,0.035080072690003974
1863.83147,0.03253508830160353
1863.83147,0.0023778109665714407
1865.89894,0.022664029853854305
1865.89894,0.02253826364184796
1865.89894,0.06817014757076628
1865.89894,0.006771063744305286
1865.89894,0.04677412643943419
1867.9664,0.08469466252266748
1867.9664,0.049721059247036806
1870.03386,0.0821074480819186
1870.03386,0.004465031853298894
1870.03386,0.030037732168483218
1870.03386,0.06463704490757874
1870.03386,0.08152789975256769
1870.03386,0.09959999227006909
1870.03386,0.04028309881414659
1872.10132,0.09069939070094814
1872.10132,0.10453353308559676
1872.10132,0.06274860530697991
1872.10132,0.058921960581812816
1872.10132,0.019592414358288377
1872.10132,0.05734803644273283
1874.16879,0.1326624756170504
1874.16879,0.056778465392436694
1874.16879,0.1028992818936985
1876.23625,0.06299105347348953
1876.23625,0.10857479867065269
1876.23625,0.08126453548773703
1876.23625,0.0613026906742787
1876.23625,0.06717838489380516
1876.23625,0.12818475308974953
1876.23625,0.16822861991592652
1878.30371,0.14109690048356854
1878.30371,0.13075208402157015
1878.30371,0.14096346344103877
1878.30371,0.10241481316707912
1878.30371,0.1120271024551665
1878.30371,0.14404376393875953
1878.30371,0.14360646261009963
1878.30371,0.164128106081909
1878.30371,0.1389096239037023
1878.30371,0.16022946037299002
1878.30371,0.15306529094155
1878.30371,0.16692769913413122
1878.30371,0.17025143850775956
1880.37117,0.13733330211300318
1880.37117,0.13669434409308914
1880.37117,0.10907972372947726
1882.43864,0.1769571564207563
1882.43864,0.15554025188004894
1882.43864,0.226628056560419
1884.5061,0.1406726615670095
1884.5061,0.17325575936804016
1884.5061,0.16380197780422914
1886.57356,0.13301213815279306
1886.57356,0.20531635595307998
1886.57356,0.14590916688298258
1888.64102,0.1731550066398912
1888.64102,0.12713473379686405
1888.64102,0.18186879540182888
1888.64102,0.14204424868883653
1890.70849,0.1539697074685801
1890.70849,0.13531710566172023
1890.70849,0.10156972285398139
1890.70849,0.1303756473427538
1890.70849,0.08724014662279943
1890.70849,0.18850042095401695
1892.77595,0.19246221518675463
1892.77595,0.10059174030309036
1892.77595,0.16081992170853526
1892.77595,0.14967711520718358
1892.77595,0.15072134707507373
1892.77595,0.08891511948295273
1892.77595,0.13047705011947727
1894.84341,0.09804354739380743
1894.84341,0.16017803246828657
1894.84341,0.1329732489727463
1894.84341,0.11889206452720082
1896.91087,0.09187446270813064
1896.91087,0.1519729125661227
1896.91087,0.10100527932116295
1896.91087,0.10093330995879492
1896.91087,0.11478796822729984
1898.97834,0.03604358769951065
1898.97834,0.10230238766040291
1898.97834,0.10517766134834773
1901.0458,0.10399526468985704
1901.0458,0.06653961236855005
1901.0458,0.10337587465801126
1903.11326,0.0511043695045868
1903.11326,0.09006516627159455
1903.11326,0.1043817535548234
1905.18072,0.10832998439498738
1905.18072,0.08123875574976569
1905.18072,0.1493971856706046
1905.18072,0.10873836872042601
1907.24819,0.13029014373639583
1907.24819,0.12624472830526648
1907.24819,0.09532071838003249
1907.24819,0.14558953562043406
1907.24819,0.16186287340450858
1907.24819,0.13796668537735668
1907.24819,0.1710975927910834
1907.24819,0.11673260248730388
1907.24819,0.1387087211469092
1909.31565,0.12218157488599733
1909.31565,0.14000394669718721
1911.38311,0.13208849378248627
1911.38311,0.13301674034133545
1913.45057,0.1030750536738246
1913.45057,0.1030852199806021
1915.51804,0.10238569078632767
1915.51804,0.08266258736756603
1917.5855,0.11538879192517924
1917.5855,0.12028165337334538
1919.65296,0.08545743535748289
1919.65296,0.06345746641994952
1921.72042,0.044683771459479674
1921.72042,0.0810798142603049
1923.78789,0.09496894590292461
1923.78789,0.06071193491412759
1925.85535,0.0
1925.85535,0.06821903861189918
1927.92281,0.059941827957026114
1927.92281,0.05708431344541716
1929.99027,0.024476406538071715
1929.99027,0.050567247334734985
1932.05774,0.06868438030895449
1932.05774,0.019570945434984388
1934.1252,0.0480909981182172
1934.1252,0.03986168053727104
1936.19266,0.07634097404866204
1936.19266,0.03748007618451468
1938.26012,0.08233943031931244
1938.26012,0.05950621123329831
1940.32759,0.06657959781320741
1940.32759,0.11527710848355677
1942.39505,0.04378711890286604
1942.39505,0.08762974257470046
1944.46251,0.11397983933791606
1944.46251,0.10732502128077334
1946.52997,0.11692899887500312
1946.52997,0.12683754648143322
1948.59744,0.12650715237930654
1948.59744,0.13703521723915654
1950.6649,0.104573308704482
1950.6649,0.09304138919145445
1952.73236,0.09327363738961542
1952.73236,0.08808397710668756
1954.79982,0.03524395861432602
1954.79982,0.06993892643359984
1956.86729,0.02708896517180022
1956.86729,0.04387706507631184
1958.93475,0.01289901739230439
1958.93475,0.02036106823348836
1961.00221,0.004004442603105363
1961.00221,0.003329110631954765
1963.06967,0.0
1963.06967,0.0
1965.13714,0.0
1965.13714,0.0
1967.2046,0.0
1967.2046,0.016960529222574676
1969.27206,0.005945860463495596
1969.27206,0.013509505589846595
1971.33952,0.041934691219367284
1973.40699,0.04710447330914116
1975.47445,0.04296993386434794
1977.54191,0.10897753156912968
1979.60937,0.1131416237811539
1981.67684,0.1114462160738776
1983.7443,0.0780912057162566
1985.81176,0.04102017254653607
1987.87922,0.10614602945940074
1989.94669,0.027034271110422607
1992.01415,0.014272892686224859
1994.08161,0.002243569820153769
1996.14907,0.0
1998.21653,0.0
2000.284,0.0
2002.35146,0.012215555969783565
2004.41892,0.03639538926628988
2006.48638,0.039676684948538446
2008.55385,0.04715752191458659
2010.62131,0.08522792319145389
2012.68877,0.07032959884656967
2014.75623,0.1284363075988611
2016.8237,0.08012564556317993
2018.89116,0.11126541152310841
2020.95862,0.1508344188602635
2023.02608,0.1617080393366026
2025.09355,0.12440374182249554
2027.16101,0.12894203611724356
2029.22847,0.09515815645625701
2031.29593,0.1603272827750202
2033.3634,0.08095637823744294
2035.43086,0.08884652190337554
2037.49832,0.05734046148881423
2039.56578,0.0713063128127291
2041.63325,0.01863083537377498
2043.70071,0.015528136124951483
2045.76817,0.018329031921858408
2047.83563,0.02399946703901378
2049.9031,0.0279761141187168
2051.97056,0.11180872913753813
2054.03802,0.07640735973811467
2056.10548,0.10670990060461535
2058.17295,0.13488310429880335
2060.24041,0.15670526322121045
2062.30787,0.1568779397226332
2064.37533,0.17943589875315089
2066.4428,0.1904420499293526
2068.51026,0.16367194108615973
2070.57772,0.14670904310374872
2072.64518,0.1288653598553853
2074.71265,0.1689676139977475
2076.78011,0.09557812873788817
2078.84757,0.11759808135969796
2080.91503,0.09000935725646096
2082.9825,0.08450237146811848
2085.04996,0.0862099883705834
2087.11742,0.08862832417040295
2089.18488,0.09636370813409906
2091.25235,0.09166657209555337
2093.31981,0.12705551135689228
2095.38727,0.14926927795694295
2097.45473,0.14475638057918475
2099.5222,0.1670802470570489
2101.58966,0.14023370183314146
2103.65712,0.12368597200555959
2105.72458,0.1311288994020616
2107.79205,0.11830165472532582
2109.85951,0.10971537535071775
2111.92697,0.14737730234694874
2113.99443,0.14977552831305227
2116.0619,0.20653137345818706
2118.12936,0.16196311680190711
2120.19682,0.18939949062417882
2122.26428,0.23101476101444834
2122.26428,0.24521444080022287
2122.26428,0.2589204898111885
2122.26428,0.24170844317621437
2124.33175,0.19900442206735136
2124.33175,0.25876686257008086
2126.39921,0.2537051064347947
2126.39921,0.19736718564051084
2126.39921,0.20574385433245723
2126.39921,0.22539468013979744
2128.46667,0.20536478459673774
2128.46667,0.1657561757040269
2128.46667,0.17298905354467214
2130.53413,0.050883496856730825
2130.53413,0.1742277890287801
2130.53413,0.09548950610288469
2130.53413,0.14763707226563474
2130.53413,0.144146864768185
2130.53413,0.1526831070776294
2130.53413,0.21746336675520725
2130.53413,0.07991682487538491
2130.53413,0.07962628187031741
2130.53413,0.06976426954656367
2130.53413,0.2289345723318869
2132.6016,0.10833610016939658
2132.6016,0.02274983434693981
2132.6016,0.039782016271915216
2132.6016,0.11842757824960042
2132.6016,0.13977533526460936
2132.6016,0.1833920739811742
2132.6016,0.0865368843664228
2132.6016,0.055008591541349315
2132.6016,0.07326318816490007
2132.6016,0.05379505322772061
2132.6016,0.09424767177277193
2132.6016,0.04277379438668046
2134.66906,0.16578360980242204
2134.66906,0.1444765206849158
2134.66906,0.15591476649481173
2134.66906,0.04589873092675089
2134.66906,0.05389771315658348
2134.66906,0.0630278639570495
2134.66906,0.0006667513313650136
2134.66906,0.1722591975900042
2134.66906,0.0
2134.66906,0.005102521725602101
2134.66906,0.010718096981005058
2134.66906,0.0
2134.66906,0.014146276412554441
2134.66906,0.0
2134.66906,0.02473844068864173
2134.66906,0.04037582318137818
2136.73652,0.020935419687033992
2136.73652,0.0
2136.73652,0.12424564880224663
2136.73652,0.01691838685203702
2136.73652,0.1628807408221792
2136.73652,0.039162437377899956
2138.80398,0.08950895273484646
2138.80398,0.11624907388050698
2138.80398,0.046222805641431865
2138.80398,0.14192841642581117
2138.80398,0.0
2138.80398,0.015913829511383766
2138.80398,0.018484777125264928
2138.80398,0.022566060504483315
2138.80398,0.13426982228720627
2138.80398,0.09395794950080208
2138.80398,0.028147798685016174
2140.87145,0.0
2140.87145,0.004260795176107971
2140.87145,5.216217979981445e-05
2140.87145,0.009285958847778773
2140.87145,0.0
2142.93891,0.030197251798339944
2142.93891,0.0
2145.00637,0.0
2145.00637,0.0
2147.07383,0.0044915548667647
2147.07383,0.0
2149.1413,0.0038354162939806167
2149.1413,0.0
2151.20876,0.0
2151.20876,0.0
2153.27622,0.0
2153.27622,0.01675275127979458
2155.34368,0.0
2155.34368,0.05047025426772288
2157.41115,0.0
2157.41115,0.0
2159.47861,0.0
2159.47861,0.0
2161.54607,0.0
2161.54607,0.0
2163.61353,0.007018735469213713
2163.61353,0.0
2165.681,0.0
2165.681,0.0
2167.74846,0.009395968566601078
2167.74846,0.008053933073204202
2169.81592,0.00015693928457512983
2169.81592,0.0
2171.88338,0.013314194153676922
2171.88338,0.0
2173.95085,0.0
2173.95085,0.0
2176.01831,0.006995506895395984
2176.01831,0.0
2178.08577,0.0
2178.08577,0.0
2180.15323,0.0
2180.15323,0.022581303122771894
2182.2207,0.0271194942711913
2182.2207,0.005477080419413831
2184.28816,0.0361398545550291
2184.28816,0.06111303437947689
2186.35562,0.047156015720548804
2186.35562,0.05462284632815806
2188.42308,0.08912542804129205
2188.42308,0.0889738149536932
2190.49054,0.10919333927379292
2190.49054,0.12834563229552481
2192.55801,0.12890330693510801
2192.55801,0.13014006109888962
2194.62547,0.14300484283613515
2194.62547,0.16004818951688282
2194.62547,0.13968298486076133
2196.69293,0.15010024275045092
2196.69293,0.13847126931632964
2196.69293,0.19075086532122817
2198.76039,0.14408642580870026
2198.76039,0.20015340450808153
2198.76039,0.16984729351784203
2200.82786,0.16705568825423497
2200.82786,0.2264670710400049
2200.82786,0.19832420448192284
2202.89532,0.18610030115994236
2202.89532,0.21337448279919258
2202.89532,0.2122706095907325
2204.96278,0.2096753279132195
2204.96278,0.1847175006793532
2204.96278,0.16823623485336484
2207.03024,0.1777532784005903
2207.03024,0.15955537170272413
2207.03024,0.1867793926728287
2209.09771,0.18913135382681542
2209.09771,0.18246205427005996
2209.09771,0.17034743224751217
2211.16517,0.15012498450656445
2211.16517,0.16107182161572928
2211.16517,0.18375485656048401
2213.23263,0.13859608754744301
2213.23263,0.13241921107860288
2213.23263,0.14306820199783118
2215.30009,0.12336333100996862
2215.30009,0.09748095057139032
2217.36756,0.08048554512310421
2217.36756,0.07255122062186559
2219.43502,0.0767649290003994
2219.43502,0.08962727300186524
2221.50248,0.06123076158966606
2221.50248,0.07284598862812211
2223.56994,0.034344874239918374
2223.56994,0.045613632924869654
2225.63741,0.05989778674389751
2225.63741,0.0983382887520247
2227.70487,0.07331888267935018
2227.70487,0.045167653254449255
2229.77233,0.09781185945278452
2229.77233,0.08404387699232296
2231.83979,0.08497647816281419
2231.83979,0.12655509978902185
2233.90726,0.16080952843204357
2233.90726,0.1475137886709645
2233.90726,0.13706303556202645
2233.90726,0.106586888405069
2233.90726,0.15923652349204392
2235.97472,0.1545331645544479
2235.97472,0.14043600452761076
2235.97472,0.13725980459059275
2238.04218,0.1485617637738365
2238.04218,0.17223564853864373
2238.04218,0.15199059238568122
2238.04218,0.14029851218651163
2238.04218,0.1257153590692354
2238.04218,0.15173742581534044
2238.04218,0.1578280220752879
2238.04218,0.15158151876558104
2238.04218,0.14471760929746044
2238.04218,0.1585005271951826
2240.10964,0.11216767392869648
2240.10964,0.11581501073152217
2240.10964,0.099554003957733
2242.17711,0.08665393595718532
2242.17711,0.10515636368503005
2242.17711,0.12265863084559826
2244.24457,0.11163793906752421
2244.24457,0.11026453254638122
2244.24457,0.09050164763038113
2246.31203,0.09117649877344418
2246.31203,0.09944081519338174
2246.31203,0.11226858566802318
2248.37949,0.0
2248.37949,0.03226186842115716
2248.37949,0.07362825797127642
2248.37949,0.02289965106722073
2248.37949,0.04770030061015909
2248.37949,0.10432818297896898
2248.37949,0.08304285615143542
2248.37949,0.07374373067546112
2248.37949,0.0036334182993694145
2250.44696,0.04995959431849378
2250.44696,0.0772172663041916
2250.44696,0.0
2250.44696,0.019714371660653665
2250.44696,0.05683891706480196
2250.44696,0.03922362348699692
2250.44696,0.0385671746607302
2250.44696,0.0818509517793734
2250.44696,0.03125125081589126
2250.44696,0.06944334027630703
2250.44696,0.06153891649917878
2252.51442,0.026217027145220298
2252.51442,0.016722606090266667
2252.51442,0.042805842908605125
2252.51442,0.08040887887674006
2252.51442,0.012671175352628055
2254.58188,0.0
2254.58188,0.031736761122678925
2254.58188,0.04951925669716367
2254.58188,0.016731950024808803
2254.58188,0.07565907942629818
2254.58188,0.0
2256.64934,0.0
2256.64934,0.004358321730654353
2256.64934,0.011722882673712558
2256.64934,0.0
2256.64934,0.0011114192731778742
2256.64934,0.0
2256.64934,0.01636432980316714
2256.64934,0.0
2256.64934,0.0
2256.64934,0.022518871471915853
2256.64934,0.016082902325258365
2256.64934,0.10496744908608424
2256.64934,0.0
2256.64934,0.0
2256.64934,0.0
2256.64934,0.036610335894268715
2256.64934,0.02839012094331654
2258.71681,0.0
2258.71681,0.0
2258.71681,0.0
2258.71681,0.0
2258.71681,0.0
2258.71681,0.0
2258.71681,0.0
2258.71681,0.0
2258.71681,0.03038906381985261
2260.78427,0.0
2260.78427,0.0
2260.78427,0.007645236779630163
2260.78427,0.03963362496806552
2260.78427,0.0011889501525675279
2260.78427,0.0
2260.78427,0.028311068413972348
2260.78427,0.0
2262.85173,0.013594560244689158
2262.85173,0.0
2264.91919,0.0028995467744849504
2264.91919,0.0
2266.98666,0.0
2266.98666,0.0
2269.05412,0.0
2269.05412,0.016594406222978086
2271.12158,0.0
2271.12158,0.021780626558665743
2273.18904,0.029527668114558793
2273.18904,0.006577423748506506
2275.25651,0.0
2275.25651,0.0
2277.32397,0.0282427352202404
2277.32397,3.7172812410385244e-05
2279.39143,0.03177064670276641
2279.39143,0.028745386615160923
2281.45889,0.010166897147526069
2281.45889,0.002966600531359158
2283.52636,0.0005498625842734512
2283.52636,0.0
2285.59382,0.00463888179497243
2285.59382,0.0
2287.66128,0.015736471658356198
2287.66128,0.0
2289.72874,0.0
2289.72874,0.007634946047263331
2289.72874,0.0
2289.72874,0.0
2289.72874,0.003741275530394602
2291.79621,0.0
2291.79621,0.02780058436461477
2291.79621,0.027702178584704615
2291.79621,0.0006753114819545608
2293.86367,0.0
2293.86367,0.007198443903896812
2293.86367,0.0
2293.86367,0.0
2293.86367,0.018002501881850423
2293.86367,0.012303274840879187
2293.86367,0.040361879380640536
2295.93113,0.009043104233345131
2295.93113,0.01595840742210859
2295.93113,0.014628613097016453
2295.93113,0.021165223006846146
2295.93113,0.0
2297.99859,0.0
2297.99859,0.0
2297.99859,0.028616380283336598
2297.99859,0.02470761682719982
2297.99859,0.02939394766898676
2297.99859,0.023851339020723818
2297.99859,0.061676479656443725
2297.99859,0.0
2297.99859,0.025116721761808746
2300.06606,0.035931464780054274
2300.06606,0.0973105067823444
2300.06606,0.12323685176442384
2300.06606,0.1303377817709656
2300.06606,0.05974757555930682
2300.06606,0.028116393393663223
2300.06606,0.10866552293063136
2300.06606,0.00018715818525509448
2300.06606,0.1047594000948986
2300.06606,0.03310514007668938
2300.06606,0.12615840218429844
2300.06606,0.062107969098140946
2302.13352,0.052298067105298676
2302.13352,0.017104890224827158
2302.13352,0.07007950795760358
2302.13352,0.02624456309950195
2302.13352,0.014672826226544668
2302.13352,0.14714979539413425
2302.13352,0.11287497107083541
2302.13352,0.0748320242941173
2302.13352,0.0990700646468795
2302.13352,0.14265506411895937
2302.13352,0.1961720941456409
2302.13352,0.0
2302.13352,0.11567980495858718
2302.13352,0.1634765576787064
2302.13352,0.14601013572276444
2302.13352,0.06160403582725735
2302.13352,0.1494295197908788
2304.20098,0.32168652793710584
2304.20098,0.17909679431853873
2304.20098,0.12060609800179921
2304.20098,0.19625747558605444
2304.20098,0.17495937199845907
2304.20098,0.3586369351921677
2304.20098,0.31774254044399985
2304.20098,0.3344071107328957
2304.20098,0.3462821046850135
2304.20098,0.04166228400656196
2304.20098,0.2152879647545719
2304.20098,0.162267962146384
2304.20098,0.17601246598807116
2304.20098,0.36128628364459503
2304.20098,0.204219910393532
2304.20098,0.09919241964249269
2304.20098,0.10399382864060873
2306.26844,0.4251340602717256
2306.26844,0.42416264925733244
2306.26844,0.2110310991853675
2306.26844,0.34470084936581896
2306.26844,0.17260500498890027
2306.26844,0.44922723483033067
2306.26844,0.31536671736074795
2306.26844,0.4817333551454687
2306.26844,0.23104956291158305
2306.26844,0.40875025043373453
2306.26844,0.23321602460258825
2306.26844,0.2366121479544817
2306.26844,0.264654705244591
2306.26844,0.19414495764093942
2306.26844,0.21057809632311295
2306.26844,0.2020956447808088
2306.26844,0.4130006875809541
2306.26844,0.25778939568865783
2306.26844,0.4216205263973131
2306.26844,0.19450282862849222
2308.33591,0.4862690308472311
2308.33591,0.4629546057164547
2308.33591,0.3365025448469048
2308.33591,0.4024142185927747
2308.33591,0.3326268496244995
2308.33591,0.2472329842191804
2308.33591,0.2589196474394846
2308.33591,0.5318021060424503
2308.33591,0.43398954656246647
2308.33591,0.541683787539172
2308.33591,0.32123328813809776
2308.33591,0.27550367507358015
2308.33591,0.23110949995087876
2308.33591,0.29246580378202464
2308.33591,0.29522093564562013
2308.33591,0.41189777331608524
2310.40337,0.6773414234409839
2310.40337,0.404376767486381
2310.40337,0.2181667257594067
2310.40337,0.37710704659846267
2310.40337,0.4683494957466663
2310.40337,0.645670404294346
2310.40337,0.2679023055840444
2310.40337,0.3631154327065658
2310.40337,0.2593741283513877
2310.40337,0.32576223347316463
2310.40337,0.30577224919246415
2310.40337,0.2515158857943528
2310.40337,0.6260072445596891
2310.40337,0.6168031035003
2310.40337,0.2897477673869901
2310.40337,0.2534156982067759
2310.40337,0.29589298779215684
2310.40337,0.37587811059428733
2310.40337,0.5223577878027359
2310.40337,0.5065409110992368
2312.47083,0.5340605774032471
2312.47083,0.3912076802987413
2312.47083,0.5912035598507307
2312.47083,0.6081191797814922
2312.47083,0.3814975598399775
2312.47083,0.5477025861674603
2312.47083,0.4599812569180913
2312.47083,0.3597141130817175
2312.47083,0.3440791017348276
2312.47083,0.36102004614448213
2312.47083,0.6529074352147303
2314.53829,0.5851006557291407
2314.53829,0.39967767117039876
2314.53829,0.5445113722512405
2314.53829,0.6644556969572597
2314.53829,0.5714518317609074
2314.53829,0.5187529534950334
2314.53829,0.48802827074294436
2314.53829,0.379824863125597
2314.53829,0.5703373654653768
2314.53829,0.5430739982557018
2316.60576,0.7506812250704358
2316.60576,0.6988975005973738
2316.60576,0.4357583885684177
2316.60576,0.7010897816101842
2316.60576,0.7524983867852598
2316.60576,0.4436110432217098
2316.60576,0.814052969759153
2316.60576,0.7799981219127236
2316.60576,0.5979058882328911
2316.60576,0.5974042013299024
2316.60576,0.566419411976987
2316.60576,0.6619746228886426
2316.60576,0.6500534610603551
2316.60576,0.5986143644459168
2316.60576,0.7406686993601715
2316.60576,0.7490181908801413
2318.67322,0.8144590931164165
2318.67322,0.7633015954813832
2318.67322,0.7266853664817394
2318.67322,0.707130386155858
2318.67322,0.7408361098308307
2318.67322,0.7781280114815035
2318.67322,0.7388959462700891
2318.67322,0.671745017285889
2318.67322,0.695540044573241
2318.67322,0.733200468450743
2318.67322,0.6801631887447825
2318.67322,0.6726933114874224
2320.74068,0.7170586826433698
2320.74068,0.842811862565683
2320.74068,0.851177679796094
2320.74068,0.8412830440289321
2320.74068,0.7864301154644617
2320.74068,0.8791862582430362
2320.74068,0.8016609955707152
2320.74068,0.9039440393911495
2320.74068,0.8594571081459152
2322.80814,0.817439098937708
2322.80814,0.8314480892344802
2322.80814,0.8678637543416251
2322.80814,0.8262039723990048
2322.80814,0.785637738186043
2324.87561,0.8734240680063953
2326.94307,0.9678696940361108
2326.94307,0.8809507245777508
2326.94307,0.9245546902841598
2329.01053,0.9046613088914237
2329.01053,0.8747491826695717
2329.01053,0.9846325851989116
2331.07799,0.8718214226809979
2331.07799,0.9109943591338422
2331.07799,0.926086276435912
2331.07799,0.9105288376740174
2331.07799,0.9244818529908571
2331.07799,0.8824641502735715
2331.07799,0.903948867122418
2331.07799,0.8830431501548068
2331.07799,0.9620136587344407
2333.14546,0.9555031973917574
2333.14546,0.9763489948157761
2333.14546,0.9886046573780662
2333.14546,0.9771002340650355
2335.21292,0.9450486912767985
2335.21292,0.9959586371495313
2335.21292,0.9711992327194149
2335.21292,1.0
2337.28038,0.858854412182719
2337.28038,0.853079373073711
2337.28038,0.9709317491279735
2337.28038,0.8965238462396294
2337.28038,0.9032680010178473
2339.34784,0.9511647613451388
2339.34784,0.9690538096439854
2339.34784,0.7746538274026029
2339.34784,0.9844697127981946
2339.34784,0.8949102427108082
2339.34784,0.747149144190455
2339.34784,0.7422706293334964
2339.34784,0.7425271560356482
2339.34784,0.7148419422158164
2339.34784,0.923962041780443
2339.34784,0.9351427314950895
2339.34784,0.7500618183724459
2341.41531,0.7551584105833209
2341.41531,0.817981544747067
2341.41531,0.855405217280031
2341.41531,0.938892866177603
2341.41531,0.9533772268446586
2341.41531,0.9760462855218978
2343.48277,0.6948553297062168
2343.48277,0.8734193983672683
2343.48277,0.8090073912431617
2343.48277,0.6720198715645981
2343.48277,0.8105543979620302
2343.48277,0.7555196336677995
2343.48277,0.8600519747429869
2343.48277,0.9495603735368754
2343.48277,0.689705092800793
2343.48277,0.7344093222527993
2343.48277,0.80540185612394
2343.48277,0.8267916194083261
2343.48277,0.8290367010480778
2343.48277,0.740995518483376
2345.55023,0.6902779207613701
2345.55023,0.8280185671043245
2345.55023,0.7171056092649253
2345.55023,0.7562496800480791
2345.55023,0.8554211613521036
2345.55023,0.8493144238479331
2345.55023,0.6865589664520944
2345.55023,0.6728172057554505
2345.55023,0.8943101350418863
2345.55023,0.6662825916488618
2345.55023,0.700166356960957
2345.55023,0.8808725871450153
2347.61769,0.737440550402818
2347.61769,0.5696048993613835
2347.61769,0.5775675894818835
2347.61769,0.5311268166031969
2347.61769,0.6752435008651075
2347.61769,0.5455252453350756
2347.61769,0.6192028892057979
2347.61769,0.5932856081066941
2347.61769,0.6262977255783003
2347.61769,0.6830516954490009
2349.68516,0.549541766908387
2349.68516,0.45983449195644005
2349.68516,0.439103983458411
2349.68516,0.5704987965263256
2349.68516,0.5229477936012707
2349.68516,0.6657988323255529
2349.68516,0.5135830325850903
2349.68516,0.48332307807663544
2349.68516,0.5883820730398677
2349.68516,0.5342123284539563
2349.68516,0.5415733232520584
2349.68516,0.4340190787384816
2349.68516,0.4698033305398933
2351.75262,0.4867886634316715
2351.75262,0.5116984786823925
2351.75262,0.5126339979102816
2351.75262,0.41460228606125377
2351.75262,0.38373444521998457
2351.75262,0.6211742929817872
2351.75262,0.6398563255818093
2351.75262,0.46016121294812123
2351.75262,0.5940194409764152
2351.75262,0.4457372113112282
2351.75262,0.6285795687066585
2353.82008,0.6084523210985818
2353.82008,0.36187548834284605
2353.82008,0.40598384393955833
2353.82008,0.32049883783582783
2353.82008,0.42135880300159384
2353.82008,0.6161688149971912
2353.82008,0.4814218213021894
2353.82008,0.354537331086436
2353.82008,0.4602266640941634
2353.82008,0.41438170364395777
2355.88754,0.44724238683833817
2355.88754,0.4429512307356483
2355.88754,0.3140703779335384
2355.88754,0.3064687340959569
2355.88754,0.3218429655519335
2355.88754,0.2902688873959327
2355.88754,0.36710664585519426
2355.88754,0.3340311274852834
2355.88754,0.4072798144838951
2355.88754,0.2756656730359011
2355.88754,0.3131581374293686
2357.95501,0.40366883458151004
2357.95501,0.41545610626547436
2357.95501,0.4667168393731496
2357.95501,0.2972269449060729
2357.95501,0.28068460534671313
2357.95501,0.26201668069321826
2357.95501,0.4127999129350048
2357.95501,0.4502242645968034
2357.95501,0.3609553006446467
2357.95501,0.26031530800598773
2357.95501,0.33456782166780935
2357.95501,0.2671172808173021
2357.95501,0.2953176376295529
2357.95501,0.3120596248959661
2357.95501,0.26262705592160585
2357.95501,0.4248518104704411
2360.02247,0.24630252522829568
2360.02247,0.31733875420312185
2360.02247,0.3101579867150001
2360.02247,0.3477998819488421
2360.02247,0.3605833038581901
2360.02247,0.29202046517053376
2360.02247,0.24958046612745305
2360.02247,0.3154620231459249
2360.02247,0.38886225800094154
2362.08993,0.3385846445446943
2362.08993,0.19920513734703446
2362.08993,0.20681258352867132
2362.08993,0.25616914236706495
2362.08993,0.33726211947937607
2362.08993,0.21761411751113474
2364.15739,0.18103209060257844
2364.15739,0.17675072498979078
2364.15739,0.24128871712448538
2364.15739,0.21687278499669718
2364.15739,0.22457283230426248
2364.15739,0.16822026111394814
2364.15739,0.1733686304956041
2364.15739,0.17324902339024614
2364.15739,0.16755732088451855
2364.15739,0.17966369144693362
2364.15739,0.2057487475018312
2364.15739,0.17972833607916486
2364.15739,0.22204846832959552
2366.22486,0.1178496078438276
2366.22486,0.12536377890809128
2366.22486,0.11998541490050654
2366.22486,0.19177771267544785
2366.22486,0.13132500970363684
2366.22486,0.2067963066838992
2366.22486,0.1128328615791849
2366.22486,0.16620114270846398
2366.22486,0.10358720074130788
2366.22486,0.13555135109213493
2366.22486,0.1707690298720118
2366.22486,0.15074680683882202
2366.22486,0.13212789181192755
2368.29232,0.08664011412487321
2368.29232,0.08560814581182577
2368.29232,0.03848480832091521
2368.29232,0.13968188028945613
2368.29232,0.1096306706285956
2368.29232,0.09525403454478758
2370.35978,0.0
2370.35978,0.005180900352927923
2370.35978,0.09465747613356496
2370.35978,0.09170455875317603
2370.35978,0.09078080224918857
2370.35978,0.08840063188948376
2370.35978,0.02985595671779315
2370.35978,0.0
2370.35978,0.07131101537366998
2370.35978,0.0
2370.35978,0.0
2370.35978,0.04076150242143428
2370.35978,0.13962822389735097
2372.42724,0.021740532766469336
2372.42724,0.015458063615105365
2372.42724,0.024893788560992544
2372.42724,0.07176923180292938
2372.42724,0.052070330662094176
2372.42724,0.0007708222790086185
2372.42724,0.07224955432131332
2372.42724,0.071741910750669
2372.42724,0.07483756985613929
2372.42724,0.06836447688430383
2372.42724,0.02275227432138954
2374.49471,0.0
2374.49471,0.0
2374.49471,0.0
2374.49471,0.054231915293895386
2374.49471,0.0
2374.49471,0.0018460969176814573
2374.49471,0.0
2374.49471,0.005740717333980717
2374.49471,0.0004532724181705204
2376.56217,0.0
2376.56217,0.021913439262258586
2376.56217,0.008207957737083917
2376.56217,0.0
2376.56217,0.0121062613358734
2376.56217,0.001990078644731019
2376.56217,0.002362322206823953
2376.56217,0.0
2376.56217,0.006928107501914721
2378.62963,0.0
2378.62963,0.004344021807999008
2378.62963,0.0
2378.62963,0.023180972209914184
2378.62963,0.02714938921857758
2378.62963,0.0
2378.62963,0.0
2378.62963,0.0
2378.62963,0.029574310734466126
2378.62963,0.024218470501348174
2380.69709,0.010941028549503217
2380.69709,0.0
2380.69709,0.009245455728034431
2380.69709,0.0
2380.69709,0.014790876888332792
2380.69709,0.007672765235924947
2380.69709,0.009269032482118043
2382.76455,0.006207272160786165
2382.76455,0.0708761919749105
2382.76455,0.01665497866496557
2382.76455,0.014307648615615618
2382.76455,0.0
2382.76455,0.0
2382.76455,0.011330223273118814
2384.83202,0.014924451910865682
2384.83202,0.031729934730927216
2384.83202,0.020452583882373487
2384.83202,0.007209567158815187
2384.83202,0.013257163305482706
2384.83202,0.0
2386.89948,0.010339047417820746
2386.89948,0.030268970813196454
2386.89948,0.0020261952906479295
2386.89948,0.0
2388.96694,0.0
2388.96694,0.0
2388.96694,0.0
2388.96694,0.0
2388.96694,0.013934261017432267
2391.0344,0.0
2391.0344,0.03633493066072491
2393.10187,0.007784010295620013
2393.10187,0.0044805459939666215
2395.16933,0.0
2395.16933,0.005516612735950456
2397.23679,0.06916721273683836
2397.23679,0.044141431642398074
2399.30425,0.10124536750087747
2399.30425,0.14421865493574482
2401.37172,0.1914518420928935
2401.37172,0.2197932053788064
2403.43918,0.23127993461144214
2403.43918,0.23139028370472303
2405.50664,0.2530083313492699
2405.50664,0.257355162546979
2407.5741,0.28716131073471085
2407.5741,0.2880888016462225
2409.64157,0.288968516672242
2409.64157,0.35317152685972714
2411.70903,0.38285484106802997
2411.70903,0.3287118898587584
2413.77649,0.3404482648083429
2413.77649,0.33514759055489857
2415.84395,0.35359446484253904
2415.84395,0.35958398863869107
2417.91142,0.2818127134772061
2417.91142,0.31120772835127525
2419.97888,0.32175191794392827
2419.97888,0.3206563156251056
2422.04634,0.2863499593658798
2422.04634,0.26266707378677295
2424.1138,0.328276682610152
2424.1138,0.24754716469068183
2426.18127,0.2489528185606607
2426.18127,0.20959015206461584
2428.24873,0.19534611834467733
2428.24873,0.22308615006998042
2430.31619,0.17378195155732115
2430.31619,0.16236394021176387
2432.38365,0.18226629954619505
2432.38365,0.16205970911923315
2434.45112,0.12068266706488567
2434.45112,0.17675290500442883
2436.51858,0.12538131432601984
2436.51858,0.1076222232134328
2438.58604,0.13356285103045795
2438.58604,0.13074477929709225
2440.6535,0.12487467028101391
2440.6535,0.09674268495162149
2442.72097,0.08388859724592067
2442.72097,0.06115554702142257
2444.78843,0.06201908420625401
2444.78843,0.04890697924726078
2446.85589,0.05606982784077054
2446.85589,0.05414091934820509
2448.92335,0.04309008773293152
2448.92335,0.05860483622937739
2450.99082,0.0291138650488822
2450.99082,0.07821211155467256
2453.05828,0.041915284555837394
2453.05828,0.011527015228583784
2455.12574,0.07945455797602978
2455.12574,0.09049900472406155
2457.1932,0.09246452120685796
2457.1932,0.08351436623159154
2459.26067,0.07307437115979377
2459.26067,0.10540435922909501
2461.32813,0.12152153409168036
2461.32813,0.10134927469347993
2463.39559,0.1335484745501224
2463.39559,0.14794758446740813
2465.46305,0.11352806298357634
2465.46305,0.11409536446727563
2467.53052,0.13428129445404605
2467.53052,0.12793523272150645
2469.59798,0.1570014648890172
2469.59798,0.18376017826445154
2471.66544,0.19757998917079694
2471.66544,0.19373643512495545
2473.7329,0.19035325669984604
2473.7329,0.2027254127126382
2475.80037,0.2235400162794853
2475.80037,0.19480824874388566
2477.86783,0.24016794659013085
2477.86783,0.23409711708772973
2479.93529,0.2398408780198272
2479.93529,0.2258634815741667
2482.00275,0.27472836629380604
2482.00275,0.3080477067745314
2484.07022,0.33417428616490497
2484.07022,0.2896649146015674
2486.13768,0.3403982797062663
2486.13768,0.3076833383889843
2488.20514,0.33800246537658357
2488.20514,0.32855646651377357
2490.2726,0.34347845735621063
2490.2726,0.3391544012323189
2492.34007,0.30475467716909355
2492.34007,0.27541222944486227
2494.40753,0.28514695687225483
2494.40753,0.2873992836521341
2496.47499,0.23203827822582276
2496.47499,0.257142985739546
2496.47499,0.24290247666742953
2498.54245,0.21969441868640782
2498.54245,0.222951770868182
2498.54245,0.23474421476736754
2498.54245,0.2091450090125965
2498.54245,0.20252499512430838
2500.60992,0.0864811351955555
2500.60992,0.24307680540336596
2500.60992,0.06707289020122464
2500.60992,0.21024773625971785
2500.60992,0.257768733711628
2500.60992,0.2490403641415249
2500.60992,0.11400285764087491
2500.60992,0.16356971278665325
2500.60992,0.289476918795678
2500.60992,0.2874278279651187
2500.60992,0.1832077270025916
2500.60992,0.26386431911799174
2500.60992,0.2544669000785363
2502.67738,0.06276384690198206
2502.67738,0.25438160769254337
2502.67738,0.10034566332851055
2502.67738,0.14058819044066923
2502.67738,0.12990969964123067
2502.67738,0.17652520959359233
2502.67738,0.16796972145971267
2502.67738,0.28683269331261757
2502.67738,0.19939841127736338
2502.67738,0.208487483775216
2502.67738,0.20648180427468876
2502.67738,0.24417813154173323
2502.67738,0.1387724735150407
2502.67738,0.13482349349460543
2502.67738,0.2784892194899949
2502.67738,0.09822507658899356
2502.67738,0.14016192444873887
2502.67738,0.09167649997217457
2502.67738,0.09084581001326714
2502.67738,0.13736288834280558
2502.67738,0.2055156814900994
2502.67738,0.20195269772894275
2502.67738,0.08996485202263964
2502.67738,0.2755939548948248
2502.67738,0.0717561989160157
2502.67738,0.16659958941211234
2502.67738,0.22332217464422527
2504.74484,0.06172351392554368
2504.74484,0.1670239492230622
2504.74484,0.12665438285620179
2504.74484,0.055942055697482916
2504.74484,0.10202459131030821
2504.74484,0.14880910884836976
2506.8123,0.156724958659903
2506.8123,0.03689373311863182
2506.8123,0.1097513146262613
2506.8123,0.04307276052783314
2508.87977,0.09474228987945839
2508.87977,0.06603039495733125
2508.87977,0.0033785374105795947
2508.87977,0.07297507601429802
2508.87977,0.057334779823438424
2508.87977,0.06567780129682975
2508.87977,0.0668596392016272
2510.94723,0.0
2510.94723,0.05354798297180846
2510.94723,0.03276496283509276
2513.01469,0.059634710824064116
2513.01469,0.026901314860232388
2513.01469,0.02025906818902342
2515.08215,0.015820553353152567
2515.08215,0.024182606335769925
2515.08215,0.028778903811690956
2515.08215,0.010513008262424219
2515.08215,0.0
2517.14962,0.044204134489182416
2517.14962,0.06764167552475737
2519.21708,0.1358767707612744
2519.21708,0.0887802833858783
2521.28454,0.11903154601816891
2521.28454,0.06440236827737418
2523.352,0.08310399862462045
2523.352,0.0951296433559415
2525.41947,0.1040167549145425
2525.41947,0.1211218345573054
2527.48693,0.16166310644084725
2527.48693,0.14682889685472364
2529.55439,0.1758629146617314
2529.55439,0.15512812219380243
2531.62185,0.12755157392371666
2531.62185,0.15484392015504875
2533.68932,0.16437774206544128
2533.68932,0.1330036681480663
2535.75678,0.16475015986343555
2535.75678,0.1608776688589354
2537.82424,0.1896450594172819
2537.82424,0.15608667156336653
2539.8917,0.1764841719325381
2539.8917,0.1637650604555583
2541.95917,0.175479421264056
2541.95917,0.17197294041401606
2544.02663,0.1454502044327366
2544.02663,0.1625205867216554
2546.09409,0.15041035378792478
2546.09409,0.13248010732390833
2548.16155,0.10668679399236401
2548.16155,0.09435766193715887
2550.22902,0.11891722162961749
2550.22902,0.12922144037712335
2552.29648,0.08223295366167721
2552.29648,0.07614422162522681
2554.36394,0.09826380745681312
2554.36394,0.10789694635781119
2556.4314,0.06727524026411758
2556.4314,0.09183887360245876
2558.49887,0.0868341687318827
2558.49887,0.06393959541957686
2560.56633,0.08027922296726835
2560.56633,0.015492328748592719
2560.56633,0.07718001851399436
2560.56633,0.061968098016649945
2560.56633,0.05519202227323842
2560.56633,0.06779803471795948
2560.56633,0.10445852295960631
2562.63379,0.06948850725607753
2562.63379,0.06649439104196286
2562.63379,0.05016018054276643
2564.70125,0.09044148026664979
2564.70125,0.07401284426858626
2564.70125,0.08813525520821545
2566.76872,0.07084379733061746
2566.76872,0.07409636993055613
2566.76872,0.06807096151936755
2566.76872,0.06412599185772606
2566.76872,0.07564719340374067
2568.83618,0.11335806106808388
2568.83618,0.08807280325208335
2568.83618,0.10935689535282898
2568.83618,0.09738643743249867
2568.83618,0.031597789030838985
2570.90364,0.1145664651484602
2570.90364,0.07795577702907956
2570.90364,0.07121861933829572
2572.9711,0.09542634928892411
2572.9711,0.11853099372360196
2572.9711,0.06957547221290211
2575.03857,0.09536728600033009
2575.03857,0.08438323839833002
2575.03857,0.09458822446944391
2577.10603,0.10563273560720052
2577.10603,0.08533724688848952
2577.10603,0.048108044992839674
2579.17349,0.0932476729990643
2579.17349,0.08806698565588585
2579.17349,0.0701429117818871
2581.24095,0.06021644878629633
2581.24095,0.036643224131617046
2581.24095,0.0725252970336559
2583.30841,0.07964368059183323
2583.30841,0.0942849789547053
2583.30841,0.06998518187670802
2585.37588,0.09054023747439381
2585.37588,0.07663061748124339
2585.37588,0.07409536566800408
2587.44334,0.13770019168620748
2587.44334,0.041961662218195236
2587.44334,0.11268612571296292
2589.5108,0.08310183961455955
2589.5108,0.09658447080956223
2589.5108,0.10718975735234058
2591.57826,0.09646016928502414
2591.57826,0.08380654371074399
2591.57826,0.09786688683445376
2591.57826,0.11344271816689123
2591.57826,0.12199494081146704
2591.57826,0.08807724103922512
2591.57826,0.04799223943696081
2591.57826,0.10259108467490834
2591.57826,0.10261437802971471
2591.57826,0.11211627374376892
2593.64573,0.10698391722935639
2593.64573,0.11102458684069509
2593.64573,0.10012028724059217
2595.71319,0.1084722927863231
2595.71319,0.11957868220743362
2595.71319,0.0983589961014574
2597.78065,0.15061653641719677
2597.78065,0.15435193326933017
2597.78065,0.15861857780196842
2599.84811,0.12434774672530871
2599.84811,0.10932551499023935
2599.84811,0.11810582246252126
2599.84811,0.16092502499399156
2599.84811,0.15757600546892708
2599.84811,0.12589795458125513
2599.84811,0.12912223238966358
2599.84811,0.18239750158332296
2601.91558,0.11091072092323781
2601.91558,0.1786551395572013
2601.91558,0.19849819162071203
2601.91558,0.15948846848549236
2601.91558,0.1029406116047235
2601.91558,0.1264021218697163
2601.91558,0.10523704422688755
2601.91558,0.16558794689578205
2601.91558,0.16720545002098738
2601.91558,0.1472114493270578
2603.98304,0.2287787696090667
2603.98304,0.14133695871597574
2603.98304,0.19575238784257676
2603.98304,0.19114240322703158
2603.98304,0.13370964748918077
2603.98304,0.1665214254765982
2603.98304,0.13526617337721525
2603.98304,0.1761904705943099
2606.0505,0.17209349332062476
2606.0505,0.16181429981549358
2606.0505,0.21636553657599122
2606.0505,0.1962485804107014
2606.0505,0.18250048106880273
2606.0505,0.1670502050542912
2608.11796,0.1895593594148809
2608.11796,0.17547127809466495
2608.11796,0.18026882020066212
2608.11796,0.2109062521743202
2608.11796,0.2238977423137834
2610.18543,0.21371785590361936
2610.18543,0.1945669224378218
2610.18543,0.19762006731824439
2610.18543,0.18475943165749345
2612.25289,0.22212335366840624
2612.25289,0.19600997548921276
2612.25289,0.22350515071845067
2612.25289,0.23482774794009872
2614.32035,0.17799464541097312
2614.32035,0.25929741484740326
2614.32035,0.2101247248861521
2614.32035,0.24957362938569178
2616.38781,0.22492179662233786
2616.38781,0.2303399276240712
2616.38781,0.23680534973251313
2616.38781,0.2785468225128095
2616.38781,0.21838031826964124
2618.45528,0.21415228923700844
2618.45528,0.24579894269638475
2618.45528,0.2141882751009016
2618.45528,0.25457714528110564
2618.45528,0.19680312189851273
2618.45528,0.1827217451939014
2618.45528,0.26944994775487174
2618.45528,0.21969257892426644
2618.45528,0.2971044792718786
2618.45528,0.2625099797244402
2618.45528,0.257093887949583
2618.45528,0.27372293627976396
2618.45528,0.2663526323012918
2620.52274,0.30953653334640974
2620.52274,0.2525509530883202
2620.52274,0.259667789398912
2620.52274,0.2623927655249312
2620.52274,0.2627537841624462
2622.5902,0.27223275937258024
2622.5902,0.22770926950025197
2622.5902,0.28204462489570625
2622.5902,0.23954305857931946
2622.5902,0.27914219599834006
2624.65766,0.2727203761660375
2624.65766,0.31050842639387394
2624.65766,0.278140509962348
2624.65766,0.28217956697646585
2626.72513,0.24438508603199427
2626.72513,0.25688433425670926
2626.72513,0.28509099988032255
2626.72513,0.26639015398528193
2628.79259,0.2647691720567979
2628.79259,0.30623474163654424
2628.79259,0.2559898040734252
2628.79259,0.31752921863947564
2630.86005,0.29248468999808885
2630.86005,0.23436734490116212
2630.86005,0.2635650393320413
2630.86005,0.2453348144155738
2632.92751,0.20131449968466197
2632.92751,0.31074758089256993
2632.92751,0.22382381736397106
2632.92751,0.215891913432984
2634.99498,0.24140595275164367
2634.99498,0.20668263060040398
2634.99498,0.22733849683476035
2637.06244,0.15533126808839937
2637.06244,0.2185438537884392
2637.06244,0.21942107538538128
2639.1299,0.1866931012668024
2639.1299,0.1424276435837146
2639.1299,0.16931891046678224
2641.19736,0.12329364592512529
2641.19736,0.13909720373571718
2641.19736,0.15013716775625635
2643.26483,0.07950177856682508
2643.26483,0.11843215209877546
2643.26483,0.07273665370007698
2645.33229,0.04195812336095346
2645.33229,0.09327867401057906
2645.33229,0.09873019021919002
2647.39975,0.028171964219525017
2647.39975,0.018886727488988796
2647.39975,0.06906733990244493
2649.46721,0.04359349023064872
2649.46721,0.05994883571533757
2649.46721,0.049735656181714744
2651.53468,0.032431682205819115
2651.53468,0.029680367075788028
2651.53468,0.021195758232599806
2653.60214,0.02819356174888456
2653.60214,0.0315969211665001
2653.60214,0.014317820929333515
2655.6696,0.023067088572515868
2655.6696,0.0
2655.6696,0.0
2657.73706,0.0
2657.73706,0.0
2657.73706,0.0
2657.73706,0.0
2657.73706,0.004644275107939256
2659.80453,0.0
2659.80453,0.013170315052904516
2659.80453,0.0
2659.80453,0.020001329568641063
2661.87199,0.0
2661.87199,0.030384551446826776
2661.87199,0.0
2661.87199,0.0
2663.93945,0.02562184829486283
2663.93945,0.003210756494518394
2663.93945,0.0
2663.93945,0.001192578554451205
2663.93945,0.019283831224261742
2666.00691,0.0
2666.00691,0.0
2666.00691,0.026607690903122202
2666.00691,0.0
2666.00691,0.025013040775090135
2666.00691,0.005325432808428388
2666.00691,0.00518398583583576
2668.07438,0.013869031780349147
2668.07438,0.037827769012225995
2668.07438,0.03268246515523465
2668.07438,0.0052221844495496115
2670.14184,0.02183768798991896
2670.14184,0.018587662245562214
2670.14184,0.0
2670.14184,0.0
2670.14184,0.049595987426002054
2670.14184,0.0
2670.14184,0.027152765449249553
2670.14184,0.013817671369191086
2672.2093,0.014966712111456951
2672.2093,0.009379342668420368
2672.2093,0.08763854750142869
2672.2093,0.04751926763923464
2672.2093,0.09084445086325733
2672.2093,0.027710072168182456
2672.2093,0.024069813494800026
2672.2093,0.01226155833210211
2672.2093,0.012896118853894451
2674.27676,0.0
2674.27676,0.06095846858954004
2674.27676,0.016749210569950653
2674.27676,0.060223352095301
2674.27676,0.018729172630768478
2674.27676,0.08536908677233533
2674.27676,0.0681411374286689
2674.27676,0.11023672731832163
2676.34423,0.10022796559465424
2676.34423,0.041151983491531735
2676.34423,0.055379427733970234
2676.34423,0.018156764674603646
2676.34423,0.11205890818405938
2676.34423,0.07783626454947234
2676.34423,0.023699192089817078
2676.34423,0.055290614141339844
2678.41169,0.06624761339839005
2678.41169,0.06503156739058634
2678.41169,0.0408726122750613
2678.41169,0.06976527080519504
2678.41169,0.11101449201945263
2678.41169,0.0824775281373549
2678.41169,0.09796351506616892
2678.41169,0.08089892974196491
2678.41169,0.08100362285793963
2678.41169,0.044866177093713266
2680.47915,0.11318361166653824
2680.47915,0.10728070141272014
2680.47915,0.12798751290121585
2680.47915,0.10126766403830201
2680.47915,0.10646193935100468
2680.47915,0.123947930476732
2680.47915,0.09962011225297214
2680.47915,0.09032588508558372
2680.47915,0.042751858495731654
2680.47915,0.05480958130180965
2682.54661,0.13673261548102583
2682.54661,0.1046900472862059
2682.54661,0.13055990533989115
2682.54661,0.0977118437709134
2682.54661,0.08787882429709276
2684.61408,0.13574402898832422
2684.61408,0.11854718679470326
2684.61408,0.14486506556195564
2684.61408,0.10913455683748133
2686.68154,0.10122533713791597
2686.68154,0.11637315263734606
2686.68154,0.10579805507550874
2686.68154,0.11251472918340177
2688.749,0.12206510598590714
2688.749,0.10894267253159508
2688.749,0.11673771599622482
2688.749,0.12924363115718737
2690.81646,0.1335617007278869
2690.81646,0.1095748113788904
2690.81646,0.08068648503268211
2690.81646,0.12190058063832283
2692.88393,0.1690097893817767
2692.88393,0.16613092274509622
2692.88393,0.14615267441301208
2692.88393,0.13224154850921196
2694.95139,0.14682127474380993
2694.95139,0.14214115746155662
2694.95139,0.17513343614868068
2694.95139,0.1890674049595997
2694.95139,0.16198155486556015
2694.95139,0.18752592418122077
2694.95139,0.13131404741504438
2694.95139,0.16801223748194213
2697.01885,0.15430399040329845
2697.01885,0.1364681076610753
2697.01885,0.14174502261807126
2697.01885,0.11156977488750612
2697.01885,0.14025441240931144
2697.01885,0.16055507435198657
2697.01885,0.20898846096791232
2697.01885,0.13524872789505551
2697.01885,0.2003397158252802
2699.08631,0.2132817883605039
2699.08631,0.15646367674837428
2699.08631,0.18281389594445843
2699.08631,0.14046037822521476
2699.08631,0.19073496472740342
2701.15378,0.22827729562336282
2701.15378,0.1901029509742271
2701.15378,0.22040229360527766
2703.22124,0.20332200433306144
2703.22124,0.22143805375011041
2703.22124,0.16240316753972983
2703.22124,0.24061971217967856
2703.22124,0.1835357601164517
2705.2887,0.19491519448857578
2705.2887,0.1732865701549349
2707.35616,0.1948337379851422
2707.35616,0.2006366790126345
2709.42363,0.13021504219012664
2709.42363,0.14827293897233604
2711.49109,0.10460744724145682
2711.49109,0.16391147216938473
2713.55855,0.14132732801066564
2713.55855,0.19775702917541546
2715.62601,0.10700383487567636
2715.62601,0.11241725892885898
2717.69348,0.06927534402434761
2717.69348,0.09616333337385256
2719.76094,0.10481010694195533
2719.76094,0.1521766722819988
2721.8284,0.09299285186364467
2721.8284,0.10915563332665948
2723.89586,0.0357472114525916
2723.89586,0.09188570423143606
2725.96333,0.07899109459537816
2725.96333,0.10788581253958458
2728.03079,0.12212094515762723
2728.03079,0.03987457760973625
2730.09825,0.10364882899306338
2730.09825,0.06868072165275711
2732.16571,0.06863829945268289
2732.16571,0.09094844154604534
2734.23318,0.06981527648324037
2734.23318,0.0637365069021434
2736.30064,0.03238138288882191
2736.30064,0.030669423970910777
2738.3681,0.05095305785023805
2738.3681,0.05605772628568324
2740.43556,0.07058593304755624
2740.43556,0.019827858053362755
2742.50303,0.011930353470198758
2742.50303,0.05197816584592945
2744.57049,0.0
2744.57049,0.0
2746.63795,0.04756163982473285
2746.63795,0.0
2748.70541,0.034560306731105855
2748.70541,0.04129375892084087
2750.77288,0.03312697326676023
2750.77288,0.04796468643746483
2752.84034,0.0379863562599386
2752.84034,0.0
2754.9078,0.05031865836685363
2754.9078,0.04457955751781305
2756.97526,0.05981210855008473
2756.97526,0.08481426270787713
2759.04273,0.04930988547033053
2759.04273,0.03680565948842844
2761.11019,0.02257244204739908
2761.11019,0.03854767566307038
2763.17765,0.0
2763.17765,0.0
2765.24511,0.0074356245104152605
2765.24511,0.00816405392570136
2767.31258,0.0
2767.31258,0.010791366560734818
2769.38004,0.0005690593198172878
2769.38004,0.023130873713658677
2771.4475,0.018416190916210055
2771.4475,0.0
2773.51496,0.0
2773.51496,0.015539635923824341
2775.58242,0.0
2775.58242,0.0
2777.64989,0.0
2777.64989,0.0
2779.71735,0.0029841330416806966
2781.78481,0.0
2783.85227,0.02772643881305872
2785.91974,0.0
2787.9872,0.006340766510625373
2790.05466,0.00636264753190065
2792.12212,0.0
2794.18959,0.0
2796.25705,0.03419919824508934
2798.32451,0.038219011884583945
2800.39197,0.040954266539483565
2802.45944,0.058272686037410766
2804.5269,0.0912676926581319
2806.59436,0.07901134706502179
2808.66182,0.09830697161714042
2810.72929,0.09318918552169898
2812.79675,0.11357449941380159
2814.86421,0.12617432192033673
2816.93167,0.12699081843307194
2818.99914,0.10921740328671163
2821.0666,0.09144028969788846
2823.13406,0.07480434250751591
2825.20152,0.07149798506821273
2827.26899,0.05916846613979361
2829.33645,0.02873021935427603
2831.40391,0.05140257775295347
2833.47137,0.0
2835.53884,0.0
2837.6063,0.006543078075072228
2839.67376,0.0
2841.74122,0.0
2843.80869,0.02519624548803093
2845.87615,0.0
2847.94361,0.0
2850.01107,0.0
2852.07854,0.0
2854.146,0.009608681718542558
2856.21346,0.021279509994761147
2858.28092,0.051050271634529965
2860.34839,0.011046747722444844
2862.41585,0.05232914116741482
2864.48331,0.0
2866.55077,0.01805137513182292
2868.61824,0.0
2870.6857,0.0
2872.75316,0.0
2874.82062,0.008554097538124148
2876.88809,0.03437437321075409
2878.95555,0.0013105091171041088
2881.02301,0.0
2883.09047,0.0
2885.15794,0.0
2887.2254,0.021992002370700016
2889.29286,0.0
2891.36032,0.0
2893.42779,0.019027391219604423
2895.49525,0.024530140869856804
2897.56271,0.008299143960195593
2899.63017,0.0
2901.69764,0.04011359132848221
2903.7651,0.01955414839785985
2905.83256,0.0006542019136819595
2905.83256,0.018301416357546212
2905.83256,0.0
2905.83256,0.0
2907.90002,0.0
2907.90002,0.0
2909.96749,0.0028341120832320998
2909.96749,0.0
2909.96749,0.047834095488219534
2912.03495,0.03504755232068036
2912.03495,0.004206626294762387
2912.03495,0.019468955883925068
2912.03495,0.0
2912.03495,0.0025427438944235947
2912.03495,0.014090836062538723
2912.03495,0.0
2914.10241,0.0
2914.10241,0.0
2916.16987,0.0
2916.16987,0.0
2916.16987,0.0
2918.23734,0.0
2918.23734,0.0
2918.23734,0.0
2918.23734,0.0
2920.3048,0.01445633712664498
2920.3048,0.031330867857441935
2920.3048,0.013593908500181507
2920.3048,0.011348411481420061
2920.3048,0.0
2920.3048,0.002957145885185622
2920.3048,0.0
2920.3048,0.0
2922.37226,0.014286182911225721
2922.37226,0.0
2922.37226,0.0
2922.37226,0.035108976183074826
2922.37226,0.005348102123885925
2922.37226,0.008212166381306375
2922.37226,0.023081881167568177
2922.37226,0.0
2922.37226,0.0
2924.43972,0.01971920331848776
2924.43972,0.0
2924.43972,0.03337086488954678
2924.43972,0.0
2924.43972,0.002471534634257451
2924.43972,0.0
2924.43972,0.008398444359136911
2924.43972,0.0
2924.43972,0.0
2926.50719,0.004610111122273389
2926.50719,0.0005018081767189133
2926.50719,0.011719788356918172
2926.50719,0.0
2926.50719,0.06842814626657855
2926.50719,0.0
2926.50719,0.0
2926.50719,0.0393830194417945
2926.50719,0.0487368563489785
2926.50719,0.09217654746584585
2926.50719,0.07510637776047162
2928.57465,0.05321351189444956
2928.57465,0.049873330599910684
2928.57465,0.03810044909209857
2928.57465,0.0
2928.57465,0.0
2928.57465,0.05710762090088779
2928.57465,0.0
2928.57465,0.004981894234254519
2928.57465,0.048807850123826595
2928.57465,0.018730579289829342
2928.57465,0.02686593009181838
2928.57465,0.08471526113592066
2928.57465,0.04652292359167396
2930.64211,0.07865885697166612
2930.64211,0.04771110446598809
2930.64211,0.04212560926411386
2930.64211,0.05078874002657447
2930.64211,0.02951157163575077
2930.64211,0.011042112702755118
2930.64211,0.06996739146181699
2932.70957,0.06054677428345342
2932.70957,0.10433248879936273
2932.70957,0.04279577388421215
2932.70957,0.04375313120451207
2932.70957,0.04558665734469761
2934.77704,0.15355394240799664
2934.77704,0.12018826816408451
2934.77704,0.02641092338011235
2934.77704,0.0563541633578006
2934.77704,0.10446802323592735
2934.77704,0.08040895512695856
2934.77704,0.15336008978856866
2934.77704,0.12402108169348319
2936.8445,0.14743635255523665
2936.8445,0.1172832584513182
2936.8445,0.1381020945864415
2938.91196,0.17054660668135418
2938.91196,0.14382079979690604
2938.91196,0.12502805038787324
2938.91196,0.1271342328690338
2938.91196,0.1427653758773854
2940.97942,0.18418464429475848
2940.97942,0.15823294561199253
2940.97942,0.1803402140152349
2940.97942,0.12598276103674577
2943.04689,0.13728728192329923
2943.04689,0.1855571671753645
2943.04689,0.19036068411226126
2945.11435,0.1399623864711089
2945.11435,0.15744911822102126
2947.18181,0.1616336248419375
2947.18181,0.1957974650928253
2949.24927,0.13916458393194753
2949.24927,0.24404525991673026
2949.24927,0.2752308963651687
2951.31674,0.10159381550770723
2953.3842,0.10566208645663855
2955.45166,0.07913188021537802
2957.51912,0.06328374646008127
2959.58659,0.015053701991975815
2961.65405,0.0
2963.72151,0.0
2965.78897,0.0
2967.85643,0.009173163082398642
2969.9239,0.02479445210276519
2971.99136,0.0
2974.05882,0.0
2976.12628,0.0013366289404872945
2978.19375,0.011494915349185451
2980.26121,0.005828271853658001
2982.32867,0.0
2984.39613,0.021425778782108492
2986.4636,0.0
2988.53106,0.00568927858470739
2990.59852,0.0005157333778496348
2992.66598,0.0
2994.73345,0.0
2996.80091,0.0
2998.86837,0.028915262524261014
3000.93583,0.025477564780208423
3003.0033,0.0071237127234479785
3005.07076,0.01360612271498895
3007.13822,0.0021521161960256292
3009.20568,0.05858402260831541
3011.27315,0.07594372013242388
3013.34061,0.07120705294584041
3015.40807,0.08816611753079309
3017.47553,0.08172002572398572
3019.543,0.015767305790283796
3021.61046,0.06503208848994504
3023.67792,0.04428941162921718
3025.74538,0.048430597541919244
3027.81285,0.08205854258058433
3029.88031,0.03924292258849972
3031.94777,0.10880457428472509
3034.01523,0.13457011992073908
3036.0827,0.16137159983389107
3038.15016,0.23923507226131377
3040.21762,0.20638839004161164
3042.28508,0.23471820313314237
3044.35255,0.2452313426541048
3046.42001,0.30870544196660743
3048.48747,0.28799687925459844
3050.55493,0.22900507099601583
3052.6224,0.22707956942074395
3054.68986,0.21165394513470956
3056.75732,0.1819635597792832
3058.82478,0.22520562621100046
3060.89225,0.16500203325300614
3060.89225,0.18711705464598172
3060.89225,0.15282380211032712
3060.89225,0.2085049167269927
3060.89225,0.21935212923338712
3060.89225,0.17343427060148495
3062.95971,0.16237520272879086
3062.95971,0.14779302173598438
3062.95971,0.1766088281406981
3062.95971,0.2174329302775003
3065.02717,0.13858284020477554
3065.02717,0.16712084163385924
3065.02717,0.16725372866166835
3065.02717,0.1982868789532941
3065.02717,0.14770437597687686
3065.02717,0.1667808777043365
3065.02717,0.16526817619489612
3065.02717,0.18698467438073849
3067.09463,0.17515819758627416
3067.09463,0.12343871846671282
3067.09463,0.144803378945331
3067.09463,0.14692464742449793
3069.1621,0.13382658490018
3069.1621,0.11641849595237301
3069.1621,0.14458445157929173
3071.22956,0.1043469738848731
3071.22956,0.1075562628006848
3071.22956,0.12610242754785198
3071.22956,0.16448838642929448
3071.22956,0.11144628783505192
3071.22956,0.11616226230093944
3071.22956,0.11813372197079293
3073.29702,0.08576890137879725
3073.29702,0.07865509706900548
3073.29702,0.10387027232926353
3075.36448,0.13101925097561995
3075.36448,0.06988838610688584
3077.43195,0.12726502104155113
3077.43195,0.057495398731801164
3079.49941,0.09958386975371919
3079.49941,0.07719210849409622
3081.56687,0.1036530452565864
3081.56687,0.04790123966005203
3083.63433,0.12426123466935439
3083.63433,0.08540332404185251
3085.7018,0.07091033507022894
3085.7018,0.07406006665695322
3085.7018,0.14093527164177447
3085.7018,0.08025899296592601
3087.76926,0.08338340434216919
3087.76926,0.09051068815741443
3089.83672,0.06549543377094773
3089.83672,0.07628006046387521
3091.90418,0.04748164422752483
3091.90418,0.09153117560324205
3091.90418,0.07579801708251466
3093.97165,0.073483504827264
3093.97165,0.11163698048043073
3096.03911,0.068188299012248
3096.03911,0.06956552576773556
3098.10657,0.04757449042464049
3098.10657,0.052454142264104546
3100.17403,0.07056115078855396
3100.17403,0.005987470210518936
3102.2415,0.1065745934241326
3102.2415,0.06154491430398064
3104.30896,0.09572194086449679
3104.30896,0.048994467288505754
3106.37642,0.08552780964303903
3106.37642,0.05231524188803919
3108.44388,0.008041582924251212
3108.44388,0.06651405192589856
3110.51135,0.03642199662982062
3110.51135,0.06460328637217178
3112.57881,0.050268503838980204
3112.57881,0.06189341818029284
3114.64627,0.08264126323116883
3114.64627,0.03754283530704365
3114.64627,0.14795938536204897
3114.64627,0.08357710325831919
3114.64627,0.08812447946246821
3114.64627,0.0777763451023958
3114.64627,0.08096308744250814
3114.64627,0.14602558960937476
3114.64627,0.10844184652238141
3114.64627,0.06742145198392202
3116.71373,0.1037461042441302
3116.71373,0.05641034641087806
3118.7812,0.1556009808304655
3118.7812,0.12036562207683142
3118.7812,0.08988843951891966
3118.7812,0.189789515957846
3118.7812,0.15584962503958485
3118.7812,0.11760621960661796
3118.7812,0.14402096483824764
3120.84866,0.12398430075308112
3120.84866,0.1613599030697349
3120.84866,0.1263016723257355
3120.84866,0.15985114707479672
3120.84866,0.13857429279213204
3120.84866,0.16550193390533657
3122.91612,0.21625425135248932
3122.91612,0.1536533172377991
3122.91612,0.12736610141920204
3122.91612,0.21693918150132185
3122.91612,0.21181861615274405
3122.91612,0.25061044145196554
3124.98358,0.19635339983799555
3124.98358,0.21107069361180392
3124.98358,0.23312431647721593
3124.98358,0.20638175303598388
3124.98358,0.20638902433777412
3127.05105,0.24429515788443465
3127.05105,0.23971632492147463
3127.05105,0.20426978902487247
3129.11851,0.24749962424561736
3129.11851,0.24147288032193384
3131.18597,0.2482988087497425
3131.18597,0.24534585670962433
3131.18597,0.21045099774529977
3131.18597,0.2792607381459162
3133.25343,0.22988425637875423
3135.3209,0.20783704778176654
3137.38836,0.19157773862036911
3139.45582,0.15985859448092027
3141.52328,0.14715798013731765
3143.59075,0.15791248211013822
3145.65821,0.1245283814244201
3147.72567,0.12319319331012024
3149.79313,0.11954064851229511
3151.8606,0.11030183360987345
3153.92806,0.14353225860439187
3155.99552,0.1253575195915362
3158.06298,0.14501941110360483
3160.13044,0.1522286116014375
3162.19791,0.1286389085270838
3164.26537,0.16995659673737343
3166.33283,0.20171182054281575
3168.40029,0.18498948092801099
3170.46776,0.21420816372261328
3172.53522,0.25178649720025315
3174.60268,0.21905008623279015
3176.67014,0.2434458859646519
3178.73761,0.29186705904621096
3180.80507,0.26590149971051324
3182.87253,0.2912139106988552
3184.93999,0.25492383240916666
3187.00746,0.22337984589997587
3189.07492,0.2553318675069065
3191.14238,0.18082471498594987
3193.20984,0.14650337240031
3195.27731,0.16479529719775216
3197.34477,0.1324452403924602
3199.41223,0.13885968714616514
3201.47969,0.08035724619006394
3203.54716,0.11435578422492289
3205.61462,0.11792263157073564
3207.68208,0.12713924932363752
3209.74954,0.16289638829964365
3211.81701,0.1803881608385248
3213.88447,0.22432247237427166
3215.95193,0.16344333162357175
3218.01939,0.18740690544320643
3220.08686,0.2217783338329934
3222.15432,0.17506658696746313
3222.15432,0.2118159812675035
3224.22178,0.25577562950856353
3224.22178,0.16303457642163943
3224.22178,0.23049306952981194
3226.28924,0.20264768105227465
3226.28924,0.2090269961125594
3226.28924,0.24365577356489543
3226.28924,0.08890821468203071
3226.28924,0.16210827200449873
3228.35671,0.21715739369149836
3228.35671,0.03553442182952237
3228.35671,0.0766686492060173
3228.35671,0.06283196447144236
3228.35671,0.07863826107871769
3228.35671,0.16633906775688642
3228.35671,0.1274867856553288
3228.35671,0.06933957037146171
3228.35671,0.1923438166393794
3228.35671,0.153387358089721
3230.42417,0.07773258358777012
3230.42417,0.13014299248194738
3230.42417,0.12192952632797831
3230.42417,0.14301837945982096
3230.42417,0.09557279445283758
3230.42417,0.18971233951456126
3230.42417,0.1558925802805075
3230.42417,0.10812315532627016
3230.42417,0.14195810570049774
3230.42417,0.08529049817720422
3232.49163,0.07245329230711912
3232.49163,0.11262608428369238
3232.49163,0.021245241422883136
3232.49163,0.04166116886711852
3232.49163,0.186817078013259
3232.49163,0.1272391134690042
3232.49163,0.15155600715462597
3232.49163,0.029084480891296543
3232.49163,0.07523069267072531
3234.55909,0.00859926904261287
3234.55909,0.03239735418119934
3234.55909,0.04350291531588711
3234.55909,0.17044010795898415
3234.55909,0.08029733477370311
3234.55909,0.062422103636246035
3234.55909,0.03822147205851121
3234.55909,0.03449499748876416
3234.55909,0.15068579753668143
3234.55909,0.1847981255060278
3234.55909,0.14741477599984265
3234.55909,0.15976165294192268
3234.55909,0.017701864306181665
3236.62656,0.0021242199115914374
3236.62656,0.0
3236.62656,0.035225443138150285
3236.62656,0.07368744362381555
3236.62656,0.0
3238.69402,0.06503210597364122
3238.69402,0.0
3240.76148,0.0
3240.76148,0.0
3242.82894,0.020855555578586447
3242.82894,0.02348880457151756
3244.89641,0.0
3244.89641,0.0
3244.89641,0.021307157754915727
3244.89641,0.0
3244.89641,0.019450879119191113
3246.96387,0.0
3246.96387,0.0
3246.96387,0.0
3249.03133,0.0
3249.03133,0.0
3249.03133,0.015602344371864729
3251.09879,0.0
3253.16626,0.010149049382407025
3255.23372,0.02322315804267247
3257.30118,0.03785318183437714
3259.36864,0.04708826814278361
3261.43611,0.07207758663492202
3263.50357,0.07885949430130279
3265.57103,0.10397573174454579
3267.63849,0.08644495801522888
3269.70596,0.09579467606470793
3271.77342,0.0715156713782999
3273.84088,0.09053857936963484
3275.90834,0.09247583849392867
3277.97581,0.1357061858464979
3280.04327,0.16293904249085375
3282.11073,0.14698656058994103
3284.17819,0.11493045835727028
3286.24566,0.13251081310254492
3288.31312,0.16143578342314682
3290.38058,0.1889251229593104
3292.44804,0.24857613667553102
3294.51551,0.25472040873310114
3296.58297,0.2511180883379938
3298.65043,0.29596175845622713
3300.71789,0.3382756022174005
3302.78536,0.3232377634551807
3304.85282,0.3029052738491562
3306.92028,0.32510426793320163
3308.98774,0.29550417882291136
3311.05521,0.30009303359689565
3313.12267,0.2903756236924605
3315.19013,0.29211608838949266
3317.25759,0.3164459314595704
3319.32506,0.27308190999055726
3321.39252,0.2671636353624644
3323.45998,0.2307040022450559
3325.52744,0.20554405054867872
3327.59491,0.18230499068248854
3329.66237,0.21634282262981563
3331.72983,0.18235124846159076
3333.79729,0.14270541181548416
3335.86476,0.189335050756083
3337.93222,0.1782009094182844
3339.99968,0.21348955599313812
3342.06714,0.23257623767972732
3344.13461,0.1974561738460811
3346.20207,0.2827816945826886
3348.26953,0.284566285137806
3350.33699,0.24113225123511772
3352.40445,0.2784240206369806
3354.47192,0.3079111518083234
3356.53938,0.26153052757040995
3358.60684,0.2543623197891794
3360.6743,0.25223848988880126
3362.74177,0.15360879367999525
3364.80923,0.18031290000583938
3366.87669,0.14362009861234995
3368.94415,0.07190354652060056
3371.01162,0.06713441739385215
3373.07908,0.0
3375.14654,0.022029410939180132
3377.214,0.0
3379.28147,0.028304359401255683
3381.34893,0.03435477447670321
3383.41639,0.02555536036563089
3385.48385,0.018628986414750894
3387.55132,0.04684288154775881
3389.61878,0.026480238531708084
3391.68624,0.07116260834887515
3393.7537,0.04425428368033925
3395.82117,0.08060107495215946
3397.88863,0.03588560883207109
3399.95609,0.07758602752874089
3402.02355,0.09497376069473888
3404.09102,0.08856952955180449
3406.15848,0.14094525570269625
3408.22594,0.07718953644299621
3410.2934,0.13033078819443752
3412.36087,0.19269761264090687
3414.42833,0.2475330328240387
3416.49579,0.20940241829634634
3418.56325,0.2717682507855665
3420.63072,0.27881969328723905
3422.69818,0.32443050836014103
3424.76564,0.3110955349506391
3426.8331,0.27187441768577547
3428.90057,0.2513492390461441
3430.96803,0.2496465421598949
3433.03549,0.2220256254494408
3435.10295,0.14720638330908684
3437.17042,0.11896942362987464
3439.23788,0.09180262341869676
3441.30534,0.042503425897786336
3443.3728,0.07685638712955228
3445.44027,0.0
3447.50773,0.008341893138622419
3449.57519,0.005998946262709464
3451.64265,0.036693239668182866
3453.71012,0.008983812893619336
3455.77758,0.013273974037262054
3457.84504,0.0
3459.9125,0.0
3461.97997,0.0
3464.04743,0.04651233465974052
3466.11489,0.0
3468.18235,0.0
3470.24982,0.0
3472.31728,0.02624564754219923
3474.38474,0.036557983514193274
3476.4522,0.022597509641695674
3478.51967,0.04512123388398656
3480.58713,0.03340479612206815
3482.65459,0.06894555411559712
3484.72205,0.039307094197660604
3486.78952,0.13945925967122277
3488.85698,0.13330454379617773
3490.92444,0.15981866674994247
3492.9919,0.13538949455927363
3495.05937,0.14633980303522065
3497.12683,0.11595922280653154
3499.19429,0.11520939034306911
3501.26175,0.05667408940161334
3503.32922,0.02489682134259505
3505.39668,0.03792867874514123
3507.46414,0.0
3509.5316,0.0
3511.59907,0.010375681691075982
3513.66653,0.0026051701583653507
3515.73399,0.0
3517.80145,0.02017551836703214
3519.86892,0.026971222815025293
3521.93638,0.028940867648182735
3524.00384,0.06972594303183541
3526.0713,0.060282156063379416
3528.13877,0.07660550501843547
3530.20623,0.14422891773835853
3532.27369,0.14084487587706945
3534.34115,0.07791123497420528
3536.40862,0.15248694021466774
3538.47608,0.10987477485432945
3540.54354,0.10326389937511748
3542.611,0.09639196849221837
3544.67846,0.09221000351165713
3546.74593,0.05379702593439288
3548.81339,0.0976960244601456
3550.88085,0.04314425829587329
3552.94831,0.03070298923744375
3555.01578,0.07068873997115538
3557.08324,0.07233369858242193
3575.6904,0.38092123519784377
3575.6904,0.3863367379716214
3575.6904,0.3782900592324674
3577.75786,0.38493560042627484
3579.82533,0.35496788836236204
3581.89279,0.31493454110204466
3581.89279,0.3380623284735714
3581.89279,0.31954646632277633
3581.89279,0.31558483950024463
3581.89279,0.29844164754866925
3581.89279,0.26259710559792165
3583.96025,0.29772902101949555
3583.96025,0.2523233149135566
3583.96025,0.2187040627580653
3586.02771,0.3167849189501382
3586.02771,0.24559750438424657
3586.02771,0.26845120384822563
3586.02771,0.3092878910451587
3586.02771,0.31153075974311933
3588.09518,0.11737607284800335
3588.09518,0.24078167839584394
3588.09518,0.11442642376200361
3588.09518,0.11628522519585344
3590.16264,0.06563849954627256
3590.16264,0.07356256736618358
3590.16264,0.1828963496216614
3590.16264,0.16379718997984843
3590.16264,0.21352919947159782
3590.16264,0.17693369704887174
3590.16264,0.24485623362370243
3590.16264,0.13795805067119543
3590.16264,0.23883057663536728
3590.16264,0.17051626906828204
3590.16264,0.10439860248941953
3590.16264,0.2172699137652877
3590.16264,0.22117688453608017
3590.16264,0.14245904896611758
3590.16264,0.21478367550544053
3590.16264,0.21077599593327898
3590.16264,0.09431156581699662
3592.2301,0.13597435382741682
3592.2301,0.16515876598488993
3592.2301,0.18055035612623532
3592.2301,0.17567016249006998
3592.2301,0.11188592771426649
3592.2301,0.09556858567961175
3592.2301,0.21299205346057185
3592.2301,0.084079555069967
3592.2301,0.20475245094044084
3592.2301,0.13935317334612116
3592.2301,0.18525896903666678
3592.2301,0.19705802196969302
3594.29756,0.06521126736000582
3594.29756,0.0911302325160428
3594.29756,0.21571012131831294
3594.29756,0.20772873435990638
3594.29756,0.08749586279773454
3594.29756,0.07103205560804975
3594.29756,0.026326618777039578
3596.36503,0.05204333647699588
3596.36503,0.07035690528833209
3598.43249,0.05621824457664152
3598.43249,0.01047484709018997
3598.43249,0.05317807727550455
3600.49995,0.06421549232761717
3602.56741,0.03722781994043576
3604.63488,0.02672987535038023
3606.70234,0.04152789611735982
3606.70234,0.06487670408327238
3606.70234,0.028266206583727842
3608.7698,0.0
3608.7698,0.03381344597156257
3610.83726,0.032672824193558415
3610.83726,0.0013412703098170942
3612.90473,0.0
3614.97219,0.04705465072454866
3617.03965,0.0
3617.03965,0.0032309217052936
3617.03965,0.030833496986757296
3619.10711,0.0
3619.10711,0.0
3619.10711,0.02490166104597393
3619.10711,0.035146764310451425
3619.10711,0.0
3621.17458,0.017798505252454182
3621.17458,0.0
3621.17458,0.00594121632291351
3621.17458,0.03062495586569668
3621.17458,0.0
3621.17458,0.0122319031110089
3623.24204,0.003373031377478206
3623.24204,0.01983471223156435
3623.24204,0.004149875243044212
3623.24204,0.0
3625.3095,0.0
3625.3095,0.0
3625.3095,0.04016588337194327
3627.37696,0.008049931622483355
3629.44443,0.0
3631.51189,0.003586655961716086
3633.57935,0.005587768880537891
3635.64681,0.015913063958556767
3637.71428,0.008736252553852526
3637.71428,0.003312911621620168
3639.78174,0.005009370302163534
3639.78174,0.0
3641.8492,0.0
3643.91666,0.0027939516728304648
3645.98413,0.0
3648.05159,0.017195992729106567
3648.05159,0.0
3648.05159,0.0
3650.11905,0.0
3652.18651,0.011950684359718097
3654.25398,0.0
3656.32144,0.048073122938618575
3658.3889,0.010181484971801784
3660.45636,0.003835719279540724
3660.45636,0.02264592224073823
3660.45636,0.023760368604299493
3662.52383,0.0
3662.52383,0.02286887615574177
3662.52383,0.0075721950689538065
3662.52383,0.0
3662.52383,0.00652273202717738
3664.59129,0.016663827534725128
3664.59129,0.027183402835424957
3666.65875,0.006269767700406667
3666.65875,0.0
3666.65875,0.029098983864616332
3666.65875,0.03299779651689497
3668.72621,0.04490182632820297
3668.72621,0.034282377087336925
3668.72621,0.06167950061059502
3668.72621,0.07366728723673747
3668.72621,0.04872062124174832
3668.72621,0.10056534791452801
3668.72621,0.017718611093431265
3670.79368,0.0994076245111026
3670.79368,0.1163799866690994
3672.86114,0.05696542750000672
3672.86114,0.11020872664741443
3674.9286,0.09974244265301824
3674.9286,0.09151677003338289
3676.99606,0.12085602927000666
3676.99606,0.07888549453332945
3679.06353,0.120258912895605
3679.06353,0.12200902591393527
3679.06353,0.15616526908592113
3681.13099,0.07859262387109354
3681.13099,0.13388574237381706
3683.19845,0.12790860940438867
3683.19845,0.1110842183593919
3703.87308,0.06275038467309813
3705.94054,0.062311777730332314
3708.008,0.03112292499976534
3710.07546,0.07233361735185381
3712.14293,0.07905273333224068
3714.21039,0.058984511660073125
3716.27785,0.025296337220643787
3718.34531,0.03371040412915005
3718.34531,0.017776031419686655
3718.34531,0.07484840826604716
3718.34531,0.04796909320170093
3720.41278,0.015216675523910199
3720.41278,0.06060602738890866
3720.41278,0.10817300346099089
3720.41278,0.12749509254833355
3722.48024,0.13803210518554176
3722.48024,0.12763801576351058
3722.48024,0.10987033275555105
3722.48024,0.11021968546794658
3722.48024,0.1070817446153015
3722.48024,0.11419398950505547
3722.48024,0.08593916108579519
3722.48024,0.03354325891576651
3722.48024,0.10972423197251224
3722.48024,0.1098462054147431
3722.48024,0.10181900131481171
3722.48024,0.046760481499812524
3722.48024,0.07225901509330397
3724.5477,0.11117454522032737
3724.5477,0.10434047630252558
3724.5477,0.1067637546864802
3724.5477,0.15892413814673584
3724.5477,0.06513718850036905
3724.5477,0.11443116030790176
3726.61516,0.08908329025743666
3726.61516,0.12233319547454957
3726.61516,0.1401079034492443
3726.61516,0.09456284978185023
3726.61516,0.17133604081510675
3728.68263,0.15468138849535276
3728.68263,0.17930028326029818
3728.68263,0.1765617339882292
3728.68263,0.15075850587185133
3730.75009,0.1777648310308301
3730.75009,0.11131274325048131
3730.75009,0.2227179576738627
3730.75009,0.21390845766626046
3730.75009,0.16469636095859883
3730.75009,0.1827399788076378
3730.75009,0.19454154170135737
3730.75009,0.16316388355626316
3732.81755,0.22541450236247798
3732.81755,0.16463920820948916
3732.81755,0.17407170250427229
3732.81755,0.17832163531789474
3732.81755,0.22878248678346377
3734.88501,0.19381868093113658
3734.88501,0.2240685350086449
3736.95248,0.22048774208204258
3736.95248,0.21831477413526068
3739.01994,0.20991449139770452
3739.01994,0.2461405906782186
3741.0874,0.23552152372531862
3741.0874,0.29450230688894924
3741.0874,0.30877647260218183
3741.0874,0.26382096959731266
3741.0874,0.2914611434257414
3741.0874,0.32088177161225245
3741.0874,0.23580391053311156
3741.0874,0.2637993070946848
3741.0874,0.31417997840629186
3741.0874,0.2195384221064742
3741.0874,0.2781385343381001
3741.0874,0.29069433755141055
3741.0874,0.21838279534701965
3741.0874,0.26530385428592546
3741.0874,0.28106646827739795
3743.15486,0.26380702800031575
3745.22232,0.24863664513076159
3747.28979,0.2235341610124247
3749.35725,0.27028679017189966
3751.42471,0.2346362162009186
3753.49217,0.2448446179284978
3755.55964,0.26378671723199687
3757.6271,0.24840391692762773
3759.69456,0.2665855889822968
3761.76202,0.21721352480583675
3763.82949,0.2099313383171368
3765.89695,0.18479807375775176
3767.96441,0.19511211121504896
3770.03187,0.22758743769528653
3772.09934,0.21526777386037474
3774.1668,0.23446815968679585
3776.23426,0.23435971068008427
3778.30172,0.22506601460742032
3780.36919,0.22194069594750035
3782.43665,0.19162462546467565
3784.50411,0.1649759527136434
3786.57157,0.21920078258565256
3788.63904,0.18235137812832317
3790.7065,0.17916359557878897
3792.77396,0.17137411489300736
3794.84142,0.16847102772106767
3796.90889,0.2571484024985883
3798.97635,0.21340912890790284
3801.04381,0.24920061062401283
3803.11127,0.2531578455512418
3805.17874,0.2697113516663971
3807.2462,0.2932052930022049
3809.31366,0.2962181471549969
3811.38112,0.3140542390160756
3813.44859,0.35087625179309656
3815.51605,0.32730783632481436
3817.58351,0.25930272421338363
3819.65097,0.2611234609164042
3821.71844,0.23883230131056554
3823.7859,0.19530214665497708
3825.85336,0.13440896471550803
3827.92082,0.15222326031017858
3829.98829,0.10283906557661902
3832.05575,0.11588561717231753
3834.12321,0.10549434054487039
3836.19067,0.08260489247429144
3838.25814,0.10144873247061248
3840.3256,0.1313408636311284
3842.39306,0.10541062639147072
3844.46052,0.1205538264452063
3846.52799,0.15502657970112774
3848.59545,0.10358035559717439
3850.66291,0.10713657443214451
3852.73037,0.12366900711517084
3854.79784,0.10321481343824176
3856.8653,0.14258487132503003
3858.93276,0.10803053456571089
3861.00022,0.12360647032472898
3863.06769,0.16926124784990673
3865.13515,0.16446095277818504
3867.20261,0.19522452867570558
3869.27007,0.22065425796094668
3871.33754,0.16767866979844576
3873.405,0.17963240741364453
3875.47246,0.14375042262121288
3877.53992,0.15267846337232455
3879.60739,0.12772369702090233
3881.67485,0.1402434435470212
3883.74231,0.10688649674352609
3885.80977,0.14867575435512878
3887.87724,0.09359900438633095
3889.9447,0.10025504778260533
3892.01216,0.10168095174378201
3894.07962,0.09998381171654924
3896.14709,0.13166659960698593
3898.21455,0.1004529627703583
3900.28201,0.08987262440213103
3902.34947,0.11640499173198517
3904.41694,0.10128816026343801
3906.4844,0.10850818210441682
3908.55186,0.13309089491200538
3910.61932,0.08959455639539303
3912.68679,0.1600863565862749
3914.75425,0.13218124144927199
3916.82171,0.1649929689450263
3918.88917,0.16905177455694442
3920.95664,0.1603475257048099
3923.0241,0.22494154790165652
3925.09156,0.20471087747259992
3927.15902,0.22892570493448552
3929.22649,0.21090397306405065
3931.29395,0.2064229928230252
3933.36141,0.209821308091274
3935.42887,0.21667764671860826
3937.49633,0.1873815314599144
3939.5638,0.18421448421774259
3941.63126,0.14771285567342146
3943.69872,0.15442302239628813
3945.76618,0.17192247768350358
3947.83365,0.21643289151404607
3949.90111,0.24112917937550807
3951.96857,0.2289855269733401
3954.03603,0.18601556000189967
3956.1035,0.17776575275804885
3958.17096,0.1449914947574182
3960.23842,0.13542367174154138
3962.30588,0.14525296839846083
3964.37335,0.12299233879861025
3966.44081,0.07024701190156148
3968.50827,0.13841145918041076
3970.57573,0.10608107522059003
3972.6432,0.1264850354236863
3974.71066,0.10400701053981572
3976.77812,0.0
3978.84558,0.0757209582180742
3980.91305,0.04268237536285306
3982.98051,0.071192291079903
3985.04797,0.02438618462393475
3987.11543,0.036619018498063566
3989.1829,0.01115071943085869
3991.25036,0.0
3993.31782,0.04828496088831934
3995.38528,0.040429548631704504
3997.45275,0.07214168048925647
3999.52021,0.051581450476160785
4001.58767,0.09217575759330773
4003.65513,0.08951344576560194
4005.7226,0.18246852744078157
