spectrum_id,file_name,rruff_official_id,rruff_official_name,rruff_url,excitation_nm,rruff_status,label_category_final,split_v3,qc_status,qc_reason,recommended_action,provenance_confidence
PARENT_0317,Colemanite__R050102__Raman__514__0__unoriented__Raman_Data_RAW__10079,R050102,Colemanite,https://rruff.info/R050102,514.0,The identification of this mineral has been confirmed by X-ray diffraction and chemical analysis,Borate,train,include_pending_manual_review,visible/NIR Raman used for DUV transfer; document excitation-domain limitation,retain_after_manual_qc,verified_public_database_record
PARENT_0318,Colemanite__R050102__Raman__532__0__unoriented__Raman_Data_RAW__26996,R050102,Colemanite,https://rruff.info/R050102,532.0,The identification of this mineral has been confirmed by X-ray diffraction and chemical analysis,Borate,train,include_pending_manual_review,visible/NIR Raman used for DUV transfer; document excitation-domain limitation,retain_after_manual_qc,verified_public_database_record
PARENT_0319,Colemanite__R050102__Raman__780__0__unoriented__Raman_Data_RAW__26998,R050102,Colemanite,https://rruff.info/R050102,780.0,The identification of this mineral has been confirmed by X-ray diffraction and chemical analysis,Borate,train,include_pending_manual_review,visible/NIR Raman used for DUV transfer; document excitation-domain limitation,retain_after_manual_qc,verified_public_database_record
PARENT_0320,Colemanite__X050040__Raman__785__0__unoriented__Raman_Data_Processed__6467,X050040,Colemanite,https://rruff.info/X050040,785.0,The identification of this mineral has been determined only by Raman spectroscopy,Borate,val,include_pending_manual_review,visible/NIR Raman used for DUV transfer; document excitation-domain limitation; RRUFF processed spectrum; verify processing provenance and avoid mixing incompatible baselines,retain_after_manual_qc,verified_public_database_record
PARENT_0321,Colemanite__R050331__Raman__532__0__unoriented__Raman_Data_RAW__28919,R050331,Colemanite,https://rruff.info/R050331,532.0,The identification of this mineral has been confirmed by X-ray diffraction and chemical analysis,Borate,train,include_pending_manual_review,visible/NIR Raman used for DUV transfer; document excitation-domain limitation,retain_after_manual_qc,verified_public_database_record
PARENT_0322,Colemanite__R050331__Raman__780__0__unoriented__Raman_Data_RAW__28916,R050331,Colemanite,https://rruff.info/R050331,780.0,The identification of this mineral has been confirmed by X-ray diffraction and chemical analysis,Borate,train,include_pending_manual_review,visible/NIR Raman used for DUV transfer; document excitation-domain limitation,retain_after_manual_qc,verified_public_database_record
PARENT_0323,Kernite__R050661__Raman__532__0__unoriented__Raman_Data_RAW__32852,R050661,Kernite,https://rruff.info/R050661,532.0,The identification of this mineral has been confirmed by X-ray diffraction.,Borate,train,include_pending_manual_review,visible/NIR Raman used for DUV transfer; document excitation-domain limitation,retain_after_manual_qc,verified_public_database_record
PARENT_0324,Ulexite__R050062__Raman__514__0__unoriented__Raman_Data_RAW__11042,R050062,Ulexite,https://rruff.info/R050062,514.0,The identification of this mineral has been confirmed by X-ray diffraction and chemical analysis,Borate,train,include_pending_manual_review,visible/NIR Raman used for DUV transfer; document excitation-domain limitation,retain_after_manual_qc,verified_public_database_record
PARENT_0325,Ulexite__R050062__Raman__785__0__unoriented__Raman_Data_RAW__21225,R050062,Ulexite,https://rruff.info/R050062,785.0,The identification of this mineral has been confirmed by X-ray diffraction and chemical analysis,Borate,train,include_pending_manual_review,visible/NIR Raman used for DUV transfer; document excitation-domain limitation,retain_after_manual_qc,verified_public_database_record
PARENT_0326,Ulexite__X050174__Raman__785__0__unoriented__Raman_Data_Processed__6712.rruff,X050174,Ulexite,https://rruff.info/X050174,785.0,The identification of this mineral has been determined only by Raman spectroscopy,Borate,train,include_pending_manual_review,visible/NIR Raman used for DUV transfer; document excitation-domain limitation; RRUFF processed spectrum; verify processing provenance and avoid mixing incompatible baselines,retain_after_manual_qc,verified_public_database_record
PARENT_0327,Ulexite__R050491__Raman__532__0__unoriented__Raman_Data_RAW__31647,R050491,Ulexite,https://rruff.info/R050491,532.0,The identification of this mineral has been confirmed by X-ray diffraction.,Borate,train,include_pending_manual_review,visible/NIR Raman used for DUV transfer; document excitation-domain limitation,retain_after_manual_qc,verified_public_database_record
PARENT_0328,Ulexite__R050491__Raman__780__0__unoriented__Raman_Data_RAW__31649,R050491,Ulexite,https://rruff.info/R050491,780.0,The identification of this mineral has been confirmed by X-ray diffraction.,Borate,train,include_pending_manual_review,visible/NIR Raman used for DUV transfer; document excitation-domain limitation,retain_after_manual_qc,verified_public_database_record
PARENT_0329,Aragonite__R040078__Raman__514__0__unoriented__Raman_Data_RAW__9444,R040078,Aragonite,https://rruff.info/R040078,514.0,The identification of this mineral has been confirmed by X-ray diffraction and chemical analysis,Carbonate,train,include_pending_manual_review,visible/NIR Raman used for DUV transfer; document excitation-domain limitation,retain_after_manual_qc,verified_public_database_record
PARENT_0330,Aragonite__R040078__Raman__532__0__unoriented__Raman_Data_RAW__15665,R040078,Aragonite,https://rruff.info/R040078,532.0,The identification of this mineral has been confirmed by X-ray diffraction and chemical analysis,Carbonate,train,include_pending_manual_review,visible/NIR Raman used for DUV transfer; document excitation-domain limitation,retain_after_manual_qc,verified_public_database_record
PARENT_0331,Aragonite__R040078__Raman__785__0__unoriented__Raman_Data_RAW__15667,R040078,Aragonite,https://rruff.info/R040078,785.0,The identification of this mineral has been confirmed by X-ray diffraction and chemical analysis,Carbonate,train,include_pending_manual_review,visible/NIR Raman used for DUV transfer; document excitation-domain limitation,retain_after_manual_qc,verified_public_database_record
PARENT_0332,Aragonite__X050023__Raman__785__0__unoriented__Raman_Data_Processed__6459,X050023,Aragonite,https://rruff.info/X050023,785.0,The identification of this mineral has been determined only by Raman spectroscopy,Carbonate,train,include_pending_manual_review,visible/NIR Raman used for DUV transfer; document excitation-domain limitation; RRUFF processed spectrum; verify processing provenance and avoid mixing incompatible baselines,retain_after_manual_qc,verified_public_database_record
PARENT_0333,Aragonite__R060195__Raman__532__0__unoriented__Raman_Data_RAW__33276,R060195,Aragonite,https://rruff.info/R060195,532.0,The identification of this mineral has been confirmed by X-ray diffraction and chemical analysis,Carbonate,train,include_pending_manual_review,visible/NIR Raman used for DUV transfer; document excitation-domain limitation,retain_after_manual_qc,verified_public_database_record
PARENT_0334,Aragonite__R060195__Raman__780__0__unoriented__Raman_Data_RAW__33278,R060195,Aragonite,https://rruff.info/R060195,780.0,The identification of this mineral has been confirmed by X-ray diffraction and chemical analysis,Carbonate,train,include_pending_manual_review,visible/NIR Raman used for DUV transfer; document excitation-domain limitation,retain_after_manual_qc,verified_public_database_record
PARENT_0335,Aragonite__R080142__Raman__532__0__unoriented__Raman_Data_RAW__30672,R080142,Aragonite,https://rruff.info/R080142,532.0,The identification of this mineral is confirmed by single-crystal X-ray diffraction and chemical analysis.,Carbonate,train,include_pending_manual_review,visible/NIR Raman used for DUV transfer; document excitation-domain limitation,retain_after_manual_qc,verified_public_database_record
PARENT_0336,Aragonite__R080142__Raman__780__0__unoriented__Raman_Data_RAW__30670,R080142,Aragonite,https://rruff.info/R080142,780.0,The identification of this mineral is confirmed by single-crystal X-ray diffraction and chemical analysis.,Carbonate,train,include_pending_manual_review,visible/NIR Raman used for DUV transfer; document excitation-domain limitation,retain_after_manual_qc,verified_public_database_record
PARENT_0337,Aragonite__R150021__Raman__532__0__unoriented__Raman_Data_RAW__38864,R150021,Aragonite,https://rruff.info/R150021,532.0,The identification of this mineral has been confirmed by X-ray diffraction and chemical analysis,Carbonate,val,include_pending_manual_review,visible/NIR Raman used for DUV transfer; document excitation-domain limitation,retain_after_manual_qc,verified_public_database_record
PARENT_0338,Aragonite__R150021__Raman__780__0__unoriented__Raman_Data_RAW__38866,R150021,Aragonite,https://rruff.info/R150021,780.0,The identification of this mineral has been confirmed by X-ray diffraction and chemical analysis,Carbonate,val,include_pending_manual_review,visible/NIR Raman used for DUV transfer; document excitation-domain limitation,retain_after_manual_qc,verified_public_database_record
PARENT_0339,Calcite__R040070__Raman__532__0__unoriented__Raman_Data_RAW__15329,R040070,Calcite,https://rruff.info/R040070,532.0,The identification of this mineral has been confirmed by X-ray diffraction and chemical analysis,Carbonate,train,include_pending_manual_review,visible/NIR Raman used for DUV transfer; document excitation-domain limitation,retain_after_manual_qc,verified_public_database_record
PARENT_0340,Calcite__R040070__Raman__785__0__unoriented__Raman_Data_RAW__15333,R040070,Calcite,https://rruff.info/R040070,785.0,The identification of this mineral has been confirmed by X-ray diffraction and chemical analysis,Carbonate,train,include_pending_manual_review,visible/NIR Raman used for DUV transfer; document excitation-domain limitation,retain_after_manual_qc,verified_public_database_record
PARENT_0341,Calcite__R040170__Raman__514__0__unoriented__Raman_Data_RAW__9652,R040170,Calcite,https://rruff.info/R040170,514.0,The identification of this mineral has been confirmed by X-ray diffraction and chemical analysis,Carbonate,train,include_pending_manual_review,visible/NIR Raman used for DUV transfer; document excitation-domain limitation,retain_after_manual_qc,verified_public_database_record
PARENT_0342,Calcite__R040170__Raman__532__0__unoriented__Raman_Data_RAW__20885,R040170,Calcite,https://rruff.info/R040170,532.0,The identification of this mineral has been confirmed by X-ray diffraction and chemical analysis,Carbonate,train,include_pending_manual_review,visible/NIR Raman used for DUV transfer; document excitation-domain limitation,retain_after_manual_qc,verified_public_database_record
PARENT_0343,Calcite__R040170__Raman__785__0__unoriented__Raman_Data_RAW__20887,R040170,Calcite,https://rruff.info/R040170,785.0,The identification of this mineral has been confirmed by X-ray diffraction and chemical analysis,Carbonate,train,include_pending_manual_review,visible/NIR Raman used for DUV transfer; document excitation-domain limitation,retain_after_manual_qc,verified_public_database_record
PARENT_0344,Calcite__R050048__Raman__514__0__unoriented__Raman_Data_RAW__9919,R050048,Calcite,https://rruff.info/R050048,514.0,The identification of this mineral has been confirmed by X-ray diffraction and chemical analysis,Carbonate,train,include_pending_manual_review,visible/NIR Raman used for DUV transfer; document excitation-domain limitation,retain_after_manual_qc,verified_public_database_record
PARENT_0345,Calcite__R050048__Raman__532__0__unoriented__Raman_Data_RAW__21179,R050048,Calcite,https://rruff.info/R050048,532.0,The identification of this mineral has been confirmed by X-ray diffraction and chemical analysis,Carbonate,train,include_pending_manual_review,visible/NIR Raman used for DUV transfer; document excitation-domain limitation,retain_after_manual_qc,verified_public_database_record
PARENT_0346,Calcite__R050048__Raman__785__0__unoriented__Raman_Data_RAW__21181,R050048,Calcite,https://rruff.info/R050048,785.0,The identification of this mineral has been confirmed by X-ray diffraction and chemical analysis,Carbonate,train,include_pending_manual_review,visible/NIR Raman used for DUV transfer; document excitation-domain limitation,retain_after_manual_qc,verified_public_database_record
PARENT_0347,Calcite__R050009__Raman__514__0__unoriented__Raman_Data_RAW__9848,R050009,Calcite,https://rruff.info/R050009,514.0,The identification of this mineral has been confirmed by X-ray diffraction and chemical analysis,Carbonate,train,include_pending_manual_review,visible/NIR Raman used for DUV transfer; document excitation-domain limitation,retain_after_manual_qc,verified_public_database_record
PARENT_0348,Calcite__R050009__Raman__785__0__unoriented__Raman_Data_RAW__21024,R050009,Calcite,https://rruff.info/R050009,785.0,The identification of this mineral has been confirmed by X-ray diffraction and chemical analysis,Carbonate,train,include_pending_manual_review,visible/NIR Raman used for DUV transfer; document excitation-domain limitation,retain_after_manual_qc,verified_public_database_record
PARENT_0349,Calcite__R050009__Raman__532__0__unoriented__Raman_Data_RAW__21026,R050009,Calcite,https://rruff.info/R050009,532.0,The identification of this mineral has been confirmed by X-ray diffraction and chemical analysis,Carbonate,train,include_pending_manual_review,visible/NIR Raman used for DUV transfer; document excitation-domain limitation,retain_after_manual_qc,verified_public_database_record
PARENT_0350,Calcite__R050127__Raman__514__0__unoriented__Raman_Data_RAW__10125,R050127,Calcite,https://rruff.info/R050127,514.0,The identification of this mineral has been confirmed by X-ray diffraction and chemical analysis,Carbonate,test,include_pending_manual_review,visible/NIR Raman used for DUV transfer; document excitation-domain limitation,retain_after_manual_qc,verified_public_database_record
PARENT_0351,Calcite__R050127__Raman__780__0__unoriented__Raman_Data_RAW__27191,R050127,Calcite,https://rruff.info/R050127,780.0,The identification of this mineral has been confirmed by X-ray diffraction and chemical analysis,Carbonate,test,include_pending_manual_review,visible/NIR Raman used for DUV transfer; document excitation-domain limitation,retain_after_manual_qc,verified_public_database_record
PARENT_0352,Calcite__R050127__Raman__532__0__unoriented__Raman_Data_RAW__27193,R050127,Calcite,https://rruff.info/R050127,532.0,The identification of this mineral has been confirmed by X-ray diffraction and chemical analysis,Carbonate,test,include_pending_manual_review,visible/NIR Raman used for DUV transfer; document excitation-domain limitation,retain_after_manual_qc,verified_public_database_record
PARENT_0353,Calcite__R050128__Raman__514__0__unoriented__Raman_Data_RAW__5645,R050128,Calcite,https://rruff.info/R050128,514.0,The identification of this mineral has been confirmed by X-ray diffraction and chemical analysis,Carbonate,train,include_pending_manual_review,visible/NIR Raman used for DUV transfer; document excitation-domain limitation,retain_after_manual_qc,verified_public_database_record
PARENT_0354,Calcite__R050128__Raman__532__0__unoriented__Raman_Data_RAW__27264,R050128,Calcite,https://rruff.info/R050128,532.0,The identification of this mineral has been confirmed by X-ray diffraction and chemical analysis,Carbonate,train,include_pending_manual_review,visible/NIR Raman used for DUV transfer; document excitation-domain limitation,retain_after_manual_qc,verified_public_database_record
PARENT_0355,Calcite__R050128__Raman__780__0__unoriented__Raman_Data_RAW__27266,R050128,Calcite,https://rruff.info/R050128,780.0,The identification of this mineral has been confirmed by X-ray diffraction and chemical analysis,Carbonate,train,include_pending_manual_review,visible/NIR Raman used for DUV transfer; document excitation-domain limitation,retain_after_manual_qc,verified_public_database_record
PARENT_0356,Calcite__R050130__Raman__514__0__unoriented__Raman_Data_RAW__10129,R050130,Calcite,https://rruff.info/R050130,514.0,The identification of this mineral has been confirmed by X-ray diffraction and chemical analysis,Carbonate,val,include_pending_manual_review,visible/NIR Raman used for DUV transfer; document excitation-domain limitation,retain_after_manual_qc,verified_public_database_record
PARENT_0357,Calcite__R050130__Raman__532__0__unoriented__Raman_Data_RAW__27272,R050130,Calcite,https://rruff.info/R050130,532.0,The identification of this mineral has been confirmed by X-ray diffraction and chemical analysis,Carbonate,val,include_pending_manual_review,visible/NIR Raman used for DUV transfer; document excitation-domain limitation,retain_after_manual_qc,verified_public_database_record
PARENT_0358,Calcite__R050130__Raman__780__0__unoriented__Raman_Data_RAW__27274,R050130,Calcite,https://rruff.info/R050130,780.0,The identification of this mineral has been confirmed by X-ray diffraction and chemical analysis,Carbonate,val,include_pending_manual_review,visible/NIR Raman used for DUV transfer; document excitation-domain limitation,retain_after_manual_qc,verified_public_database_record
PARENT_0359,Calcite__X050034__Raman__785__0__unoriented__Raman_Data_Processed__6494,X050034,Calcite,https://rruff.info/X050034,785.0,The identification of this mineral has been determined only by Raman spectroscopy,Carbonate,train,include_pending_manual_review,visible/NIR Raman used for DUV transfer; document excitation-domain limitation; RRUFF processed spectrum; verify processing provenance and avoid mixing incompatible baselines,retain_after_manual_qc,verified_public_database_record
PARENT_0360,Calcite__X050035__Raman__785__0__unoriented__Raman_Data_Processed__6495,X050035,Calcite,https://rruff.info/X050035,785.0,The identification of this mineral has been determined only by Raman spectroscopy,Carbonate,train,include_pending_manual_review,visible/NIR Raman used for DUV transfer; document excitation-domain limitation; RRUFF processed spectrum; verify processing provenance and avoid mixing incompatible baselines,retain_after_manual_qc,verified_public_database_record
PARENT_0361,Calcite__R050307__Raman__514__0__unoriented__Raman_Data_RAW__10749,R050307,Calcite,https://rruff.info/R050307,514.0,The identification of this mineral has been confirmed by X-ray diffraction and chemical analysis,Carbonate,train,include_pending_manual_review,visible/NIR Raman used for DUV transfer; document excitation-domain limitation,retain_after_manual_qc,verified_public_database_record
PARENT_0362,Calcite__R050307__Raman__780__0__unoriented__Raman_Data_RAW__28759,R050307,Calcite,https://rruff.info/R050307,780.0,The identification of this mineral has been confirmed by X-ray diffraction and chemical analysis,Carbonate,train,include_pending_manual_review,visible/NIR Raman used for DUV transfer; document excitation-domain limitation,retain_after_manual_qc,verified_public_database_record
PARENT_0363,Calcite__R050307__Raman__532__0__unoriented__Raman_Data_RAW__28761,R050307,Calcite,https://rruff.info/R050307,532.0,The identification of this mineral has been confirmed by X-ray diffraction and chemical analysis,Carbonate,train,include_pending_manual_review,visible/NIR Raman used for DUV transfer; document excitation-domain limitation,retain_after_manual_qc,verified_public_database_record
PARENT_0364,Calcite__R150020__Raman__532__0__unoriented__Raman_Data_RAW__38860,R150020,Calcite,https://rruff.info/R150020,532.0,The identification of this mineral has been confirmed by X-ray diffraction and chemical analysis,Carbonate,test,include_pending_manual_review,visible/NIR Raman used for DUV transfer; document excitation-domain limitation,retain_after_manual_qc,verified_public_database_record
PARENT_0365,Calcite__R150020__Raman__780__0__unoriented__Raman_Data_RAW__38862,R150020,Calcite,https://rruff.info/R150020,780.0,The identification of this mineral has been confirmed by X-ray diffraction and chemical analysis,Carbonate,test,include_pending_manual_review,visible/NIR Raman used for DUV transfer; document excitation-domain limitation,retain_after_manual_qc,verified_public_database_record
PARENT_0366,Calcite__R150075__Raman__532__0__unoriented__Raman_Data_RAW__38606,R150075,Calcite,https://rruff.info/R150075,532.0,The identification of this mineral has been determined only by Raman spectroscopy,Carbonate,train,include_pending_manual_review,visible/NIR Raman used for DUV transfer; document excitation-domain limitation,retain_after_manual_qc,verified_public_database_record
PARENT_0367,Calcite__R150075__Raman__780__0__unoriented__Raman_Data_RAW__38608,R150075,Calcite,https://rruff.info/R150075,780.0,The identification of this mineral has been determined only by Raman spectroscopy,Carbonate,train,include_pending_manual_review,visible/NIR Raman used for DUV transfer; document excitation-domain limitation,retain_after_manual_qc,verified_public_database_record
PARENT_0368,Dolomite__R040030__Raman__514__0__unoriented__Raman_Data_RAW__9309,R040030,Dolomite,https://rruff.info/R040030,514.0,The identification of this mineral has been confirmed by X-ray diffraction and chemical analysis,Carbonate,val,include_pending_manual_review,visible/NIR Raman used for DUV transfer; document excitation-domain limitation,retain_after_manual_qc,verified_public_database_record
PARENT_0369,Dolomite__R040030__Raman__780__0__unoriented__Raman_Data_RAW__26336,R040030,Dolomite,https://rruff.info/R040030,780.0,The identification of this mineral has been confirmed by X-ray diffraction and chemical analysis,Carbonate,val,include_pending_manual_review,visible/NIR Raman used for DUV transfer; document excitation-domain limitation,retain_after_manual_qc,verified_public_database_record
PARENT_0370,Dolomite__R040030__Raman__532__0__unoriented__Raman_Data_RAW__26338,R040030,Dolomite,https://rruff.info/R040030,532.0,The identification of this mineral has been confirmed by X-ray diffraction and chemical analysis,Carbonate,val,include_pending_manual_review,visible/NIR Raman used for DUV transfer; document excitation-domain limitation,retain_after_manual_qc,verified_public_database_record
PARENT_0371,Dolomite__R050129__Raman__514__0__unoriented__Raman_Data_RAW__10127,R050129,Dolomite,https://rruff.info/R050129,514.0,The identification of this mineral has been confirmed by X-ray diffraction and chemical analysis,Carbonate,train,include_pending_manual_review,visible/NIR Raman used for DUV transfer; document excitation-domain limitation,retain_after_manual_qc,verified_public_database_record
PARENT_0372,Dolomite__R050129__Raman__780__0__unoriented__Raman_Data_RAW__27268,R050129,Dolomite,https://rruff.info/R050129,780.0,The identification of this mineral has been confirmed by X-ray diffraction and chemical analysis,Carbonate,train,include_pending_manual_review,visible/NIR Raman used for DUV transfer; document excitation-domain limitation,retain_after_manual_qc,verified_public_database_record
PARENT_0373,Dolomite__R050129__Raman__532__0__unoriented__Raman_Data_RAW__27270,R050129,Dolomite,https://rruff.info/R050129,532.0,The identification of this mineral has been confirmed by X-ray diffraction and chemical analysis,Carbonate,train,include_pending_manual_review,visible/NIR Raman used for DUV transfer; document excitation-domain limitation,retain_after_manual_qc,verified_public_database_record
PARENT_0374,Dolomite__X050062__Raman__785__0__unoriented__Raman_Data_Processed__6480,X050062,Dolomite,https://rruff.info/X050062,785.0,The identification of this mineral has been determined only by Raman spectroscopy,Carbonate,train,include_pending_manual_review,visible/NIR Raman used for DUV transfer; document excitation-domain limitation; RRUFF processed spectrum; verify processing provenance and avoid mixing incompatible baselines,retain_after_manual_qc,verified_public_database_record
PARENT_0375,Dolomite__X050063__Raman__785__0__unoriented__Raman_Data_Processed__6481,X050063,Dolomite,https://rruff.info/X050063,785.0,The identification of this mineral has been determined only by Raman spectroscopy,Carbonate,train,include_pending_manual_review,visible/NIR Raman used for DUV transfer; document excitation-domain limitation; RRUFF processed spectrum; verify processing provenance and avoid mixing incompatible baselines,retain_after_manual_qc,verified_public_database_record
PARENT_0376,Dolomite__R050241__Raman__514__0__unoriented__Raman_Data_RAW__10645,R050241,Dolomite,https://rruff.info/R050241,514.0,The identification of this mineral has been confirmed by X-ray diffraction and chemical analysis,Carbonate,val,include_pending_manual_review,visible/NIR Raman used for DUV transfer; document excitation-domain limitation,retain_after_manual_qc,verified_public_database_record
PARENT_0377,Dolomite__R050241__Raman__780__0__unoriented__Raman_Data_RAW__28090,R050241,Dolomite,https://rruff.info/R050241,780.0,The identification of this mineral has been confirmed by X-ray diffraction and chemical analysis,Carbonate,val,include_pending_manual_review,visible/NIR Raman used for DUV transfer; document excitation-domain limitation,retain_after_manual_qc,verified_public_database_record
PARENT_0378,Dolomite__R050241__Raman__532__0__unoriented__Raman_Data_RAW__28092,R050241,Dolomite,https://rruff.info/R050241,532.0,The identification of this mineral has been confirmed by X-ray diffraction and chemical analysis,Carbonate,val,include_pending_manual_review,visible/NIR Raman used for DUV transfer; document excitation-domain limitation,retain_after_manual_qc,verified_public_database_record
PARENT_0379,Dolomite__R050272__Raman__514__0__unoriented__Raman_Data_RAW__10691,R050272,Dolomite,https://rruff.info/R050272,514.0,The identification of this mineral has been confirmed by X-ray diffraction and chemical analysis,Carbonate,train,include_pending_manual_review,visible/NIR Raman used for DUV transfer; document excitation-domain limitation,retain_after_manual_qc,verified_public_database_record
PARENT_0380,Dolomite__R050272__Raman__532__0__unoriented__Raman_Data_RAW__28295,R050272,Dolomite,https://rruff.info/R050272,532.0,The identification of this mineral has been confirmed by X-ray diffraction and chemical analysis,Carbonate,train,include_pending_manual_review,visible/NIR Raman used for DUV transfer; document excitation-domain limitation,retain_after_manual_qc,verified_public_database_record
PARENT_0381,Dolomite__R050272__Raman__780__0__unoriented__Raman_Data_RAW__28297,R050272,Dolomite,https://rruff.info/R050272,780.0,The identification of this mineral has been confirmed by X-ray diffraction and chemical analysis,Carbonate,train,include_pending_manual_review,visible/NIR Raman used for DUV transfer; document excitation-domain limitation,retain_after_manual_qc,verified_public_database_record
PARENT_0382,Dolomite__R050357__Raman__514__0__unoriented__Raman_Data_RAW__10813,R050357,Dolomite,https://rruff.info/R050357,514.0,The identification of this mineral has been confirmed by X-ray diffraction and chemical analysis,Carbonate,train,include_pending_manual_review,visible/NIR Raman used for DUV transfer; document excitation-domain limitation,retain_after_manual_qc,verified_public_database_record
PARENT_0383,Dolomite__R050357__Raman__532__0__unoriented__Raman_Data_RAW__29455,R050357,Dolomite,https://rruff.info/R050357,532.0,The identification of this mineral has been confirmed by X-ray diffraction and chemical analysis,Carbonate,train,include_pending_manual_review,visible/NIR Raman used for DUV transfer; document excitation-domain limitation,retain_after_manual_qc,verified_public_database_record
PARENT_0384,Dolomite__R050357__Raman__780__0__unoriented__Raman_Data_RAW__29457,R050357,Dolomite,https://rruff.info/R050357,780.0,The identification of this mineral has been confirmed by X-ray diffraction and chemical analysis,Carbonate,train,include_pending_manual_review,visible/NIR Raman used for DUV transfer; document excitation-domain limitation,retain_after_manual_qc,verified_public_database_record
PARENT_0385,Dolomite__R050370__Raman__532__0__unoriented__Raman_Data_RAW__29621,R050370,Dolomite,https://rruff.info/R050370,532.0,The identification of this mineral has been confirmed by X-ray diffraction and chemical analysis,Carbonate,test,include_pending_manual_review,visible/NIR Raman used for DUV transfer; document excitation-domain limitation,retain_after_manual_qc,verified_public_database_record
PARENT_0386,Dolomite__R050370__Raman__532__0__unoriented__Raman_Data_RAW__29621,R050370,Dolomite,https://rruff.info/R050370,532.0,The identification of this mineral has been confirmed by X-ray diffraction and chemical analysis,Carbonate,test,include_pending_manual_review,visible/NIR Raman used for DUV transfer; document excitation-domain limitation,retain_after_manual_qc,verified_public_database_record
PARENT_0387,Dolomite__R100118__Raman__532__0__unoriented__Raman_Data_RAW__34450,R100118,Dolomite,https://rruff.info/R100118,532.0,The identification of this mineral has been confirmed only by single crystal X-ray diffraction.,Carbonate,test,include_pending_manual_review,visible/NIR Raman used for DUV transfer; document excitation-domain limitation,retain_after_manual_qc,verified_public_database_record
PARENT_0388,Dolomite__R100118__Raman__780__0__unoriented__Raman_Data_RAW__34452,R100118,Dolomite,https://rruff.info/R100118,780.0,The identification of this mineral has been confirmed only by single crystal X-ray diffraction.,Carbonate,test,include_pending_manual_review,visible/NIR Raman used for DUV transfer; document excitation-domain limitation,retain_after_manual_qc,verified_public_database_record
PARENT_0389,Dolomite__R100168__Raman__532__0__unoriented__Raman_Data_RAW__34679,R100168,Dolomite,https://rruff.info/R100168,532.0,The identification of this mineral has been confirmed only by single crystal X-ray diffraction.,Carbonate,train,include_pending_manual_review,visible/NIR Raman used for DUV transfer; document excitation-domain limitation,retain_after_manual_qc,verified_public_database_record
PARENT_0390,Dolomite__R100168__Raman__780__0__unoriented__Raman_Data_RAW__34681,R100168,Dolomite,https://rruff.info/R100168,780.0,The identification of this mineral has been confirmed only by single crystal X-ray diffraction.,Carbonate,train,include_pending_manual_review,visible/NIR Raman used for DUV transfer; document excitation-domain limitation,retain_after_manual_qc,verified_public_database_record
PARENT_0391,Magnesite__R040114__Raman__514__0__unoriented__Raman_Data_RAW__9518,R040114,Magnesite,https://rruff.info/R040114,514.0,The identification of this mineral has been confirmed by X-ray diffraction and chemical analysis,Carbonate,train,include_pending_manual_review,visible/NIR Raman used for DUV transfer; document excitation-domain limitation,retain_after_manual_qc,verified_public_database_record
PARENT_0392,Magnesite__R040114__Raman__532__0__unoriented__Raman_Data_RAW__19695,R040114,Magnesite,https://rruff.info/R040114,532.0,The identification of this mineral has been confirmed by X-ray diffraction and chemical analysis,Carbonate,train,include_pending_manual_review,visible/NIR Raman used for DUV transfer; document excitation-domain limitation,retain_after_manual_qc,verified_public_database_record
PARENT_0393,Magnesite__R040114__Raman__785__0__unoriented__Raman_Data_RAW__19697,R040114,Magnesite,https://rruff.info/R040114,785.0,The identification of this mineral has been confirmed by X-ray diffraction and chemical analysis,Carbonate,train,include_pending_manual_review,visible/NIR Raman used for DUV transfer; document excitation-domain limitation,retain_after_manual_qc,verified_public_database_record
PARENT_0394,Magnesite__X050115__Raman__785__0__unoriented__Raman_Data_Processed__6609,X050115,Magnesite,https://rruff.info/X050115,785.0,The identification of this mineral has been determined only by Raman spectroscopy,Carbonate,val,include_pending_manual_review,visible/NIR Raman used for DUV transfer; document excitation-domain limitation; RRUFF processed spectrum; verify processing provenance and avoid mixing incompatible baselines,retain_after_manual_qc,verified_public_database_record
PARENT_0395,Magnesite__X050116__Raman__785__0__unoriented__Raman_Data_Processed__6610,X050116,Magnesite,https://rruff.info/X050116,785.0,The identification of this mineral has been determined only by Raman spectroscopy,Carbonate,train,include_pending_manual_review,visible/NIR Raman used for DUV transfer; document excitation-domain limitation; RRUFF processed spectrum; verify processing provenance and avoid mixing incompatible baselines,retain_after_manual_qc,verified_public_database_record
PARENT_0396,Magnesite__R050443__Raman__514__0__unoriented__Raman_Data_RAW__10890,R050443,Magnesite,https://rruff.info/R050443,514.0,The identification of this mineral has been confirmed by X-ray diffraction and chemical analysis,Carbonate,train,include_pending_manual_review,visible/NIR Raman used for DUV transfer; document excitation-domain limitation,retain_after_manual_qc,verified_public_database_record
PARENT_0397,Magnesite__R050443__Raman__532__0__unoriented__Raman_Data_RAW__30763,R050443,Magnesite,https://rruff.info/R050443,532.0,The identification of this mineral has been confirmed by X-ray diffraction and chemical analysis,Carbonate,train,include_pending_manual_review,visible/NIR Raman used for DUV transfer; document excitation-domain limitation,retain_after_manual_qc,verified_public_database_record
PARENT_0398,Magnesite__R050443__Raman__780__0__unoriented__Raman_Data_RAW__30765,R050443,Magnesite,https://rruff.info/R050443,780.0,The identification of this mineral has been confirmed by X-ray diffraction and chemical analysis,Carbonate,train,include_pending_manual_review,visible/NIR Raman used for DUV transfer; document excitation-domain limitation,retain_after_manual_qc,verified_public_database_record
PARENT_0399,Magnesite__R050676__Raman__532__0__unoriented__Raman_Data_RAW__32896,R050676,Magnesite,https://rruff.info/R050676,532.0,The identification of this mineral has been confirmed by X-ray diffraction and chemical analysis,Carbonate,train,include_pending_manual_review,visible/NIR Raman used for DUV transfer; document excitation-domain limitation,retain_after_manual_qc,verified_public_database_record
PARENT_0400,Magnesite__R050676__Raman__780__0__unoriented__Raman_Data_RAW__32898,R050676,Magnesite,https://rruff.info/R050676,780.0,The identification of this mineral has been confirmed by X-ray diffraction and chemical analysis,Carbonate,train,include_pending_manual_review,visible/NIR Raman used for DUV transfer; document excitation-domain limitation,retain_after_manual_qc,verified_public_database_record
PARENT_0401,Nahcolite__R070237__Raman__532__0__unoriented__Raman_Data_RAW__20236,R070237,Nahcolite,https://rruff.info/R070237,532.0,The identification of this mineral has been confirmed by X-ray diffraction and chemical analysis,Carbonate,train,include_pending_manual_review,visible/NIR Raman used for DUV transfer; document excitation-domain limitation,retain_after_manual_qc,verified_public_database_record
PARENT_0402,Nahcolite__R070237__Raman__785__0__unoriented__Raman_Data_RAW__20238,R070237,Nahcolite,https://rruff.info/R070237,785.0,The identification of this mineral has been confirmed by X-ray diffraction and chemical analysis,Carbonate,train,include_pending_manual_review,visible/NIR Raman used for DUV transfer; document excitation-domain limitation,retain_after_manual_qc,verified_public_database_record
PARENT_0403,Rhodochrosite__R040133__Raman__514__0__unoriented__Raman_Data_RAW__9556,R040133,Rhodochrosite,https://rruff.info/R040133,514.0,The identification of this mineral has been confirmed by X-ray diffraction and chemical analysis,Carbonate,train,include_pending_manual_review,visible/NIR Raman used for DUV transfer; document excitation-domain limitation,retain_after_manual_qc,verified_public_database_record
PARENT_0404,Rhodochrosite__R040133__Raman__532__0__unoriented__Raman_Data_RAW__19781,R040133,Rhodochrosite,https://rruff.info/R040133,532.0,The identification of this mineral has been confirmed by X-ray diffraction and chemical analysis,Carbonate,train,include_pending_manual_review,visible/NIR Raman used for DUV transfer; document excitation-domain limitation,retain_after_manual_qc,verified_public_database_record
PARENT_0405,Rhodochrosite__R040133__Raman__785__0__unoriented__Raman_Data_RAW__19783,R040133,Rhodochrosite,https://rruff.info/R040133,785.0,The identification of this mineral has been confirmed by X-ray diffraction and chemical analysis,Carbonate,train,include_pending_manual_review,visible/NIR Raman used for DUV transfer; document excitation-domain limitation,retain_after_manual_qc,verified_public_database_record
PARENT_0406,Rhodochrosite__R050019__Raman__514__0__unoriented__Raman_Data_RAW__9864,R050019,Rhodochrosite,https://rruff.info/R050019,514.0,The identification of this mineral has been confirmed by X-ray diffraction and chemical analysis,Carbonate,train,include_pending_manual_review,visible/NIR Raman used for DUV transfer; document excitation-domain limitation,retain_after_manual_qc,verified_public_database_record
PARENT_0407,Rhodochrosite__R050019__Raman__532__0__unoriented__Raman_Data_RAW__21139,R050019,Rhodochrosite,https://rruff.info/R050019,532.0,The identification of this mineral has been confirmed by X-ray diffraction and chemical analysis,Carbonate,train,include_pending_manual_review,visible/NIR Raman used for DUV transfer; document excitation-domain limitation,retain_after_manual_qc,verified_public_database_record
PARENT_0408,Rhodochrosite__R050019__Raman__785__0__unoriented__Raman_Data_RAW__21141,R050019,Rhodochrosite,https://rruff.info/R050019,785.0,The identification of this mineral has been confirmed by X-ray diffraction and chemical analysis,Carbonate,train,include_pending_manual_review,visible/NIR Raman used for DUV transfer; document excitation-domain limitation,retain_after_manual_qc,verified_public_database_record
PARENT_0409,Rhodochrosite__R050116__Raman__514__0__unoriented__Raman_Data_RAW__10105,R050116,Rhodochrosite,https://rruff.info/R050116,514.0,The identification of this mineral has been confirmed by X-ray diffraction and chemical analysis,Carbonate,train,include_pending_manual_review,visible/NIR Raman used for DUV transfer; document excitation-domain limitation,retain_after_manual_qc,verified_public_database_record
PARENT_0410,Rhodochrosite__R050116__Raman__532__0__unoriented__Raman_Data_RAW__27090,R050116,Rhodochrosite,https://rruff.info/R050116,532.0,The identification of this mineral has been confirmed by X-ray diffraction and chemical analysis,Carbonate,train,include_pending_manual_review,visible/NIR Raman used for DUV transfer; document excitation-domain limitation,retain_after_manual_qc,verified_public_database_record
PARENT_0411,Rhodochrosite__R050116__Raman__780__0__unoriented__Raman_Data_RAW__27093,R050116,Rhodochrosite,https://rruff.info/R050116,780.0,The identification of this mineral has been confirmed by X-ray diffraction and chemical analysis,Carbonate,train,include_pending_manual_review,visible/NIR Raman used for DUV transfer; document excitation-domain limitation,retain_after_manual_qc,verified_public_database_record
PARENT_0412,Rhodochrosite__X050138__Raman__785__0__unoriented__Raman_Data_Processed__6652,X050138,Rhodochrosite,https://rruff.info/X050138,785.0,The identification of this mineral has been determined only by Raman spectroscopy,Carbonate,train,include_pending_manual_review,visible/NIR Raman used for DUV transfer; document excitation-domain limitation; RRUFF processed spectrum; verify processing provenance and avoid mixing incompatible baselines,retain_after_manual_qc,verified_public_database_record
PARENT_0413,Rhodochrosite__R100002__Raman__532__0__unoriented__Raman_Data_RAW__33522,R100002,Rhodochrosite,https://rruff.info/R100002,532.0,The identification of this mineral has been confirmed by X-ray diffraction.,Carbonate,test,include_pending_manual_review,visible/NIR Raman used for DUV transfer; document excitation-domain limitation,retain_after_manual_qc,verified_public_database_record
PARENT_0414,Rhodochrosite__R100002__Raman__780__0__unoriented__Raman_Data_RAW__33526,R100002,Rhodochrosite,https://rruff.info/R100002,780.0,The identification of this mineral has been confirmed by X-ray diffraction.,Carbonate,test,include_pending_manual_review,visible/NIR Raman used for DUV transfer; document excitation-domain limitation,retain_after_manual_qc,verified_public_database_record
PARENT_0415,Rhodochrosite__R100162__Raman__532__0__unoriented__Raman_Data_RAW__34655,R100162,Rhodochrosite,https://rruff.info/R100162,532.0,The identification of this mineral has been confirmed by single-crystal X-ray diffraction.,Carbonate,test,include_pending_manual_review,visible/NIR Raman used for DUV transfer; document excitation-domain limitation,retain_after_manual_qc,verified_public_database_record
PARENT_0416,Rhodochrosite__R100162__Raman__780__0__unoriented__Raman_Data_RAW__34657,R100162,Rhodochrosite,https://rruff.info/R100162,780.0,The identification of this mineral has been confirmed by single-crystal X-ray diffraction.,Carbonate,test,include_pending_manual_review,visible/NIR Raman used for DUV transfer; document excitation-domain limitation,retain_after_manual_qc,verified_public_database_record
PARENT_0417,Siderite__R040034__Raman__514__0__unoriented__Raman_Data_RAW__9315,R040034,Siderite,https://rruff.info/R040034,514.0,The identification of this mineral has been confirmed by X-ray diffraction and chemical analysis,Carbonate,train,include_pending_manual_review,visible/NIR Raman used for DUV transfer; document excitation-domain limitation,retain_after_manual_qc,verified_public_database_record
PARENT_0418,Siderite__R040034__Raman__780__0__unoriented__Raman_Data_RAW__26348,R040034,Siderite,https://rruff.info/R040034,780.0,The identification of this mineral has been confirmed by X-ray diffraction and chemical analysis,Carbonate,train,include_pending_manual_review,visible/NIR Raman used for DUV transfer; document excitation-domain limitation,retain_after_manual_qc,verified_public_database_record
PARENT_0419,Siderite__R040034__Raman__532__0__unoriented__Raman_Data_RAW__26350,R040034,Siderite,https://rruff.info/R040034,532.0,The identification of this mineral has been confirmed by X-ray diffraction and chemical analysis,Carbonate,train,include_pending_manual_review,visible/NIR Raman used for DUV transfer; document excitation-domain limitation,retain_after_manual_qc,verified_public_database_record
PARENT_0420,Siderite__X050143__Raman__785__0__unoriented__Raman_Data_Processed__6663,X050143,Siderite,https://rruff.info/X050143,785.0,The identification of this mineral has been determined only by Raman spectroscopy,Carbonate,train,include_pending_manual_review,visible/NIR Raman used for DUV transfer; document excitation-domain limitation; RRUFF processed spectrum; verify processing provenance and avoid mixing incompatible baselines,retain_after_manual_qc,verified_public_database_record
PARENT_0421,Siderite__X050144__Raman__785__0__unoriented__Raman_Data_Processed__6664,X050144,Siderite,https://rruff.info/X050144,785.0,The identification of this mineral has been determined only by Raman spectroscopy,Carbonate,train,include_pending_manual_review,visible/NIR Raman used for DUV transfer; document excitation-domain limitation; RRUFF processed spectrum; verify processing provenance and avoid mixing incompatible baselines,retain_after_manual_qc,verified_public_database_record
PARENT_0422,Siderite__X050145__Raman__514__0__unoriented__Raman_Data_RAW__6682,X050145,Siderite,https://rruff.info/X050145,514.0,The identification of this mineral has been determined only by Raman spectroscopy,Carbonate,train,include_pending_manual_review,visible/NIR Raman used for DUV transfer; document excitation-domain limitation,retain_after_manual_qc,verified_public_database_record
PARENT_0423,Siderite__R050262__Raman__514__0__unoriented__Raman_Data_RAW__10944,R050262,Siderite,https://rruff.info/R050262,514.0,The identification of this mineral has been confirmed by X-ray diffraction and chemical analysis,Carbonate,val,include_pending_manual_review,visible/NIR Raman used for DUV transfer; document excitation-domain limitation,retain_after_manual_qc,verified_public_database_record
PARENT_0424,Siderite__R050262__Raman__532__0__unoriented__Raman_Data_RAW__28257,R050262,Siderite,https://rruff.info/R050262,532.0,The identification of this mineral has been confirmed by X-ray diffraction and chemical analysis,Carbonate,val,include_pending_manual_review,visible/NIR Raman used for DUV transfer; document excitation-domain limitation,retain_after_manual_qc,verified_public_database_record
PARENT_0425,Siderite__R050262__Raman__780__0__unoriented__Raman_Data_RAW__28259,R050262,Siderite,https://rruff.info/R050262,780.0,The identification of this mineral has been confirmed by X-ray diffraction and chemical analysis,Carbonate,val,include_pending_manual_review,visible/NIR Raman used for DUV transfer; document excitation-domain limitation,retain_after_manual_qc,verified_public_database_record
PARENT_0426,Siderite__R050349__Raman__514__0__unoriented__Raman_Data_RAW__10799,R050349,Siderite,https://rruff.info/R050349,514.0,The identification of this mineral has been confirmed by X-ray diffraction and chemical analysis,Carbonate,val,include_pending_manual_review,visible/NIR Raman used for DUV transfer; document excitation-domain limitation,retain_after_manual_qc,verified_public_database_record
PARENT_0427,Siderite__R050349__Raman__532__0__unoriented__Raman_Data_RAW__29279,R050349,Siderite,https://rruff.info/R050349,532.0,The identification of this mineral has been confirmed by X-ray diffraction and chemical analysis,Carbonate,val,include_pending_manual_review,visible/NIR Raman used for DUV transfer; document excitation-domain limitation,retain_after_manual_qc,verified_public_database_record
PARENT_0428,Siderite__R050349__Raman__780__0__unoriented__Raman_Data_RAW__29281,R050349,Siderite,https://rruff.info/R050349,780.0,The identification of this mineral has been confirmed by X-ray diffraction and chemical analysis,Carbonate,val,include_pending_manual_review,visible/NIR Raman used for DUV transfer; document excitation-domain limitation,retain_after_manual_qc,verified_public_database_record
PARENT_0429,Trona__R050228__Raman__514__0__unoriented__Raman_Data_RAW__16327,R050228,Trona,https://rruff.info/R050228,514.0,The identification of this mineral has been confirmed by X-ray diffraction and chemical analysis,Carbonate,train,include_pending_manual_review,visible/NIR Raman used for DUV transfer; document excitation-domain limitation,retain_after_manual_qc,verified_public_database_record
PARENT_0430,Trona__R050228__Raman__780__0__unoriented__Raman_Data_RAW__28227,R050228,Trona,https://rruff.info/R050228,780.0,The identification of this mineral has been confirmed by X-ray diffraction and chemical analysis,Carbonate,train,include_pending_manual_review,visible/NIR Raman used for DUV transfer; document excitation-domain limitation,retain_after_manual_qc,verified_public_database_record
PARENT_0431,Trona__R050228__Raman__532__0__unoriented__Raman_Data_RAW__28228,R050228,Trona,https://rruff.info/R050228,532.0,The identification of this mineral has been confirmed by X-ray diffraction and chemical analysis,Carbonate,train,include_pending_manual_review,visible/NIR Raman used for DUV transfer; document excitation-domain limitation,retain_after_manual_qc,verified_public_database_record
PARENT_0432,Trona__R050499__Raman__514__0__unoriented__Raman_Data_RAW__16321,R050499,Trona,https://rruff.info/R050499,514.0,The identification of this mineral has been confirmed by X-ray diffraction and chemical analysis,Carbonate,val,include_pending_manual_review,visible/NIR Raman used for DUV transfer; document excitation-domain limitation,retain_after_manual_qc,verified_public_database_record
PARENT_0433,Trona__R050499__Raman__780__0__unoriented__Raman_Data_RAW__27310,R050499,Trona,https://rruff.info/R050499,780.0,The identification of this mineral has been confirmed by X-ray diffraction and chemical analysis,Carbonate,val,include_pending_manual_review,visible/NIR Raman used for DUV transfer; document excitation-domain limitation,retain_after_manual_qc,verified_public_database_record
PARENT_0434,Trona__R050499__Raman__532__0__unoriented__Raman_Data_RAW__27312,R050499,Trona,https://rruff.info/R050499,532.0,The identification of this mineral has been confirmed by X-ray diffraction and chemical analysis,Carbonate,val,include_pending_manual_review,visible/NIR Raman used for DUV transfer; document excitation-domain limitation,retain_after_manual_qc,verified_public_database_record
PARENT_0612,Berthierine__R110177__Raman__532__0__unoriented__Raman_Data_RAW__35981,R110177,Berthierine,https://rruff.info/R110177,532.0,The identification of this mineral has been confirmed only by single crystal X-ray diffraction.,Clay,train,review_required,phyllosilicate taxonomy overlaps Clay/Serpentine/Mica; harmonize class hierarchy; visible/NIR Raman used for DUV transfer; document excitation-domain limitation,review_taxonomy_and_reference_quality,public_database_record_qc_flagged
PARENT_0613,Berthierine__R110177__Raman__780__0__unoriented__Raman_Data_RAW__35979,R110177,Berthierine,https://rruff.info/R110177,780.0,The identification of this mineral has been confirmed only by single crystal X-ray diffraction.,Clay,train,review_required,phyllosilicate taxonomy overlaps Clay/Serpentine/Mica; harmonize class hierarchy; visible/NIR Raman used for DUV transfer; document excitation-domain limitation,review_taxonomy_and_reference_quality,public_database_record_qc_flagged
PARENT_0631,Chamosite__R060188__Raman__532__0__unoriented__Raman_Data_RAW__33229,R060188,Chamosite,https://rruff.info/R060188,532.0,The identification of this mineral has been confirmed by X-ray diffraction and chemical analysis,Clay,train,review_required,phyllosilicate taxonomy overlaps Clay/Serpentine/Mica; harmonize class hierarchy; visible/NIR Raman used for DUV transfer; document excitation-domain limitation,review_taxonomy_and_reference_quality,public_database_record_qc_flagged
PARENT_0632,Chamosite__R060188__Raman__780__0__unoriented__Raman_Data_RAW__33231,R060188,Chamosite,https://rruff.info/R060188,780.0,The identification of this mineral has been confirmed by X-ray diffraction and chemical analysis,Clay,train,review_required,phyllosilicate taxonomy overlaps Clay/Serpentine/Mica; harmonize class hierarchy; visible/NIR Raman used for DUV transfer; document excitation-domain limitation,review_taxonomy_and_reference_quality,public_database_record_qc_flagged
PARENT_0649,Cookeite__R061103__Raman__532__0__unoriented__Raman_Data_RAW__16337,R061103,Cookeite,https://rruff.info/R061103,532.0,The identification of this mineral has been made only by X-ray diffraction.,Clay,val,review_required,phyllosilicate taxonomy overlaps Clay/Serpentine/Mica; harmonize class hierarchy; visible/NIR Raman used for DUV transfer; document excitation-domain limitation,review_taxonomy_and_reference_quality,public_database_record_qc_flagged
PARENT_0650,Cookeite__R061103__Raman__785__0__unoriented__Raman_Data_RAW__18218,R061103,Cookeite,https://rruff.info/R061103,785.0,The identification of this mineral has been made only by X-ray diffraction.,Clay,val,review_required,phyllosilicate taxonomy overlaps Clay/Serpentine/Mica; harmonize class hierarchy; visible/NIR Raman used for DUV transfer; document excitation-domain limitation,review_taxonomy_and_reference_quality,public_database_record_qc_flagged
PARENT_0653,Dickite__R060298__Raman__532__0__unoriented__Raman_Data_RAW__33938,R060298,Dickite,https://rruff.info/R060298,532.0,The identification of this mineral has been confirmed by X-ray diffraction and chemical analysis,Clay,train,review_required,phyllosilicate taxonomy overlaps Clay/Serpentine/Mica; harmonize class hierarchy; visible/NIR Raman used for DUV transfer; document excitation-domain limitation,review_taxonomy_and_reference_quality,public_database_record_qc_flagged
PARENT_0654,Dickite__R060298__Raman__780__0__unoriented__Raman_Data_RAW__33940,R060298,Dickite,https://rruff.info/R060298,780.0,The identification of this mineral has been confirmed by X-ray diffraction and chemical analysis,Clay,train,review_required,phyllosilicate taxonomy overlaps Clay/Serpentine/Mica; harmonize class hierarchy; visible/NIR Raman used for DUV transfer; document excitation-domain limitation,review_taxonomy_and_reference_quality,public_database_record_qc_flagged
PARENT_0655,Dickite__R090054__Raman__532__0__unoriented__Raman_Data_RAW__32838,R090054,Dickite,https://rruff.info/R090054,532.0,The identification of this mineral has been confirmed by X-ray diffraction.,Clay,train,review_required,phyllosilicate taxonomy overlaps Clay/Serpentine/Mica; harmonize class hierarchy; visible/NIR Raman used for DUV transfer; document excitation-domain limitation,review_taxonomy_and_reference_quality,public_database_record_qc_flagged
PARENT_0656,Dickite__R090054__Raman__780__0__unoriented__Raman_Data_RAW__32840,R090054,Dickite,https://rruff.info/R090054,780.0,The identification of this mineral has been confirmed by X-ray diffraction.,Clay,train,review_required,phyllosilicate taxonomy overlaps Clay/Serpentine/Mica; harmonize class hierarchy; visible/NIR Raman used for DUV transfer; document excitation-domain limitation,review_taxonomy_and_reference_quality,public_database_record_qc_flagged
PARENT_0657,Dozyite__R100040__Raman__532__0__unoriented__Raman_Data_RAW__33828,R100040,Dozyite,https://rruff.info/R100040,532.0,The identification of this mineral has been confirmed by single-crystal X-ray diffraction.,Clay,train,review_required,phyllosilicate taxonomy overlaps Clay/Serpentine/Mica; harmonize class hierarchy; visible/NIR Raman used for DUV transfer; document excitation-domain limitation,review_taxonomy_and_reference_quality,public_database_record_qc_flagged
PARENT_0658,Dozyite__R100040__Raman__780__0__unoriented__Raman_Data_RAW__33830,R100040,Dozyite,https://rruff.info/R100040,780.0,The identification of this mineral has been confirmed by single-crystal X-ray diffraction.,Clay,train,review_required,phyllosilicate taxonomy overlaps Clay/Serpentine/Mica; harmonize class hierarchy; visible/NIR Raman used for DUV transfer; document excitation-domain limitation,review_taxonomy_and_reference_quality,public_database_record_qc_flagged
PARENT_0663,Hectorite__R050134__Raman__780__0__unoriented__Raman_Data_RAW__27325,R050134,Hectorite,https://rruff.info/R050134,780.0,The identification of this mineral is not yet confirmed.,Clay,test,review_required,phyllosilicate taxonomy overlaps Clay/Serpentine/Mica; harmonize class hierarchy; visible/NIR Raman used for DUV transfer; document excitation-domain limitation,review_taxonomy_and_reference_quality,public_database_record_qc_flagged
PARENT_0664,Hectorite__R050134__Raman__532__0__unoriented__Raman_Data_RAW__27327,R050134,Hectorite,https://rruff.info/R050134,532.0,The identification of this mineral is not yet confirmed.,Clay,test,review_required,phyllosilicate taxonomy overlaps Clay/Serpentine/Mica; harmonize class hierarchy; visible/NIR Raman used for DUV transfer; document excitation-domain limitation,review_taxonomy_and_reference_quality,public_database_record_qc_flagged
PARENT_0665,Hisingerite__R070126__Raman__532__0__unoriented__Raman_Data_RAW__18148,R070126,Hisingerite,https://rruff.info/R070126,532.0,The identification of this mineral is not yet confirmed.,Clay,test,review_required,phyllosilicate taxonomy overlaps Clay/Serpentine/Mica; harmonize class hierarchy; visible/NIR Raman used for DUV transfer; document excitation-domain limitation,review_taxonomy_and_reference_quality,public_database_record_qc_flagged
PARENT_0666,Hisingerite__R070126__Raman__785__0__unoriented__Raman_Data_RAW__18150,R070126,Hisingerite,https://rruff.info/R070126,785.0,The identification of this mineral is not yet confirmed.,Clay,test,review_required,phyllosilicate taxonomy overlaps Clay/Serpentine/Mica; harmonize class hierarchy; visible/NIR Raman used for DUV transfer; document excitation-domain limitation,review_taxonomy_and_reference_quality,public_database_record_qc_flagged
PARENT_0667,Hisingerite__R070695__Raman__532__0__unoriented__Raman_Data_RAW__23090,R070695,Hisingerite,https://rruff.info/R070695,532.0,The identification of this mineral is not yet confirmed.,Clay,train,review_required,phyllosilicate taxonomy overlaps Clay/Serpentine/Mica; harmonize class hierarchy; visible/NIR Raman used for DUV transfer; document excitation-domain limitation,review_taxonomy_and_reference_quality,public_database_record_qc_flagged
PARENT_0668,Hisingerite__R070695__Raman__780__0__unoriented__Raman_Data_RAW__23108,R070695,Hisingerite,https://rruff.info/R070695,780.0,The identification of this mineral is not yet confirmed.,Clay,train,review_required,phyllosilicate taxonomy overlaps Clay/Serpentine/Mica; harmonize class hierarchy; visible/NIR Raman used for DUV transfer; document excitation-domain limitation,review_taxonomy_and_reference_quality,public_database_record_qc_flagged
PARENT_0681,Montmorillonite__R110052__Raman__532__0__unoriented__Raman_Data_Processed__35457,R110052,Montmorillonite,https://rruff.info/R110052,532.0,The identification of this mineral has been confirmed only by X-ray diffraction,Clay,train,review_required,phyllosilicate taxonomy overlaps Clay/Serpentine/Mica; harmonize class hierarchy; visible/NIR Raman used for DUV transfer; document excitation-domain limitation; RRUFF processed spectrum; verify processing provenance and avoid mixing incompatible baselines,review_taxonomy_and_reference_quality,public_database_record_qc_flagged
PARENT_0682,Montmorillonite__R110052__Raman__780__0__unoriented__Raman_Data_RAW__35423,R110052,Montmorillonite,https://rruff.info/R110052,780.0,The identification of this mineral has been confirmed only by X-ray diffraction,Clay,train,review_required,phyllosilicate taxonomy overlaps Clay/Serpentine/Mica; harmonize class hierarchy; visible/NIR Raman used for DUV transfer; document excitation-domain limitation,review_taxonomy_and_reference_quality,public_database_record_qc_flagged
PARENT_0683,Montmorillonite__R110053__Raman__532__0__unoriented__Raman_Data_Processed__35458,R110053,Montmorillonite,https://rruff.info/R110053,532.0,The identification of this mineral has been confirmed only by X-ray diffraction,Clay,train,review_required,phyllosilicate taxonomy overlaps Clay/Serpentine/Mica; harmonize class hierarchy; visible/NIR Raman used for DUV transfer; document excitation-domain limitation; RRUFF processed spectrum; verify processing provenance and avoid mixing incompatible baselines,review_taxonomy_and_reference_quality,public_database_record_qc_flagged
PARENT_0684,Montmorillonite__R110053__Raman__780__0__unoriented__Raman_Data_RAW__35400,R110053,Montmorillonite,https://rruff.info/R110053,780.0,The identification of this mineral has been confirmed only by X-ray diffraction,Clay,train,review_required,phyllosilicate taxonomy overlaps Clay/Serpentine/Mica; harmonize class hierarchy; visible/NIR Raman used for DUV transfer; document excitation-domain limitation,review_taxonomy_and_reference_quality,public_database_record_qc_flagged
PARENT_0711,Nacrite__R100066__Raman__532__0__unoriented__Raman_Data_RAW__33778,R100066,Nacrite,https://rruff.info/R100066,532.0,The identification of this mineral has been confirmed only by single crystal X-ray diffraction.,Clay,train,review_required,phyllosilicate taxonomy overlaps Clay/Serpentine/Mica; harmonize class hierarchy; visible/NIR Raman used for DUV transfer; document excitation-domain limitation,review_taxonomy_and_reference_quality,public_database_record_qc_flagged
PARENT_0712,Nacrite__R100066__Raman__780__0__unoriented__Raman_Data_RAW__33780,R100066,Nacrite,https://rruff.info/R100066,780.0,The identification of this mineral has been confirmed only by single crystal X-ray diffraction.,Clay,train,review_required,phyllosilicate taxonomy overlaps Clay/Serpentine/Mica; harmonize class hierarchy; visible/NIR Raman used for DUV transfer; document excitation-domain limitation,review_taxonomy_and_reference_quality,public_database_record_qc_flagged
PARENT_0719,Nontronite__X050120__Raman__785__0__unoriented__Raman_Data_Processed__6624,X050120,Nontronite,https://rruff.info/X050120,785.0,The identification of this mineral is not yet confirmed.,Clay,test,review_required,phyllosilicate taxonomy overlaps Clay/Serpentine/Mica; harmonize class hierarchy; visible/NIR Raman used for DUV transfer; document excitation-domain limitation; RRUFF processed spectrum; verify processing provenance and avoid mixing incompatible baselines,review_taxonomy_and_reference_quality,public_database_record_qc_flagged
PARENT_0720,Nontronite__X050121__Raman__785__0__unoriented__Raman_Data_Processed__6625,X050121,Nontronite,https://rruff.info/X050121,785.0,The identification of this mineral is not yet confirmed.,Clay,train,review_required,phyllosilicate taxonomy overlaps Clay/Serpentine/Mica; harmonize class hierarchy; visible/NIR Raman used for DUV transfer; document excitation-domain limitation; RRUFF processed spectrum; verify processing provenance and avoid mixing incompatible baselines,review_taxonomy_and_reference_quality,public_database_record_qc_flagged
PARENT_0721,Nontronite__R070286__Raman__785__0__unoriented__Raman_Data_RAW__20338,R070286,Nontronite,https://rruff.info/R070286,785.0,The identification of this mineral has been confirmed only by chemical analysis,Clay,train,review_required,phyllosilicate taxonomy overlaps Clay/Serpentine/Mica; harmonize class hierarchy; visible/NIR Raman used for DUV transfer; document excitation-domain limitation,review_taxonomy_and_reference_quality,public_database_record_qc_flagged
PARENT_0722,Nontronite__R070286__Raman__532__0__unoriented__Raman_Data_RAW__20340,R070286,Nontronite,https://rruff.info/R070286,532.0,The identification of this mineral has been confirmed only by chemical analysis,Clay,train,review_required,phyllosilicate taxonomy overlaps Clay/Serpentine/Mica; harmonize class hierarchy; visible/NIR Raman used for DUV transfer; document excitation-domain limitation,review_taxonomy_and_reference_quality,public_database_record_qc_flagged
PARENT_0736,Pyrophyllite__R050051__Raman__514__0__unoriented__Raman_Data_RAW__11038,R050051,Pyrophyllite,https://rruff.info/R050051,514.0,The identification of this mineral has been confirmed by X-ray diffraction and chemical analysis,Clay,train,review_required,phyllosilicate taxonomy overlaps Clay/Serpentine/Mica; harmonize class hierarchy; visible/NIR Raman used for DUV transfer; document excitation-domain limitation,review_taxonomy_and_reference_quality,public_database_record_qc_flagged
PARENT_0737,Pyrophyllite__R050051__Raman__532__0__unoriented__Raman_Data_RAW__21189,R050051,Pyrophyllite,https://rruff.info/R050051,532.0,The identification of this mineral has been confirmed by X-ray diffraction and chemical analysis,Clay,train,review_required,phyllosilicate taxonomy overlaps Clay/Serpentine/Mica; harmonize class hierarchy; visible/NIR Raman used for DUV transfer; document excitation-domain limitation,review_taxonomy_and_reference_quality,public_database_record_qc_flagged
PARENT_0738,Pyrophyllite__R050051__Raman__785__0__unoriented__Raman_Data_RAW__21191,R050051,Pyrophyllite,https://rruff.info/R050051,785.0,The identification of this mineral has been confirmed by X-ray diffraction and chemical analysis,Clay,train,review_required,phyllosilicate taxonomy overlaps Clay/Serpentine/Mica; harmonize class hierarchy; visible/NIR Raman used for DUV transfer; document excitation-domain limitation,review_taxonomy_and_reference_quality,public_database_record_qc_flagged
PARENT_0739,Pyrophyllite__R050108__Raman__514__0__unoriented__Raman_Data_RAW__5277,R050108,Pyrophyllite,https://rruff.info/R050108,514.0,The identification of this mineral has been confirmed by X-ray diffraction and chemical analysis,Clay,train,review_required,phyllosilicate taxonomy overlaps Clay/Serpentine/Mica; harmonize class hierarchy; visible/NIR Raman used for DUV transfer; document excitation-domain limitation,review_taxonomy_and_reference_quality,public_database_record_qc_flagged
PARENT_0740,Pyrophyllite__R050108__Raman__780__0__unoriented__Raman_Data_RAW__27020,R050108,Pyrophyllite,https://rruff.info/R050108,780.0,The identification of this mineral has been confirmed by X-ray diffraction and chemical analysis,Clay,train,review_required,phyllosilicate taxonomy overlaps Clay/Serpentine/Mica; harmonize class hierarchy; visible/NIR Raman used for DUV transfer; document excitation-domain limitation,review_taxonomy_and_reference_quality,public_database_record_qc_flagged
PARENT_0741,Pyrophyllite__R050108__Raman__532__0__unoriented__Raman_Data_RAW__27022,R050108,Pyrophyllite,https://rruff.info/R050108,532.0,The identification of this mineral has been confirmed by X-ray diffraction and chemical analysis,Clay,train,review_required,phyllosilicate taxonomy overlaps Clay/Serpentine/Mica; harmonize class hierarchy; visible/NIR Raman used for DUV transfer; document excitation-domain limitation,review_taxonomy_and_reference_quality,public_database_record_qc_flagged
PARENT_0742,Pyrophyllite__X050132__Raman__785__0__unoriented__Raman_Data_Processed__6639,X050132,Pyrophyllite,https://rruff.info/X050132,785.0,The identification of this mineral has been determined only by Raman spectroscopy,Clay,train,review_required,phyllosilicate taxonomy overlaps Clay/Serpentine/Mica; harmonize class hierarchy; visible/NIR Raman used for DUV transfer; document excitation-domain limitation; RRUFF processed spectrum; verify processing provenance and avoid mixing incompatible baselines,review_taxonomy_and_reference_quality,public_database_record_qc_flagged
PARENT_0743,Pyrophyllite__X050133__Raman__785__0__unoriented__Raman_Data_Processed__6640,X050133,Pyrophyllite,https://rruff.info/X050133,785.0,The identification of this mineral has been determined only by Raman spectroscopy,Clay,val,review_required,phyllosilicate taxonomy overlaps Clay/Serpentine/Mica; harmonize class hierarchy; visible/NIR Raman used for DUV transfer; document excitation-domain limitation; RRUFF processed spectrum; verify processing provenance and avoid mixing incompatible baselines,review_taxonomy_and_reference_quality,public_database_record_qc_flagged
PARENT_0753,Sepiolite__R070311__Raman__785__0__unoriented__Raman_Data_RAW__20575,R070311,Sepiolite,https://rruff.info/R070311,785.0,The identification of this mineral has been made only by X-ray diffraction.,Clay,train,review_required,phyllosilicate taxonomy overlaps Clay/Serpentine/Mica; harmonize class hierarchy; visible/NIR Raman used for DUV transfer; document excitation-domain limitation,review_taxonomy_and_reference_quality,public_database_record_qc_flagged
PARENT_0754,Sepiolite__R070311__Raman__532__0__unoriented__Raman_Data_RAW__20577,R070311,Sepiolite,https://rruff.info/R070311,532.0,The identification of this mineral has been made only by X-ray diffraction.,Clay,train,review_required,phyllosilicate taxonomy overlaps Clay/Serpentine/Mica; harmonize class hierarchy; visible/NIR Raman used for DUV transfer; document excitation-domain limitation,review_taxonomy_and_reference_quality,public_database_record_qc_flagged
PARENT_0761,Swinefordite__R070707__Raman__532__0__unoriented__Raman_Data_RAW__24165,R070707,Swinefordite,https://rruff.info/R070707,532.0,The identification of this mineral is not yet confirmed.,Clay,val,review_required,phyllosilicate taxonomy overlaps Clay/Serpentine/Mica; harmonize class hierarchy; visible/NIR Raman used for DUV transfer; document excitation-domain limitation,review_taxonomy_and_reference_quality,public_database_record_qc_flagged
PARENT_0762,Swinefordite__R070707__Raman__780__0__unoriented__Raman_Data_RAW__24167,R070707,Swinefordite,https://rruff.info/R070707,780.0,The identification of this mineral is not yet confirmed.,Clay,val,review_required,phyllosilicate taxonomy overlaps Clay/Serpentine/Mica; harmonize class hierarchy; visible/NIR Raman used for DUV transfer; document excitation-domain limitation,review_taxonomy_and_reference_quality,public_database_record_qc_flagged
PARENT_0763,Talc__R040137__Raman__514__0__unoriented__Raman_Data_RAW__9732,R040137,Talc,https://rruff.info/R040137,514.0,The identification of this mineral has been confirmed by X-ray diffraction and chemical analysis,Clay,train,review_required,phyllosilicate taxonomy overlaps Clay/Serpentine/Mica; harmonize class hierarchy; visible/NIR Raman used for DUV transfer; document excitation-domain limitation,review_taxonomy_and_reference_quality,public_database_record_qc_flagged
PARENT_0764,Talc__R040137__Raman__532__0__unoriented__Raman_Data_RAW__19797,R040137,Talc,https://rruff.info/R040137,532.0,The identification of this mineral has been confirmed by X-ray diffraction and chemical analysis,Clay,train,review_required,phyllosilicate taxonomy overlaps Clay/Serpentine/Mica; harmonize class hierarchy; visible/NIR Raman used for DUV transfer; document excitation-domain limitation,review_taxonomy_and_reference_quality,public_database_record_qc_flagged
PARENT_0765,Talc__R040137__Raman__785__0__unoriented__Raman_Data_RAW__19799,R040137,Talc,https://rruff.info/R040137,785.0,The identification of this mineral has been confirmed by X-ray diffraction and chemical analysis,Clay,train,review_required,phyllosilicate taxonomy overlaps Clay/Serpentine/Mica; harmonize class hierarchy; visible/NIR Raman used for DUV transfer; document excitation-domain limitation,review_taxonomy_and_reference_quality,public_database_record_qc_flagged
PARENT_0766,Talc__R050087__Raman__514__0__unoriented__Raman_Data_RAW__10061,R050087,Talc,https://rruff.info/R050087,514.0,The identification of this mineral has been confirmed by X-ray diffraction and chemical analysis,Clay,val,review_required,phyllosilicate taxonomy overlaps Clay/Serpentine/Mica; harmonize class hierarchy; visible/NIR Raman used for DUV transfer; document excitation-domain limitation,review_taxonomy_and_reference_quality,public_database_record_qc_flagged
PARENT_0767,Talc__R050087__Raman__532__0__unoriented__Raman_Data_RAW__21792,R050087,Talc,https://rruff.info/R050087,532.0,The identification of this mineral has been confirmed by X-ray diffraction and chemical analysis,Clay,val,review_required,phyllosilicate taxonomy overlaps Clay/Serpentine/Mica; harmonize class hierarchy; visible/NIR Raman used for DUV transfer; document excitation-domain limitation,review_taxonomy_and_reference_quality,public_database_record_qc_flagged
PARENT_0768,Talc__R050087__Raman__785__0__unoriented__Raman_Data_RAW__21794,R050087,Talc,https://rruff.info/R050087,785.0,The identification of this mineral has been confirmed by X-ray diffraction and chemical analysis,Clay,val,review_required,phyllosilicate taxonomy overlaps Clay/Serpentine/Mica; harmonize class hierarchy; visible/NIR Raman used for DUV transfer; document excitation-domain limitation,review_taxonomy_and_reference_quality,public_database_record_qc_flagged
PARENT_0769,Talc__R050058__Raman__514__0__unoriented__Raman_Data_RAW__9962,R050058,Talc,https://rruff.info/R050058,514.0,The identification of this mineral has been confirmed by X-ray diffraction and chemical analysis,Clay,train,review_required,phyllosilicate taxonomy overlaps Clay/Serpentine/Mica; harmonize class hierarchy; visible/NIR Raman used for DUV transfer; document excitation-domain limitation,review_taxonomy_and_reference_quality,public_database_record_qc_flagged
PARENT_0770,Talc__R050058__Raman__532__0__unoriented__Raman_Data_RAW__21213,R050058,Talc,https://rruff.info/R050058,532.0,The identification of this mineral has been confirmed by X-ray diffraction and chemical analysis,Clay,train,review_required,phyllosilicate taxonomy overlaps Clay/Serpentine/Mica; harmonize class hierarchy; visible/NIR Raman used for DUV transfer; document excitation-domain limitation,review_taxonomy_and_reference_quality,public_database_record_qc_flagged
PARENT_0771,Talc__R050058__Raman__785__0__unoriented__Raman_Data_RAW__21215,R050058,Talc,https://rruff.info/R050058,785.0,The identification of this mineral has been confirmed by X-ray diffraction and chemical analysis,Clay,train,review_required,phyllosilicate taxonomy overlaps Clay/Serpentine/Mica; harmonize class hierarchy; visible/NIR Raman used for DUV transfer; document excitation-domain limitation,review_taxonomy_and_reference_quality,public_database_record_qc_flagged
PARENT_0772,Talc__X050159__Raman__785__0__unoriented__Raman_Data_Processed__6056,X050159,Talc,https://rruff.info/X050159,785.0,The identification of this mineral has been determined only by Raman spectroscopy,Clay,val,review_required,phyllosilicate taxonomy overlaps Clay/Serpentine/Mica; harmonize class hierarchy; visible/NIR Raman used for DUV transfer; document excitation-domain limitation; RRUFF processed spectrum; verify processing provenance and avoid mixing incompatible baselines,review_taxonomy_and_reference_quality,public_database_record_qc_flagged
PARENT_0773,Talc__X050160__Raman__785__0__unoriented__Raman_Data_Processed__6689,X050160,Talc,https://rruff.info/X050160,785.0,The identification of this mineral has been determined only by Raman spectroscopy,Clay,train,review_required,phyllosilicate taxonomy overlaps Clay/Serpentine/Mica; harmonize class hierarchy; visible/NIR Raman used for DUV transfer; document excitation-domain limitation; RRUFF processed spectrum; verify processing provenance and avoid mixing incompatible baselines,review_taxonomy_and_reference_quality,public_database_record_qc_flagged
PARENT_0774,Talc__X050161__Raman__785__0__unoriented__Raman_Data_Processed__6691,X050161,Talc,https://rruff.info/X050161,785.0,The identification of this mineral has been determined only by Raman spectroscopy,Clay,val,review_required,phyllosilicate taxonomy overlaps Clay/Serpentine/Mica; harmonize class hierarchy; visible/NIR Raman used for DUV transfer; document excitation-domain limitation; RRUFF processed spectrum; verify processing provenance and avoid mixing incompatible baselines,review_taxonomy_and_reference_quality,public_database_record_qc_flagged
PARENT_0775,Vermiculite__R050490__Raman__532__0__unoriented__Raman_Data_RAW__31643,R050490,Vermiculite,https://rruff.info/R050490,532.0,The identification of this mineral has been confirmed by X-ray diffraction and chemical analysis,Clay,test,review_required,phyllosilicate taxonomy overlaps Clay/Serpentine/Mica; harmonize class hierarchy; visible/NIR Raman used for DUV transfer; document excitation-domain limitation,review_taxonomy_and_reference_quality,public_database_record_qc_flagged
PARENT_0776,Vermiculite__R050490__Raman__780__0__unoriented__Raman_Data_RAW__31645,R050490,Vermiculite,https://rruff.info/R050490,780.0,The identification of this mineral has been confirmed by X-ray diffraction and chemical analysis,Clay,test,review_required,phyllosilicate taxonomy overlaps Clay/Serpentine/Mica; harmonize class hierarchy; visible/NIR Raman used for DUV transfer; document excitation-domain limitation,review_taxonomy_and_reference_quality,public_database_record_qc_flagged
PARENT_0777,Willemseite__R061112__Raman__532__0__unoriented__Raman_Data_RAW__17356,R061112,Willemseite,https://rruff.info/R061112,532.0,The identification of this mineral is not yet confirmed.,Clay,train,review_required,phyllosilicate taxonomy overlaps Clay/Serpentine/Mica; harmonize class hierarchy; visible/NIR Raman used for DUV transfer; document excitation-domain limitation,review_taxonomy_and_reference_quality,public_database_record_qc_flagged
PARENT_0778,Yofortierite__R080111__Raman__532__0__unoriented__Raman_Data_RAW__30108,R080111,Yofortierite,https://rruff.info/R080111,532.0,The identification of this mineral is not yet confirmed.,Clay,test,review_required,phyllosilicate taxonomy overlaps Clay/Serpentine/Mica; harmonize class hierarchy; visible/NIR Raman used for DUV transfer; document excitation-domain limitation,review_taxonomy_and_reference_quality,public_database_record_qc_flagged
PARENT_0779,Yofortierite__R080111__Raman__780__0__unoriented__Raman_Data_RAW__30110,R080111,Yofortierite,https://rruff.info/R080111,780.0,The identification of this mineral is not yet confirmed.,Clay,test,review_required,phyllosilicate taxonomy overlaps Clay/Serpentine/Mica; harmonize class hierarchy; visible/NIR Raman used for DUV transfer; document excitation-domain limitation,review_taxonomy_and_reference_quality,public_database_record_qc_flagged
PARENT_0489,Halite__R070292__Raman__785__0__unoriented__Raman_Data_RAW__20361,R070292,Halite,https://rruff.info/R070292,785.0,The identification of this mineral has been confirmed by X-ray diffraction.,Halides,test,review_required,halide/salt class may be Raman-inactive or weak-feature; verify bands before supervised training; visible/NIR Raman used for DUV transfer; document excitation-domain limitation,exclude_or_move_to_rejection_class_unless_diagnostic_bands_confirmed,public_database_record_qc_flagged
PARENT_0490,Halite__R070292__Raman__532__0__unoriented__Raman_Data_RAW__20363,R070292,Halite,https://rruff.info/R070292,532.0,The identification of this mineral has been confirmed by X-ray diffraction.,Halides,test,review_required,halide/salt class may be Raman-inactive or weak-feature; verify bands before supervised training; visible/NIR Raman used for DUV transfer; document excitation-domain limitation,exclude_or_move_to_rejection_class_unless_diagnostic_bands_confirmed,public_database_record_qc_flagged
PARENT_0491,Halite__R070586__Raman__532__0__unoriented__Raman_Data_RAW__23114,R070586,Halite,https://rruff.info/R070586,532.0,The identification of this mineral has been confirmed by X-ray diffraction and chemical analysis,Halides,train,review_required,halide/salt class may be Raman-inactive or weak-feature; verify bands before supervised training; visible/NIR Raman used for DUV transfer; document excitation-domain limitation,exclude_or_move_to_rejection_class_unless_diagnostic_bands_confirmed,public_database_record_qc_flagged
PARENT_0492,Halite__R070586__Raman__780__0__unoriented__Raman_Data_RAW__23116,R070586,Halite,https://rruff.info/R070586,780.0,The identification of this mineral has been confirmed by X-ray diffraction and chemical analysis,Halides,train,review_required,halide/salt class may be Raman-inactive or weak-feature; verify bands before supervised training; visible/NIR Raman used for DUV transfer; document excitation-domain limitation,exclude_or_move_to_rejection_class_unless_diagnostic_bands_confirmed,public_database_record_qc_flagged
PARENT_0493,Halite__R070534__Raman__785__0__unoriented__Raman_Data_RAW__22607,R070534,Halite,https://rruff.info/R070534,785.0,The identification of this mineral has been confirmed by X-ray diffraction.,Halides,train,review_required,halide/salt class may be Raman-inactive or weak-feature; verify bands before supervised training; visible/NIR Raman used for DUV transfer; document excitation-domain limitation,exclude_or_move_to_rejection_class_unless_diagnostic_bands_confirmed,public_database_record_qc_flagged
PARENT_0494,Halite__R070534__Raman__532__0__unoriented__Raman_Data_RAW__22609,R070534,Halite,https://rruff.info/R070534,532.0,The identification of this mineral has been confirmed by X-ray diffraction.,Halides,train,review_required,halide/salt class may be Raman-inactive or weak-feature; verify bands before supervised training; visible/NIR Raman used for DUV transfer; document excitation-domain limitation,exclude_or_move_to_rejection_class_unless_diagnostic_bands_confirmed,public_database_record_qc_flagged
PARENT_0199,Celsian__R060152__Raman__532__0__unoriented__Raman_Data_RAW__33109,R060152,Celsian,https://rruff.info/R060152,532.0,The identification of this mineral is confirmed by single-crystal X-ray diffraction and chemical analysis.,K-Feldspar,train,include_pending_manual_review,visible/NIR Raman used for DUV transfer; document excitation-domain limitation,retain_after_manual_qc,verified_public_database_record
PARENT_0200,Celsian__R060152__Raman__780__0__unoriented__Raman_Data_RAW__33111,R060152,Celsian,https://rruff.info/R060152,780.0,The identification of this mineral is confirmed by single-crystal X-ray diffraction and chemical analysis.,K-Feldspar,train,include_pending_manual_review,visible/NIR Raman used for DUV transfer; document excitation-domain limitation,retain_after_manual_qc,verified_public_database_record
PARENT_0201,Celsian__R060460__Raman__532__0__unoriented__Raman_Data_RAW__35037,R060460,Celsian,https://rruff.info/R060460,532.0,The identification of this mineral has been confirmed by X-ray diffraction and chemical analysis,K-Feldspar,train,include_pending_manual_review,visible/NIR Raman used for DUV transfer; document excitation-domain limitation,retain_after_manual_qc,verified_public_database_record
PARENT_0202,Celsian__R060460__Raman__780__0__unoriented__Raman_Data_RAW__35039,R060460,Celsian,https://rruff.info/R060460,780.0,The identification of this mineral has been confirmed by X-ray diffraction and chemical analysis,K-Feldspar,train,include_pending_manual_review,visible/NIR Raman used for DUV transfer; document excitation-domain limitation,retain_after_manual_qc,verified_public_database_record
PARENT_0203,Celsian__R170048__Raman__532__0__unoriented__Raman_Data_RAW__40237,R170048,Celsian,https://rruff.info/R170048,532.0,The identification of this mineral has been determined only by Raman spectroscopy,K-Feldspar,train,include_pending_manual_review,visible/NIR Raman used for DUV transfer; document excitation-domain limitation,retain_after_manual_qc,verified_public_database_record
PARENT_0204,Celsian__R170048__Raman__780__0__unoriented__Raman_Data_RAW__40239,R170048,Celsian,https://rruff.info/R170048,780.0,The identification of this mineral has been determined only by Raman spectroscopy,K-Feldspar,train,include_pending_manual_review,visible/NIR Raman used for DUV transfer; document excitation-domain limitation,retain_after_manual_qc,verified_public_database_record
PARENT_0207,Microcline__R040154__Raman__514__0__unoriented__Raman_Data_RAW__9630,R040154,Microcline,https://rruff.info/R040154,514.0,The identification of this mineral has been confirmed by X-ray diffraction and chemical analysis,K-Feldspar,train,include_pending_manual_review,visible/NIR Raman used for DUV transfer; document excitation-domain limitation,retain_after_manual_qc,verified_public_database_record
PARENT_0208,Microcline__R040154__Raman__532__0__unoriented__Raman_Data_RAW__20765,R040154,Microcline,https://rruff.info/R040154,532.0,The identification of this mineral has been confirmed by X-ray diffraction and chemical analysis,K-Feldspar,train,include_pending_manual_review,visible/NIR Raman used for DUV transfer; document excitation-domain limitation,retain_after_manual_qc,verified_public_database_record
PARENT_0209,Microcline__R040154__Raman__785__0__unoriented__Raman_Data_RAW__20767,R040154,Microcline,https://rruff.info/R040154,785.0,The identification of this mineral has been confirmed by X-ray diffraction and chemical analysis,K-Feldspar,train,include_pending_manual_review,visible/NIR Raman used for DUV transfer; document excitation-domain limitation,retain_after_manual_qc,verified_public_database_record
PARENT_0210,Microcline__R050054__Raman__514__0__unoriented__Raman_Data_RAW__9931,R050054,Microcline,https://rruff.info/R050054,514.0,The identification of this mineral has been confirmed by X-ray diffraction and chemical analysis,K-Feldspar,train,include_pending_manual_review,visible/NIR Raman used for DUV transfer; document excitation-domain limitation,retain_after_manual_qc,verified_public_database_record
PARENT_0211,Microcline__R050054__Raman__532__0__unoriented__Raman_Data_RAW__21201,R050054,Microcline,https://rruff.info/R050054,532.0,The identification of this mineral has been confirmed by X-ray diffraction and chemical analysis,K-Feldspar,train,include_pending_manual_review,visible/NIR Raman used for DUV transfer; document excitation-domain limitation,retain_after_manual_qc,verified_public_database_record
PARENT_0212,Microcline__R050054__Raman__785__0__unoriented__Raman_Data_RAW__21203,R050054,Microcline,https://rruff.info/R050054,785.0,The identification of this mineral has been confirmed by X-ray diffraction and chemical analysis,K-Feldspar,train,include_pending_manual_review,visible/NIR Raman used for DUV transfer; document excitation-domain limitation,retain_after_manual_qc,verified_public_database_record
PARENT_0213,Microcline__R050150__Raman__514__0__unoriented__Raman_Data_RAW__10164,R050150,Microcline,https://rruff.info/R050150,514.0,The identification of this mineral has been confirmed by X-ray diffraction and chemical analysis,K-Feldspar,train,include_pending_manual_review,visible/NIR Raman used for DUV transfer; document excitation-domain limitation,retain_after_manual_qc,verified_public_database_record
PARENT_0214,Microcline__R050150__Raman__532__0__unoriented__Raman_Data_RAW__27529,R050150,Microcline,https://rruff.info/R050150,532.0,The identification of this mineral has been confirmed by X-ray diffraction and chemical analysis,K-Feldspar,train,include_pending_manual_review,visible/NIR Raman used for DUV transfer; document excitation-domain limitation,retain_after_manual_qc,verified_public_database_record
PARENT_0215,Microcline__R050150__Raman__780__0__unoriented__Raman_Data_RAW__27531,R050150,Microcline,https://rruff.info/R050150,780.0,The identification of this mineral has been confirmed by X-ray diffraction and chemical analysis,K-Feldspar,train,include_pending_manual_review,visible/NIR Raman used for DUV transfer; document excitation-domain limitation,retain_after_manual_qc,verified_public_database_record
PARENT_0216,Microcline__R050193__Raman__514__0__unoriented__Raman_Data_RAW__10217,R050193,Microcline,https://rruff.info/R050193,514.0,The identification of this mineral has been confirmed by X-ray diffraction and chemical analysis,K-Feldspar,train,include_pending_manual_review,visible/NIR Raman used for DUV transfer; document excitation-domain limitation,retain_after_manual_qc,verified_public_database_record
PARENT_0217,Microcline__R050193__Raman__780__0__unoriented__Raman_Data_RAW__27807,R050193,Microcline,https://rruff.info/R050193,780.0,The identification of this mineral has been confirmed by X-ray diffraction and chemical analysis,K-Feldspar,train,include_pending_manual_review,visible/NIR Raman used for DUV transfer; document excitation-domain limitation,retain_after_manual_qc,verified_public_database_record
PARENT_0218,Microcline__R050193__Raman__532__0__unoriented__Raman_Data_RAW__27811,R050193,Microcline,https://rruff.info/R050193,532.0,The identification of this mineral has been confirmed by X-ray diffraction and chemical analysis,K-Feldspar,train,include_pending_manual_review,visible/NIR Raman used for DUV transfer; document excitation-domain limitation,retain_after_manual_qc,verified_public_database_record
PARENT_0219,Microcline__X050117__Raman__785__0__unoriented__Raman_Data_Processed__6612,X050117,Microcline,https://rruff.info/X050117,785.0,The identification of this mineral has been determined only by Raman spectroscopy,K-Feldspar,train,include_pending_manual_review,visible/NIR Raman used for DUV transfer; document excitation-domain limitation; RRUFF processed spectrum; verify processing provenance and avoid mixing incompatible baselines,retain_after_manual_qc,verified_public_database_record
PARENT_0220,Microcline__R120005__Raman__532__0__unoriented__Raman_Data_RAW__36362,R120005,Microcline,https://rruff.info/R120005,532.0,The identification of this mineral has been confirmed by single-crystal X-ray diffraction.,K-Feldspar,train,include_pending_manual_review,visible/NIR Raman used for DUV transfer; document excitation-domain limitation,retain_after_manual_qc,verified_public_database_record
PARENT_0221,Microcline__R120005__Raman__780__0__unoriented__Raman_Data_RAW__36364,R120005,Microcline,https://rruff.info/R120005,780.0,The identification of this mineral has been confirmed by single-crystal X-ray diffraction.,K-Feldspar,train,include_pending_manual_review,visible/NIR Raman used for DUV transfer; document excitation-domain limitation,retain_after_manual_qc,verified_public_database_record
PARENT_0222,Microcline__R150015__Raman__532__0__unoriented__Raman_Data_RAW__39182,R150015,Microcline,https://rruff.info/R150015,532.0,The identification of this mineral is confirmed by single-crystal X-ray diffraction and chemical analysis.,K-Feldspar,train,include_pending_manual_review,visible/NIR Raman used for DUV transfer; document excitation-domain limitation,retain_after_manual_qc,verified_public_database_record
PARENT_0223,Microcline__R150015__Raman__780__0__unoriented__Raman_Data_RAW__39184,R150015,Microcline,https://rruff.info/R150015,780.0,The identification of this mineral is confirmed by single-crystal X-ray diffraction and chemical analysis.,K-Feldspar,train,include_pending_manual_review,visible/NIR Raman used for DUV transfer; document excitation-domain limitation,retain_after_manual_qc,verified_public_database_record
PARENT_0225,Orthoclase__R040055__Raman__514__0__unoriented__Raman_Data_RAW__9391,R040055,Orthoclase,https://rruff.info/R040055,514.0,The identification of this mineral has been confirmed by X-ray diffraction and chemical analysis,K-Feldspar,train,include_pending_manual_review,visible/NIR Raman used for DUV transfer; document excitation-domain limitation,retain_after_manual_qc,verified_public_database_record
PARENT_0226,Orthoclase__R040055__Raman__785__0__unoriented__Raman_Data_RAW__15130,R040055,Orthoclase,https://rruff.info/R040055,785.0,The identification of this mineral has been confirmed by X-ray diffraction and chemical analysis,K-Feldspar,train,include_pending_manual_review,visible/NIR Raman used for DUV transfer; document excitation-domain limitation,retain_after_manual_qc,verified_public_database_record
PARENT_0227,Orthoclase__R040055__Raman__532__0__unoriented__Raman_Data_RAW__15132,R040055,Orthoclase,https://rruff.info/R040055,532.0,The identification of this mineral has been confirmed by X-ray diffraction and chemical analysis,K-Feldspar,train,include_pending_manual_review,visible/NIR Raman used for DUV transfer; document excitation-domain limitation,retain_after_manual_qc,verified_public_database_record
PARENT_0228,Orthoclase__R050185__Raman__514__0__unoriented__Raman_Data_RAW__10205,R050185,Orthoclase,https://rruff.info/R050185,514.0,The identification of this mineral is confirmed by single-crystal X-ray diffraction and chemical analysis.,K-Feldspar,val,include_pending_manual_review,visible/NIR Raman used for DUV transfer; document excitation-domain limitation,retain_after_manual_qc,verified_public_database_record
PARENT_0229,Orthoclase__R050185__Raman__532__0__unoriented__Raman_Data_RAW__28160,R050185,Orthoclase,https://rruff.info/R050185,532.0,The identification of this mineral is confirmed by single-crystal X-ray diffraction and chemical analysis.,K-Feldspar,val,include_pending_manual_review,visible/NIR Raman used for DUV transfer; document excitation-domain limitation,retain_after_manual_qc,verified_public_database_record
PARENT_0230,Orthoclase__R050185__Raman__780__0__unoriented__Raman_Data_RAW__28162,R050185,Orthoclase,https://rruff.info/R050185,780.0,The identification of this mineral is confirmed by single-crystal X-ray diffraction and chemical analysis.,K-Feldspar,val,include_pending_manual_review,visible/NIR Raman used for DUV transfer; document excitation-domain limitation,retain_after_manual_qc,verified_public_database_record
PARENT_0231,Orthoclase__X050124.3__Raman__785__0__unoriented__Raman_Data_Processed__6629,X050124,Orthoclase,https://rruff.info/X050124,785.0,The identification of this mineral has been determined only by Raman spectroscopy,K-Feldspar,test,include_pending_manual_review,visible/NIR Raman used for DUV transfer; document excitation-domain limitation; RRUFF processed spectrum; verify processing provenance and avoid mixing incompatible baselines,retain_after_manual_qc,verified_public_database_record
PARENT_0232,Orthoclase__X050125__Raman__785__0__unoriented__Raman_Data_Processed__6631,X050125,Orthoclase,https://rruff.info/X050125,785.0,The identification of this mineral has been determined only by Raman spectroscopy,K-Feldspar,train,include_pending_manual_review,visible/NIR Raman used for DUV transfer; document excitation-domain limitation; RRUFF processed spectrum; verify processing provenance and avoid mixing incompatible baselines,retain_after_manual_qc,verified_public_database_record
PARENT_0233,Orthoclase__X050126__Raman__785__0__unoriented__Raman_Data_Processed__6632,X050126,Orthoclase,https://rruff.info/X050126,785.0,The identification of this mineral has been determined only by Raman spectroscopy,K-Feldspar,train,include_pending_manual_review,visible/NIR Raman used for DUV transfer; document excitation-domain limitation; RRUFF processed spectrum; verify processing provenance and avoid mixing incompatible baselines,retain_after_manual_qc,verified_public_database_record
PARENT_0234,Orthoclase__X050123.4__Raman__785__0__unoriented__Raman_Data_Processed__5992,X050123,Orthoclase,https://rruff.info/X050123,785.0,The identification of this mineral has been determined only by Raman spectroscopy,K-Feldspar,train,include_pending_manual_review,visible/NIR Raman used for DUV transfer; document excitation-domain limitation; RRUFF processed spectrum; verify processing provenance and avoid mixing incompatible baselines,retain_after_manual_qc,verified_public_database_record
PARENT_0235,Orthoclase__R050367__Raman__532__0__unoriented__Raman_Data_RAW__29606,R050367,Orthoclase,https://rruff.info/R050367,532.0,The identification of this mineral has been confirmed by X-ray diffraction and chemical analysis,K-Feldspar,train,include_pending_manual_review,visible/NIR Raman used for DUV transfer; document excitation-domain limitation,retain_after_manual_qc,verified_public_database_record
PARENT_0236,Orthoclase__R050367__Raman__780__0__unoriented__Raman_Data_RAW__29608,R050367,Orthoclase,https://rruff.info/R050367,780.0,The identification of this mineral has been confirmed by X-ray diffraction and chemical analysis,K-Feldspar,train,include_pending_manual_review,visible/NIR Raman used for DUV transfer; document excitation-domain limitation,retain_after_manual_qc,verified_public_database_record
PARENT_0237,Orthoclase__R060077__Raman__532__0__unoriented__Raman_Data_RAW__27545,R060077,Orthoclase,https://rruff.info/R060077,532.0,The identification of this mineral has been confirmed by X-ray diffraction and chemical analysis,K-Feldspar,val,include_pending_manual_review,visible/NIR Raman used for DUV transfer; document excitation-domain limitation,retain_after_manual_qc,verified_public_database_record
PARENT_0238,Orthoclase__R070001__Raman__532__0__unoriented__Raman_Data_RAW__16777,R070001,Orthoclase,https://rruff.info/R070001,532.0,The identification of this mineral has been confirmed by X-ray diffraction and chemical analysis,K-Feldspar,train,include_pending_manual_review,visible/NIR Raman used for DUV transfer; document excitation-domain limitation,retain_after_manual_qc,verified_public_database_record
PARENT_0239,Orthoclase__R070001__Raman__785__0__unoriented__Raman_Data_RAW__16779,R070001,Orthoclase,https://rruff.info/R070001,785.0,The identification of this mineral has been confirmed by X-ray diffraction and chemical analysis,K-Feldspar,train,include_pending_manual_review,visible/NIR Raman used for DUV transfer; document excitation-domain limitation,retain_after_manual_qc,verified_public_database_record
PARENT_0240,Orthoclase__R150014__Raman__532__0__unoriented__Raman_Data_RAW__39207,R150014,Orthoclase,https://rruff.info/R150014,532.0,The identification of this mineral is confirmed by single-crystal X-ray diffraction and chemical analysis.,K-Feldspar,test,include_pending_manual_review,visible/NIR Raman used for DUV transfer; document excitation-domain limitation,retain_after_manual_qc,verified_public_database_record
PARENT_0241,Orthoclase__R150014__Raman__780__0__unoriented__Raman_Data_RAW__39209,R150014,Orthoclase,https://rruff.info/R150014,780.0,The identification of this mineral is confirmed by single-crystal X-ray diffraction and chemical analysis.,K-Feldspar,test,include_pending_manual_review,visible/NIR Raman used for DUV transfer; document excitation-domain limitation,retain_after_manual_qc,verified_public_database_record
PARENT_0246,Sanidine__X050140__Raman__785__0__unoriented__Raman_Data_Processed__6659,X050140,Sanidine,https://rruff.info/X050140,785.0,The identification of this mineral has been determined by Raman spectroscopy and chemical analysis,K-Feldspar,train,include_pending_manual_review,visible/NIR Raman used for DUV transfer; document excitation-domain limitation; RRUFF processed spectrum; verify processing provenance and avoid mixing incompatible baselines,retain_after_manual_qc,verified_public_database_record
PARENT_0247,Sanidine__R060313__Raman__532__0__unoriented__Raman_Data_RAW__34072,R060313,Sanidine,https://rruff.info/R060313,532.0,The identification of this mineral has been confirmed by X-ray diffraction and chemical analysis,K-Feldspar,train,include_pending_manual_review,visible/NIR Raman used for DUV transfer; document excitation-domain limitation,retain_after_manual_qc,verified_public_database_record
PARENT_0248,Sanidine__R060313__Raman__780__0__unoriented__Raman_Data_RAW__34074,R060313,Sanidine,https://rruff.info/R060313,780.0,The identification of this mineral has been confirmed by X-ray diffraction and chemical analysis,K-Feldspar,train,include_pending_manual_review,visible/NIR Raman used for DUV transfer; document excitation-domain limitation,retain_after_manual_qc,verified_public_database_record
PARENT_0618,Annite__R060204__Raman__514__0__unoriented__Raman_Data_RAW__8408,R060204,Annite,https://rruff.info/R060204,514.0,The identification of this mineral has been confirmed by X-ray diffraction and chemical analysis,Mica,val,review_required,phyllosilicate taxonomy overlaps Clay/Serpentine/Mica; harmonize class hierarchy; visible/NIR Raman used for DUV transfer; document excitation-domain limitation,review_taxonomy_and_reference_quality,public_database_record_qc_flagged
PARENT_0619,Annite__R060204__Raman__532__0__unoriented__Raman_Data_RAW__33303,R060204,Annite,https://rruff.info/R060204,532.0,The identification of this mineral has been confirmed by X-ray diffraction and chemical analysis,Mica,val,review_required,phyllosilicate taxonomy overlaps Clay/Serpentine/Mica; harmonize class hierarchy; visible/NIR Raman used for DUV transfer; document excitation-domain limitation,review_taxonomy_and_reference_quality,public_database_record_qc_flagged
PARENT_0620,Annite__R060204__Raman__780__0__unoriented__Raman_Data_RAW__33305,R060204,Annite,https://rruff.info/R060204,780.0,The identification of this mineral has been confirmed by X-ray diffraction and chemical analysis,Mica,val,review_required,phyllosilicate taxonomy overlaps Clay/Serpentine/Mica; harmonize class hierarchy; visible/NIR Raman used for DUV transfer; document excitation-domain limitation,review_taxonomy_and_reference_quality,public_database_record_qc_flagged
PARENT_0621,Annite__R060211__Raman__532__0__unoriented__Raman_Data_RAW__39792,R060211,Annite,https://rruff.info/R060211,532.0,The identification of this mineral has been confirmed by X-ray diffraction and chemical analysis,Mica,train,review_required,phyllosilicate taxonomy overlaps Clay/Serpentine/Mica; harmonize class hierarchy; visible/NIR Raman used for DUV transfer; document excitation-domain limitation,review_taxonomy_and_reference_quality,public_database_record_qc_flagged
PARENT_0622,Annite__R060211__Raman__780__0__unoriented__Raman_Data_RAW__39794,R060211,Annite,https://rruff.info/R060211,780.0,The identification of this mineral has been confirmed by X-ray diffraction and chemical analysis,Mica,train,review_required,phyllosilicate taxonomy overlaps Clay/Serpentine/Mica; harmonize class hierarchy; visible/NIR Raman used for DUV transfer; document excitation-domain limitation,review_taxonomy_and_reference_quality,public_database_record_qc_flagged
PARENT_0671,Kinoshitalite__R070656__Raman__780__0__unoriented__Raman_Data_RAW__23928,R070656,Kinoshitalite,https://rruff.info/R070656,780.0,The identification of this mineral has been confirmed only by single crystal X-ray diffraction.,Mica,train,review_required,phyllosilicate taxonomy overlaps Clay/Serpentine/Mica; harmonize class hierarchy; visible/NIR Raman used for DUV transfer; document excitation-domain limitation,review_taxonomy_and_reference_quality,public_database_record_qc_flagged
PARENT_0672,Kinoshitalite__R070656__Raman__532__0__unoriented__Raman_Data_RAW__23930,R070656,Kinoshitalite,https://rruff.info/R070656,532.0,The identification of this mineral has been confirmed only by single crystal X-ray diffraction.,Mica,train,review_required,phyllosilicate taxonomy overlaps Clay/Serpentine/Mica; harmonize class hierarchy; visible/NIR Raman used for DUV transfer; document excitation-domain limitation,review_taxonomy_and_reference_quality,public_database_record_qc_flagged
PARENT_0677,Margarite__R060839__Raman__532__0__unoriented__Raman_Data_RAW__12926,R060839,Margarite,https://rruff.info/R060839,532.0,The identification of this mineral has been confirmed by X-ray diffraction and chemical analysis,Mica,train,review_required,phyllosilicate taxonomy overlaps Clay/Serpentine/Mica; harmonize class hierarchy; visible/NIR Raman used for DUV transfer; document excitation-domain limitation,review_taxonomy_and_reference_quality,public_database_record_qc_flagged
PARENT_0678,Margarite__R060839__Raman__785__0__unoriented__Raman_Data_RAW__16831,R060839,Margarite,https://rruff.info/R060839,785.0,The identification of this mineral has been confirmed by X-ray diffraction and chemical analysis,Mica,train,review_required,phyllosilicate taxonomy overlaps Clay/Serpentine/Mica; harmonize class hierarchy; visible/NIR Raman used for DUV transfer; document excitation-domain limitation,review_taxonomy_and_reference_quality,public_database_record_qc_flagged
PARENT_0685,Muscovite__R040104__Raman__514__0__unoriented__Raman_Data_RAW__9500,R040104,Muscovite,https://rruff.info/R040104,514.0,The identification of this mineral has been confirmed by X-ray diffraction and chemical analysis,Mica,train,review_required,phyllosilicate taxonomy overlaps Clay/Serpentine/Mica; harmonize class hierarchy; visible/NIR Raman used for DUV transfer; document excitation-domain limitation,review_taxonomy_and_reference_quality,public_database_record_qc_flagged
PARENT_0686,Muscovite__R040104__Raman__532__0__unoriented__Raman_Data_RAW__15840,R040104,Muscovite,https://rruff.info/R040104,532.0,The identification of this mineral has been confirmed by X-ray diffraction and chemical analysis,Mica,train,review_required,phyllosilicate taxonomy overlaps Clay/Serpentine/Mica; harmonize class hierarchy; visible/NIR Raman used for DUV transfer; document excitation-domain limitation,review_taxonomy_and_reference_quality,public_database_record_qc_flagged
PARENT_0687,Muscovite__R040104__Raman__785__0__unoriented__Raman_Data_RAW__15842,R040104,Muscovite,https://rruff.info/R040104,785.0,The identification of this mineral has been confirmed by X-ray diffraction and chemical analysis,Mica,train,review_required,phyllosilicate taxonomy overlaps Clay/Serpentine/Mica; harmonize class hierarchy; visible/NIR Raman used for DUV transfer; document excitation-domain limitation,review_taxonomy_and_reference_quality,public_database_record_qc_flagged
PARENT_0688,Muscovite__R040108__Raman__514__0__unoriented__Raman_Data_RAW__9508,R040108,Muscovite,https://rruff.info/R040108,514.0,The identification of this mineral has been confirmed by X-ray diffraction and chemical analysis,Mica,train,review_required,phyllosilicate taxonomy overlaps Clay/Serpentine/Mica; harmonize class hierarchy; visible/NIR Raman used for DUV transfer; document excitation-domain limitation,review_taxonomy_and_reference_quality,public_database_record_qc_flagged
PARENT_0689,Muscovite__R040108__Raman__532__0__unoriented__Raman_Data_RAW__19539,R040108,Muscovite,https://rruff.info/R040108,532.0,The identification of this mineral has been confirmed by X-ray diffraction and chemical analysis,Mica,train,review_required,phyllosilicate taxonomy overlaps Clay/Serpentine/Mica; harmonize class hierarchy; visible/NIR Raman used for DUV transfer; document excitation-domain limitation,review_taxonomy_and_reference_quality,public_database_record_qc_flagged
PARENT_0690,Muscovite__R040108__Raman__785__0__unoriented__Raman_Data_RAW__19541,R040108,Muscovite,https://rruff.info/R040108,785.0,The identification of this mineral has been confirmed by X-ray diffraction and chemical analysis,Mica,train,review_required,phyllosilicate taxonomy overlaps Clay/Serpentine/Mica; harmonize class hierarchy; visible/NIR Raman used for DUV transfer; document excitation-domain limitation,review_taxonomy_and_reference_quality,public_database_record_qc_flagged
PARENT_0691,Muscovite__R040124__Raman__514__0__unoriented__Raman_Data_RAW__9534,R040124,Muscovite,https://rruff.info/R040124,514.0,The identification of this mineral has been confirmed by X-ray diffraction and chemical analysis,Mica,train,review_required,phyllosilicate taxonomy overlaps Clay/Serpentine/Mica; harmonize class hierarchy; visible/NIR Raman used for DUV transfer; document excitation-domain limitation,review_taxonomy_and_reference_quality,public_database_record_qc_flagged
PARENT_0692,Muscovite__R040124__Raman__785__0__unoriented__Raman_Data_RAW__19730,R040124,Muscovite,https://rruff.info/R040124,785.0,The identification of this mineral has been confirmed by X-ray diffraction and chemical analysis,Mica,train,review_required,phyllosilicate taxonomy overlaps Clay/Serpentine/Mica; harmonize class hierarchy; visible/NIR Raman used for DUV transfer; document excitation-domain limitation,review_taxonomy_and_reference_quality,public_database_record_qc_flagged
PARENT_0693,Muscovite__R040124__Raman__532__0__unoriented__Raman_Data_RAW__19731,R040124,Muscovite,https://rruff.info/R040124,532.0,The identification of this mineral has been confirmed by X-ray diffraction and chemical analysis,Mica,train,review_required,phyllosilicate taxonomy overlaps Clay/Serpentine/Mica; harmonize class hierarchy; visible/NIR Raman used for DUV transfer; document excitation-domain limitation,review_taxonomy_and_reference_quality,public_database_record_qc_flagged
PARENT_0694,Muscovite__R050080__Raman__514__0__unoriented__Raman_Data_RAW__10045,R050080,Muscovite,https://rruff.info/R050080,514.0,The identification of this mineral has been confirmed by X-ray diffraction and chemical analysis,Mica,train,review_required,phyllosilicate taxonomy overlaps Clay/Serpentine/Mica; harmonize class hierarchy; visible/NIR Raman used for DUV transfer; document excitation-domain limitation,review_taxonomy_and_reference_quality,public_database_record_qc_flagged
PARENT_0695,Muscovite__R050080__Raman__532__0__unoriented__Raman_Data_RAW__21444,R050080,Muscovite,https://rruff.info/R050080,532.0,The identification of this mineral has been confirmed by X-ray diffraction and chemical analysis,Mica,train,review_required,phyllosilicate taxonomy overlaps Clay/Serpentine/Mica; harmonize class hierarchy; visible/NIR Raman used for DUV transfer; document excitation-domain limitation,review_taxonomy_and_reference_quality,public_database_record_qc_flagged
PARENT_0696,Muscovite__R050080__Raman__785__0__unoriented__Raman_Data_RAW__21446,R050080,Muscovite,https://rruff.info/R050080,785.0,The identification of this mineral has been confirmed by X-ray diffraction and chemical analysis,Mica,train,review_required,phyllosilicate taxonomy overlaps Clay/Serpentine/Mica; harmonize class hierarchy; visible/NIR Raman used for DUV transfer; document excitation-domain limitation,review_taxonomy_and_reference_quality,public_database_record_qc_flagged
PARENT_0697,Muscovite__R050188__Raman__514__0__unoriented__Raman_Data_RAW__10209,R050188,Muscovite,https://rruff.info/R050188,514.0,The identification of this mineral has been confirmed by X-ray diffraction and chemical analysis,Mica,val,review_required,phyllosilicate taxonomy overlaps Clay/Serpentine/Mica; harmonize class hierarchy; visible/NIR Raman used for DUV transfer; document excitation-domain limitation,review_taxonomy_and_reference_quality,public_database_record_qc_flagged
PARENT_0698,Muscovite__R050188__Raman__532__0__unoriented__Raman_Data_RAW__30078,R050188,Muscovite,https://rruff.info/R050188,532.0,The identification of this mineral has been confirmed by X-ray diffraction and chemical analysis,Mica,val,review_required,phyllosilicate taxonomy overlaps Clay/Serpentine/Mica; harmonize class hierarchy; visible/NIR Raman used for DUV transfer; document excitation-domain limitation,review_taxonomy_and_reference_quality,public_database_record_qc_flagged
PARENT_0699,Muscovite__R050188__Raman__780__0__unoriented__Raman_Data_RAW__30080,R050188,Muscovite,https://rruff.info/R050188,780.0,The identification of this mineral has been confirmed by X-ray diffraction and chemical analysis,Mica,val,review_required,phyllosilicate taxonomy overlaps Clay/Serpentine/Mica; harmonize class hierarchy; visible/NIR Raman used for DUV transfer; document excitation-domain limitation,review_taxonomy_and_reference_quality,public_database_record_qc_flagged
PARENT_0700,Muscovite__R050198__Raman__532__0__unoriented__Raman_Data_RAW__30431,R050198,Muscovite,https://rruff.info/R050198,532.0,The identification of this mineral has been confirmed by X-ray diffraction and chemical analysis,Mica,train,review_required,phyllosilicate taxonomy overlaps Clay/Serpentine/Mica; harmonize class hierarchy; visible/NIR Raman used for DUV transfer; document excitation-domain limitation,review_taxonomy_and_reference_quality,public_database_record_qc_flagged
PARENT_0701,Muscovite__R050198__Raman__780__0__unoriented__Raman_Data_RAW__30433,R050198,Muscovite,https://rruff.info/R050198,780.0,The identification of this mineral has been confirmed by X-ray diffraction and chemical analysis,Mica,train,review_required,phyllosilicate taxonomy overlaps Clay/Serpentine/Mica; harmonize class hierarchy; visible/NIR Raman used for DUV transfer; document excitation-domain limitation,review_taxonomy_and_reference_quality,public_database_record_qc_flagged
PARENT_0702,Muscovite__X050119__Raman__785__0__unoriented__Raman_Data_Processed__6616,X050119,Muscovite,https://rruff.info/X050119,785.0,The identification of this mineral has been determined only by Raman spectroscopy,Mica,train,review_required,phyllosilicate taxonomy overlaps Clay/Serpentine/Mica; harmonize class hierarchy; visible/NIR Raman used for DUV transfer; document excitation-domain limitation; RRUFF processed spectrum; verify processing provenance and avoid mixing incompatible baselines,review_taxonomy_and_reference_quality,public_database_record_qc_flagged
PARENT_0703,Muscovite__R060182__Raman__532__0__unoriented__Raman_Data_RAW__33205,R060182,Muscovite,https://rruff.info/R060182,532.0,The identification of this mineral has been confirmed by X-ray diffraction and chemical analysis,Mica,train,review_required,phyllosilicate taxonomy overlaps Clay/Serpentine/Mica; harmonize class hierarchy; visible/NIR Raman used for DUV transfer; document excitation-domain limitation,review_taxonomy_and_reference_quality,public_database_record_qc_flagged
PARENT_0704,Muscovite__R060182__Raman__780__0__unoriented__Raman_Data_RAW__33207,R060182,Muscovite,https://rruff.info/R060182,780.0,The identification of this mineral has been confirmed by X-ray diffraction and chemical analysis,Mica,train,review_required,phyllosilicate taxonomy overlaps Clay/Serpentine/Mica; harmonize class hierarchy; visible/NIR Raman used for DUV transfer; document excitation-domain limitation,review_taxonomy_and_reference_quality,public_database_record_qc_flagged
PARENT_0705,Muscovite__R060266__Raman__532__0__unoriented__Raman_Data_RAW__33981,R060266,Muscovite,https://rruff.info/R060266,532.0,The identification of this mineral has been made only by X-ray diffraction.,Mica,train,review_required,phyllosilicate taxonomy overlaps Clay/Serpentine/Mica; harmonize class hierarchy; visible/NIR Raman used for DUV transfer; document excitation-domain limitation,review_taxonomy_and_reference_quality,public_database_record_qc_flagged
PARENT_0706,Muscovite__R060266__Raman__780__0__unoriented__Raman_Data_RAW__33983,R060266,Muscovite,https://rruff.info/R060266,780.0,The identification of this mineral has been made only by X-ray diffraction.,Mica,train,review_required,phyllosilicate taxonomy overlaps Clay/Serpentine/Mica; harmonize class hierarchy; visible/NIR Raman used for DUV transfer; document excitation-domain limitation,review_taxonomy_and_reference_quality,public_database_record_qc_flagged
PARENT_0707,Muscovite__R061120__Raman__532__0__unoriented__Raman_Data_RAW__16359,R061120,Muscovite,https://rruff.info/R061120,532.0,The identification of this mineral has been confirmed by X-ray diffraction and chemical analysis,Mica,test,review_required,phyllosilicate taxonomy overlaps Clay/Serpentine/Mica; harmonize class hierarchy; visible/NIR Raman used for DUV transfer; document excitation-domain limitation,review_taxonomy_and_reference_quality,public_database_record_qc_flagged
PARENT_0708,Muscovite__R061120__Raman__785__0__unoriented__Raman_Data_RAW__18684,R061120,Muscovite,https://rruff.info/R061120,785.0,The identification of this mineral has been confirmed by X-ray diffraction and chemical analysis,Mica,test,review_required,phyllosilicate taxonomy overlaps Clay/Serpentine/Mica; harmonize class hierarchy; visible/NIR Raman used for DUV transfer; document excitation-domain limitation,review_taxonomy_and_reference_quality,public_database_record_qc_flagged
PARENT_0709,Muscovite__R100147__Raman__532__0__unoriented__Raman_Data_RAW__34575,R100147,Muscovite,https://rruff.info/R100147,532.0,The identification of this mineral is not yet confirmed.,Mica,test,review_required,phyllosilicate taxonomy overlaps Clay/Serpentine/Mica; harmonize class hierarchy; visible/NIR Raman used for DUV transfer; document excitation-domain limitation,review_taxonomy_and_reference_quality,public_database_record_qc_flagged
PARENT_0710,Muscovite__R100147__Raman__780__0__unoriented__Raman_Data_RAW__34573,R100147,Muscovite,https://rruff.info/R100147,780.0,The identification of this mineral is not yet confirmed.,Mica,test,review_required,phyllosilicate taxonomy overlaps Clay/Serpentine/Mica; harmonize class hierarchy; visible/NIR Raman used for DUV transfer; document excitation-domain limitation,review_taxonomy_and_reference_quality,public_database_record_qc_flagged
PARENT_0723,Paragonite__R050447__Raman__514__0__unoriented__Raman_Data_RAW__10894,R050447,Paragonite,https://rruff.info/R050447,514.0,The identification of this mineral has been confirmed by X-ray diffraction and chemical analysis,Mica,train,review_required,phyllosilicate taxonomy overlaps Clay/Serpentine/Mica; harmonize class hierarchy; visible/NIR Raman used for DUV transfer; document excitation-domain limitation,review_taxonomy_and_reference_quality,public_database_record_qc_flagged
PARENT_0724,Paragonite__R050447__Raman__785__0__unoriented__Raman_Data_RAW__15198,R050447,Paragonite,https://rruff.info/R050447,785.0,The identification of this mineral has been confirmed by X-ray diffraction and chemical analysis,Mica,train,review_required,phyllosilicate taxonomy overlaps Clay/Serpentine/Mica; harmonize class hierarchy; visible/NIR Raman used for DUV transfer; document excitation-domain limitation,review_taxonomy_and_reference_quality,public_database_record_qc_flagged
PARENT_0725,Phlogopite__R040144__Raman__514__0__unoriented__Raman_Data_RAW__9616,R040144,Phlogopite,https://rruff.info/R040144,514.0,The identification of this mineral has been confirmed by X-ray diffraction and chemical analysis,Mica,train,review_required,phyllosilicate taxonomy overlaps Clay/Serpentine/Mica; harmonize class hierarchy; visible/NIR Raman used for DUV transfer; document excitation-domain limitation,review_taxonomy_and_reference_quality,public_database_record_qc_flagged
PARENT_0726,Phlogopite__R040144__Raman__532__0__unoriented__Raman_Data_RAW__20739,R040144,Phlogopite,https://rruff.info/R040144,532.0,The identification of this mineral has been confirmed by X-ray diffraction and chemical analysis,Mica,train,review_required,phyllosilicate taxonomy overlaps Clay/Serpentine/Mica; harmonize class hierarchy; visible/NIR Raman used for DUV transfer; document excitation-domain limitation,review_taxonomy_and_reference_quality,public_database_record_qc_flagged
PARENT_0727,Phlogopite__R040144__Raman__785__0__unoriented__Raman_Data_RAW__20741,R040144,Phlogopite,https://rruff.info/R040144,785.0,The identification of this mineral has been confirmed by X-ray diffraction and chemical analysis,Mica,train,review_required,phyllosilicate taxonomy overlaps Clay/Serpentine/Mica; harmonize class hierarchy; visible/NIR Raman used for DUV transfer; document excitation-domain limitation,review_taxonomy_and_reference_quality,public_database_record_qc_flagged
PARENT_0728,Phlogopite__R050068__Raman__514__0__unoriented__Raman_Data_RAW__9976,R050068,Phlogopite,https://rruff.info/R050068,514.0,The identification of this mineral has been confirmed by X-ray diffraction and chemical analysis,Mica,train,review_required,phyllosilicate taxonomy overlaps Clay/Serpentine/Mica; harmonize class hierarchy; visible/NIR Raman used for DUV transfer; document excitation-domain limitation,review_taxonomy_and_reference_quality,public_database_record_qc_flagged
PARENT_0729,Phlogopite__R050068__Raman__785__0__unoriented__Raman_Data_RAW__21253,R050068,Phlogopite,https://rruff.info/R050068,785.0,The identification of this mineral has been confirmed by X-ray diffraction and chemical analysis,Mica,train,review_required,phyllosilicate taxonomy overlaps Clay/Serpentine/Mica; harmonize class hierarchy; visible/NIR Raman used for DUV transfer; document excitation-domain limitation,review_taxonomy_and_reference_quality,public_database_record_qc_flagged
PARENT_0730,Phlogopite__R050068__Raman__532__0__unoriented__Raman_Data_RAW__21255,R050068,Phlogopite,https://rruff.info/R050068,532.0,The identification of this mineral has been confirmed by X-ray diffraction and chemical analysis,Mica,train,review_required,phyllosilicate taxonomy overlaps Clay/Serpentine/Mica; harmonize class hierarchy; visible/NIR Raman used for DUV transfer; document excitation-domain limitation,review_taxonomy_and_reference_quality,public_database_record_qc_flagged
PARENT_0731,Phlogopite__R050485__Raman__785__0__unoriented__Raman_Data_RAW__7316,R050485,Phlogopite,https://rruff.info/R050485,785.0,The identification of this mineral has been confirmed by X-ray diffraction and chemical analysis,Mica,train,review_required,phyllosilicate taxonomy overlaps Clay/Serpentine/Mica; harmonize class hierarchy; visible/NIR Raman used for DUV transfer; document excitation-domain limitation,review_taxonomy_and_reference_quality,public_database_record_qc_flagged
PARENT_0732,Phlogopite__R050485__Raman__532__0__unoriented__Raman_Data_RAW__31635,R050485,Phlogopite,https://rruff.info/R050485,532.0,The identification of this mineral has been confirmed by X-ray diffraction and chemical analysis,Mica,train,review_required,phyllosilicate taxonomy overlaps Clay/Serpentine/Mica; harmonize class hierarchy; visible/NIR Raman used for DUV transfer; document excitation-domain limitation,review_taxonomy_and_reference_quality,public_database_record_qc_flagged
PARENT_0733,Phlogopite__R050485__Raman__780__0__unoriented__Raman_Data_RAW__31637,R050485,Phlogopite,https://rruff.info/R050485,780.0,The identification of this mineral has been confirmed by X-ray diffraction and chemical analysis,Mica,train,review_required,phyllosilicate taxonomy overlaps Clay/Serpentine/Mica; harmonize class hierarchy; visible/NIR Raman used for DUV transfer; document excitation-domain limitation,review_taxonomy_and_reference_quality,public_database_record_qc_flagged
PARENT_0734,Phlogopite__R070330__Raman__532__0__unoriented__Raman_Data_RAW__20672,R070330,Phlogopite,https://rruff.info/R070330,532.0,The identification of this mineral has been confirmed by X-ray diffraction and chemical analysis,Mica,train,review_required,phyllosilicate taxonomy overlaps Clay/Serpentine/Mica; harmonize class hierarchy; visible/NIR Raman used for DUV transfer; document excitation-domain limitation,review_taxonomy_and_reference_quality,public_database_record_qc_flagged
PARENT_0735,Phlogopite__R070330__Raman__785__0__unoriented__Raman_Data_RAW__20674,R070330,Phlogopite,https://rruff.info/R070330,785.0,The identification of this mineral has been confirmed by X-ray diffraction and chemical analysis,Mica,train,review_required,phyllosilicate taxonomy overlaps Clay/Serpentine/Mica; harmonize class hierarchy; visible/NIR Raman used for DUV transfer; document excitation-domain limitation,review_taxonomy_and_reference_quality,public_database_record_qc_flagged
PARENT_0249,Fayalite__X050076.4__Raman__785__0__unoriented__Raman_Data_Processed__6546,X050076,Fayalite,https://rruff.info/X050076,785.0,The identification of this mineral has been determined only by Raman spectroscopy,Olivine,val,include_pending_manual_review,visible/NIR Raman used for DUV transfer; document excitation-domain limitation; RRUFF processed spectrum; verify processing provenance and avoid mixing incompatible baselines,retain_after_manual_qc,verified_public_database_record
PARENT_0250,Fayalite__X050077__Raman__514__0__unoriented__Raman_Data_Processed__6563,X050077,Fayalite,https://rruff.info/X050077,514.0,The identification of this mineral has been determined only by Raman spectroscopy,Olivine,train,include_pending_manual_review,visible/NIR Raman used for DUV transfer; document excitation-domain limitation; RRUFF processed spectrum; verify processing provenance and avoid mixing incompatible baselines,retain_after_manual_qc,verified_public_database_record
PARENT_0251,Fayalite__R070157__Raman__785__0__unoriented__Raman_Data_RAW__19276,R070157,Fayalite,https://rruff.info/R070157,785.0,The identification of this mineral is confirmed by single-crystal X-ray diffraction and chemical analysis.,Olivine,val,include_pending_manual_review,visible/NIR Raman used for DUV transfer; document excitation-domain limitation,retain_after_manual_qc,verified_public_database_record
PARENT_0252,Fayalite__R070157__Raman__532__0__unoriented__Raman_Data_RAW__19278,R070157,Fayalite,https://rruff.info/R070157,532.0,The identification of this mineral is confirmed by single-crystal X-ray diffraction and chemical analysis.,Olivine,val,include_pending_manual_review,visible/NIR Raman used for DUV transfer; document excitation-domain limitation,retain_after_manual_qc,verified_public_database_record
PARENT_0253,Fayalite__R070374__Raman__785__0__unoriented__Raman_Data_RAW__20054,R070374,Fayalite,https://rruff.info/R070374,785.0,The identification of this mineral has been confirmed by X-ray diffraction and chemical analysis,Olivine,val,include_pending_manual_review,visible/NIR Raman used for DUV transfer; document excitation-domain limitation,retain_after_manual_qc,verified_public_database_record
PARENT_0254,Fayalite__R070374__Raman__532__0__unoriented__Raman_Data_RAW__20056,R070374,Fayalite,https://rruff.info/R070374,532.0,The identification of this mineral has been confirmed by X-ray diffraction and chemical analysis,Olivine,val,include_pending_manual_review,visible/NIR Raman used for DUV transfer; document excitation-domain limitation,retain_after_manual_qc,verified_public_database_record
PARENT_0255,Fayalite__R070293__Raman__532__0__unoriented__Raman_Data_RAW__20365,R070293,Fayalite,https://rruff.info/R070293,532.0,The identification of this mineral has been confirmed by X-ray diffraction and chemical analysis,Olivine,train,include_pending_manual_review,visible/NIR Raman used for DUV transfer; document excitation-domain limitation,retain_after_manual_qc,verified_public_database_record
PARENT_0256,Fayalite__R070293__Raman__785__0__unoriented__Raman_Data_RAW__20367,R070293,Fayalite,https://rruff.info/R070293,785.0,The identification of this mineral has been confirmed by X-ray diffraction and chemical analysis,Olivine,train,include_pending_manual_review,visible/NIR Raman used for DUV transfer; document excitation-domain limitation,retain_after_manual_qc,verified_public_database_record
PARENT_0257,Fayalite__R100102__Raman__532__0__unoriented__Raman_Data_RAW__34377,R100102,Fayalite,https://rruff.info/R100102,532.0,The identification of this mineral is confirmed by single-crystal X-ray diffraction and chemical analysis.,Olivine,val,include_pending_manual_review,visible/NIR Raman used for DUV transfer; document excitation-domain limitation,retain_after_manual_qc,verified_public_database_record
PARENT_0258,Fayalite__R100102__Raman__780__0__unoriented__Raman_Data_RAW__34379,R100102,Fayalite,https://rruff.info/R100102,780.0,The identification of this mineral is confirmed by single-crystal X-ray diffraction and chemical analysis.,Olivine,val,include_pending_manual_review,visible/NIR Raman used for DUV transfer; document excitation-domain limitation,retain_after_manual_qc,verified_public_database_record
PARENT_0259,Fayalite__R100103__Raman__532__0__unoriented__Raman_Data_RAW__34369,R100103,Fayalite,https://rruff.info/R100103,532.0,The identification of this mineral is confirmed by single-crystal X-ray diffraction and chemical analysis.,Olivine,train,include_pending_manual_review,visible/NIR Raman used for DUV transfer; document excitation-domain limitation,retain_after_manual_qc,verified_public_database_record
PARENT_0260,Fayalite__R100103__Raman__780__0__unoriented__Raman_Data_RAW__34371,R100103,Fayalite,https://rruff.info/R100103,780.0,The identification of this mineral is confirmed by single-crystal X-ray diffraction and chemical analysis.,Olivine,train,include_pending_manual_review,visible/NIR Raman used for DUV transfer; document excitation-domain limitation,retain_after_manual_qc,verified_public_database_record
PARENT_0261,Fayalite__R100104__Raman__532__0__unoriented__Raman_Data_RAW__34381,R100104,Fayalite,https://rruff.info/R100104,532.0,The identification of this mineral is confirmed by single-crystal X-ray diffraction and chemical analysis.,Olivine,test,include_pending_manual_review,visible/NIR Raman used for DUV transfer; document excitation-domain limitation,retain_after_manual_qc,verified_public_database_record
PARENT_0262,Forsterite__R040018__Raman__514__0__unoriented__Raman_Data_RAW__9283,R040018,Forsterite,https://rruff.info/R040018,514.0,The identification of this mineral has been confirmed by X-ray diffraction and chemical analysis,Olivine,train,include_pending_manual_review,visible/NIR Raman used for DUV transfer; document excitation-domain limitation,retain_after_manual_qc,verified_public_database_record
PARENT_0263,Forsterite__R040018__Raman__532__0__unoriented__Raman_Data_RAW__26074,R040018,Forsterite,https://rruff.info/R040018,532.0,The identification of this mineral has been confirmed by X-ray diffraction and chemical analysis,Olivine,train,include_pending_manual_review,visible/NIR Raman used for DUV transfer; document excitation-domain limitation,retain_after_manual_qc,verified_public_database_record
PARENT_0264,Forsterite__R040018__Raman__780__0__unoriented__Raman_Data_RAW__26076,R040018,Forsterite,https://rruff.info/R040018,780.0,The identification of this mineral has been confirmed by X-ray diffraction and chemical analysis,Olivine,train,include_pending_manual_review,visible/NIR Raman used for DUV transfer; document excitation-domain limitation,retain_after_manual_qc,verified_public_database_record
PARENT_0265,Forsterite__R040052__Raman__514__0__unoriented__Raman_Data_RAW__9349,R040052,Forsterite,https://rruff.info/R040052,514.0,The identification of this mineral has been confirmed by X-ray diffraction and chemical analysis,Olivine,train,include_pending_manual_review,visible/NIR Raman used for DUV transfer; document excitation-domain limitation,retain_after_manual_qc,verified_public_database_record
PARENT_0266,Forsterite__R040052__Raman__532__0__unoriented__Raman_Data_RAW__15116,R040052,Forsterite,https://rruff.info/R040052,532.0,The identification of this mineral has been confirmed by X-ray diffraction and chemical analysis,Olivine,train,include_pending_manual_review,visible/NIR Raman used for DUV transfer; document excitation-domain limitation,retain_after_manual_qc,verified_public_database_record
PARENT_0267,Forsterite__R040052__Raman__785__0__unoriented__Raman_Data_RAW__15118,R040052,Forsterite,https://rruff.info/R040052,785.0,The identification of this mineral has been confirmed by X-ray diffraction and chemical analysis,Olivine,train,include_pending_manual_review,visible/NIR Raman used for DUV transfer; document excitation-domain limitation,retain_after_manual_qc,verified_public_database_record
PARENT_0268,Forsterite__R040057__Raman__514__0__unoriented__Raman_Data_RAW__9395,R040057,Forsterite,https://rruff.info/R040057,514.0,The identification of this mineral has been confirmed by X-ray diffraction and chemical analysis,Olivine,train,include_pending_manual_review,visible/NIR Raman used for DUV transfer; document excitation-domain limitation,retain_after_manual_qc,verified_public_database_record
PARENT_0269,Forsterite__R040057__Raman__780__0__unoriented__Raman_Data_RAW__31759,R040057,Forsterite,https://rruff.info/R040057,780.0,The identification of this mineral has been confirmed by X-ray diffraction and chemical analysis,Olivine,train,include_pending_manual_review,visible/NIR Raman used for DUV transfer; document excitation-domain limitation,retain_after_manual_qc,verified_public_database_record
PARENT_0270,Forsterite__R040057__Raman__532__0__unoriented__Raman_Data_RAW__31756,R040057,Forsterite,https://rruff.info/R040057,532.0,The identification of this mineral has been confirmed by X-ray diffraction and chemical analysis,Olivine,train,include_pending_manual_review,visible/NIR Raman used for DUV transfer; document excitation-domain limitation,retain_after_manual_qc,verified_public_database_record
PARENT_0271,Forsterite__R050117__Raman__514__0__unoriented__Raman_Data_RAW__10107,R050117,Forsterite,https://rruff.info/R050117,514.0,The identification of this mineral has been confirmed by X-ray diffraction and chemical analysis,Olivine,train,include_pending_manual_review,visible/NIR Raman used for DUV transfer; document excitation-domain limitation,retain_after_manual_qc,verified_public_database_record
PARENT_0272,Forsterite__R050117__Raman__532__0__unoriented__Raman_Data_RAW__31763,R050117,Forsterite,https://rruff.info/R050117,532.0,The identification of this mineral has been confirmed by X-ray diffraction and chemical analysis,Olivine,train,include_pending_manual_review,visible/NIR Raman used for DUV transfer; document excitation-domain limitation,retain_after_manual_qc,verified_public_database_record
PARENT_0273,Forsterite__R050117__Raman__780__0__unoriented__Raman_Data_RAW__31761,R050117,Forsterite,https://rruff.info/R050117,780.0,The identification of this mineral has been confirmed by X-ray diffraction and chemical analysis,Olivine,train,include_pending_manual_review,visible/NIR Raman used for DUV transfer; document excitation-domain limitation,retain_after_manual_qc,verified_public_database_record
PARENT_0274,Forsterite__X050080.4__Raman__785__0__unoriented__Raman_Data_Processed__6549,X050080,Forsterite,https://rruff.info/X050080,785.0,The identification of this mineral has been determined only by Raman spectroscopy,Olivine,train,include_pending_manual_review,visible/NIR Raman used for DUV transfer; document excitation-domain limitation; RRUFF processed spectrum; verify processing provenance and avoid mixing incompatible baselines,retain_after_manual_qc,verified_public_database_record
PARENT_0275,Forsterite__X050081__Raman__785__0__unoriented__Raman_Data_Processed__6550,X050081,Forsterite,https://rruff.info/X050081,785.0,The identification of this mineral has been determined only by Raman spectroscopy,Olivine,train,include_pending_manual_review,visible/NIR Raman used for DUV transfer; document excitation-domain limitation; RRUFF processed spectrum; verify processing provenance and avoid mixing incompatible baselines,retain_after_manual_qc,verified_public_database_record
PARENT_0276,Forsterite__X050082__Raman__785__0__unoriented__Raman_Data_Processed__6551,X050082,Forsterite,https://rruff.info/X050082,785.0,The identification of this mineral has been determined only by Raman spectroscopy,Olivine,train,include_pending_manual_review,visible/NIR Raman used for DUV transfer; document excitation-domain limitation; RRUFF processed spectrum; verify processing provenance and avoid mixing incompatible baselines,retain_after_manual_qc,verified_public_database_record
PARENT_0277,Forsterite__X050085__Raman__785__0__unoriented__Raman_Data_Processed__6556,X050085,Forsterite,https://rruff.info/X050085,785.0,The identification of this mineral has been determined only by Raman spectroscopy,Olivine,test,include_pending_manual_review,visible/NIR Raman used for DUV transfer; document excitation-domain limitation; RRUFF processed spectrum; verify processing provenance and avoid mixing incompatible baselines,retain_after_manual_qc,verified_public_database_record
PARENT_0278,Forsterite__X050086__Raman__785__0__unoriented__Raman_Data_Processed__6557,X050086,Forsterite,https://rruff.info/X050086,785.0,The identification of this mineral has been determined only by Raman spectroscopy,Olivine,train,include_pending_manual_review,visible/NIR Raman used for DUV transfer; document excitation-domain limitation; RRUFF processed spectrum; verify processing provenance and avoid mixing incompatible baselines,retain_after_manual_qc,verified_public_database_record
PARENT_0279,Forsterite__X050087__Raman__785__0__unoriented__Raman_Data_Processed__6558,X050087,Forsterite,https://rruff.info/X050087,785.0,The identification of this mineral has been determined only by Raman spectroscopy,Olivine,train,include_pending_manual_review,visible/NIR Raman used for DUV transfer; document excitation-domain limitation; RRUFF processed spectrum; verify processing provenance and avoid mixing incompatible baselines,retain_after_manual_qc,verified_public_database_record
PARENT_0280,Forsterite__X050088__Raman__785__0__unoriented__Raman_Data_Processed__6559,X050088,Forsterite,https://rruff.info/X050088,785.0,The identification of this mineral has been determined only by Raman spectroscopy,Olivine,train,include_pending_manual_review,visible/NIR Raman used for DUV transfer; document excitation-domain limitation; RRUFF processed spectrum; verify processing provenance and avoid mixing incompatible baselines,retain_after_manual_qc,verified_public_database_record
PARENT_0281,Forsterite__X050089.4__Raman__785__0__unoriented__Raman_Data_Processed__6561,X050089,Forsterite,https://rruff.info/X050089,785.0,The identification of this mineral has been determined only by Raman spectroscopy,Olivine,val,include_pending_manual_review,visible/NIR Raman used for DUV transfer; document excitation-domain limitation; RRUFF processed spectrum; verify processing provenance and avoid mixing incompatible baselines,retain_after_manual_qc,verified_public_database_record
PARENT_0282,Forsterite__X050090.4__Raman__514__0__unoriented__Raman_Data_Processed__6567,X050090,Forsterite,https://rruff.info/X050090,514.0,The identification of this mineral has been determined only by Raman spectroscopy,Olivine,train,include_pending_manual_review,visible/NIR Raman used for DUV transfer; document excitation-domain limitation; RRUFF processed spectrum; verify processing provenance and avoid mixing incompatible baselines,retain_after_manual_qc,verified_public_database_record
PARENT_0283,Forsterite__R060539__Raman__532__0__unoriented__Raman_Data_RAW__31766,R060539,Forsterite,https://rruff.info/R060539,532.0,The identification of this mineral has been confirmed by X-ray diffraction and chemical analysis,Olivine,val,include_pending_manual_review,visible/NIR Raman used for DUV transfer; document excitation-domain limitation,retain_after_manual_qc,verified_public_database_record
PARENT_0284,Forsterite__R060539__Raman__780__0__unoriented__Raman_Data_RAW__31768,R060539,Forsterite,https://rruff.info/R060539,780.0,The identification of this mineral has been confirmed by X-ray diffraction and chemical analysis,Olivine,val,include_pending_manual_review,visible/NIR Raman used for DUV transfer; document excitation-domain limitation,retain_after_manual_qc,verified_public_database_record
PARENT_0285,Forsterite__R060535__Raman__532__0__unoriented__Raman_Data_RAW__31772,R060535,Forsterite,https://rruff.info/R060535,532.0,The identification of this mineral has been confirmed by X-ray diffraction and chemical analysis,Olivine,train,include_pending_manual_review,visible/NIR Raman used for DUV transfer; document excitation-domain limitation,retain_after_manual_qc,verified_public_database_record
PARENT_0286,Forsterite__R060551__Raman__532__0__unoriented__Raman_Data_RAW__31774,R060551,Forsterite,https://rruff.info/R060551,532.0,The identification of this mineral has been confirmed by X-ray diffraction and chemical analysis,Olivine,val,include_pending_manual_review,visible/NIR Raman used for DUV transfer; document excitation-domain limitation,retain_after_manual_qc,verified_public_database_record
PARENT_0287,Forsterite__R060551__Raman__780__0__unoriented__Raman_Data_RAW__31776,R060551,Forsterite,https://rruff.info/R060551,780.0,The identification of this mineral has been confirmed by X-ray diffraction and chemical analysis,Olivine,val,include_pending_manual_review,visible/NIR Raman used for DUV transfer; document excitation-domain limitation,retain_after_manual_qc,verified_public_database_record
PARENT_0288,Forsterite__R100099__Raman__532__0__unoriented__Raman_Data_RAW__34357,R100099,Forsterite,https://rruff.info/R100099,532.0,The identification of this mineral is confirmed by single-crystal X-ray diffraction and chemical analysis.,Olivine,train,include_pending_manual_review,visible/NIR Raman used for DUV transfer; document excitation-domain limitation,retain_after_manual_qc,verified_public_database_record
PARENT_0289,Forsterite__R100099__Raman__780__0__unoriented__Raman_Data_RAW__34359,R100099,Forsterite,https://rruff.info/R100099,780.0,The identification of this mineral is confirmed by single-crystal X-ray diffraction and chemical analysis.,Olivine,train,include_pending_manual_review,visible/NIR Raman used for DUV transfer; document excitation-domain limitation,retain_after_manual_qc,verified_public_database_record
PARENT_0290,Forsterite__R100100__Raman__532__0__unoriented__Raman_Data_RAW__34361,R100100,Forsterite,https://rruff.info/R100100,532.0,The identification of this mineral is confirmed by single-crystal X-ray diffraction and chemical analysis.,Olivine,test,include_pending_manual_review,visible/NIR Raman used for DUV transfer; document excitation-domain limitation,retain_after_manual_qc,verified_public_database_record
PARENT_0291,Forsterite__R100100__Raman__780__0__unoriented__Raman_Data_RAW__34363,R100100,Forsterite,https://rruff.info/R100100,780.0,The identification of this mineral is confirmed by single-crystal X-ray diffraction and chemical analysis.,Olivine,test,include_pending_manual_review,visible/NIR Raman used for DUV transfer; document excitation-domain limitation,retain_after_manual_qc,verified_public_database_record
PARENT_0292,Forsterite__R100101__Raman__532__0__unoriented__Raman_Data_RAW__34365,R100101,Forsterite,https://rruff.info/R100101,532.0,The identification of this mineral is confirmed by single-crystal X-ray diffraction and chemical analysis.,Olivine,train,include_pending_manual_review,visible/NIR Raman used for DUV transfer; document excitation-domain limitation,retain_after_manual_qc,verified_public_database_record
PARENT_0293,Forsterite__R100101__Raman__780__0__unoriented__Raman_Data_RAW__34367,R100101,Forsterite,https://rruff.info/R100101,780.0,The identification of this mineral is confirmed by single-crystal X-ray diffraction and chemical analysis.,Olivine,train,include_pending_manual_review,visible/NIR Raman used for DUV transfer; document excitation-domain limitation,retain_after_manual_qc,verified_public_database_record
PARENT_0294,Forsterite__R100140__Raman__532__0__unoriented__Raman_Data_RAW__34543,R100140,Forsterite,https://rruff.info/R100140,532.0,The identification of this mineral has been confirmed by single-crystal X-ray diffraction.,Olivine,val,include_pending_manual_review,visible/NIR Raman used for DUV transfer; document excitation-domain limitation,retain_after_manual_qc,verified_public_database_record
PARENT_0295,Forsterite__R100140__Raman__780__0__unoriented__Raman_Data_RAW__34545,R100140,Forsterite,https://rruff.info/R100140,780.0,The identification of this mineral has been confirmed by single-crystal X-ray diffraction.,Olivine,val,include_pending_manual_review,visible/NIR Raman used for DUV transfer; document excitation-domain limitation,retain_after_manual_qc,verified_public_database_record
PARENT_0195,Buddingtonite__R061115__Raman__532__0__unoriented__Raman_Data_RAW__16357,R061115,Buddingtonite,https://rruff.info/R061115,532.0,The identification of this mineral has been confirmed by X-ray diffraction.,Other Silicates,val,include_pending_manual_review,visible/NIR Raman used for DUV transfer; document excitation-domain limitation,retain_after_manual_qc,verified_public_database_record
PARENT_0196,Buddingtonite__R061115__Raman__785__0__unoriented__Raman_Data_RAW__18688,R061115,Buddingtonite,https://rruff.info/R061115,785.0,The identification of this mineral has been confirmed by X-ray diffraction.,Other Silicates,val,include_pending_manual_review,visible/NIR Raman used for DUV transfer; document excitation-domain limitation,retain_after_manual_qc,verified_public_database_record
PARENT_0205,Filatovite__R070030__Raman__532__0__unoriented__Raman_Data_RAW__16926,R070030,Filatovite,https://rruff.info/R070030,532.0,The identification of this mineral is not yet confirmed.,Other Silicates,train,include_pending_manual_review,visible/NIR Raman used for DUV transfer; document excitation-domain limitation,retain_after_manual_qc,verified_public_database_record
PARENT_0206,Filatovite__R070030__Raman__785__0__unoriented__Raman_Data_Processed__16927,R070030,Filatovite,https://rruff.info/R070030,785.0,The identification of this mineral is not yet confirmed.,Other Silicates,train,include_pending_manual_review,visible/NIR Raman used for DUV transfer; document excitation-domain limitation; RRUFF processed spectrum; verify processing provenance and avoid mixing incompatible baselines,retain_after_manual_qc,verified_public_database_record
PARENT_0242,Reedmergnerite__R060096__Raman__532__0__unoriented__Raman_Data_RAW__27641,R060096,Reedmergnerite,https://rruff.info/R060096,532.0,The identification of this mineral has been confirmed by X-ray diffraction and chemical analysis,Other Silicates,val,include_pending_manual_review,visible/NIR Raman used for DUV transfer; document excitation-domain limitation,retain_after_manual_qc,verified_public_database_record
PARENT_0243,Reedmergnerite__R060096__Raman__780__0__unoriented__Raman_Data_RAW__27643,R060096,Reedmergnerite,https://rruff.info/R060096,780.0,The identification of this mineral has been confirmed by X-ray diffraction and chemical analysis,Other Silicates,val,include_pending_manual_review,visible/NIR Raman used for DUV transfer; document excitation-domain limitation,retain_after_manual_qc,verified_public_database_record
PARENT_0244,Rubicline__R070044__Raman__785__0__unoriented__Raman_Data_RAW__17304,R070044,Rubicline,https://rruff.info/R070044,785.0,The identification of this mineral is not yet confirmed.,Other Silicates,test,include_pending_manual_review,visible/NIR Raman used for DUV transfer; document excitation-domain limitation,retain_after_manual_qc,verified_public_database_record
PARENT_0245,Rubicline__R070044__Raman__532__0__unoriented__Raman_Data_RAW__17306,R070044,Rubicline,https://rruff.info/R070044,532.0,The identification of this mineral is not yet confirmed.,Other Silicates,test,include_pending_manual_review,visible/NIR Raman used for DUV transfer; document excitation-domain limitation,retain_after_manual_qc,verified_public_database_record
PARENT_0563,Epidote__R040089__Raman__514__0__unoriented__Raman_Data_RAW__9458,R040089,Epidote,https://rruff.info/R040089,514.0,The identification of this mineral has been confirmed by X-ray diffraction and chemical analysis,Other Silicates,train,include_pending_manual_review,visible/NIR Raman used for DUV transfer; document excitation-domain limitation,retain_after_manual_qc,verified_public_database_record
PARENT_0564,Epidote__R040089__Raman__780__0__unoriented__Raman_Data_RAW__24821,R040089,Epidote,https://rruff.info/R040089,780.0,The identification of this mineral has been confirmed by X-ray diffraction and chemical analysis,Other Silicates,train,include_pending_manual_review,visible/NIR Raman used for DUV transfer; document excitation-domain limitation,retain_after_manual_qc,verified_public_database_record
PARENT_0565,Epidote__R040089__Raman__532__0__unoriented__Raman_Data_RAW__24823,R040089,Epidote,https://rruff.info/R040089,532.0,The identification of this mineral has been confirmed by X-ray diffraction and chemical analysis,Other Silicates,train,include_pending_manual_review,visible/NIR Raman used for DUV transfer; document excitation-domain limitation,retain_after_manual_qc,verified_public_database_record
PARENT_0566,Epidote__R040092__Raman__532__0__unoriented__Raman_Data_RAW__15692,R040092,Epidote,https://rruff.info/R040092,532.0,The identification of this mineral has been confirmed by X-ray diffraction and chemical analysis,Other Silicates,train,include_pending_manual_review,visible/NIR Raman used for DUV transfer; document excitation-domain limitation,retain_after_manual_qc,verified_public_database_record
PARENT_0567,Epidote__R040092__Raman__785__0__unoriented__Raman_Data_RAW__15695,R040092,Epidote,https://rruff.info/R040092,785.0,The identification of this mineral has been confirmed by X-ray diffraction and chemical analysis,Other Silicates,train,include_pending_manual_review,visible/NIR Raman used for DUV transfer; document excitation-domain limitation,retain_after_manual_qc,verified_public_database_record
PARENT_0568,Epidote__R050064__Raman__514__0__unoriented__Raman_Data_RAW__9970,R050064,Epidote,https://rruff.info/R050064,514.0,The identification of this mineral has been confirmed by X-ray diffraction and chemical analysis,Other Silicates,train,include_pending_manual_review,visible/NIR Raman used for DUV transfer; document excitation-domain limitation,retain_after_manual_qc,verified_public_database_record
PARENT_0569,Epidote__R050064__Raman__785__0__unoriented__Raman_Data_RAW__21233,R050064,Epidote,https://rruff.info/R050064,785.0,The identification of this mineral has been confirmed by X-ray diffraction and chemical analysis,Other Silicates,train,include_pending_manual_review,visible/NIR Raman used for DUV transfer; document excitation-domain limitation,retain_after_manual_qc,verified_public_database_record
PARENT_0570,Epidote__R050064__Raman__532__0__unoriented__Raman_Data_RAW__21235,R050064,Epidote,https://rruff.info/R050064,532.0,The identification of this mineral has been confirmed by X-ray diffraction and chemical analysis,Other Silicates,train,include_pending_manual_review,visible/NIR Raman used for DUV transfer; document excitation-domain limitation,retain_after_manual_qc,verified_public_database_record
PARENT_0571,Epidote__R050131__Raman__780__0__unoriented__Raman_Data_RAW__27276,R050131,Epidote,https://rruff.info/R050131,780.0,The identification of this mineral has been confirmed by X-ray diffraction and chemical analysis,Other Silicates,train,include_pending_manual_review,visible/NIR Raman used for DUV transfer; document excitation-domain limitation,retain_after_manual_qc,verified_public_database_record
PARENT_0572,Epidote__R050131__Raman__532__0__unoriented__Raman_Data_RAW__27278,R050131,Epidote,https://rruff.info/R050131,532.0,The identification of this mineral has been confirmed by X-ray diffraction and chemical analysis,Other Silicates,train,include_pending_manual_review,visible/NIR Raman used for DUV transfer; document excitation-domain limitation,retain_after_manual_qc,verified_public_database_record
PARENT_0573,Epidote__R050191__Raman__514__0__unoriented__Raman_Data_RAW__10213,R050191,Epidote,https://rruff.info/R050191,514.0,The identification of this mineral has been confirmed by X-ray diffraction and chemical analysis,Other Silicates,train,include_pending_manual_review,visible/NIR Raman used for DUV transfer; document excitation-domain limitation,retain_after_manual_qc,verified_public_database_record
PARENT_0574,Epidote__R050191__Raman__780__0__unoriented__Raman_Data_RAW__27801,R050191,Epidote,https://rruff.info/R050191,780.0,The identification of this mineral has been confirmed by X-ray diffraction and chemical analysis,Other Silicates,train,include_pending_manual_review,visible/NIR Raman used for DUV transfer; document excitation-domain limitation,retain_after_manual_qc,verified_public_database_record
PARENT_0575,Epidote__R050191__Raman__532__0__unoriented__Raman_Data_RAW__27799,R050191,Epidote,https://rruff.info/R050191,532.0,The identification of this mineral has been confirmed by X-ray diffraction and chemical analysis,Other Silicates,train,include_pending_manual_review,visible/NIR Raman used for DUV transfer; document excitation-domain limitation,retain_after_manual_qc,verified_public_database_record
PARENT_0576,Epidote__R050202__Raman__514__0__unoriented__Raman_Data_RAW__10591,R050202,Epidote,https://rruff.info/R050202,514.0,The identification of this mineral has been confirmed by X-ray diffraction and chemical analysis,Other Silicates,train,include_pending_manual_review,visible/NIR Raman used for DUV transfer; document excitation-domain limitation,retain_after_manual_qc,verified_public_database_record
PARENT_0577,Epidote__R050202__Raman__532__0__unoriented__Raman_Data_RAW__27864,R050202,Epidote,https://rruff.info/R050202,532.0,The identification of this mineral has been confirmed by X-ray diffraction and chemical analysis,Other Silicates,train,include_pending_manual_review,visible/NIR Raman used for DUV transfer; document excitation-domain limitation,retain_after_manual_qc,verified_public_database_record
PARENT_0578,Epidote__R050202__Raman__780__0__unoriented__Raman_Data_RAW__27878,R050202,Epidote,https://rruff.info/R050202,780.0,The identification of this mineral has been confirmed by X-ray diffraction and chemical analysis,Other Silicates,train,include_pending_manual_review,visible/NIR Raman used for DUV transfer; document excitation-domain limitation,retain_after_manual_qc,verified_public_database_record
PARENT_0579,Epidote__X050073.4__Raman__785__0__unoriented__Raman_Data_Processed__6539,X050073,Epidote,https://rruff.info/X050073,785.0,The identification of this mineral has been determined only by Raman spectroscopy,Other Silicates,train,include_pending_manual_review,visible/NIR Raman used for DUV transfer; document excitation-domain limitation; RRUFF processed spectrum; verify processing provenance and avoid mixing incompatible baselines,retain_after_manual_qc,verified_public_database_record
PARENT_0580,Epidote__R050303__Raman__514__0__unoriented__Raman_Data_RAW__10741,R050303,Epidote,https://rruff.info/R050303,514.0,The identification of this mineral has been confirmed by X-ray diffraction and chemical analysis,Other Silicates,train,include_pending_manual_review,visible/NIR Raman used for DUV transfer; document excitation-domain limitation,retain_after_manual_qc,verified_public_database_record
PARENT_0581,Epidote__R050303__Raman__532__0__unoriented__Raman_Data_RAW__28732,R050303,Epidote,https://rruff.info/R050303,532.0,The identification of this mineral has been confirmed by X-ray diffraction and chemical analysis,Other Silicates,train,include_pending_manual_review,visible/NIR Raman used for DUV transfer; document excitation-domain limitation,retain_after_manual_qc,verified_public_database_record
PARENT_0582,Epidote__R050303__Raman__780__0__unoriented__Raman_Data_RAW__28734,R050303,Epidote,https://rruff.info/R050303,780.0,The identification of this mineral has been confirmed by X-ray diffraction and chemical analysis,Other Silicates,train,include_pending_manual_review,visible/NIR Raman used for DUV transfer; document excitation-domain limitation,retain_after_manual_qc,verified_public_database_record
PARENT_0583,Epidote__R070205__Raman__785__0__unoriented__Raman_Data_RAW__19340,R070205,Epidote,https://rruff.info/R070205,785.0,The identification of this mineral is confirmed by single-crystal X-ray diffraction and chemical analysis.,Other Silicates,train,include_pending_manual_review,visible/NIR Raman used for DUV transfer; document excitation-domain limitation,retain_after_manual_qc,verified_public_database_record
PARENT_0584,Epidote__R070205__Raman__532__0__unoriented__Raman_Data_RAW__19342,R070205,Epidote,https://rruff.info/R070205,532.0,The identification of this mineral is confirmed by single-crystal X-ray diffraction and chemical analysis.,Other Silicates,train,include_pending_manual_review,visible/NIR Raman used for DUV transfer; document excitation-domain limitation,retain_after_manual_qc,verified_public_database_record
PARENT_0585,Epidote__R100129__Raman__532__0__unoriented__Raman_Data_RAW__34465,R100129,Epidote,https://rruff.info/R100129,532.0,The identification of this mineral has been confirmed by single-crystal X-ray diffraction.,Other Silicates,test,include_pending_manual_review,visible/NIR Raman used for DUV transfer; document excitation-domain limitation,retain_after_manual_qc,verified_public_database_record
PARENT_0586,Epidote__R100129__Raman__780__0__unoriented__Raman_Data_RAW__34467,R100129,Epidote,https://rruff.info/R100129,780.0,The identification of this mineral has been confirmed by single-crystal X-ray diffraction.,Other Silicates,test,include_pending_manual_review,visible/NIR Raman used for DUV transfer; document excitation-domain limitation,retain_after_manual_qc,verified_public_database_record
PARENT_0587,Epidote__R100148__Raman__532__0__unoriented__Raman_Data_RAW__34593,R100148,Epidote,https://rruff.info/R100148,532.0,The identification of this mineral has been confirmed by single-crystal X-ray diffraction.,Other Silicates,val,include_pending_manual_review,visible/NIR Raman used for DUV transfer; document excitation-domain limitation,retain_after_manual_qc,verified_public_database_record
PARENT_0588,Epidote__R100148__Raman__780__0__unoriented__Raman_Data_RAW__34595,R100148,Epidote,https://rruff.info/R100148,780.0,The identification of this mineral has been confirmed by single-crystal X-ray diffraction.,Other Silicates,val,include_pending_manual_review,visible/NIR Raman used for DUV transfer; document excitation-domain limitation,retain_after_manual_qc,verified_public_database_record
PARENT_0589,Epidote__R110127__Raman__532__0__unoriented__Raman_Data_RAW__35621,R110127,Epidote,https://rruff.info/R110127,532.0,The identification of this mineral has been confirmed only by single crystal X-ray diffraction.,Other Silicates,train,include_pending_manual_review,visible/NIR Raman used for DUV transfer; document excitation-domain limitation,retain_after_manual_qc,verified_public_database_record
PARENT_0590,Epidote__R110127__Raman__780__0__unoriented__Raman_Data_RAW__35619,R110127,Epidote,https://rruff.info/R110127,780.0,The identification of this mineral has been confirmed only by single crystal X-ray diffraction.,Other Silicates,train,include_pending_manual_review,visible/NIR Raman used for DUV transfer; document excitation-domain limitation,retain_after_manual_qc,verified_public_database_record
PARENT_0591,Epidote__R110129__Raman__532__0__unoriented__Raman_Data_RAW__35645,R110129,Epidote,https://rruff.info/R110129,532.0,The identification of this mineral has been confirmed by single-crystal X-ray diffraction.,Other Silicates,train,include_pending_manual_review,visible/NIR Raman used for DUV transfer; document excitation-domain limitation,retain_after_manual_qc,verified_public_database_record
PARENT_0592,Epidote__R110129__Raman__780__0__unoriented__Raman_Data_RAW__35647,R110129,Epidote,https://rruff.info/R110129,780.0,The identification of this mineral has been confirmed by single-crystal X-ray diffraction.,Other Silicates,train,include_pending_manual_review,visible/NIR Raman used for DUV transfer; document excitation-domain limitation,retain_after_manual_qc,verified_public_database_record
PARENT_0593,Topaz__R040121__Raman__514__0__unoriented__Raman_Data_RAW__9528,R040121,Topaz,https://rruff.info/R040121,514.0,The identification of this mineral has been confirmed by X-ray diffraction and chemical analysis,Other Silicates,train,include_pending_manual_review,visible/NIR Raman used for DUV transfer; document excitation-domain limitation,retain_after_manual_qc,verified_public_database_record
PARENT_0594,Topaz__R040121__Raman__532__0__unoriented__Raman_Data_RAW__19711,R040121,Topaz,https://rruff.info/R040121,532.0,The identification of this mineral has been confirmed by X-ray diffraction and chemical analysis,Other Silicates,train,include_pending_manual_review,visible/NIR Raman used for DUV transfer; document excitation-domain limitation,retain_after_manual_qc,verified_public_database_record
PARENT_0595,Topaz__R040121__Raman__785__0__unoriented__Raman_Data_RAW__19713,R040121,Topaz,https://rruff.info/R040121,785.0,The identification of this mineral has been confirmed by X-ray diffraction and chemical analysis,Other Silicates,train,include_pending_manual_review,visible/NIR Raman used for DUV transfer; document excitation-domain limitation,retain_after_manual_qc,verified_public_database_record
PARENT_0596,Topaz__R050176__Raman__514__0__unoriented__Raman_Data_RAW__12454,R050176,Topaz,https://rruff.info/R050176,514.0,The identification of this mineral has been confirmed by X-ray diffraction and chemical analysis,Other Silicates,train,include_pending_manual_review,visible/NIR Raman used for DUV transfer; document excitation-domain limitation,retain_after_manual_qc,verified_public_database_record
PARENT_0597,Topaz__R050176__Raman__780__0__unoriented__Raman_Data_RAW__31431,R050176,Topaz,https://rruff.info/R050176,780.0,The identification of this mineral has been confirmed by X-ray diffraction and chemical analysis,Other Silicates,train,include_pending_manual_review,visible/NIR Raman used for DUV transfer; document excitation-domain limitation,retain_after_manual_qc,verified_public_database_record
PARENT_0598,Topaz__R050176__Raman__532__0__unoriented__Raman_Data_RAW__31433,R050176,Topaz,https://rruff.info/R050176,532.0,The identification of this mineral has been confirmed by X-ray diffraction and chemical analysis,Other Silicates,train,include_pending_manual_review,visible/NIR Raman used for DUV transfer; document excitation-domain limitation,retain_after_manual_qc,verified_public_database_record
PARENT_0599,Topaz__R050199__Raman__514__0__unoriented__Raman_Data_RAW__10229,R050199,Topaz,https://rruff.info/R050199,514.0,The identification of this mineral has been confirmed by X-ray diffraction and chemical analysis,Other Silicates,test,include_pending_manual_review,visible/NIR Raman used for DUV transfer; document excitation-domain limitation,retain_after_manual_qc,verified_public_database_record
PARENT_0600,Topaz__R050200__Raman__514__0__unoriented__Raman_Data_RAW__6337,R050200,Topaz,https://rruff.info/R050200,514.0,The identification of this mineral has been confirmed by X-ray diffraction and chemical analysis,Other Silicates,train,include_pending_manual_review,visible/NIR Raman used for DUV transfer; document excitation-domain limitation,retain_after_manual_qc,verified_public_database_record
PARENT_0601,Topaz__X050165.3__Raman__785__0__unoriented__Raman_Data_Processed__6699,X050165,Topaz,https://rruff.info/X050165,785.0,The identification of this mineral has been determined only by Raman spectroscopy,Other Silicates,train,include_pending_manual_review,visible/NIR Raman used for DUV transfer; document excitation-domain limitation; RRUFF processed spectrum; verify processing provenance and avoid mixing incompatible baselines,retain_after_manual_qc,verified_public_database_record
PARENT_0602,Topaz__R050404__Raman__514__0__unoriented__Raman_Data_RAW__10860,R050404,Topaz,https://rruff.info/R050404,514.0,The identification of this mineral has been confirmed by X-ray diffraction and chemical analysis,Other Silicates,test,include_pending_manual_review,visible/NIR Raman used for DUV transfer; document excitation-domain limitation,retain_after_manual_qc,verified_public_database_record
PARENT_0603,Topaz__R050404__Raman__532__0__unoriented__Raman_Data_RAW__31435,R050404,Topaz,https://rruff.info/R050404,532.0,The identification of this mineral has been confirmed by X-ray diffraction and chemical analysis,Other Silicates,test,include_pending_manual_review,visible/NIR Raman used for DUV transfer; document excitation-domain limitation,retain_after_manual_qc,verified_public_database_record
PARENT_0604,Topaz__R050404__Raman__780__0__unoriented__Raman_Data_RAW__31437,R050404,Topaz,https://rruff.info/R050404,780.0,The identification of this mineral has been confirmed by X-ray diffraction and chemical analysis,Other Silicates,test,include_pending_manual_review,visible/NIR Raman used for DUV transfer; document excitation-domain limitation,retain_after_manual_qc,verified_public_database_record
PARENT_0605,Topaz__R050405__Raman__514__0__unoriented__Raman_Data_RAW__10862,R050405,Topaz,https://rruff.info/R050405,514.0,The identification of this mineral has been confirmed by X-ray diffraction and chemical analysis,Other Silicates,val,include_pending_manual_review,visible/NIR Raman used for DUV transfer; document excitation-domain limitation,retain_after_manual_qc,verified_public_database_record
PARENT_0606,Topaz__R050405__Raman__532__0__unoriented__Raman_Data_RAW__31441,R050405,Topaz,https://rruff.info/R050405,532.0,The identification of this mineral has been confirmed by X-ray diffraction and chemical analysis,Other Silicates,val,include_pending_manual_review,visible/NIR Raman used for DUV transfer; document excitation-domain limitation,retain_after_manual_qc,verified_public_database_record
PARENT_0607,Topaz__R050405__Raman__780__0__unoriented__Raman_Data_RAW__31439,R050405,Topaz,https://rruff.info/R050405,780.0,The identification of this mineral has been confirmed by X-ray diffraction and chemical analysis,Other Silicates,val,include_pending_manual_review,visible/NIR Raman used for DUV transfer; document excitation-domain limitation,retain_after_manual_qc,verified_public_database_record
PARENT_0608,Topaz__R060024__Raman__532__0__unoriented__Raman_Data_RAW__26664,R060024,Topaz,https://rruff.info/R060024,532.0,The identification of this mineral has been confirmed by X-ray diffraction and chemical analysis,Other Silicates,train,include_pending_manual_review,visible/NIR Raman used for DUV transfer; document excitation-domain limitation,retain_after_manual_qc,verified_public_database_record
PARENT_0609,Topaz__R060024__Raman__780__0__unoriented__Raman_Data_RAW__26666,R060024,Topaz,https://rruff.info/R060024,780.0,The identification of this mineral has been confirmed by X-ray diffraction and chemical analysis,Other Silicates,train,include_pending_manual_review,visible/NIR Raman used for DUV transfer; document excitation-domain limitation,retain_after_manual_qc,verified_public_database_record
PARENT_0610,Topaz__R060026__Raman__532__0__unoriented__Raman_Data_RAW__26668,R060026,Topaz,https://rruff.info/R060026,532.0,The identification of this mineral has been confirmed by X-ray diffraction and chemical analysis,Other Silicates,train,include_pending_manual_review,visible/NIR Raman used for DUV transfer; document excitation-domain limitation,retain_after_manual_qc,verified_public_database_record
PARENT_0611,Topaz__R060026__Raman__780__0__unoriented__Raman_Data_RAW__26670,R060026,Topaz,https://rruff.info/R060026,780.0,The identification of this mineral has been confirmed by X-ray diffraction and chemical analysis,Other Silicates,train,include_pending_manual_review,visible/NIR Raman used for DUV transfer; document excitation-domain limitation,retain_after_manual_qc,verified_public_database_record
PARENT_0614,Amesite__R070132__Raman__532__0__unoriented__Raman_Data_RAW__18272,R070132,Amesite,https://rruff.info/R070132,532.0,The identification of this mineral is confirmed by single-crystal X-ray diffraction and chemical analysis.,Other Silicates,train,include_pending_manual_review,visible/NIR Raman used for DUV transfer; document excitation-domain limitation,retain_after_manual_qc,verified_public_database_record
PARENT_0615,Amesite__R070132__Raman__785__0__unoriented__Raman_Data_RAW__18274,R070132,Amesite,https://rruff.info/R070132,785.0,The identification of this mineral is confirmed by single-crystal X-ray diffraction and chemical analysis.,Other Silicates,train,include_pending_manual_review,visible/NIR Raman used for DUV transfer; document excitation-domain limitation,retain_after_manual_qc,verified_public_database_record
PARENT_0616,Amesite__R070116__Raman__785__0__unoriented__Raman_Data_RAW__18305,R070116,Amesite,https://rruff.info/R070116,785.0,The identification of this mineral is confirmed by single-crystal X-ray diffraction and chemical analysis.,Other Silicates,train,include_pending_manual_review,visible/NIR Raman used for DUV transfer; document excitation-domain limitation,retain_after_manual_qc,verified_public_database_record
PARENT_0617,Amesite__R070116__Raman__532__0__unoriented__Raman_Data_RAW__18307,R070116,Amesite,https://rruff.info/R070116,532.0,The identification of this mineral is confirmed by single-crystal X-ray diffraction and chemical analysis.,Other Silicates,train,include_pending_manual_review,visible/NIR Raman used for DUV transfer; document excitation-domain limitation,retain_after_manual_qc,verified_public_database_record
PARENT_0625,Bannisterite__R060817__Raman__532__0__unoriented__Raman_Data_RAW__12820,R060817,Bannisterite,https://rruff.info/R060817,532.0,The identification of this mineral has been confirmed by X-ray diffraction and chemical analysis,Other Silicates,train,include_pending_manual_review,visible/NIR Raman used for DUV transfer; document excitation-domain limitation,retain_after_manual_qc,verified_public_database_record
PARENT_0626,Bannisterite__R060817__Raman__785__0__unoriented__Raman_Data_RAW__14676,R060817,Bannisterite,https://rruff.info/R060817,785.0,The identification of this mineral has been confirmed by X-ray diffraction and chemical analysis,Other Silicates,train,include_pending_manual_review,visible/NIR Raman used for DUV transfer; document excitation-domain limitation,retain_after_manual_qc,verified_public_database_record
PARENT_0627,Borocookeite__R080076__Raman__532__0__unoriented__Raman_Data_RAW__28027,R080076,Borocookeite,https://rruff.info/R080076,532.0,The identification of this mineral is not yet confirmed.,Other Silicates,train,include_pending_manual_review,visible/NIR Raman used for DUV transfer; document excitation-domain limitation,retain_after_manual_qc,verified_public_database_record
PARENT_0628,Borocookeite__R080076__Raman__780__0__unoriented__Raman_Data_RAW__28029,R080076,Borocookeite,https://rruff.info/R080076,780.0,The identification of this mineral is not yet confirmed.,Other Silicates,train,include_pending_manual_review,visible/NIR Raman used for DUV transfer; document excitation-domain limitation,retain_after_manual_qc,verified_public_database_record
PARENT_0629,Caryopilite__R070180__Raman__532__0__unoriented__Raman_Data_RAW__19069,R070180,Caryopilite,https://rruff.info/R070180,532.0,The identification of this mineral has been confirmed only by X-ray diffraction,Other Silicates,val,include_pending_manual_review,visible/NIR Raman used for DUV transfer; document excitation-domain limitation,retain_after_manual_qc,verified_public_database_record
PARENT_0630,Caryopilite__R070180__Raman__785__0__unoriented__Raman_Data_RAW__19071,R070180,Caryopilite,https://rruff.info/R070180,785.0,The identification of this mineral has been confirmed only by X-ray diffraction,Other Silicates,val,include_pending_manual_review,visible/NIR Raman used for DUV transfer; document excitation-domain limitation,retain_after_manual_qc,verified_public_database_record
PARENT_0637,Clinochlore__R060725__Raman__532__0__unoriented__Raman_Data_RAW__12272,R060725,Clinochlore,https://rruff.info/R060725,532.0,The identification of this mineral has been confirmed by X-ray diffraction and chemical analysis,Other Silicates,test,include_pending_manual_review,visible/NIR Raman used for DUV transfer; document excitation-domain limitation,retain_after_manual_qc,verified_public_database_record
PARENT_0638,Clinochlore__R060725__Raman__785__0__unoriented__Raman_Data_RAW__16810,R060725,Clinochlore,https://rruff.info/R060725,785.0,The identification of this mineral has been confirmed by X-ray diffraction and chemical analysis,Other Silicates,test,include_pending_manual_review,visible/NIR Raman used for DUV transfer; document excitation-domain limitation,retain_after_manual_qc,verified_public_database_record
PARENT_0639,Clinochlore__R061080__Raman__785__0__unoriented__Raman_Data_RAW__18547,R061080,Clinochlore,https://rruff.info/R061080,785.0,The identification of this mineral has been confirmed by X-ray diffraction and chemical analysis,Other Silicates,train,include_pending_manual_review,visible/NIR Raman used for DUV transfer; document excitation-domain limitation,retain_after_manual_qc,verified_public_database_record
PARENT_0640,Clinochlore__R061080__Raman__532__0__unoriented__Raman_Data_RAW__18545,R061080,Clinochlore,https://rruff.info/R061080,532.0,The identification of this mineral has been confirmed by X-ray diffraction and chemical analysis,Other Silicates,train,include_pending_manual_review,visible/NIR Raman used for DUV transfer; document excitation-domain limitation,retain_after_manual_qc,verified_public_database_record
PARENT_0641,Clinochlore__R150146__Raman__532__0__unoriented__Raman_Data_RAW__39195,R150146,Clinochlore,https://rruff.info/R150146,532.0,The identification of this mineral has been confirmed only by single crystal X-ray diffraction.,Other Silicates,val,include_pending_manual_review,visible/NIR Raman used for DUV transfer; document excitation-domain limitation,retain_after_manual_qc,verified_public_database_record
PARENT_0642,Clinochlore__R150146__Raman__780__0__unoriented__Raman_Data_RAW__39197,R150146,Clinochlore,https://rruff.info/R150146,780.0,The identification of this mineral has been confirmed only by single crystal X-ray diffraction.,Other Silicates,val,include_pending_manual_review,visible/NIR Raman used for DUV transfer; document excitation-domain limitation,retain_after_manual_qc,verified_public_database_record
PARENT_0643,Clintonite__R070196__Raman__532__0__unoriented__Raman_Data_RAW__19517,R070196,Clintonite,https://rruff.info/R070196,532.0,The identification of this mineral is confirmed by single-crystal X-ray diffraction and chemical analysis.,Other Silicates,val,include_pending_manual_review,visible/NIR Raman used for DUV transfer; document excitation-domain limitation,retain_after_manual_qc,verified_public_database_record
PARENT_0644,Clintonite__R070196__Raman__785__0__unoriented__Raman_Data_RAW__19519,R070196,Clintonite,https://rruff.info/R070196,785.0,The identification of this mineral is confirmed by single-crystal X-ray diffraction and chemical analysis.,Other Silicates,val,include_pending_manual_review,visible/NIR Raman used for DUV transfer; document excitation-domain limitation,retain_after_manual_qc,verified_public_database_record
PARENT_0645,Clintonite__R070197__Raman__532__0__unoriented__Raman_Data_RAW__19526,R070197,Clintonite,https://rruff.info/R070197,532.0,The identification of this mineral is confirmed by single-crystal X-ray diffraction and chemical analysis.,Other Silicates,test,include_pending_manual_review,visible/NIR Raman used for DUV transfer; document excitation-domain limitation,retain_after_manual_qc,verified_public_database_record
PARENT_0646,Clintonite__R070197__Raman__785__0__unoriented__Raman_Data_RAW__19528,R070197,Clintonite,https://rruff.info/R070197,785.0,The identification of this mineral is confirmed by single-crystal X-ray diffraction and chemical analysis.,Other Silicates,test,include_pending_manual_review,visible/NIR Raman used for DUV transfer; document excitation-domain limitation,retain_after_manual_qc,verified_public_database_record
PARENT_0647,Clintonite__R070229__Raman__785__0__unoriented__Raman_Data_RAW__20113,R070229,Clintonite,https://rruff.info/R070229,785.0,The identification of this mineral has been confirmed by X-ray diffraction and chemical analysis,Other Silicates,train,include_pending_manual_review,visible/NIR Raman used for DUV transfer; document excitation-domain limitation,retain_after_manual_qc,verified_public_database_record
PARENT_0648,Clintonite__R070229__Raman__532__0__unoriented__Raman_Data_RAW__20111,R070229,Clintonite,https://rruff.info/R070229,532.0,The identification of this mineral has been confirmed by X-ray diffraction and chemical analysis,Other Silicates,train,include_pending_manual_review,visible/NIR Raman used for DUV transfer; document excitation-domain limitation,retain_after_manual_qc,verified_public_database_record
PARENT_0651,Cronstedtite__R061026__Raman__785__0__unoriented__Raman_Data_RAW__14436,R061026,Cronstedtite,https://rruff.info/R061026,785.0,The identification of this mineral is confirmed by single-crystal X-ray diffraction and chemical analysis.,Other Silicates,train,include_pending_manual_review,visible/NIR Raman used for DUV transfer; document excitation-domain limitation,retain_after_manual_qc,verified_public_database_record
PARENT_0652,Cronstedtite__R061026__Raman__532__0__unoriented__Raman_Data_RAW__14438,R061026,Cronstedtite,https://rruff.info/R061026,532.0,The identification of this mineral is confirmed by single-crystal X-ray diffraction and chemical analysis.,Other Silicates,train,include_pending_manual_review,visible/NIR Raman used for DUV transfer; document excitation-domain limitation,retain_after_manual_qc,verified_public_database_record
PARENT_0659,Friedelite__R060364__Raman__532__0__unoriented__Raman_Data_RAW__34286,R060364,Friedelite,https://rruff.info/R060364,532.0,The identification of this mineral has been confirmed by X-ray diffraction and chemical analysis,Other Silicates,train,include_pending_manual_review,visible/NIR Raman used for DUV transfer; document excitation-domain limitation,retain_after_manual_qc,verified_public_database_record
PARENT_0660,Friedelite__R060364__Raman__780__0__unoriented__Raman_Data_RAW__34288,R060364,Friedelite,https://rruff.info/R060364,780.0,The identification of this mineral has been confirmed by X-ray diffraction and chemical analysis,Other Silicates,train,include_pending_manual_review,visible/NIR Raman used for DUV transfer; document excitation-domain limitation,retain_after_manual_qc,verified_public_database_record
PARENT_0661,Friedelite__R070085__Raman__532__0__unoriented__Raman_Data_RAW__17773,R070085,Friedelite,https://rruff.info/R070085,532.0,The identification of this mineral is confirmed by single-crystal X-ray diffraction and chemical analysis.,Other Silicates,train,include_pending_manual_review,visible/NIR Raman used for DUV transfer; document excitation-domain limitation,retain_after_manual_qc,verified_public_database_record
PARENT_0662,Friedelite__R070085__Raman__785__0__unoriented__Raman_Data_RAW__17775,R070085,Friedelite,https://rruff.info/R070085,785.0,The identification of this mineral is confirmed by single-crystal X-ray diffraction and chemical analysis.,Other Silicates,train,include_pending_manual_review,visible/NIR Raman used for DUV transfer; document excitation-domain limitation,retain_after_manual_qc,verified_public_database_record
PARENT_0669,Kellyite__R060903__Raman__532__0__unoriented__Raman_Data_RAW__14084,R060903,Kellyite,https://rruff.info/R060903,532.0,The identification of this mineral has been confirmed by X-ray diffraction and chemical analysis,Other Silicates,train,include_pending_manual_review,visible/NIR Raman used for DUV transfer; document excitation-domain limitation,retain_after_manual_qc,verified_public_database_record
PARENT_0670,Kellyite__R060903__Raman__785__0__unoriented__Raman_Data_RAW__14088,R060903,Kellyite,https://rruff.info/R060903,785.0,The identification of this mineral has been confirmed by X-ray diffraction and chemical analysis,Other Silicates,train,include_pending_manual_review,visible/NIR Raman used for DUV transfer; document excitation-domain limitation,retain_after_manual_qc,verified_public_database_record
PARENT_0675,Manandonite__R060968__Raman__785__0__unoriented__Raman_Data_RAW__13817,R060968,Manandonite,https://rruff.info/R060968,785.0,The identification of this mineral has been confirmed only by single crystal X-ray diffraction.,Other Silicates,train,include_pending_manual_review,visible/NIR Raman used for DUV transfer; document excitation-domain limitation,retain_after_manual_qc,verified_public_database_record
PARENT_0676,Manandonite__R060968__Raman__532__0__unoriented__Raman_Data_RAW__13821,R060968,Manandonite,https://rruff.info/R060968,532.0,The identification of this mineral has been confirmed only by single crystal X-ray diffraction.,Other Silicates,train,include_pending_manual_review,visible/NIR Raman used for DUV transfer; document excitation-domain limitation,retain_after_manual_qc,verified_public_database_record
PARENT_0679,Mcgillite__R110206__Raman__532__0__unoriented__Raman_Data_RAW__36009,R110206,Mcgillite,https://rruff.info/R110206,532.0,The identification of this mineral has been confirmed by single-crystal X-ray diffraction.,Other Silicates,train,include_pending_manual_review,visible/NIR Raman used for DUV transfer; document excitation-domain limitation,retain_after_manual_qc,verified_public_database_record
PARENT_0680,Mcgillite__R110206__Raman__780__0__unoriented__Raman_Data_RAW__36011,R110206,Mcgillite,https://rruff.info/R110206,780.0,The identification of this mineral has been confirmed by single-crystal X-ray diffraction.,Other Silicates,train,include_pending_manual_review,visible/NIR Raman used for DUV transfer; document excitation-domain limitation,retain_after_manual_qc,verified_public_database_record
PARENT_0713,Nelenite__R120148__Raman__532__0__unoriented__Raman_Data_RAW__37299,R120148,Nelenite,https://rruff.info/R120148,532.0,The identification of this mineral is confirmed by single-crystal X-ray diffraction and chemical analysis.,Other Silicates,train,include_pending_manual_review,visible/NIR Raman used for DUV transfer; document excitation-domain limitation,retain_after_manual_qc,verified_public_database_record
PARENT_0714,Nelenite__R120148__Raman__780__0__unoriented__Raman_Data_RAW__37303,R120148,Nelenite,https://rruff.info/R120148,780.0,The identification of this mineral is confirmed by single-crystal X-ray diffraction and chemical analysis.,Other Silicates,train,include_pending_manual_review,visible/NIR Raman used for DUV transfer; document excitation-domain limitation,retain_after_manual_qc,verified_public_database_record
PARENT_0715,Nelenite__R120150__Raman__532__0__unoriented__Raman_Data_RAW__38105,R120150,Nelenite,https://rruff.info/R120150,532.0,The identification of this mineral has been confirmed only by single crystal X-ray diffraction.,Other Silicates,test,include_pending_manual_review,visible/NIR Raman used for DUV transfer; document excitation-domain limitation,retain_after_manual_qc,verified_public_database_record
PARENT_0716,Nelenite__R120150__Raman__780__0__unoriented__Raman_Data_RAW__38107,R120150,Nelenite,https://rruff.info/R120150,780.0,The identification of this mineral has been confirmed only by single crystal X-ray diffraction.,Other Silicates,test,include_pending_manual_review,visible/NIR Raman used for DUV transfer; document excitation-domain limitation,retain_after_manual_qc,verified_public_database_record
PARENT_0717,Nepouite__R120106__Raman__532__0__unoriented__Raman_Data_RAW__36938,R120106,Nepouite,https://rruff.info/R120106,532.0,The identification of this mineral is not yet confirmed.,Other Silicates,train,include_pending_manual_review,visible/NIR Raman used for DUV transfer; document excitation-domain limitation,retain_after_manual_qc,verified_public_database_record
PARENT_0718,Nepouite__R120106__Raman__780__0__unoriented__Raman_Data_RAW__36936,R120106,Nepouite,https://rruff.info/R120106,780.0,The identification of this mineral is not yet confirmed.,Other Silicates,train,include_pending_manual_review,visible/NIR Raman used for DUV transfer; document excitation-domain limitation,retain_after_manual_qc,verified_public_database_record
PARENT_0744,PyrosmaliteFe__R050158__Raman__514__0__unoriented__Raman_Data_RAW__10174,R050158,Pyrosmalite-(Fe),https://rruff.info/R050158,514.0,The identification of this mineral has been confirmed by X-ray diffraction and chemical analysis,Other Silicates,train,include_pending_manual_review,visible/NIR Raman used for DUV transfer; document excitation-domain limitation,retain_after_manual_qc,verified_public_database_record
PARENT_0745,PyrosmaliteFe__R050158__Raman__532__0__unoriented__Raman_Data_RAW__27664,R050158,Pyrosmalite-(Fe),https://rruff.info/R050158,532.0,The identification of this mineral has been confirmed by X-ray diffraction and chemical analysis,Other Silicates,train,include_pending_manual_review,visible/NIR Raman used for DUV transfer; document excitation-domain limitation,retain_after_manual_qc,verified_public_database_record
PARENT_0746,PyrosmaliteFe__R050158__Raman__780__0__unoriented__Raman_Data_RAW__27666,R050158,Pyrosmalite-(Fe),https://rruff.info/R050158,780.0,The identification of this mineral has been confirmed by X-ray diffraction and chemical analysis,Other Silicates,train,include_pending_manual_review,visible/NIR Raman used for DUV transfer; document excitation-domain limitation,retain_after_manual_qc,verified_public_database_record
PARENT_0747,PyrosmaliteFe__R060438__Raman__532__0__unoriented__Raman_Data_RAW__35012,R060438,Pyrosmalite-(Fe),https://rruff.info/R060438,532.0,The identification of this mineral is confirmed by single-crystal X-ray diffraction and chemical analysis.,Other Silicates,train,include_pending_manual_review,visible/NIR Raman used for DUV transfer; document excitation-domain limitation,retain_after_manual_qc,verified_public_database_record
PARENT_0748,PyrosmaliteFe__R060438__Raman__780__0__unoriented__Raman_Data_RAW__35016,R060438,Pyrosmalite-(Fe),https://rruff.info/R060438,780.0,The identification of this mineral is confirmed by single-crystal X-ray diffraction and chemical analysis.,Other Silicates,train,include_pending_manual_review,visible/NIR Raman used for DUV transfer; document excitation-domain limitation,retain_after_manual_qc,verified_public_database_record
PARENT_0749,PyrosmaliteFe__R070313__Raman__532__0__unoriented__Raman_Data_RAW__20608,R070313,Pyrosmalite-(Fe),https://rruff.info/R070313,532.0,The identification of this mineral has been confirmed only by X-ray diffraction,Other Silicates,train,include_pending_manual_review,visible/NIR Raman used for DUV transfer; document excitation-domain limitation,retain_after_manual_qc,verified_public_database_record
PARENT_0750,PyrosmaliteFe__R070313__Raman__785__0__unoriented__Raman_Data_RAW__20610,R070313,Pyrosmalite-(Fe),https://rruff.info/R070313,785.0,The identification of this mineral has been confirmed only by X-ray diffraction,Other Silicates,train,include_pending_manual_review,visible/NIR Raman used for DUV transfer; document excitation-domain limitation,retain_after_manual_qc,verified_public_database_record
PARENT_0751,PyrosmaliteMn__R110207__Raman__532__0__unoriented__Raman_Data_RAW__36017,R110207,Pyrosmalite-(Mn),https://rruff.info/R110207,532.0,The identification of this mineral has been confirmed only by single crystal X-ray diffraction.,Other Silicates,train,include_pending_manual_review,visible/NIR Raman used for DUV transfer; document excitation-domain limitation,retain_after_manual_qc,verified_public_database_record
PARENT_0752,PyrosmaliteMn__R110207__Raman__780__0__unoriented__Raman_Data_RAW__36019,R110207,Pyrosmalite-(Mn),https://rruff.info/R110207,780.0,The identification of this mineral has been confirmed only by single crystal X-ray diffraction.,Other Silicates,train,include_pending_manual_review,visible/NIR Raman used for DUV transfer; document excitation-domain limitation,retain_after_manual_qc,verified_public_database_record
PARENT_0755,Stilpnomelane__R060334__Raman__532__0__unoriented__Raman_Data_RAW__36840,R060334,Stilpnomelane,https://rruff.info/R060334,532.0,The identification of this mineral has been confirmed by single-crystal X-ray diffraction.,Other Silicates,val,include_pending_manual_review,visible/NIR Raman used for DUV transfer; document excitation-domain limitation,retain_after_manual_qc,verified_public_database_record
PARENT_0756,Stilpnomelane__R060334__Raman__780__0__unoriented__Raman_Data_RAW__36842,R060334,Stilpnomelane,https://rruff.info/R060334,780.0,The identification of this mineral has been confirmed by single-crystal X-ray diffraction.,Other Silicates,val,include_pending_manual_review,visible/NIR Raman used for DUV transfer; document excitation-domain limitation,retain_after_manual_qc,verified_public_database_record
PARENT_0757,Stilpnomelane__R070696__Raman__780__0__unoriented__Raman_Data_RAW__23086,R070696,Stilpnomelane,https://rruff.info/R070696,780.0,The identification of this mineral has been confirmed by single-crystal X-ray diffraction.,Other Silicates,test,include_pending_manual_review,visible/NIR Raman used for DUV transfer; document excitation-domain limitation,retain_after_manual_qc,verified_public_database_record
PARENT_0758,Stilpnomelane__R070696__Raman__532__0__unoriented__Raman_Data_RAW__23088,R070696,Stilpnomelane,https://rruff.info/R070696,532.0,The identification of this mineral has been confirmed by single-crystal X-ray diffraction.,Other Silicates,test,include_pending_manual_review,visible/NIR Raman used for DUV transfer; document excitation-domain limitation,retain_after_manual_qc,verified_public_database_record
PARENT_0759,Stilpnomelane__R110195__Raman__532__0__unoriented__Raman_Data_RAW__36037,R110195,Stilpnomelane,https://rruff.info/R110195,532.0,The identification of this mineral has been confirmed by single-crystal X-ray diffraction.,Other Silicates,train,include_pending_manual_review,visible/NIR Raman used for DUV transfer; document excitation-domain limitation,retain_after_manual_qc,verified_public_database_record
PARENT_0760,Stilpnomelane__R110195__Raman__780__0__unoriented__Raman_Data_RAW__36039,R110195,Stilpnomelane,https://rruff.info/R110195,780.0,The identification of this mineral has been confirmed by single-crystal X-ray diffraction.,Other Silicates,train,include_pending_manual_review,visible/NIR Raman used for DUV transfer; document excitation-domain limitation,retain_after_manual_qc,verified_public_database_record
PARENT_0495,Hematite__R040024__Raman__785__0__unoriented__Raman_Data_RAW__9722,R040024,Hematite,https://rruff.info/R040024,785.0,The identification of this mineral has been confirmed by X-ray diffraction and chemical analysis,Oxides/Hydroxides,train,include_pending_manual_review,visible/NIR Raman used for DUV transfer; document excitation-domain limitation,retain_after_manual_qc,verified_public_database_record
PARENT_0496,Hematite__R040024__Raman__532__0__unoriented__Raman_Data_RAW__14831,R040024,Hematite,https://rruff.info/R040024,532.0,The identification of this mineral has been confirmed by X-ray diffraction and chemical analysis,Oxides/Hydroxides,train,include_pending_manual_review,visible/NIR Raman used for DUV transfer; document excitation-domain limitation,retain_after_manual_qc,verified_public_database_record
PARENT_0497,Hematite__X050102__Raman__785__0__unoriented__Raman_Data_Processed__6586,X050102,Hematite,https://rruff.info/X050102,785.0,The identification of this mineral has been determined only by Raman spectroscopy,Oxides/Hydroxides,test,include_pending_manual_review,visible/NIR Raman used for DUV transfer; document excitation-domain limitation; RRUFF processed spectrum; verify processing provenance and avoid mixing incompatible baselines,retain_after_manual_qc,verified_public_database_record
PARENT_0498,Hematite__R050300__Raman__514__0__unoriented__Raman_Data_RAW__10735,R050300,Hematite,https://rruff.info/R050300,514.0,The identification of this mineral has been confirmed by X-ray diffraction and chemical analysis,Oxides/Hydroxides,train,include_pending_manual_review,visible/NIR Raman used for DUV transfer; document excitation-domain limitation,retain_after_manual_qc,verified_public_database_record
PARENT_0499,Hematite__R050300__Raman__532__0__unoriented__Raman_Data_RAW__28798,R050300,Hematite,https://rruff.info/R050300,532.0,The identification of this mineral has been confirmed by X-ray diffraction and chemical analysis,Oxides/Hydroxides,train,include_pending_manual_review,visible/NIR Raman used for DUV transfer; document excitation-domain limitation,retain_after_manual_qc,verified_public_database_record
PARENT_0500,Hematite__R050300__Raman__780__0__unoriented__Raman_Data_RAW__28801,R050300,Hematite,https://rruff.info/R050300,780.0,The identification of this mineral has been confirmed by X-ray diffraction and chemical analysis,Oxides/Hydroxides,train,include_pending_manual_review,visible/NIR Raman used for DUV transfer; document excitation-domain limitation,retain_after_manual_qc,verified_public_database_record
PARENT_0501,Hematite__R060190__Raman__785__0__unoriented__Raman_Data_RAW__8272,R060190,Hematite,https://rruff.info/R060190,785.0,The identification of this mineral has been confirmed by X-ray diffraction and chemical analysis,Oxides/Hydroxides,train,include_pending_manual_review,visible/NIR Raman used for DUV transfer; document excitation-domain limitation,retain_after_manual_qc,verified_public_database_record
PARENT_0502,Hematite__R060190__Raman__532__0__unoriented__Raman_Data_RAW__33240,R060190,Hematite,https://rruff.info/R060190,532.0,The identification of this mineral has been confirmed by X-ray diffraction and chemical analysis,Oxides/Hydroxides,train,include_pending_manual_review,visible/NIR Raman used for DUV transfer; document excitation-domain limitation,retain_after_manual_qc,verified_public_database_record
PARENT_0503,Hematite__R060190__Raman__780__0__unoriented__Raman_Data_RAW__33242,R060190,Hematite,https://rruff.info/R060190,780.0,The identification of this mineral has been confirmed by X-ray diffraction and chemical analysis,Oxides/Hydroxides,train,include_pending_manual_review,visible/NIR Raman used for DUV transfer; document excitation-domain limitation,retain_after_manual_qc,verified_public_database_record
PARENT_0504,Hematite__R070240__Raman__532__0__unoriented__Raman_Data_RAW__20191,R070240,Hematite,https://rruff.info/R070240,532.0,The identification of this mineral has been confirmed by X-ray diffraction and chemical analysis,Oxides/Hydroxides,test,include_pending_manual_review,visible/NIR Raman used for DUV transfer; document excitation-domain limitation,retain_after_manual_qc,verified_public_database_record
PARENT_0505,Hematite__R070240__Raman__785__0__unoriented__Raman_Data_RAW__20193,R070240,Hematite,https://rruff.info/R070240,785.0,The identification of this mineral has been confirmed by X-ray diffraction and chemical analysis,Oxides/Hydroxides,test,include_pending_manual_review,visible/NIR Raman used for DUV transfer; document excitation-domain limitation,retain_after_manual_qc,verified_public_database_record
PARENT_0506,Hematite__R110013__Raman__532__0__unoriented__Raman_Data_RAW__35207,R110013,Hematite,https://rruff.info/R110013,532.0,The identification of this mineral is confirmed by single-crystal X-ray diffraction and chemical analysis.,Oxides/Hydroxides,val,include_pending_manual_review,visible/NIR Raman used for DUV transfer; document excitation-domain limitation,retain_after_manual_qc,verified_public_database_record
PARENT_0507,Hematite__R110013__Raman__780__0__unoriented__Raman_Data_RAW__35209,R110013,Hematite,https://rruff.info/R110013,780.0,The identification of this mineral is confirmed by single-crystal X-ray diffraction and chemical analysis.,Oxides/Hydroxides,val,include_pending_manual_review,visible/NIR Raman used for DUV transfer; document excitation-domain limitation,retain_after_manual_qc,verified_public_database_record
PARENT_0508,Manganite__R060827__Raman__785__0__unoriented__Raman_Data_RAW__12851,R060827,Manganite,https://rruff.info/R060827,785.0,The identification of this mineral has been confirmed by X-ray diffraction and chemical analysis,Oxides/Hydroxides,train,include_pending_manual_review,visible/NIR Raman used for DUV transfer; document excitation-domain limitation,retain_after_manual_qc,verified_public_database_record
PARENT_0509,Manganite__R060827__Raman__532__0__unoriented__Raman_Data_RAW__14479,R060827,Manganite,https://rruff.info/R060827,532.0,The identification of this mineral has been confirmed by X-ray diffraction and chemical analysis,Oxides/Hydroxides,train,include_pending_manual_review,visible/NIR Raman used for DUV transfer; document excitation-domain limitation,retain_after_manual_qc,verified_public_database_record
PARENT_0510,Manganite__R070269__Raman__532__0__unoriented__Raman_Data_RAW__20205,R070269,Manganite,https://rruff.info/R070269,532.0,The identification of this mineral is confirmed by single-crystal X-ray diffraction and chemical analysis.,Oxides/Hydroxides,train,include_pending_manual_review,visible/NIR Raman used for DUV transfer; document excitation-domain limitation,retain_after_manual_qc,verified_public_database_record
PARENT_0511,Manganite__R070269__Raman__785__0__unoriented__Raman_Data_RAW__20209,R070269,Manganite,https://rruff.info/R070269,785.0,The identification of this mineral is confirmed by single-crystal X-ray diffraction and chemical analysis.,Oxides/Hydroxides,train,include_pending_manual_review,visible/NIR Raman used for DUV transfer; document excitation-domain limitation,retain_after_manual_qc,verified_public_database_record
PARENT_0512,Manganite__R070593__Raman__780__0__unoriented__Raman_Data_RAW__23165,R070593,Manganite,https://rruff.info/R070593,780.0,The identification of this mineral has been confirmed by X-ray diffraction and chemical analysis,Oxides/Hydroxides,test,include_pending_manual_review,visible/NIR Raman used for DUV transfer; document excitation-domain limitation,retain_after_manual_qc,verified_public_database_record
PARENT_0513,Manganite__R070593__Raman__532__0__unoriented__Raman_Data_RAW__23234,R070593,Manganite,https://rruff.info/R070593,532.0,The identification of this mineral has been confirmed by X-ray diffraction and chemical analysis,Oxides/Hydroxides,test,include_pending_manual_review,visible/NIR Raman used for DUV transfer; document excitation-domain limitation,retain_after_manual_qc,verified_public_database_record
PARENT_0514,Brucite__R040077__Raman__514__0__unoriented__Raman_Data_RAW__9442,R040077,Brucite,https://rruff.info/R040077,514.0,The identification of this mineral has been confirmed by X-ray diffraction and chemical analysis,Oxides/Hydroxides,train,include_pending_manual_review,visible/NIR Raman used for DUV transfer; document excitation-domain limitation,retain_after_manual_qc,verified_public_database_record
PARENT_0515,Brucite__R040077__Raman__532__0__unoriented__Raman_Data_RAW__15844,R040077,Brucite,https://rruff.info/R040077,532.0,The identification of this mineral has been confirmed by X-ray diffraction and chemical analysis,Oxides/Hydroxides,train,include_pending_manual_review,visible/NIR Raman used for DUV transfer; document excitation-domain limitation,retain_after_manual_qc,verified_public_database_record
PARENT_0516,Brucite__R040077__Raman__785__0__unoriented__Raman_Data_RAW__15846,R040077,Brucite,https://rruff.info/R040077,785.0,The identification of this mineral has been confirmed by X-ray diffraction and chemical analysis,Oxides/Hydroxides,train,include_pending_manual_review,visible/NIR Raman used for DUV transfer; document excitation-domain limitation,retain_after_manual_qc,verified_public_database_record
PARENT_0517,Brucite__R050455__Raman__780__0__unoriented__Raman_Data_RAW__30864,R050455,Brucite,https://rruff.info/R050455,780.0,The identification of this mineral has been confirmed by X-ray diffraction and chemical analysis,Oxides/Hydroxides,test,include_pending_manual_review,visible/NIR Raman used for DUV transfer; document excitation-domain limitation,retain_after_manual_qc,verified_public_database_record
PARENT_0518,Brucite__R050455__Raman__532__0__unoriented__Raman_Data_RAW__30862,R050455,Brucite,https://rruff.info/R050455,532.0,The identification of this mineral has been confirmed by X-ray diffraction and chemical analysis,Oxides/Hydroxides,test,include_pending_manual_review,visible/NIR Raman used for DUV transfer; document excitation-domain limitation,retain_after_manual_qc,verified_public_database_record
PARENT_0811,Chromite__R110059__Raman__532__0__unoriented__Raman_Data_Processed__35576,R110059,Chromite,https://rruff.info/R110059,532.0,The identification of this mineral has been confirmed only by single crystal X-ray diffraction.,Oxides/Hydroxides,val,include_pending_manual_review,visible/NIR Raman used for DUV transfer; document excitation-domain limitation; RRUFF processed spectrum; verify processing provenance and avoid mixing incompatible baselines,retain_after_manual_qc,verified_public_database_record
PARENT_0930,Ilmenite__R130214__Raman__780__0__unoriented__Raman_Data_RAW__37796,R130214,Ilmenite,https://rruff.info/R130214,780.0,The identification of this mineral has been confirmed only by single crystal X-ray diffraction.,Oxides/Hydroxides,train,include_pending_manual_review,visible/NIR Raman used for DUV transfer; document excitation-domain limitation,retain_after_manual_qc,verified_public_database_record
PARENT_0931,Ilmenite__R130214__Raman__532__0__unoriented__Raman_Data_Processed__37793,R130214,Ilmenite,https://rruff.info/R130214,532.0,The identification of this mineral has been confirmed only by single crystal X-ray diffraction.,Oxides/Hydroxides,train,include_pending_manual_review,visible/NIR Raman used for DUV transfer; document excitation-domain limitation; RRUFF processed spectrum; verify processing provenance and avoid mixing incompatible baselines,retain_after_manual_qc,verified_public_database_record
PARENT_0932,Ilmenite__R130214__Raman__780__0__unoriented__Raman_Data_Processed__37880,R130214,Ilmenite,https://rruff.info/R130214,780.0,The identification of this mineral has been confirmed only by single crystal X-ray diffraction.,Oxides/Hydroxides,train,include_pending_manual_review,visible/NIR Raman used for DUV transfer; document excitation-domain limitation; RRUFF processed spectrum; verify processing provenance and avoid mixing incompatible baselines,retain_after_manual_qc,verified_public_database_record
PARENT_0933,Ilmenite__R060149__Raman__532__0__unoriented__Raman_Data_Processed__33100,R060149,Ilmenite,https://rruff.info/R060149,532.0,The identification of this mineral has been confirmed by X-ray diffraction and chemical analysis,Oxides/Hydroxides,train,include_pending_manual_review,visible/NIR Raman used for DUV transfer; document excitation-domain limitation; RRUFF processed spectrum; verify processing provenance and avoid mixing incompatible baselines,retain_after_manual_qc,verified_public_database_record
PARENT_0934,Ilmenite__R060149__Raman__780__0__unoriented__Raman_Data_Processed__33102,R060149,Ilmenite,https://rruff.info/R060149,780.0,The identification of this mineral has been confirmed by X-ray diffraction and chemical analysis,Oxides/Hydroxides,train,include_pending_manual_review,visible/NIR Raman used for DUV transfer; document excitation-domain limitation; RRUFF processed spectrum; verify processing provenance and avoid mixing incompatible baselines,retain_after_manual_qc,verified_public_database_record
PARENT_0935,Chromite__R110059__Raman__780__0__unoriented__Raman_Data_Processed__35578,R110059,Chromite,https://rruff.info/R110059,780.0,The identification of this mineral has been confirmed only by single crystal X-ray diffraction.,Oxides/Hydroxides,val,include_pending_manual_review,visible/NIR Raman used for DUV transfer; document excitation-domain limitation; RRUFF processed spectrum; verify processing provenance and avoid mixing incompatible baselines,retain_after_manual_qc,verified_public_database_record
PARENT_0936,Chromite__R110060__Raman__532__0__unoriented__Raman_Data_Processed__35574,R110060,Chromite,https://rruff.info/R110060,532.0,The identification of this mineral has been confirmed only by single crystal X-ray diffraction.,Oxides/Hydroxides,train,include_pending_manual_review,visible/NIR Raman used for DUV transfer; document excitation-domain limitation; RRUFF processed spectrum; verify processing provenance and avoid mixing incompatible baselines,retain_after_manual_qc,verified_public_database_record
PARENT_0937,Chromite__R110060__Raman__532__0__unoriented__Raman_Data_RAW__35573,R110060,Chromite,https://rruff.info/R110060,532.0,The identification of this mineral has been confirmed only by single crystal X-ray diffraction.,Oxides/Hydroxides,train,include_pending_manual_review,visible/NIR Raman used for DUV transfer; document excitation-domain limitation,retain_after_manual_qc,verified_public_database_record
PARENT_0938,Chromite__R110060__Raman__780__0__unoriented__Raman_Data_Processed__35572,R110060,Chromite,https://rruff.info/R110060,780.0,The identification of this mineral has been confirmed only by single crystal X-ray diffraction.,Oxides/Hydroxides,train,include_pending_manual_review,visible/NIR Raman used for DUV transfer; document excitation-domain limitation; RRUFF processed spectrum; verify processing provenance and avoid mixing incompatible baselines,retain_after_manual_qc,verified_public_database_record
PARENT_0939,Chromite__R110060__Raman__780__0__unoriented__Raman_Data_RAW__35570,R110060,Chromite,https://rruff.info/R110060,780.0,The identification of this mineral has been confirmed only by single crystal X-ray diffraction.,Oxides/Hydroxides,train,include_pending_manual_review,visible/NIR Raman used for DUV transfer; document excitation-domain limitation,retain_after_manual_qc,verified_public_database_record
PARENT_0296,Ardealite__R060233__Raman__532__0__unoriented__Raman_Data_Processed__33447,R060233,Ardealite,https://rruff.info/R060233,532.0,The identification of this mineral has been confirmed by X-ray diffraction and chemical analysis,Phosphate,test,include_pending_manual_review,visible/NIR Raman used for DUV transfer; document excitation-domain limitation; RRUFF processed spectrum; verify processing provenance and avoid mixing incompatible baselines,retain_after_manual_qc,verified_public_database_record
PARENT_0297,Ardealite__R060233__Raman__532__0__unoriented__Raman_Data_RAW__33446,R060233,Ardealite,https://rruff.info/R060233,532.0,The identification of this mineral has been confirmed by X-ray diffraction and chemical analysis,Phosphate,test,include_pending_manual_review,visible/NIR Raman used for DUV transfer; document excitation-domain limitation,retain_after_manual_qc,verified_public_database_record
PARENT_0298,Ardealite__R060233__Raman__780__0__unoriented__Raman_Data_RAW__33448,R060233,Ardealite,https://rruff.info/R060233,780.0,The identification of this mineral has been confirmed by X-ray diffraction and chemical analysis,Phosphate,test,include_pending_manual_review,visible/NIR Raman used for DUV transfer; document excitation-domain limitation,retain_after_manual_qc,verified_public_database_record
PARENT_0299,Brushite__R070554__Raman__532__0__unoriented__Raman_Data_RAW__22918,R070554,Brushite,https://rruff.info/R070554,532.0,The identification of this mineral has been confirmed by single-crystal X-ray diffraction.,Phosphate,test,include_pending_manual_review,visible/NIR Raman used for DUV transfer; document excitation-domain limitation,retain_after_manual_qc,verified_public_database_record
PARENT_0300,Brushite__R070554__Raman__785__0__unoriented__Raman_Data_RAW__22920,R070554,Brushite,https://rruff.info/R070554,785.0,The identification of this mineral has been confirmed by single-crystal X-ray diffraction.,Phosphate,test,include_pending_manual_review,visible/NIR Raman used for DUV transfer; document excitation-domain limitation,retain_after_manual_qc,verified_public_database_record
PARENT_0301,ChurchiteY__R050421__Raman__532__0__unoriented__Raman_Data_RAW__7251,R050421,Churchite-(Y),https://rruff.info/R050421,532.0,The identification of this mineral is confirmed by single-crystal X-ray diffraction and chemical analysis.,Phosphate,train,include_pending_manual_review,visible/NIR Raman used for DUV transfer; document excitation-domain limitation,retain_after_manual_qc,verified_public_database_record
PARENT_0302,ChurchiteY__R060424__Raman__532__0__unoriented__Raman_Data_RAW__34969,R060424,Churchite-(Y),https://rruff.info/R060424,532.0,The identification of this mineral is confirmed by single-crystal X-ray diffraction and chemical analysis.,Phosphate,train,include_pending_manual_review,visible/NIR Raman used for DUV transfer; document excitation-domain limitation,retain_after_manual_qc,verified_public_database_record
PARENT_0303,ChurchiteY__R060424__Raman__780__0__unoriented__Raman_Data_RAW__34971,R060424,Churchite-(Y),https://rruff.info/R060424,780.0,The identification of this mineral is confirmed by single-crystal X-ray diffraction and chemical analysis.,Phosphate,train,include_pending_manual_review,visible/NIR Raman used for DUV transfer; document excitation-domain limitation,retain_after_manual_qc,verified_public_database_record
PARENT_0313,Pharmacolite__R050537__Raman__532__0__unoriented__Raman_Data_RAW__32235,R050537,Pharmacolite,https://rruff.info/R050537,532.0,The identification of this mineral is confirmed by single-crystal X-ray diffraction and chemical analysis.,Phosphate,val,include_pending_manual_review,visible/NIR Raman used for DUV transfer; document excitation-domain limitation,retain_after_manual_qc,verified_public_database_record
PARENT_0314,Pharmacolite__R050537__Raman__780__0__unoriented__Raman_Data_RAW__32233,R050537,Pharmacolite,https://rruff.info/R050537,780.0,The identification of this mineral is confirmed by single-crystal X-ray diffraction and chemical analysis.,Phosphate,val,include_pending_manual_review,visible/NIR Raman used for DUV transfer; document excitation-domain limitation,retain_after_manual_qc,verified_public_database_record
PARENT_0315,Pharmacolite__R070517__Raman__532__0__unoriented__Raman_Data_RAW__22506,R070517,Pharmacolite,https://rruff.info/R070517,532.0,The identification of this mineral has been confirmed only by single crystal X-ray diffraction.,Phosphate,train,include_pending_manual_review,visible/NIR Raman used for DUV transfer; document excitation-domain limitation,retain_after_manual_qc,verified_public_database_record
PARENT_0316,Pharmacolite__R070517__Raman__785__0__unoriented__Raman_Data_RAW__22508,R070517,Pharmacolite,https://rruff.info/R070517,785.0,The identification of this mineral has been confirmed only by single crystal X-ray diffraction.,Phosphate,train,include_pending_manual_review,visible/NIR Raman used for DUV transfer; document excitation-domain limitation,retain_after_manual_qc,verified_public_database_record
PARENT_0435,Fluorapatite__R040098__Raman__514__0__unoriented__Raman_Data_RAW__9474,R040098,Fluorapatite,https://rruff.info/R040098,514.0,The identification of this mineral has been confirmed by X-ray diffraction and chemical analysis,Phosphate,test,include_pending_manual_review,visible/NIR Raman used for DUV transfer; document excitation-domain limitation,retain_after_manual_qc,verified_public_database_record
PARENT_0436,Fluorapatite__R040098__Raman__532__0__unoriented__Raman_Data_RAW__15710,R040098,Fluorapatite,https://rruff.info/R040098,532.0,The identification of this mineral has been confirmed by X-ray diffraction and chemical analysis,Phosphate,test,include_pending_manual_review,visible/NIR Raman used for DUV transfer; document excitation-domain limitation,retain_after_manual_qc,verified_public_database_record
PARENT_0437,Fluorapatite__R040098__Raman__785__0__unoriented__Raman_Data_RAW__15712,R040098,Fluorapatite,https://rruff.info/R040098,785.0,The identification of this mineral has been confirmed by X-ray diffraction and chemical analysis,Phosphate,test,include_pending_manual_review,visible/NIR Raman used for DUV transfer; document excitation-domain limitation,retain_after_manual_qc,verified_public_database_record
PARENT_0438,Fluorapatite__R050122__Raman__514__0__unoriented__Raman_Data_RAW__10115,R050122,Fluorapatite,https://rruff.info/R050122,514.0,The identification of this mineral has been confirmed by X-ray diffraction and chemical analysis,Phosphate,test,include_pending_manual_review,visible/NIR Raman used for DUV transfer; document excitation-domain limitation,retain_after_manual_qc,verified_public_database_record
PARENT_0439,Fluorapatite__R050194__Raman__514__0__unoriented__Raman_Data_RAW__6271,R050194,Fluorapatite,https://rruff.info/R050194,514.0,The identification of this mineral has been confirmed by X-ray diffraction and chemical analysis,Phosphate,train,include_pending_manual_review,visible/NIR Raman used for DUV transfer; document excitation-domain limitation,retain_after_manual_qc,verified_public_database_record
PARENT_0440,Fluorapatite__R050194__Raman__780__0__unoriented__Raman_Data_RAW__27814,R050194,Fluorapatite,https://rruff.info/R050194,780.0,The identification of this mineral has been confirmed by X-ray diffraction and chemical analysis,Phosphate,train,include_pending_manual_review,visible/NIR Raman used for DUV transfer; document excitation-domain limitation,retain_after_manual_qc,verified_public_database_record
PARENT_0441,Fluorapatite__R050194__Raman__532__0__unoriented__Raman_Data_RAW__27816,R050194,Fluorapatite,https://rruff.info/R050194,532.0,The identification of this mineral has been confirmed by X-ray diffraction and chemical analysis,Phosphate,train,include_pending_manual_review,visible/NIR Raman used for DUV transfer; document excitation-domain limitation,retain_after_manual_qc,verified_public_database_record
PARENT_0442,Fluorapatite__R050192__Raman__514__0__unoriented__Raman_Data_RAW__10219,R050192,Fluorapatite,https://rruff.info/R050192,514.0,The identification of this mineral has been confirmed by X-ray diffraction and chemical analysis,Phosphate,train,include_pending_manual_review,visible/NIR Raman used for DUV transfer; document excitation-domain limitation,retain_after_manual_qc,verified_public_database_record
PARENT_0443,Fluorapatite__R050192__Raman__780__0__unoriented__Raman_Data_RAW__27803,R050192,Fluorapatite,https://rruff.info/R050192,780.0,The identification of this mineral has been confirmed by X-ray diffraction and chemical analysis,Phosphate,train,include_pending_manual_review,visible/NIR Raman used for DUV transfer; document excitation-domain limitation,retain_after_manual_qc,verified_public_database_record
PARENT_0444,Fluorapatite__R050192__Raman__532__0__unoriented__Raman_Data_RAW__27805,R050192,Fluorapatite,https://rruff.info/R050192,532.0,The identification of this mineral has been confirmed by X-ray diffraction and chemical analysis,Phosphate,train,include_pending_manual_review,visible/NIR Raman used for DUV transfer; document excitation-domain limitation,retain_after_manual_qc,verified_public_database_record
PARENT_0445,Fluorapatite__R050274__Raman__514__0__unoriented__Raman_Data_RAW__10693,R050274,Fluorapatite,https://rruff.info/R050274,514.0,The identification of this mineral has been confirmed by X-ray diffraction and chemical analysis,Phosphate,test,include_pending_manual_review,visible/NIR Raman used for DUV transfer; document excitation-domain limitation,retain_after_manual_qc,verified_public_database_record
PARENT_0446,Fluorapatite__R050274__Raman__780__0__unoriented__Raman_Data_RAW__28392,R050274,Fluorapatite,https://rruff.info/R050274,780.0,The identification of this mineral has been confirmed by X-ray diffraction and chemical analysis,Phosphate,test,include_pending_manual_review,visible/NIR Raman used for DUV transfer; document excitation-domain limitation,retain_after_manual_qc,verified_public_database_record
PARENT_0447,Fluorapatite__R050274__Raman__532__0__unoriented__Raman_Data_RAW__28394,R050274,Fluorapatite,https://rruff.info/R050274,532.0,The identification of this mineral has been confirmed by X-ray diffraction and chemical analysis,Phosphate,test,include_pending_manual_review,visible/NIR Raman used for DUV transfer; document excitation-domain limitation,retain_after_manual_qc,verified_public_database_record
PARENT_0448,Fluorapatite__R060070__Raman__532__0__unoriented__Raman_Data_RAW__27302,R060070,Fluorapatite,https://rruff.info/R060070,532.0,The identification of this mineral has been confirmed by X-ray diffraction and chemical analysis,Phosphate,train,include_pending_manual_review,visible/NIR Raman used for DUV transfer; document excitation-domain limitation,retain_after_manual_qc,verified_public_database_record
PARENT_0449,Fluorapatite__R060070__Raman__780__0__unoriented__Raman_Data_RAW__27304,R060070,Fluorapatite,https://rruff.info/R060070,780.0,The identification of this mineral has been confirmed by X-ray diffraction and chemical analysis,Phosphate,train,include_pending_manual_review,visible/NIR Raman used for DUV transfer; document excitation-domain limitation,retain_after_manual_qc,verified_public_database_record
PARENT_0450,Fluorapatite__X050079__Raman__514__0__unoriented__Raman_Data_RAW__6998,X050079,Fluorapatite,https://rruff.info/X050079,514.0,The identification of this mineral has been determined only by Raman spectroscopy,Phosphate,val,include_pending_manual_review,visible/NIR Raman used for DUV transfer; document excitation-domain limitation,retain_after_manual_qc,verified_public_database_record
PARENT_0451,Fluorapatite__R050340__Raman__514__0__unoriented__Raman_Data_RAW__10785,R050340,Fluorapatite,https://rruff.info/R050340,514.0,The identification of this mineral has been confirmed by X-ray diffraction and chemical analysis,Phosphate,train,include_pending_manual_review,visible/NIR Raman used for DUV transfer; document excitation-domain limitation,retain_after_manual_qc,verified_public_database_record
PARENT_0452,Fluorapatite__R050340__Raman__532__0__unoriented__Raman_Data_RAW__29129,R050340,Fluorapatite,https://rruff.info/R050340,532.0,The identification of this mineral has been confirmed by X-ray diffraction and chemical analysis,Phosphate,train,include_pending_manual_review,visible/NIR Raman used for DUV transfer; document excitation-domain limitation,retain_after_manual_qc,verified_public_database_record
PARENT_0453,Fluorapatite__R050340__Raman__780__0__unoriented__Raman_Data_RAW__29131,R050340,Fluorapatite,https://rruff.info/R050340,780.0,The identification of this mineral has been confirmed by X-ray diffraction and chemical analysis,Phosphate,train,include_pending_manual_review,visible/NIR Raman used for DUV transfer; document excitation-domain limitation,retain_after_manual_qc,verified_public_database_record
PARENT_0454,Fluorapatite__R050369__Raman__532__0__unoriented__Raman_Data_RAW__29617,R050369,Fluorapatite,https://rruff.info/R050369,532.0,The identification of this mineral has been confirmed by X-ray diffraction and chemical analysis,Phosphate,train,include_pending_manual_review,visible/NIR Raman used for DUV transfer; document excitation-domain limitation,retain_after_manual_qc,verified_public_database_record
PARENT_0455,Fluorapatite__R050369__Raman__780__0__unoriented__Raman_Data_RAW__29619,R050369,Fluorapatite,https://rruff.info/R050369,780.0,The identification of this mineral has been confirmed by X-ray diffraction and chemical analysis,Phosphate,train,include_pending_manual_review,visible/NIR Raman used for DUV transfer; document excitation-domain limitation,retain_after_manual_qc,verified_public_database_record
PARENT_0456,Fluorapatite__R050401__Raman__532__0__unoriented__Raman_Data_RAW__29911,R050401,Fluorapatite,https://rruff.info/R050401,532.0,The identification of this mineral has been confirmed by X-ray diffraction and chemical analysis,Phosphate,val,include_pending_manual_review,visible/NIR Raman used for DUV transfer; document excitation-domain limitation,retain_after_manual_qc,verified_public_database_record
PARENT_0457,Fluorapatite__R050401__Raman__780__0__unoriented__Raman_Data_RAW__29913,R050401,Fluorapatite,https://rruff.info/R050401,780.0,The identification of this mineral has been confirmed by X-ray diffraction and chemical analysis,Phosphate,val,include_pending_manual_review,visible/NIR Raman used for DUV transfer; document excitation-domain limitation,retain_after_manual_qc,verified_public_database_record
PARENT_0458,Fluorapatite__R050529__Raman__532__0__unoriented__Raman_Data_RAW__32205,R050529,Fluorapatite,https://rruff.info/R050529,532.0,The identification of this mineral has been confirmed by X-ray diffraction and chemical analysis,Phosphate,train,include_pending_manual_review,visible/NIR Raman used for DUV transfer; document excitation-domain limitation,retain_after_manual_qc,verified_public_database_record
PARENT_0459,Fluorapatite__R050529__Raman__780__0__unoriented__Raman_Data_RAW__32207,R050529,Fluorapatite,https://rruff.info/R050529,780.0,The identification of this mineral has been confirmed by X-ray diffraction and chemical analysis,Phosphate,train,include_pending_manual_review,visible/NIR Raman used for DUV transfer; document excitation-domain limitation,retain_after_manual_qc,verified_public_database_record
PARENT_0460,Fluorapatite__R050617__Raman__780__0__unoriented__Raman_Data_RAW__26370,R050617,Fluorapatite,https://rruff.info/R050617,780.0,The identification of this mineral is confirmed by single-crystal X-ray diffraction and chemical analysis.,Phosphate,train,include_pending_manual_review,visible/NIR Raman used for DUV transfer; document excitation-domain limitation,retain_after_manual_qc,verified_public_database_record
PARENT_0461,Fluorapatite__R050617__Raman__532__0__unoriented__Raman_Data_RAW__26372,R050617,Fluorapatite,https://rruff.info/R050617,532.0,The identification of this mineral is confirmed by single-crystal X-ray diffraction and chemical analysis.,Phosphate,train,include_pending_manual_review,visible/NIR Raman used for DUV transfer; document excitation-domain limitation,retain_after_manual_qc,verified_public_database_record
PARENT_0462,Fluorapatite__R060184__Raman__532__0__unoriented__Raman_Data_RAW__33213,R060184,Fluorapatite,https://rruff.info/R060184,532.0,The identification of this mineral has been confirmed by X-ray diffraction and chemical analysis,Phosphate,test,include_pending_manual_review,visible/NIR Raman used for DUV transfer; document excitation-domain limitation,retain_after_manual_qc,verified_public_database_record
PARENT_0463,Fluorapatite__R060184__Raman__780__0__unoriented__Raman_Data_RAW__33215,R060184,Fluorapatite,https://rruff.info/R060184,780.0,The identification of this mineral has been confirmed by X-ray diffraction and chemical analysis,Phosphate,test,include_pending_manual_review,visible/NIR Raman used for DUV transfer; document excitation-domain limitation,retain_after_manual_qc,verified_public_database_record
PARENT_0464,Fluorapatite__R060333__Raman__532__0__unoriented__Raman_Data_RAW__9123,R060333,Fluorapatite,https://rruff.info/R060333,532.0,The identification of this mineral has been confirmed by X-ray diffraction and chemical analysis,Phosphate,train,include_pending_manual_review,visible/NIR Raman used for DUV transfer; document excitation-domain limitation,retain_after_manual_qc,verified_public_database_record
PARENT_0465,Fluorapatite__R060333__Raman__785__0__unoriented__Raman_Data_RAW__20583,R060333,Fluorapatite,https://rruff.info/R060333,785.0,The identification of this mineral has been confirmed by X-ray diffraction and chemical analysis,Phosphate,train,include_pending_manual_review,visible/NIR Raman used for DUV transfer; document excitation-domain limitation,retain_after_manual_qc,verified_public_database_record
PARENT_0466,Fluorapatite__R060421__Raman__532__0__unoriented__Raman_Data_RAW__34947,R060421,Fluorapatite,https://rruff.info/R060421,532.0,The identification of this mineral has been confirmed by X-ray diffraction and chemical analysis,Phosphate,train,include_pending_manual_review,visible/NIR Raman used for DUV transfer; document excitation-domain limitation,retain_after_manual_qc,verified_public_database_record
PARENT_0467,Fluorapatite__R060421__Raman__780__0__unoriented__Raman_Data_RAW__34949,R060421,Fluorapatite,https://rruff.info/R060421,780.0,The identification of this mineral has been confirmed by X-ray diffraction and chemical analysis,Phosphate,train,include_pending_manual_review,visible/NIR Raman used for DUV transfer; document excitation-domain limitation,retain_after_manual_qc,verified_public_database_record
PARENT_0144,Labradorite__X050108__Raman__785__0__unoriented__Raman_Data_Processed__6602,X050108,Labradorite,https://rruff.info/X050108,785.0,The identification of this mineral has been determined only by Raman spectroscopy,Plagioclase,train,include_pending_manual_review,visible/NIR Raman used for DUV transfer; document excitation-domain limitation; RRUFF processed spectrum; verify processing provenance and avoid mixing incompatible baselines,retain_after_manual_qc,verified_public_database_record
PARENT_0145,Labradorite__X050110__Raman__785__0__unoriented__Raman_Data_Processed__6603,X050110,Labradorite,https://rruff.info/X050110,785.0,The identification of this mineral has been determined only by Raman spectroscopy,Plagioclase,train,include_pending_manual_review,visible/NIR Raman used for DUV transfer; document excitation-domain limitation; RRUFF processed spectrum; verify processing provenance and avoid mixing incompatible baselines,retain_after_manual_qc,verified_public_database_record
PARENT_0146,Labradorite__X050111__Raman__785__0__unoriented__Raman_Data_Processed__6605,X050111,Labradorite,https://rruff.info/X050111,785.0,The identification of this mineral has been determined only by Raman spectroscopy,Plagioclase,train,include_pending_manual_review,visible/NIR Raman used for DUV transfer; document excitation-domain limitation; RRUFF processed spectrum; verify processing provenance and avoid mixing incompatible baselines,retain_after_manual_qc,verified_public_database_record
PARENT_0147,Labradorite__X050189__Raman__785__0__unoriented__Raman_Data_Processed__6638,X050189,Labradorite,https://rruff.info/X050189,785.0,The identification of this mineral has been determined only by Raman spectroscopy,Plagioclase,train,include_pending_manual_review,visible/NIR Raman used for DUV transfer; document excitation-domain limitation; RRUFF processed spectrum; verify processing provenance and avoid mixing incompatible baselines,retain_after_manual_qc,verified_public_database_record
PARENT_0148,Albite__R040068__Raman__514__0__unoriented__Raman_Data_RAW__9426,R040068,Albite,https://rruff.info/R040068,514.0,The identification of this mineral has been confirmed by X-ray diffraction and chemical analysis,Plagioclase,train,include_pending_manual_review,visible/NIR Raman used for DUV transfer; document excitation-domain limitation,retain_after_manual_qc,verified_public_database_record
PARENT_0149,Albite__R040068__Raman__532__0__unoriented__Raman_Data_RAW__15182,R040068,Albite,https://rruff.info/R040068,532.0,The identification of this mineral has been confirmed by X-ray diffraction and chemical analysis,Plagioclase,train,include_pending_manual_review,visible/NIR Raman used for DUV transfer; document excitation-domain limitation,retain_after_manual_qc,verified_public_database_record
PARENT_0150,Albite__R040068__Raman__785__0__unoriented__Raman_Data_RAW__15184,R040068,Albite,https://rruff.info/R040068,785.0,The identification of this mineral has been confirmed by X-ray diffraction and chemical analysis,Plagioclase,train,include_pending_manual_review,visible/NIR Raman used for DUV transfer; document excitation-domain limitation,retain_after_manual_qc,verified_public_database_record
PARENT_0151,Albite__R040129__Raman__514__0__unoriented__Raman_Data_RAW__9550,R040129,Albite,https://rruff.info/R040129,514.0,The identification of this mineral has been confirmed by X-ray diffraction and chemical analysis,Plagioclase,train,include_pending_manual_review,visible/NIR Raman used for DUV transfer; document excitation-domain limitation,retain_after_manual_qc,verified_public_database_record
PARENT_0152,Albite__R040129__Raman__532__0__unoriented__Raman_Data_RAW__19751,R040129,Albite,https://rruff.info/R040129,532.0,The identification of this mineral has been confirmed by X-ray diffraction and chemical analysis,Plagioclase,train,include_pending_manual_review,visible/NIR Raman used for DUV transfer; document excitation-domain limitation,retain_after_manual_qc,verified_public_database_record
PARENT_0153,Albite__R040129__Raman__785__0__unoriented__Raman_Data_RAW__19753,R040129,Albite,https://rruff.info/R040129,785.0,The identification of this mineral has been confirmed by X-ray diffraction and chemical analysis,Plagioclase,train,include_pending_manual_review,visible/NIR Raman used for DUV transfer; document excitation-domain limitation,retain_after_manual_qc,verified_public_database_record
PARENT_0154,Albite__X050005__Raman__785__0__unoriented__Raman_Data_Processed__6442,X050005,Albite,https://rruff.info/X050005,785.0,The identification of this mineral has been determined only by Raman spectroscopy,Plagioclase,train,include_pending_manual_review,visible/NIR Raman used for DUV transfer; document excitation-domain limitation; RRUFF processed spectrum; verify processing provenance and avoid mixing incompatible baselines,retain_after_manual_qc,verified_public_database_record
PARENT_0155,Albite__X050006__Raman__785__0__unoriented__Raman_Data_Processed__6443,X050006,Albite,https://rruff.info/X050006,785.0,The identification of this mineral has been determined only by Raman spectroscopy,Plagioclase,train,include_pending_manual_review,visible/NIR Raman used for DUV transfer; document excitation-domain limitation; RRUFF processed spectrum; verify processing provenance and avoid mixing incompatible baselines,retain_after_manual_qc,verified_public_database_record
PARENT_0156,Albite__X050007__Raman__785__0__unoriented__Raman_Data_Processed__6444,X050007,Albite,https://rruff.info/X050007,785.0,The identification of this mineral has been determined only by Raman spectroscopy,Plagioclase,train,include_pending_manual_review,visible/NIR Raman used for DUV transfer; document excitation-domain limitation; RRUFF processed spectrum; verify processing provenance and avoid mixing incompatible baselines,retain_after_manual_qc,verified_public_database_record
PARENT_0157,Albite__X050008__Raman__785__0__unoriented__Raman_Data_Processed__6445,X050008,Albite,https://rruff.info/X050008,785.0,The identification of this mineral has been determined only by Raman spectroscopy,Plagioclase,test,include_pending_manual_review,visible/NIR Raman used for DUV transfer; document excitation-domain limitation; RRUFF processed spectrum; verify processing provenance and avoid mixing incompatible baselines,retain_after_manual_qc,verified_public_database_record
PARENT_0158,Albite__X050014__Raman__785__0__unoriented__Raman_Data_Processed__6453,X050014,Albite,https://rruff.info/X050014,785.0,The identification of this mineral has been determined by Raman spectroscopy and chemical analysis,Plagioclase,train,include_pending_manual_review,visible/NIR Raman used for DUV transfer; document excitation-domain limitation; RRUFF processed spectrum; verify processing provenance and avoid mixing incompatible baselines,retain_after_manual_qc,verified_public_database_record
PARENT_0159,Albite__X050127__Raman__785__0__unoriented__Raman_Data_Processed__6633,X050127,Albite,https://rruff.info/X050127,785.0,The identification of this mineral has been determined only by Raman spectroscopy,Plagioclase,test,include_pending_manual_review,visible/NIR Raman used for DUV transfer; document excitation-domain limitation; RRUFF processed spectrum; verify processing provenance and avoid mixing incompatible baselines,retain_after_manual_qc,verified_public_database_record
PARENT_0160,Albite__R050253__Raman__514__0__unoriented__Raman_Data_RAW__10663,R050253,Albite,https://rruff.info/R050253,514.0,The identification of this mineral has been confirmed by X-ray diffraction and chemical analysis,Plagioclase,train,include_pending_manual_review,visible/NIR Raman used for DUV transfer; document excitation-domain limitation,retain_after_manual_qc,verified_public_database_record
PARENT_0161,Albite__R050253__Raman__532__0__unoriented__Raman_Data_RAW__28171,R050253,Albite,https://rruff.info/R050253,532.0,The identification of this mineral has been confirmed by X-ray diffraction and chemical analysis,Plagioclase,train,include_pending_manual_review,visible/NIR Raman used for DUV transfer; document excitation-domain limitation,retain_after_manual_qc,verified_public_database_record
PARENT_0162,Albite__R050253__Raman__780__0__unoriented__Raman_Data_RAW__28173,R050253,Albite,https://rruff.info/R050253,780.0,The identification of this mineral has been confirmed by X-ray diffraction and chemical analysis,Plagioclase,train,include_pending_manual_review,visible/NIR Raman used for DUV transfer; document excitation-domain limitation,retain_after_manual_qc,verified_public_database_record
PARENT_0163,Albite__R050402__Raman__514__0__unoriented__Raman_Data_RAW__10858,R050402,Albite,https://rruff.info/R050402,514.0,The identification of this mineral has been confirmed by X-ray diffraction and chemical analysis,Plagioclase,test,include_pending_manual_review,visible/NIR Raman used for DUV transfer; document excitation-domain limitation,retain_after_manual_qc,verified_public_database_record
PARENT_0164,Albite__R050402__Raman__532__0__unoriented__Raman_Data_RAW__30005,R050402,Albite,https://rruff.info/R050402,532.0,The identification of this mineral has been confirmed by X-ray diffraction and chemical analysis,Plagioclase,test,include_pending_manual_review,visible/NIR Raman used for DUV transfer; document excitation-domain limitation,retain_after_manual_qc,verified_public_database_record
PARENT_0165,Albite__R050402__Raman__780__0__unoriented__Raman_Data_RAW__30007,R050402,Albite,https://rruff.info/R050402,780.0,The identification of this mineral has been confirmed by X-ray diffraction and chemical analysis,Plagioclase,test,include_pending_manual_review,visible/NIR Raman used for DUV transfer; document excitation-domain limitation,retain_after_manual_qc,verified_public_database_record
PARENT_0166,Albite__R060054__Raman__780__0__unoriented__Raman_Data_RAW__26967,R060054,Albite,https://rruff.info/R060054,780.0,The identification of this mineral has been confirmed by X-ray diffraction and chemical analysis,Plagioclase,train,include_pending_manual_review,visible/NIR Raman used for DUV transfer; document excitation-domain limitation,retain_after_manual_qc,verified_public_database_record
PARENT_0167,Albite__R060054__Raman__532__0__unoriented__Raman_Data_RAW__26969,R060054,Albite,https://rruff.info/R060054,532.0,The identification of this mineral has been confirmed by X-ray diffraction and chemical analysis,Plagioclase,train,include_pending_manual_review,visible/NIR Raman used for DUV transfer; document excitation-domain limitation,retain_after_manual_qc,verified_public_database_record
PARENT_0168,Albite__R070268__Raman__532__0__unoriented__Raman_Data_RAW__20223,R070268,Albite,https://rruff.info/R070268,532.0,The identification of this mineral has been confirmed by X-ray diffraction and chemical analysis,Plagioclase,train,include_pending_manual_review,visible/NIR Raman used for DUV transfer; document excitation-domain limitation,retain_after_manual_qc,verified_public_database_record
PARENT_0169,Albite__R070268__Raman__785__0__unoriented__Raman_Data_RAW__20225,R070268,Albite,https://rruff.info/R070268,785.0,The identification of this mineral has been confirmed by X-ray diffraction and chemical analysis,Plagioclase,train,include_pending_manual_review,visible/NIR Raman used for DUV transfer; document excitation-domain limitation,retain_after_manual_qc,verified_public_database_record
PARENT_0170,Albite__R100169__Raman__532__0__unoriented__Raman_Data_RAW__34687,R100169,Albite,https://rruff.info/R100169,532.0,The identification of this mineral has been confirmed by single-crystal X-ray diffraction.,Plagioclase,train,include_pending_manual_review,visible/NIR Raman used for DUV transfer; document excitation-domain limitation,retain_after_manual_qc,verified_public_database_record
PARENT_0171,Albite__R100169__Raman__780__0__unoriented__Raman_Data_RAW__34689,R100169,Albite,https://rruff.info/R100169,780.0,The identification of this mineral has been confirmed by single-crystal X-ray diffraction.,Plagioclase,train,include_pending_manual_review,visible/NIR Raman used for DUV transfer; document excitation-domain limitation,retain_after_manual_qc,verified_public_database_record
PARENT_0172,Albite__R230008__Raman__532__0__depolarized__Raman_Data_RAW__40822,R230008,Albite,https://rruff.info/R230008,532.0,The identification of this mineral has been determined by Raman spectroscopy and chemical analysis,Plagioclase,test,include_pending_manual_review,visible/NIR Raman used for DUV transfer; document excitation-domain limitation,retain_after_manual_qc,verified_public_database_record
PARENT_0173,Andesine__X050013__Raman__785__0__unoriented__Raman_Data_Processed__6452,X050013,Andesine,https://rruff.info/X050013,785.0,The identification of this mineral has been determined only by Raman spectroscopy,Plagioclase,test,include_pending_manual_review,visible/NIR Raman used for DUV transfer; document excitation-domain limitation; RRUFF processed spectrum; verify processing provenance and avoid mixing incompatible baselines,retain_after_manual_qc,verified_public_database_record
PARENT_0174,Anorthite__R040059__Raman__514__0__unoriented__Raman_Data_RAW__9397,R040059,Anorthite,https://rruff.info/R040059,514.0,The identification of this mineral has been confirmed by X-ray diffraction and chemical analysis,Plagioclase,train,include_pending_manual_review,visible/NIR Raman used for DUV transfer; document excitation-domain limitation,retain_after_manual_qc,verified_public_database_record
PARENT_0175,Anorthite__R040059__Raman__780__0__unoriented__Raman_Data_RAW__26650,R040059,Anorthite,https://rruff.info/R040059,780.0,The identification of this mineral has been confirmed by X-ray diffraction and chemical analysis,Plagioclase,train,include_pending_manual_review,visible/NIR Raman used for DUV transfer; document excitation-domain limitation,retain_after_manual_qc,verified_public_database_record
PARENT_0176,Anorthite__R040059__Raman__532__0__unoriented__Raman_Data_RAW__26654,R040059,Anorthite,https://rruff.info/R040059,532.0,The identification of this mineral has been confirmed by X-ray diffraction and chemical analysis,Plagioclase,train,include_pending_manual_review,visible/NIR Raman used for DUV transfer; document excitation-domain limitation,retain_after_manual_qc,verified_public_database_record
PARENT_0177,Anorthite__R050104__Raman__514__0__unoriented__Raman_Data_RAW__10083,R050104,Anorthite,https://rruff.info/R050104,514.0,The identification of this mineral has been confirmed by X-ray diffraction and chemical analysis,Plagioclase,train,include_pending_manual_review,visible/NIR Raman used for DUV transfer; document excitation-domain limitation,retain_after_manual_qc,verified_public_database_record
PARENT_0178,Anorthite__R050104__Raman__780__0__unoriented__Raman_Data_RAW__27004,R050104,Anorthite,https://rruff.info/R050104,780.0,The identification of this mineral has been confirmed by X-ray diffraction and chemical analysis,Plagioclase,train,include_pending_manual_review,visible/NIR Raman used for DUV transfer; document excitation-domain limitation,retain_after_manual_qc,verified_public_database_record
PARENT_0179,Anorthite__R050104__Raman__532__0__unoriented__Raman_Data_RAW__27006,R050104,Anorthite,https://rruff.info/R050104,532.0,The identification of this mineral has been confirmed by X-ray diffraction and chemical analysis,Plagioclase,train,include_pending_manual_review,visible/NIR Raman used for DUV transfer; document excitation-domain limitation,retain_after_manual_qc,verified_public_database_record
PARENT_0180,Anorthite__X050020__Raman__785__0__unoriented__Raman_Data_Processed__6457,X050020,Anorthite,https://rruff.info/X050020,785.0,The identification of this mineral has been confirmed by X-ray diffraction and chemical analysis,Plagioclase,train,include_pending_manual_review,visible/NIR Raman used for DUV transfer; document excitation-domain limitation; RRUFF processed spectrum; verify processing provenance and avoid mixing incompatible baselines,retain_after_manual_qc,verified_public_database_record
PARENT_0181,Anorthite__X050021__Raman__785__0__unoriented__Raman_Data_Processed__6458,X050021,Anorthite,https://rruff.info/X050021,785.0,The identification of this mineral has been determined only by Raman spectroscopy,Plagioclase,train,include_pending_manual_review,visible/NIR Raman used for DUV transfer; document excitation-domain limitation; RRUFF processed spectrum; verify processing provenance and avoid mixing incompatible baselines,retain_after_manual_qc,verified_public_database_record
PARENT_0182,Anorthite__R060082__Raman__532__0__unoriented__Raman_Data_RAW__27581,R060082,Anorthite,https://rruff.info/R060082,532.0,The identification of this mineral has been confirmed by X-ray diffraction and chemical analysis,Plagioclase,train,include_pending_manual_review,visible/NIR Raman used for DUV transfer; document excitation-domain limitation,retain_after_manual_qc,verified_public_database_record
PARENT_0183,Anorthite__R060082__Raman__780__0__unoriented__Raman_Data_RAW__27583,R060082,Anorthite,https://rruff.info/R060082,780.0,The identification of this mineral has been confirmed by X-ray diffraction and chemical analysis,Plagioclase,train,include_pending_manual_review,visible/NIR Raman used for DUV transfer; document excitation-domain limitation,retain_after_manual_qc,verified_public_database_record
PARENT_0184,Anorthite__R060193__Raman__532__0__unoriented__Raman_Data_RAW__33259,R060193,Anorthite,https://rruff.info/R060193,532.0,The identification of this mineral has been confirmed by X-ray diffraction and chemical analysis,Plagioclase,train,include_pending_manual_review,visible/NIR Raman used for DUV transfer; document excitation-domain limitation,retain_after_manual_qc,verified_public_database_record
PARENT_0185,Anorthite__R060221__Raman__532__0__unoriented__Raman_Data_RAW__33378,R060221,Anorthite,https://rruff.info/R060221,532.0,The identification of this mineral has been confirmed by X-ray diffraction and chemical analysis,Plagioclase,val,include_pending_manual_review,visible/NIR Raman used for DUV transfer; document excitation-domain limitation,retain_after_manual_qc,verified_public_database_record
PARENT_0186,Anorthite__R060221__Raman__780__0__unoriented__Raman_Data_RAW__33380,R060221,Anorthite,https://rruff.info/R060221,780.0,The identification of this mineral has been confirmed by X-ray diffraction and chemical analysis,Plagioclase,val,include_pending_manual_review,visible/NIR Raman used for DUV transfer; document excitation-domain limitation,retain_after_manual_qc,verified_public_database_record
PARENT_0187,Anorthite__R060275__Raman__532__0__unoriented__Raman_Data_RAW__33993,R060275,Anorthite,https://rruff.info/R060275,532.0,The identification of this mineral has been confirmed by X-ray diffraction and chemical analysis,Plagioclase,val,include_pending_manual_review,visible/NIR Raman used for DUV transfer; document excitation-domain limitation,retain_after_manual_qc,verified_public_database_record
PARENT_0188,Anorthite__R060275__Raman__780__0__unoriented__Raman_Data_RAW__33995,R060275,Anorthite,https://rruff.info/R060275,780.0,The identification of this mineral has been confirmed by X-ray diffraction and chemical analysis,Plagioclase,val,include_pending_manual_review,visible/NIR Raman used for DUV transfer; document excitation-domain limitation,retain_after_manual_qc,verified_public_database_record
PARENT_0189,Anorthite__R070510__Raman__532__0__unoriented__Raman_Data_RAW__22461,R070510,Anorthite,https://rruff.info/R070510,532.0,The identification of this mineral is confirmed by single-crystal X-ray diffraction and chemical analysis.,Plagioclase,train,include_pending_manual_review,visible/NIR Raman used for DUV transfer; document excitation-domain limitation,retain_after_manual_qc,verified_public_database_record
PARENT_0190,Anorthite__R070510__Raman__785__0__unoriented__Raman_Data_RAW__22463,R070510,Anorthite,https://rruff.info/R070510,785.0,The identification of this mineral is confirmed by single-crystal X-ray diffraction and chemical analysis.,Plagioclase,train,include_pending_manual_review,visible/NIR Raman used for DUV transfer; document excitation-domain limitation,retain_after_manual_qc,verified_public_database_record
PARENT_0191,Anorthite__R070598__Raman__532__0__unoriented__Raman_Data_RAW__23147,R070598,Anorthite,https://rruff.info/R070598,532.0,The identification of this mineral has been confirmed only by chemical analysis,Plagioclase,train,include_pending_manual_review,visible/NIR Raman used for DUV transfer; document excitation-domain limitation,retain_after_manual_qc,verified_public_database_record
PARENT_0192,Anorthite__R070598__Raman__780__0__unoriented__Raman_Data_RAW__23149,R070598,Anorthite,https://rruff.info/R070598,780.0,The identification of this mineral has been confirmed only by chemical analysis,Plagioclase,train,include_pending_manual_review,visible/NIR Raman used for DUV transfer; document excitation-domain limitation,retain_after_manual_qc,verified_public_database_record
PARENT_0193,Anorthite__R100170__Raman__532__0__unoriented__Raman_Data_RAW__34702,R100170,Anorthite,https://rruff.info/R100170,532.0,The identification of this mineral has been confirmed only by single crystal X-ray diffraction.,Plagioclase,val,include_pending_manual_review,visible/NIR Raman used for DUV transfer; document excitation-domain limitation,retain_after_manual_qc,verified_public_database_record
PARENT_0194,Anorthite__R100170__Raman__780__0__unoriented__Raman_Data_RAW__34704,R100170,Anorthite,https://rruff.info/R100170,780.0,The identification of this mineral has been confirmed only by single crystal X-ray diffraction.,Plagioclase,val,include_pending_manual_review,visible/NIR Raman used for DUV transfer; document excitation-domain limitation,retain_after_manual_qc,verified_public_database_record
PARENT_0197,Bytownite__X050032__Raman__785__0__unoriented__Raman_Data_Processed__6464,X050032,Bytownite,https://rruff.info/X050032,785.0,The identification of this mineral has been determined only by Raman spectroscopy,Plagioclase,train,include_pending_manual_review,visible/NIR Raman used for DUV transfer; document excitation-domain limitation; RRUFF processed spectrum; verify processing provenance and avoid mixing incompatible baselines,retain_after_manual_qc,verified_public_database_record
PARENT_0198,Bytownite__X050033__Raman__785__0__unoriented__Raman_Data_Processed__6465,X050033,Bytownite,https://rruff.info/X050033,785.0,The identification of this mineral has been determined only by Raman spectroscopy,Plagioclase,train,include_pending_manual_review,visible/NIR Raman used for DUV transfer; document excitation-domain limitation; RRUFF processed spectrum; verify processing provenance and avoid mixing incompatible baselines,retain_after_manual_qc,verified_public_database_record
PARENT_0224,Oligoclase__X050122__Raman__785__0__unoriented__Raman_Data_Processed__6628,X050122,Oligoclase,https://rruff.info/X050122,785.0,The identification of this mineral has been determined only by Raman spectroscopy,Plagioclase,train,include_pending_manual_review,visible/NIR Raman used for DUV transfer; document excitation-domain limitation; RRUFF processed spectrum; verify processing provenance and avoid mixing incompatible baselines,retain_after_manual_qc,verified_public_database_record
PARENT_0000,Diopside__R040009__Raman__532__0__unoriented__Raman_Data_RAW__26213,R040009,Diopside,https://rruff.info/R040009,532.0,The identification of this mineral has been confirmed by X-ray diffraction and chemical analysis,Pyroxene,train,include_pending_manual_review,visible/NIR Raman used for DUV transfer; document excitation-domain limitation,retain_after_manual_qc,verified_public_database_record
PARENT_0001,Diopside__R040009__Raman__514__0__unoriented__Raman_Data_RAW__10295,R040009,Diopside,https://rruff.info/R040009,514.0,The identification of this mineral has been confirmed by X-ray diffraction and chemical analysis,Pyroxene,train,include_pending_manual_review,visible/NIR Raman used for DUV transfer; document excitation-domain limitation,retain_after_manual_qc,verified_public_database_record
PARENT_0002,Diopside__R040009__Raman__780__0__unoriented__Raman_Data_RAW__26211,R040009,Diopside,https://rruff.info/R040009,780.0,The identification of this mineral has been confirmed by X-ray diffraction and chemical analysis,Pyroxene,train,include_pending_manual_review,visible/NIR Raman used for DUV transfer; document excitation-domain limitation,retain_after_manual_qc,verified_public_database_record
PARENT_0003,Diopside__R040097__Raman__532__0__unoriented__Raman_Data_RAW__24829,R040097,Diopside,https://rruff.info/R040097,532.0,The identification of this mineral has been confirmed by X-ray diffraction and chemical analysis,Pyroxene,train,include_pending_manual_review,visible/NIR Raman used for DUV transfer; document excitation-domain limitation,retain_after_manual_qc,verified_public_database_record
PARENT_0004,Diopside__R040097__Raman__780__0__unoriented__Raman_Data_RAW__24831,R040097,Diopside,https://rruff.info/R040097,780.0,The identification of this mineral has been confirmed by X-ray diffraction and chemical analysis,Pyroxene,train,include_pending_manual_review,visible/NIR Raman used for DUV transfer; document excitation-domain limitation,retain_after_manual_qc,verified_public_database_record
PARENT_0005,Diopside__X050056.3__Raman__785__0__unoriented__Raman_Data_Processed__6473,X050056,Diopside,https://rruff.info/X050056,785.0,The identification of this mineral has been determined only by Raman spectroscopy,Pyroxene,train,include_pending_manual_review,visible/NIR Raman used for DUV transfer; document excitation-domain limitation; RRUFF processed spectrum; verify processing provenance and avoid mixing incompatible baselines,retain_after_manual_qc,verified_public_database_record
PARENT_0006,Diopside__X050056.4__Raman__785__0__unoriented__Raman_Data_Processed__6474,X050056,Diopside,https://rruff.info/X050056,785.0,The identification of this mineral has been determined only by Raman spectroscopy,Pyroxene,train,include_pending_manual_review,visible/NIR Raman used for DUV transfer; document excitation-domain limitation; RRUFF processed spectrum; verify processing provenance and avoid mixing incompatible baselines,retain_after_manual_qc,verified_public_database_record
PARENT_0007,Diopside__X050057.3__Raman__785__0__unoriented__Raman_Data_Processed__6475,X050057,Diopside,https://rruff.info/X050057,785.0,The identification of this mineral has been determined only by Raman spectroscopy,Pyroxene,train,include_pending_manual_review,visible/NIR Raman used for DUV transfer; document excitation-domain limitation; RRUFF processed spectrum; verify processing provenance and avoid mixing incompatible baselines,retain_after_manual_qc,verified_public_database_record
PARENT_0008,Diopside__X050058.3__Raman__785__0__unoriented__Raman_Data_Processed__6477,X050058,Diopside,https://rruff.info/X050058,785.0,The identification of this mineral has been determined only by Raman spectroscopy,Pyroxene,train,include_pending_manual_review,visible/NIR Raman used for DUV transfer; document excitation-domain limitation; RRUFF processed spectrum; verify processing provenance and avoid mixing incompatible baselines,retain_after_manual_qc,verified_public_database_record
PARENT_0009,Diopside__X050059__Raman__785__0__unoriented__Raman_Data_Processed__6479,X050059,Diopside,https://rruff.info/X050059,785.0,The identification of this mineral has been determined only by Raman spectroscopy,Pyroxene,val,include_pending_manual_review,visible/NIR Raman used for DUV transfer; document excitation-domain limitation; RRUFF processed spectrum; verify processing provenance and avoid mixing incompatible baselines,retain_after_manual_qc,verified_public_database_record
PARENT_0010,Diopside__X050060__Raman__514__0__unoriented__Raman_Data_RAW__6525,X050060,Diopside,https://rruff.info/X050060,514.0,The identification of this mineral has been determined only by Raman spectroscopy,Pyroxene,train,include_pending_manual_review,visible/NIR Raman used for DUV transfer; document excitation-domain limitation,retain_after_manual_qc,verified_public_database_record
PARENT_0011,Diopside__R050406__Raman__532__0__unoriented__Raman_Data_RAW__30047,R050406,Diopside,https://rruff.info/R050406,532.0,The identification of this mineral has been confirmed by X-ray diffraction and chemical analysis,Pyroxene,train,include_pending_manual_review,visible/NIR Raman used for DUV transfer; document excitation-domain limitation,retain_after_manual_qc,verified_public_database_record
PARENT_0012,Diopside__R050406__Raman__780__0__unoriented__Raman_Data_RAW__30049,R050406,Diopside,https://rruff.info/R050406,780.0,The identification of this mineral has been confirmed by X-ray diffraction and chemical analysis,Pyroxene,train,include_pending_manual_review,visible/NIR Raman used for DUV transfer; document excitation-domain limitation,retain_after_manual_qc,verified_public_database_record
PARENT_0013,Diopside__R050496__Raman__532__0__unoriented__Raman_Data_RAW__32237,R050496,Diopside,https://rruff.info/R050496,532.0,The identification of this mineral has been confirmed by X-ray diffraction and chemical analysis,Pyroxene,val,include_pending_manual_review,visible/NIR Raman used for DUV transfer; document excitation-domain limitation,retain_after_manual_qc,verified_public_database_record
PARENT_0014,Diopside__R050496__Raman__780__0__unoriented__Raman_Data_RAW__32239,R050496,Diopside,https://rruff.info/R050496,780.0,The identification of this mineral has been confirmed by X-ray diffraction and chemical analysis,Pyroxene,val,include_pending_manual_review,visible/NIR Raman used for DUV transfer; document excitation-domain limitation,retain_after_manual_qc,verified_public_database_record
PARENT_0015,Diopside__R050666__Raman__532__0__unoriented__Raman_Data_RAW__32868,R050666,Diopside,https://rruff.info/R050666,532.0,The identification of this mineral has been confirmed by X-ray diffraction and chemical analysis,Pyroxene,train,include_pending_manual_review,visible/NIR Raman used for DUV transfer; document excitation-domain limitation,retain_after_manual_qc,verified_public_database_record
PARENT_0016,Diopside__R050666__Raman__780__0__unoriented__Raman_Data_RAW__32870,R050666,Diopside,https://rruff.info/R050666,780.0,The identification of this mineral has been confirmed by X-ray diffraction and chemical analysis,Pyroxene,train,include_pending_manual_review,visible/NIR Raman used for DUV transfer; document excitation-domain limitation,retain_after_manual_qc,verified_public_database_record
PARENT_0017,Diopside__R060061__Raman__532__0__unoriented__Raman_Data_RAW__27056,R060061,Diopside,https://rruff.info/R060061,532.0,The identification of this mineral is confirmed by single-crystal X-ray diffraction and chemical analysis.,Pyroxene,val,include_pending_manual_review,visible/NIR Raman used for DUV transfer; document excitation-domain limitation,retain_after_manual_qc,verified_public_database_record
PARENT_0018,Diopside__R060061__Raman__780__0__unoriented__Raman_Data_RAW__27054,R060061,Diopside,https://rruff.info/R060061,780.0,The identification of this mineral is confirmed by single-crystal X-ray diffraction and chemical analysis.,Pyroxene,val,include_pending_manual_review,visible/NIR Raman used for DUV transfer; document excitation-domain limitation,retain_after_manual_qc,verified_public_database_record
PARENT_0019,Diopside__R060085__Raman__532__0__unoriented__Raman_Data_RAW__27595,R060085,Diopside,https://rruff.info/R060085,532.0,The identification of this mineral has been confirmed by X-ray diffraction and chemical analysis,Pyroxene,train,include_pending_manual_review,visible/NIR Raman used for DUV transfer; document excitation-domain limitation,retain_after_manual_qc,verified_public_database_record
PARENT_0020,Diopside__R060085__Raman__780__0__unoriented__Raman_Data_RAW__36683,R060085,Diopside,https://rruff.info/R060085,780.0,The identification of this mineral has been confirmed by X-ray diffraction and chemical analysis,Pyroxene,train,include_pending_manual_review,visible/NIR Raman used for DUV transfer; document excitation-domain limitation,retain_after_manual_qc,verified_public_database_record
PARENT_0021,Diopside__R060171__Raman__532__0__unoriented__Raman_Data_RAW__33158,R060171,Diopside,https://rruff.info/R060171,532.0,The identification of this mineral has been confirmed by X-ray diffraction and chemical analysis,Pyroxene,train,include_pending_manual_review,visible/NIR Raman used for DUV transfer; document excitation-domain limitation,retain_after_manual_qc,verified_public_database_record
PARENT_0022,Diopside__R060171__Raman__780__0__unoriented__Raman_Data_RAW__33160,R060171,Diopside,https://rruff.info/R060171,780.0,The identification of this mineral has been confirmed by X-ray diffraction and chemical analysis,Pyroxene,train,include_pending_manual_review,visible/NIR Raman used for DUV transfer; document excitation-domain limitation,retain_after_manual_qc,verified_public_database_record
PARENT_0023,Diopside__R060276__Raman__532__0__unoriented__Raman_Data_RAW__34009,R060276,Diopside,https://rruff.info/R060276,532.0,The identification of this mineral has been confirmed by X-ray diffraction and chemical analysis,Pyroxene,train,include_pending_manual_review,visible/NIR Raman used for DUV transfer; document excitation-domain limitation,retain_after_manual_qc,verified_public_database_record
PARENT_0024,Diopside__R060861__Raman__532__0__unoriented__Raman_Data_RAW__13064,R060861,Diopside,https://rruff.info/R060861,532.0,The identification of this mineral has been confirmed by X-ray diffraction and chemical analysis,Pyroxene,train,include_pending_manual_review,visible/NIR Raman used for DUV transfer; document excitation-domain limitation,retain_after_manual_qc,verified_public_database_record
PARENT_0025,Diopside__R060861__Raman__785__0__unoriented__Raman_Data_RAW__18641,R060861,Diopside,https://rruff.info/R060861,785.0,The identification of this mineral has been confirmed by X-ray diffraction and chemical analysis,Pyroxene,train,include_pending_manual_review,visible/NIR Raman used for DUV transfer; document excitation-domain limitation,retain_after_manual_qc,verified_public_database_record
PARENT_0026,Diopside__R070123__Raman__532__0__unoriented__Raman_Data_RAW__18437,R070123,Diopside,https://rruff.info/R070123,532.0,The identification of this mineral has been confirmed by X-ray diffraction and chemical analysis,Pyroxene,test,include_pending_manual_review,visible/NIR Raman used for DUV transfer; document excitation-domain limitation,retain_after_manual_qc,verified_public_database_record
PARENT_0027,Diopside__R070123__Raman__785__0__unoriented__Raman_Data_RAW__18439,R070123,Diopside,https://rruff.info/R070123,785.0,The identification of this mineral has been confirmed by X-ray diffraction and chemical analysis,Pyroxene,test,include_pending_manual_review,visible/NIR Raman used for DUV transfer; document excitation-domain limitation,retain_after_manual_qc,verified_public_database_record
PARENT_0028,Diopside__R090046__Raman__532__0__unoriented__Raman_Data_RAW__32775,R090046,Diopside,https://rruff.info/R090046,532.0,The identification of this mineral has been confirmed by single-crystal X-ray diffraction.,Pyroxene,train,include_pending_manual_review,visible/NIR Raman used for DUV transfer; document excitation-domain limitation,retain_after_manual_qc,verified_public_database_record
PARENT_0029,Diopside__R110128__Raman__532__0__unoriented__Raman_Data_RAW__35623,R110128,Diopside,https://rruff.info/R110128,532.0,The identification of this mineral has been confirmed by single-crystal X-ray diffraction.,Pyroxene,train,include_pending_manual_review,visible/NIR Raman used for DUV transfer; document excitation-domain limitation,retain_after_manual_qc,verified_public_database_record
PARENT_0030,Diopside__R110128__Raman__780__0__unoriented__Raman_Data_RAW__35625,R110128,Diopside,https://rruff.info/R110128,780.0,The identification of this mineral has been confirmed by single-crystal X-ray diffraction.,Pyroxene,train,include_pending_manual_review,visible/NIR Raman used for DUV transfer; document excitation-domain limitation,retain_after_manual_qc,verified_public_database_record
PARENT_0031,Diopside__R120003__Raman__532__0__unoriented__Raman_Data_RAW__36354,R120003,Diopside,https://rruff.info/R120003,532.0,The identification of this mineral has been confirmed only by single crystal X-ray diffraction.,Pyroxene,test,include_pending_manual_review,visible/NIR Raman used for DUV transfer; document excitation-domain limitation,retain_after_manual_qc,verified_public_database_record
PARENT_0032,Diopside__R120003__Raman__780__0__unoriented__Raman_Data_RAW__36356,R120003,Diopside,https://rruff.info/R120003,780.0,The identification of this mineral has been confirmed only by single crystal X-ray diffraction.,Pyroxene,test,include_pending_manual_review,visible/NIR Raman used for DUV transfer; document excitation-domain limitation,retain_after_manual_qc,verified_public_database_record
PARENT_0033,Augite__X050024__Raman__785__0__unoriented__Raman_Data_Processed__6460,X050024,Augite,https://rruff.info/X050024,785.0,The identification of this mineral has been determined only by Raman spectroscopy,Pyroxene,train,include_pending_manual_review,visible/NIR Raman used for DUV transfer; document excitation-domain limitation; RRUFF processed spectrum; verify processing provenance and avoid mixing incompatible baselines,retain_after_manual_qc,verified_public_database_record
PARENT_0034,Augite__X050025__Raman__785__0__unoriented__Raman_Data_Processed__6461,X050025,Augite,https://rruff.info/X050025,785.0,The identification of this mineral has been determined only by Raman spectroscopy,Pyroxene,train,include_pending_manual_review,visible/NIR Raman used for DUV transfer; document excitation-domain limitation; RRUFF processed spectrum; verify processing provenance and avoid mixing incompatible baselines,retain_after_manual_qc,verified_public_database_record
PARENT_0035,Augite__R061086__Raman__532__0__unoriented__Raman_Data_RAW__15932,R061086,Augite,https://rruff.info/R061086,532.0,The identification of this mineral has been confirmed by X-ray diffraction and chemical analysis,Pyroxene,train,include_pending_manual_review,visible/NIR Raman used for DUV transfer; document excitation-domain limitation,retain_after_manual_qc,verified_public_database_record
PARENT_0036,Augite__R061086__Raman__785__0__unoriented__Raman_Data_RAW__15934,R061086,Augite,https://rruff.info/R061086,785.0,The identification of this mineral has been confirmed by X-ray diffraction and chemical analysis,Pyroxene,train,include_pending_manual_review,visible/NIR Raman used for DUV transfer; document excitation-domain limitation,retain_after_manual_qc,verified_public_database_record
PARENT_0037,Augite__R061108__Raman__532__0__unoriented__Raman_Data_RAW__16309,R061108,Augite,https://rruff.info/R061108,532.0,The identification of this mineral is confirmed by single-crystal X-ray diffraction and chemical analysis.,Pyroxene,train,include_pending_manual_review,visible/NIR Raman used for DUV transfer; document excitation-domain limitation,retain_after_manual_qc,verified_public_database_record
PARENT_0038,Augite__R061108__Raman__785__0__unoriented__Raman_Data_RAW__16311,R061108,Augite,https://rruff.info/R061108,785.0,The identification of this mineral is confirmed by single-crystal X-ray diffraction and chemical analysis.,Pyroxene,train,include_pending_manual_review,visible/NIR Raman used for DUV transfer; document excitation-domain limitation,retain_after_manual_qc,verified_public_database_record
PARENT_0039,Augite__R070231__Raman__532__0__unoriented__Raman_Data_RAW__20123,R070231,Augite,https://rruff.info/R070231,532.0,The identification of this mineral is confirmed by single-crystal X-ray diffraction and chemical analysis.,Pyroxene,train,include_pending_manual_review,visible/NIR Raman used for DUV transfer; document excitation-domain limitation,retain_after_manual_qc,verified_public_database_record
PARENT_0040,Augite__R070231__Raman__785__0__unoriented__Raman_Data_RAW__20125,R070231,Augite,https://rruff.info/R070231,785.0,The identification of this mineral is confirmed by single-crystal X-ray diffraction and chemical analysis.,Pyroxene,train,include_pending_manual_review,visible/NIR Raman used for DUV transfer; document excitation-domain limitation,retain_after_manual_qc,verified_public_database_record
PARENT_0041,Augite__R110063__Raman__532__0__unoriented__Raman_Data_RAW__35393,R110063,Augite,https://rruff.info/R110063,532.0,The identification of this mineral has been confirmed only by single crystal X-ray diffraction.,Pyroxene,train,include_pending_manual_review,visible/NIR Raman used for DUV transfer; document excitation-domain limitation,retain_after_manual_qc,verified_public_database_record
PARENT_0042,Augite__R110063__Raman__780__0__unoriented__Raman_Data_RAW__35395,R110063,Augite,https://rruff.info/R110063,780.0,The identification of this mineral has been confirmed only by single crystal X-ray diffraction.,Pyroxene,train,include_pending_manual_review,visible/NIR Raman used for DUV transfer; document excitation-domain limitation,retain_after_manual_qc,verified_public_database_record
PARENT_0043,Hedenbergite__R050030__Raman__514__0__unoriented__Raman_Data_RAW__9912,R050030,Hedenbergite,https://rruff.info/R050030,514.0,The identification of this mineral has been confirmed by X-ray diffraction and chemical analysis,Pyroxene,test,include_pending_manual_review,visible/NIR Raman used for DUV transfer; document excitation-domain limitation,retain_after_manual_qc,verified_public_database_record
PARENT_0044,Hedenbergite__R050030__Raman__532__0__unoriented__Raman_Data_RAW__21078,R050030,Hedenbergite,https://rruff.info/R050030,532.0,The identification of this mineral has been confirmed by X-ray diffraction and chemical analysis,Pyroxene,test,include_pending_manual_review,visible/NIR Raman used for DUV transfer; document excitation-domain limitation,retain_after_manual_qc,verified_public_database_record
PARENT_0045,Hedenbergite__R050030__Raman__785__0__unoriented__Raman_Data_RAW__21080,R050030,Hedenbergite,https://rruff.info/R050030,785.0,The identification of this mineral has been confirmed by X-ray diffraction and chemical analysis,Pyroxene,test,include_pending_manual_review,visible/NIR Raman used for DUV transfer; document excitation-domain limitation,retain_after_manual_qc,verified_public_database_record
PARENT_0046,Hedenbergite__R060040__Raman__532__0__unoriented__Raman_Data_RAW__38696,R060040,Hedenbergite,https://rruff.info/R060040,532.0,The identification of this mineral has been confirmed by X-ray diffraction and chemical analysis,Pyroxene,train,include_pending_manual_review,visible/NIR Raman used for DUV transfer; document excitation-domain limitation,retain_after_manual_qc,verified_public_database_record
PARENT_0047,Hedenbergite__R060040__Raman__780__0__unoriented__Raman_Data_RAW__38698,R060040,Hedenbergite,https://rruff.info/R060040,780.0,The identification of this mineral has been confirmed by X-ray diffraction and chemical analysis,Pyroxene,train,include_pending_manual_review,visible/NIR Raman used for DUV transfer; document excitation-domain limitation,retain_after_manual_qc,verified_public_database_record
PARENT_0048,Hedenbergite__R070136__Raman__532__0__unoriented__Raman_Data_RAW__18440,R070136,Hedenbergite,https://rruff.info/R070136,532.0,The identification of this mineral has been made only by X-ray diffraction.,Pyroxene,train,include_pending_manual_review,visible/NIR Raman used for DUV transfer; document excitation-domain limitation,retain_after_manual_qc,verified_public_database_record
PARENT_0049,Hedenbergite__R070136__Raman__785__0__unoriented__Raman_Data_RAW__18442,R070136,Hedenbergite,https://rruff.info/R070136,785.0,The identification of this mineral has been made only by X-ray diffraction.,Pyroxene,train,include_pending_manual_review,visible/NIR Raman used for DUV transfer; document excitation-domain limitation,retain_after_manual_qc,verified_public_database_record
PARENT_0050,Hedenbergite__R070236__Raman__532__0__unoriented__Raman_Data_RAW__20240,R070236,Hedenbergite,https://rruff.info/R070236,532.0,The identification of this mineral is confirmed by single-crystal X-ray diffraction and chemical analysis.,Pyroxene,val,include_pending_manual_review,visible/NIR Raman used for DUV transfer; document excitation-domain limitation,retain_after_manual_qc,verified_public_database_record
PARENT_0051,Hedenbergite__R070236__Raman__785__0__unoriented__Raman_Data_RAW__20242,R070236,Hedenbergite,https://rruff.info/R070236,785.0,The identification of this mineral is confirmed by single-crystal X-ray diffraction and chemical analysis.,Pyroxene,val,include_pending_manual_review,visible/NIR Raman used for DUV transfer; document excitation-domain limitation,retain_after_manual_qc,verified_public_database_record
PARENT_0052,Pigeonite__R200002__Raman__532__0__unoriented__Raman_Data_RAW__40480,R200002,Pigeonite,https://rruff.info/R200002,532.0,The identification of this mineral has been confirmed by single-crystal X-ray diffraction.,Pyroxene,train,include_pending_manual_review,visible/NIR Raman used for DUV transfer; document excitation-domain limitation,retain_after_manual_qc,verified_public_database_record
PARENT_0053,Pigeonite__R200002__Raman__780__0__unoriented__Raman_Data_RAW__40482,R200002,Pigeonite,https://rruff.info/R200002,780.0,The identification of this mineral has been confirmed by single-crystal X-ray diffraction.,Pyroxene,train,include_pending_manual_review,visible/NIR Raman used for DUV transfer; document excitation-domain limitation,retain_after_manual_qc,verified_public_database_record
PARENT_0054,Enstatite__R040093__Raman__532__0__unoriented__Raman_Data_RAW__15697,R040093,Enstatite,https://rruff.info/R040093,532.0,The identification of this mineral has been confirmed by X-ray diffraction and chemical analysis,Pyroxene,train,include_pending_manual_review,visible/NIR Raman used for DUV transfer; document excitation-domain limitation,retain_after_manual_qc,verified_public_database_record
PARENT_0055,Enstatite__R040093__Raman__785__0__unoriented__Raman_Data_RAW__15699,R040093,Enstatite,https://rruff.info/R040093,785.0,The identification of this mineral has been confirmed by X-ray diffraction and chemical analysis,Pyroxene,train,include_pending_manual_review,visible/NIR Raman used for DUV transfer; document excitation-domain limitation,retain_after_manual_qc,verified_public_database_record
PARENT_0056,Enstatite__R040094__Raman__532__0__unoriented__Raman_Data_RAW__15703,R040094,Enstatite,https://rruff.info/R040094,532.0,The identification of this mineral has been confirmed by X-ray diffraction and chemical analysis,Pyroxene,train,include_pending_manual_review,visible/NIR Raman used for DUV transfer; document excitation-domain limitation,retain_after_manual_qc,verified_public_database_record
PARENT_0057,Enstatite__R040094__Raman__785__0__unoriented__Raman_Data_RAW__15701,R040094,Enstatite,https://rruff.info/R040094,785.0,The identification of this mineral has been confirmed by X-ray diffraction and chemical analysis,Pyroxene,train,include_pending_manual_review,visible/NIR Raman used for DUV transfer; document excitation-domain limitation,retain_after_manual_qc,verified_public_database_record
PARENT_0058,Enstatite__X050192__Raman__785__0__unoriented__Raman_Data_Processed__6493,X050192,Enstatite,https://rruff.info/X050192,785.0,The identification of this mineral has been determined only by Raman spectroscopy,Pyroxene,val,include_pending_manual_review,visible/NIR Raman used for DUV transfer; document excitation-domain limitation; RRUFF processed spectrum; verify processing provenance and avoid mixing incompatible baselines,retain_after_manual_qc,verified_public_database_record
PARENT_0059,Enstatite__X050068.3__Raman__785__0__unoriented__Raman_Data_Processed__6531,X050068,Enstatite,https://rruff.info/X050068,785.0,The identification of this mineral has been determined only by Raman spectroscopy,Pyroxene,train,include_pending_manual_review,visible/NIR Raman used for DUV transfer; document excitation-domain limitation; RRUFF processed spectrum; verify processing provenance and avoid mixing incompatible baselines,retain_after_manual_qc,verified_public_database_record
PARENT_0060,Enstatite__X050068.4__Raman__785__0__unoriented__Raman_Data_Processed__6532,X050068,Enstatite,https://rruff.info/X050068,785.0,The identification of this mineral has been determined only by Raman spectroscopy,Pyroxene,test,include_pending_manual_review,visible/NIR Raman used for DUV transfer; document excitation-domain limitation; RRUFF processed spectrum; verify processing provenance and avoid mixing incompatible baselines,retain_after_manual_qc,verified_public_database_record
PARENT_0061,Enstatite__X050068.5__Raman__785__0__unoriented__Raman_Data_Processed__6533,X050068,Enstatite,https://rruff.info/X050068,785.0,The identification of this mineral has been determined only by Raman spectroscopy,Pyroxene,val,include_pending_manual_review,visible/NIR Raman used for DUV transfer; document excitation-domain limitation; RRUFF processed spectrum; verify processing provenance and avoid mixing incompatible baselines,retain_after_manual_qc,verified_public_database_record
PARENT_0062,Enstatite__X050069__Raman__785__0__unoriented__Raman_Data_Processed__6534,X050069,Enstatite,https://rruff.info/X050069,785.0,The identification of this mineral has been determined only by Raman spectroscopy,Pyroxene,train,include_pending_manual_review,visible/NIR Raman used for DUV transfer; document excitation-domain limitation; RRUFF processed spectrum; verify processing provenance and avoid mixing incompatible baselines,retain_after_manual_qc,verified_public_database_record
PARENT_0063,Enstatite__X050193__Raman__785__0__unoriented__Raman_Data_Processed__6535,X050193,Enstatite,https://rruff.info/X050193,785.0,The identification of this mineral has been determined only by Raman spectroscopy,Pyroxene,train,include_pending_manual_review,visible/NIR Raman used for DUV transfer; document excitation-domain limitation; RRUFF processed spectrum; verify processing provenance and avoid mixing incompatible baselines,retain_after_manual_qc,verified_public_database_record
PARENT_0064,Enstatite__X050070__Raman__785__0__unoriented__Raman_Data_Processed__6537,X050070,Enstatite,https://rruff.info/X050070,785.0,The identification of this mineral has been determined only by Raman spectroscopy,Pyroxene,test,include_pending_manual_review,visible/NIR Raman used for DUV transfer; document excitation-domain limitation; RRUFF processed spectrum; verify processing provenance and avoid mixing incompatible baselines,retain_after_manual_qc,verified_public_database_record
PARENT_0065,Enstatite__R050644__Raman__532__0__unoriented__Raman_Data_RAW__32740,R050644,Enstatite,https://rruff.info/R050644,532.0,The identification of this mineral has been confirmed by X-ray diffraction and chemical analysis,Pyroxene,train,include_pending_manual_review,visible/NIR Raman used for DUV transfer; document excitation-domain limitation,retain_after_manual_qc,verified_public_database_record
PARENT_0066,Enstatite__R050644__Raman__780__0__unoriented__Raman_Data_RAW__32742,R050644,Enstatite,https://rruff.info/R050644,780.0,The identification of this mineral has been confirmed by X-ray diffraction and chemical analysis,Pyroxene,train,include_pending_manual_review,visible/NIR Raman used for DUV transfer; document excitation-domain limitation,retain_after_manual_qc,verified_public_database_record
PARENT_0067,Enstatite__R060630__Raman__532__0__unoriented__Raman_Data_RAW__39461,R060630,Enstatite,https://rruff.info/R060630,532.0,The identification of this mineral has been confirmed by X-ray diffraction and chemical analysis,Pyroxene,test,include_pending_manual_review,visible/NIR Raman used for DUV transfer; document excitation-domain limitation,retain_after_manual_qc,verified_public_database_record
PARENT_0068,Enstatite__R060630__Raman__780__0__unoriented__Raman_Data_RAW__39463,R060630,Enstatite,https://rruff.info/R060630,780.0,The identification of this mineral has been confirmed by X-ray diffraction and chemical analysis,Pyroxene,test,include_pending_manual_review,visible/NIR Raman used for DUV transfer; document excitation-domain limitation,retain_after_manual_qc,verified_public_database_record
PARENT_0069,Enstatite__R060744__Raman__532__0__unoriented__Raman_Data_RAW__12668,R060744,Enstatite,https://rruff.info/R060744,532.0,The identification of this mineral has been confirmed by X-ray diffraction and chemical analysis,Pyroxene,train,include_pending_manual_review,visible/NIR Raman used for DUV transfer; document excitation-domain limitation,retain_after_manual_qc,verified_public_database_record
PARENT_0070,Enstatite__R060744__Raman__785__0__unoriented__Raman_Data_RAW__14574,R060744,Enstatite,https://rruff.info/R060744,785.0,The identification of this mineral has been confirmed by X-ray diffraction and chemical analysis,Pyroxene,train,include_pending_manual_review,visible/NIR Raman used for DUV transfer; document excitation-domain limitation,retain_after_manual_qc,verified_public_database_record
PARENT_0071,Enstatite__R070097__Raman__785__0__unoriented__Raman_Data_RAW__17011,R070097,Enstatite,https://rruff.info/R070097,785.0,The identification of this mineral has been confirmed by X-ray diffraction and chemical analysis,Pyroxene,train,include_pending_manual_review,visible/NIR Raman used for DUV transfer; document excitation-domain limitation,retain_after_manual_qc,verified_public_database_record
PARENT_0072,Enstatite__R070097__Raman__532__0__unoriented__Raman_Data_RAW__17013,R070097,Enstatite,https://rruff.info/R070097,532.0,The identification of this mineral has been confirmed by X-ray diffraction and chemical analysis,Pyroxene,train,include_pending_manual_review,visible/NIR Raman used for DUV transfer; document excitation-domain limitation,retain_after_manual_qc,verified_public_database_record
PARENT_0073,Enstatite__R070418__Raman__785__0__unoriented__Raman_Data_RAW__21598,R070418,Enstatite,https://rruff.info/R070418,785.0,The identification of this mineral has been confirmed by X-ray diffraction and chemical analysis,Pyroxene,val,include_pending_manual_review,visible/NIR Raman used for DUV transfer; document excitation-domain limitation,retain_after_manual_qc,verified_public_database_record
PARENT_0074,Enstatite__R070418__Raman__532__0__unoriented__Raman_Data_RAW__21600,R070418,Enstatite,https://rruff.info/R070418,532.0,The identification of this mineral has been confirmed by X-ray diffraction and chemical analysis,Pyroxene,val,include_pending_manual_review,visible/NIR Raman used for DUV transfer; document excitation-domain limitation,retain_after_manual_qc,verified_public_database_record
PARENT_0075,Enstatite__R070550__Raman__532__0__unoriented__Raman_Data_RAW__22712,R070550,Enstatite,https://rruff.info/R070550,532.0,The identification of this mineral has been confirmed by X-ray diffraction and chemical analysis,Pyroxene,train,include_pending_manual_review,visible/NIR Raman used for DUV transfer; document excitation-domain limitation,retain_after_manual_qc,verified_public_database_record
PARENT_0076,Enstatite__R070550__Raman__785__0__unoriented__Raman_Data_RAW__22714,R070550,Enstatite,https://rruff.info/R070550,785.0,The identification of this mineral has been confirmed by X-ray diffraction and chemical analysis,Pyroxene,train,include_pending_manual_review,visible/NIR Raman used for DUV transfer; document excitation-domain limitation,retain_after_manual_qc,verified_public_database_record
PARENT_0077,Enstatite__R070641__Raman__532__0__unoriented__Raman_Data_RAW__24255,R070641,Enstatite,https://rruff.info/R070641,532.0,The identification of this mineral has been confirmed by X-ray diffraction.,Pyroxene,train,include_pending_manual_review,visible/NIR Raman used for DUV transfer; document excitation-domain limitation,retain_after_manual_qc,verified_public_database_record
PARENT_0078,Enstatite__R070641__Raman__532__0__unoriented__Raman_Data_RAW__24255,R070641,Enstatite,https://rruff.info/R070641,532.0,The identification of this mineral has been confirmed by X-ray diffraction.,Pyroxene,train,include_pending_manual_review,visible/NIR Raman used for DUV transfer; document excitation-domain limitation,retain_after_manual_qc,verified_public_database_record
PARENT_0079,Enstatite__R100093__Raman__532__0__unoriented__Raman_Data_RAW__34337,R100093,Enstatite,https://rruff.info/R100093,532.0,The identification of this mineral has been confirmed by single-crystal X-ray diffraction.,Pyroxene,train,include_pending_manual_review,visible/NIR Raman used for DUV transfer; document excitation-domain limitation,retain_after_manual_qc,verified_public_database_record
PARENT_0080,Enstatite__R100093__Raman__780__0__unoriented__Raman_Data_RAW__34339,R100093,Enstatite,https://rruff.info/R100093,780.0,The identification of this mineral has been confirmed by single-crystal X-ray diffraction.,Pyroxene,train,include_pending_manual_review,visible/NIR Raman used for DUV transfer; document excitation-domain limitation,retain_after_manual_qc,verified_public_database_record
PARENT_0081,Enstatite__R120168__Raman__532__0__unoriented__Raman_Data_RAW__37242,R120168,Enstatite,https://rruff.info/R120168,532.0,The identification of this mineral has been confirmed only by single crystal X-ray diffraction.,Pyroxene,train,include_pending_manual_review,visible/NIR Raman used for DUV transfer; document excitation-domain limitation,retain_after_manual_qc,verified_public_database_record
PARENT_0082,Enstatite__R120168__Raman__532__0__unoriented__Raman_Data_RAW__37242,R120168,Enstatite,https://rruff.info/R120168,532.0,The identification of this mineral has been confirmed only by single crystal X-ray diffraction.,Pyroxene,train,include_pending_manual_review,visible/NIR Raman used for DUV transfer; document excitation-domain limitation,retain_after_manual_qc,verified_public_database_record
PARENT_0083,Enstatite__R120174__Raman__532__0__unoriented__Raman_Data_RAW__37875,R120174,Enstatite,https://rruff.info/R120174,532.0,The identification of this mineral has been confirmed by single-crystal X-ray diffraction.,Pyroxene,train,include_pending_manual_review,visible/NIR Raman used for DUV transfer; document excitation-domain limitation,retain_after_manual_qc,verified_public_database_record
PARENT_0084,Enstatite__R120174__Raman__780__0__unoriented__Raman_Data_RAW__37877,R120174,Enstatite,https://rruff.info/R120174,780.0,The identification of this mineral has been confirmed by single-crystal X-ray diffraction.,Pyroxene,train,include_pending_manual_review,visible/NIR Raman used for DUV transfer; document excitation-domain limitation,retain_after_manual_qc,verified_public_database_record
PARENT_0085,Aegirine__R040054__Raman__514__0__unoriented__Raman_Data_RAW__9389,R040054,Aegirine,https://rruff.info/R040054,514.0,The identification of this mineral has been confirmed by X-ray diffraction and chemical analysis,Pyroxene,train,include_pending_manual_review,visible/NIR Raman used for DUV transfer; document excitation-domain limitation,retain_after_manual_qc,verified_public_database_record
PARENT_0086,Aegirine__R040054__Raman__532__0__unoriented__Raman_Data_RAW__15126,R040054,Aegirine,https://rruff.info/R040054,532.0,The identification of this mineral has been confirmed by X-ray diffraction and chemical analysis,Pyroxene,train,include_pending_manual_review,visible/NIR Raman used for DUV transfer; document excitation-domain limitation,retain_after_manual_qc,verified_public_database_record
PARENT_0087,Aegirine__R040054__Raman__785__0__unoriented__Raman_Data_RAW__15128,R040054,Aegirine,https://rruff.info/R040054,785.0,The identification of this mineral has been confirmed by X-ray diffraction and chemical analysis,Pyroxene,train,include_pending_manual_review,visible/NIR Raman used for DUV transfer; document excitation-domain limitation,retain_after_manual_qc,verified_public_database_record
PARENT_0088,Aegirine__R050074__Raman__514__0__unoriented__Raman_Data_RAW__9980,R050074,Aegirine,https://rruff.info/R050074,514.0,The identification of this mineral has been confirmed by X-ray diffraction and chemical analysis,Pyroxene,train,include_pending_manual_review,visible/NIR Raman used for DUV transfer; document excitation-domain limitation,retain_after_manual_qc,verified_public_database_record
PARENT_0089,Aegirine__R050074__Raman__532__0__unoriented__Raman_Data_RAW__21278,R050074,Aegirine,https://rruff.info/R050074,532.0,The identification of this mineral has been confirmed by X-ray diffraction and chemical analysis,Pyroxene,train,include_pending_manual_review,visible/NIR Raman used for DUV transfer; document excitation-domain limitation,retain_after_manual_qc,verified_public_database_record
PARENT_0090,Aegirine__R050074__Raman__785__0__unoriented__Raman_Data_RAW__21280,R050074,Aegirine,https://rruff.info/R050074,785.0,The identification of this mineral has been confirmed by X-ray diffraction and chemical analysis,Pyroxene,train,include_pending_manual_review,visible/NIR Raman used for DUV transfer; document excitation-domain limitation,retain_after_manual_qc,verified_public_database_record
PARENT_0091,Aegirine__R061093__Raman__532__0__unoriented__Raman_Data_RAW__15970,R061093,Aegirine,https://rruff.info/R061093,532.0,The identification of this mineral is confirmed by single-crystal X-ray diffraction and chemical analysis.,Pyroxene,train,include_pending_manual_review,visible/NIR Raman used for DUV transfer; document excitation-domain limitation,retain_after_manual_qc,verified_public_database_record
PARENT_0092,Aegirine__R061093__Raman__785__0__unoriented__Raman_Data_RAW__15972,R061093,Aegirine,https://rruff.info/R061093,785.0,The identification of this mineral is confirmed by single-crystal X-ray diffraction and chemical analysis.,Pyroxene,train,include_pending_manual_review,visible/NIR Raman used for DUV transfer; document excitation-domain limitation,retain_after_manual_qc,verified_public_database_record
PARENT_0093,Aegirine__R070125__Raman__532__0__unoriented__Raman_Data_RAW__18518,R070125,Aegirine,https://rruff.info/R070125,532.0,The identification of this mineral is confirmed by single-crystal X-ray diffraction and chemical analysis.,Pyroxene,train,include_pending_manual_review,visible/NIR Raman used for DUV transfer; document excitation-domain limitation,retain_after_manual_qc,verified_public_database_record
PARENT_0094,Aegirine__R070125__Raman__785__0__unoriented__Raman_Data_RAW__18540,R070125,Aegirine,https://rruff.info/R070125,785.0,The identification of this mineral is confirmed by single-crystal X-ray diffraction and chemical analysis.,Pyroxene,train,include_pending_manual_review,visible/NIR Raman used for DUV transfer; document excitation-domain limitation,retain_after_manual_qc,verified_public_database_record
PARENT_0095,Aegirine__R070253__Raman__532__0__unoriented__Raman_Data_RAW__33955,R070253,Aegirine,https://rruff.info/R070253,532.0,The identification of this mineral has been confirmed by single-crystal X-ray diffraction.,Pyroxene,train,include_pending_manual_review,visible/NIR Raman used for DUV transfer; document excitation-domain limitation,retain_after_manual_qc,verified_public_database_record
PARENT_0096,Aegirine__R070253__Raman__780__0__unoriented__Raman_Data_RAW__33957,R070253,Aegirine,https://rruff.info/R070253,780.0,The identification of this mineral has been confirmed by single-crystal X-ray diffraction.,Pyroxene,train,include_pending_manual_review,visible/NIR Raman used for DUV transfer; document excitation-domain limitation,retain_after_manual_qc,verified_public_database_record
PARENT_0097,Aegirine__R120144__Raman__532__0__unoriented__Raman_Data_RAW__37198,R120144,Aegirine,https://rruff.info/R120144,532.0,The identification of this mineral has been confirmed by single-crystal X-ray diffraction.,Pyroxene,val,include_pending_manual_review,visible/NIR Raman used for DUV transfer; document excitation-domain limitation,retain_after_manual_qc,verified_public_database_record
PARENT_0098,Aegirine__R120144__Raman__780__0__unoriented__Raman_Data_RAW__37200,R120144,Aegirine,https://rruff.info/R120144,780.0,The identification of this mineral has been confirmed by single-crystal X-ray diffraction.,Pyroxene,val,include_pending_manual_review,visible/NIR Raman used for DUV transfer; document excitation-domain limitation,retain_after_manual_qc,verified_public_database_record
PARENT_0099,Aegirine__R120167__Raman__532__0__unoriented__Raman_Data_RAW__37238,R120167,Aegirine,https://rruff.info/R120167,532.0,The identification of this mineral has been confirmed only by single crystal X-ray diffraction.,Pyroxene,train,include_pending_manual_review,visible/NIR Raman used for DUV transfer; document excitation-domain limitation,retain_after_manual_qc,verified_public_database_record
PARENT_0100,Aegirine__R120167__Raman__780__0__unoriented__Raman_Data_RAW__37240,R120167,Aegirine,https://rruff.info/R120167,780.0,The identification of this mineral has been confirmed only by single crystal X-ray diffraction.,Pyroxene,train,include_pending_manual_review,visible/NIR Raman used for DUV transfer; document excitation-domain limitation,retain_after_manual_qc,verified_public_database_record
PARENT_0101,Clinoenstatite__X050038__Raman__785__0__unoriented__Raman_Data_Processed__6466,X050038,Clinoenstatite,https://rruff.info/X050038,785.0,The identification of this mineral has been determined only by Raman spectroscopy,Pyroxene,train,include_pending_manual_review,visible/NIR Raman used for DUV transfer; document excitation-domain limitation; RRUFF processed spectrum; verify processing provenance and avoid mixing incompatible baselines,retain_after_manual_qc,verified_public_database_record
PARENT_0102,Clinoenstatite__R070276__Raman__532__0__unoriented__Raman_Data_RAW__20377,R070276,Clinoenstatite,https://rruff.info/R070276,532.0,The identification of this mineral is confirmed by single-crystal X-ray diffraction and chemical analysis.,Pyroxene,train,include_pending_manual_review,visible/NIR Raman used for DUV transfer; document excitation-domain limitation,retain_after_manual_qc,verified_public_database_record
PARENT_0103,Clinoenstatite__R070276__Raman__785__0__unoriented__Raman_Data_RAW__20380,R070276,Clinoenstatite,https://rruff.info/R070276,785.0,The identification of this mineral is confirmed by single-crystal X-ray diffraction and chemical analysis.,Pyroxene,train,include_pending_manual_review,visible/NIR Raman used for DUV transfer; document excitation-domain limitation,retain_after_manual_qc,verified_public_database_record
PARENT_0104,Clinoferrosilite__R141085__Raman__532__0__unoriented__Raman_Data_RAW__40006,R141085,Clinoferrosilite,https://rruff.info/R141085,532.0,The identification of this mineral has been confirmed by single-crystal X-ray diffraction.,Pyroxene,train,include_pending_manual_review,visible/NIR Raman used for DUV transfer; document excitation-domain limitation,retain_after_manual_qc,verified_public_database_record
PARENT_0105,Clinoferrosilite__R141085__Raman__780__0__unoriented__Raman_Data_RAW__40004,R141085,Clinoferrosilite,https://rruff.info/R141085,780.0,The identification of this mineral has been confirmed by single-crystal X-ray diffraction.,Pyroxene,train,include_pending_manual_review,visible/NIR Raman used for DUV transfer; document excitation-domain limitation,retain_after_manual_qc,verified_public_database_record
PARENT_0106,Donpeacorite__R060646__Raman__532__0__unoriented__Raman_Data_RAW__21790,R060646,Donpeacorite,https://rruff.info/R060646,532.0,The identification of this mineral is confirmed by single-crystal X-ray diffraction and chemical analysis.,Pyroxene,train,include_pending_manual_review,visible/NIR Raman used for DUV transfer; document excitation-domain limitation,retain_after_manual_qc,verified_public_database_record
PARENT_0107,Donpeacorite__R060646__Raman__785__0__unoriented__Raman_Data_RAW__21788,R060646,Donpeacorite,https://rruff.info/R060646,785.0,The identification of this mineral is confirmed by single-crystal X-ray diffraction and chemical analysis.,Pyroxene,train,include_pending_manual_review,visible/NIR Raman used for DUV transfer; document excitation-domain limitation,retain_after_manual_qc,verified_public_database_record
PARENT_0108,Esseneite__R061123__Raman__785__0__unoriented__Raman_Data_RAW__22259,R061123,Esseneite,https://rruff.info/R061123,785.0,The identification of this mineral has been confirmed only by single crystal X-ray diffraction.,Pyroxene,train,include_pending_manual_review,visible/NIR Raman used for DUV transfer; document excitation-domain limitation,retain_after_manual_qc,verified_public_database_record
PARENT_0109,Esseneite__R061123__Raman__532__0__unoriented__Raman_Data_RAW__22257,R061123,Esseneite,https://rruff.info/R061123,532.0,The identification of this mineral has been confirmed only by single crystal X-ray diffraction.,Pyroxene,train,include_pending_manual_review,visible/NIR Raman used for DUV transfer; document excitation-domain limitation,retain_after_manual_qc,verified_public_database_record
PARENT_0110,Ferrosilite__X050187__Raman__514__0__unoriented__Raman_Data_RAW__6544,X050187,Ferrosilite,https://rruff.info/X050187,514.0,The identification of this mineral is not yet confirmed.,Pyroxene,train,include_pending_manual_review,visible/NIR Raman used for DUV transfer; document excitation-domain limitation,retain_after_manual_qc,verified_public_database_record
PARENT_0111,Ferrosilite__R070386__Raman__532__0__unoriented__Raman_Data_RAW__22224,R070386,Ferrosilite,https://rruff.info/R070386,532.0,The identification of this mineral is confirmed by single-crystal X-ray diffraction and chemical analysis.,Pyroxene,val,include_pending_manual_review,visible/NIR Raman used for DUV transfer; document excitation-domain limitation,retain_after_manual_qc,verified_public_database_record
PARENT_0112,Ferrosilite__R070386__Raman__785__0__unoriented__Raman_Data_RAW__22226,R070386,Ferrosilite,https://rruff.info/R070386,785.0,The identification of this mineral is confirmed by single-crystal X-ray diffraction and chemical analysis.,Pyroxene,val,include_pending_manual_review,visible/NIR Raman used for DUV transfer; document excitation-domain limitation,retain_after_manual_qc,verified_public_database_record
PARENT_0113,Ferrosilite__R070387__Raman__532__0__unoriented__Raman_Data_RAW__22236,R070387,Ferrosilite,https://rruff.info/R070387,532.0,The identification of this mineral is confirmed by single-crystal X-ray diffraction and chemical analysis.,Pyroxene,train,include_pending_manual_review,visible/NIR Raman used for DUV transfer; document excitation-domain limitation,retain_after_manual_qc,verified_public_database_record
PARENT_0114,Ferrosilite__R070387__Raman__785__0__unoriented__Raman_Data_RAW__22238,R070387,Ferrosilite,https://rruff.info/R070387,785.0,The identification of this mineral is confirmed by single-crystal X-ray diffraction and chemical analysis.,Pyroxene,train,include_pending_manual_review,visible/NIR Raman used for DUV transfer; document excitation-domain limitation,retain_after_manual_qc,verified_public_database_record
PARENT_0115,Jadeite__R050220__Raman__514__0__unoriented__Raman_Data_RAW__10617,R050220,Jadeite,https://rruff.info/R050220,514.0,The identification of this mineral has been confirmed by X-ray diffraction and chemical analysis,Pyroxene,train,include_pending_manual_review,visible/NIR Raman used for DUV transfer; document excitation-domain limitation,retain_after_manual_qc,verified_public_database_record
PARENT_0116,Jadeite__R050220__Raman__780__0__unoriented__Raman_Data_RAW__28011,R050220,Jadeite,https://rruff.info/R050220,780.0,The identification of this mineral has been confirmed by X-ray diffraction and chemical analysis,Pyroxene,train,include_pending_manual_review,visible/NIR Raman used for DUV transfer; document excitation-domain limitation,retain_after_manual_qc,verified_public_database_record
PARENT_0117,Jadeite__R050220__Raman__532__0__unoriented__Raman_Data_RAW__28013,R050220,Jadeite,https://rruff.info/R050220,532.0,The identification of this mineral has been confirmed by X-ray diffraction and chemical analysis,Pyroxene,train,include_pending_manual_review,visible/NIR Raman used for DUV transfer; document excitation-domain limitation,retain_after_manual_qc,verified_public_database_record
PARENT_0118,Johannsenite__R140753__Raman__780__0__unoriented__Raman_Data_RAW__39149,R140753,Johannsenite,https://rruff.info/R140753,780.0,The identification of this mineral is confirmed by single-crystal X-ray diffraction and chemical analysis.,Pyroxene,test,include_pending_manual_review,visible/NIR Raman used for DUV transfer; document excitation-domain limitation,retain_after_manual_qc,verified_public_database_record
PARENT_0119,Johannsenite__R140753__Raman__532__0__unoriented__Raman_Data_RAW__39147,R140753,Johannsenite,https://rruff.info/R140753,532.0,The identification of this mineral is confirmed by single-crystal X-ray diffraction and chemical analysis.,Pyroxene,test,include_pending_manual_review,visible/NIR Raman used for DUV transfer; document excitation-domain limitation,retain_after_manual_qc,verified_public_database_record
PARENT_0120,Kanoite__R061134__Raman__532__0__unoriented__Raman_Data_RAW__16733,R061134,Kanoite,https://rruff.info/R061134,532.0,The identification of this mineral has been confirmed by X-ray diffraction and chemical analysis,Pyroxene,val,include_pending_manual_review,visible/NIR Raman used for DUV transfer; document excitation-domain limitation,retain_after_manual_qc,verified_public_database_record
PARENT_0121,Kanoite__R061134__Raman__785__0__unoriented__Raman_Data_RAW__16735,R061134,Kanoite,https://rruff.info/R061134,785.0,The identification of this mineral has been confirmed by X-ray diffraction and chemical analysis,Pyroxene,val,include_pending_manual_review,visible/NIR Raman used for DUV transfer; document excitation-domain limitation,retain_after_manual_qc,verified_public_database_record
PARENT_0122,Kosmochlor__R120015__Raman__532__0__unoriented__Raman_Data_RAW__36221,R120015,Kosmochlor,https://rruff.info/R120015,532.0,The identification of this mineral is confirmed by single-crystal X-ray diffraction and chemical analysis.,Pyroxene,train,include_pending_manual_review,visible/NIR Raman used for DUV transfer; document excitation-domain limitation,retain_after_manual_qc,verified_public_database_record
PARENT_0123,Kushiroite__R110134__Raman__532__0__unoriented__Raman_Data_RAW__35667,R110134,Kushiroite,https://rruff.info/R110134,532.0,The identification of this mineral is not yet confirmed.,Pyroxene,test,include_pending_manual_review,visible/NIR Raman used for DUV transfer; document excitation-domain limitation,retain_after_manual_qc,verified_public_database_record
PARENT_0124,Kushiroite__R110134__Raman__780__0__unoriented__Raman_Data_RAW__35669,R110134,Kushiroite,https://rruff.info/R110134,780.0,The identification of this mineral is not yet confirmed.,Pyroxene,test,include_pending_manual_review,visible/NIR Raman used for DUV transfer; document excitation-domain limitation,retain_after_manual_qc,verified_public_database_record
PARENT_0125,Omphacite__R061129__Raman__532__0__unoriented__Raman_Data_RAW__16699,R061129,Omphacite,https://rruff.info/R061129,532.0,The identification of this mineral is confirmed by single-crystal X-ray diffraction and chemical analysis.,Pyroxene,train,include_pending_manual_review,visible/NIR Raman used for DUV transfer; document excitation-domain limitation,retain_after_manual_qc,verified_public_database_record
PARENT_0126,Omphacite__R061129__Raman__785__0__unoriented__Raman_Data_RAW__16701,R061129,Omphacite,https://rruff.info/R061129,785.0,The identification of this mineral is confirmed by single-crystal X-ray diffraction and chemical analysis.,Pyroxene,train,include_pending_manual_review,visible/NIR Raman used for DUV transfer; document excitation-domain limitation,retain_after_manual_qc,verified_public_database_record
PARENT_0127,Omphacite__R110038__Raman__532__0__unoriented__Raman_Data_RAW__35350,R110038,Omphacite,https://rruff.info/R110038,532.0,The identification of this mineral has been confirmed only by single crystal X-ray diffraction.,Pyroxene,test,include_pending_manual_review,visible/NIR Raman used for DUV transfer; document excitation-domain limitation,retain_after_manual_qc,verified_public_database_record
PARENT_0128,Omphacite__R110038__Raman__780__0__unoriented__Raman_Data_RAW__35352,R110038,Omphacite,https://rruff.info/R110038,780.0,The identification of this mineral has been confirmed only by single crystal X-ray diffraction.,Pyroxene,test,include_pending_manual_review,visible/NIR Raman used for DUV transfer; document excitation-domain limitation,retain_after_manual_qc,verified_public_database_record
PARENT_0129,Petedunnite__R070207__Raman__532__0__unoriented__Raman_Data_RAW__19336,R070207,Petedunnite,https://rruff.info/R070207,532.0,The identification of this mineral is confirmed by single-crystal X-ray diffraction and chemical analysis.,Pyroxene,val,include_pending_manual_review,visible/NIR Raman used for DUV transfer; document excitation-domain limitation,retain_after_manual_qc,verified_public_database_record
PARENT_0130,Petedunnite__R070207__Raman__785__0__unoriented__Raman_Data_RAW__19338,R070207,Petedunnite,https://rruff.info/R070207,785.0,The identification of this mineral is confirmed by single-crystal X-ray diffraction and chemical analysis.,Pyroxene,val,include_pending_manual_review,visible/NIR Raman used for DUV transfer; document excitation-domain limitation,retain_after_manual_qc,verified_public_database_record
PARENT_0131,Spodumene__R040050__Raman__514__0__unoriented__Raman_Data_RAW__9345,R040050,Spodumene,https://rruff.info/R040050,514.0,The identification of this mineral has been confirmed by X-ray diffraction and chemical analysis,Pyroxene,test,include_pending_manual_review,visible/NIR Raman used for DUV transfer; document excitation-domain limitation,retain_after_manual_qc,verified_public_database_record
PARENT_0132,Spodumene__R040050__Raman__780__0__unoriented__Raman_Data_RAW__26644,R040050,Spodumene,https://rruff.info/R040050,780.0,The identification of this mineral has been confirmed by X-ray diffraction and chemical analysis,Pyroxene,test,include_pending_manual_review,visible/NIR Raman used for DUV transfer; document excitation-domain limitation,retain_after_manual_qc,verified_public_database_record
PARENT_0133,Spodumene__R040050__Raman__532__0__unoriented__Raman_Data_RAW__26646,R040050,Spodumene,https://rruff.info/R040050,532.0,The identification of this mineral has been confirmed by X-ray diffraction and chemical analysis,Pyroxene,test,include_pending_manual_review,visible/NIR Raman used for DUV transfer; document excitation-domain limitation,retain_after_manual_qc,verified_public_database_record
PARENT_0134,Spodumene__X050152__Raman__785__0__unoriented__Raman_Data_Processed__6601,X050152,Spodumene,https://rruff.info/X050152,785.0,The identification of this mineral has been determined only by Raman spectroscopy,Pyroxene,train,include_pending_manual_review,visible/NIR Raman used for DUV transfer; document excitation-domain limitation; RRUFF processed spectrum; verify processing provenance and avoid mixing incompatible baselines,retain_after_manual_qc,verified_public_database_record
PARENT_0135,Spodumene__X050153.4__Raman__785__0__unoriented__Raman_Data_Processed__6669,X050153,Spodumene,https://rruff.info/X050153,785.0,The identification of this mineral has been determined only by Raman spectroscopy,Pyroxene,train,include_pending_manual_review,visible/NIR Raman used for DUV transfer; document excitation-domain limitation; RRUFF processed spectrum; verify processing provenance and avoid mixing incompatible baselines,retain_after_manual_qc,verified_public_database_record
PARENT_0136,Spodumene__X050154__Raman__785__0__unoriented__Raman_Data_Processed__6670,X050154,Spodumene,https://rruff.info/X050154,785.0,The identification of this mineral has been determined only by Raman spectroscopy,Pyroxene,test,include_pending_manual_review,visible/NIR Raman used for DUV transfer; document excitation-domain limitation; RRUFF processed spectrum; verify processing provenance and avoid mixing incompatible baselines,retain_after_manual_qc,verified_public_database_record
PARENT_0137,Spodumene__X050155.4__Raman__785__0__unoriented__Raman_Data_Processed__6672,X050155,Spodumene,https://rruff.info/X050155,785.0,The identification of this mineral has been confirmed by X-ray diffraction and chemical analysis,Pyroxene,val,include_pending_manual_review,visible/NIR Raman used for DUV transfer; document excitation-domain limitation; RRUFF processed spectrum; verify processing provenance and avoid mixing incompatible baselines,retain_after_manual_qc,verified_public_database_record
PARENT_0138,Spodumene__X050155.3__Raman__785__0__unoriented__Raman_Data_Processed__6671,X050155,Spodumene,https://rruff.info/X050155,785.0,The identification of this mineral has been confirmed by X-ray diffraction and chemical analysis,Pyroxene,train,include_pending_manual_review,visible/NIR Raman used for DUV transfer; document excitation-domain limitation; RRUFF processed spectrum; verify processing provenance and avoid mixing incompatible baselines,retain_after_manual_qc,verified_public_database_record
PARENT_0139,Spodumene__R050252__Raman__514__0__unoriented__Raman_Data_RAW__10661,R050252,Spodumene,https://rruff.info/R050252,514.0,The identification of this mineral has been confirmed by X-ray diffraction and chemical analysis,Pyroxene,train,include_pending_manual_review,visible/NIR Raman used for DUV transfer; document excitation-domain limitation,retain_after_manual_qc,verified_public_database_record
PARENT_0140,Spodumene__R050252__Raman__780__0__unoriented__Raman_Data_RAW__28167,R050252,Spodumene,https://rruff.info/R050252,780.0,The identification of this mineral has been confirmed by X-ray diffraction and chemical analysis,Pyroxene,train,include_pending_manual_review,visible/NIR Raman used for DUV transfer; document excitation-domain limitation,retain_after_manual_qc,verified_public_database_record
PARENT_0141,Spodumene__R050252__Raman__532__0__unoriented__Raman_Data_RAW__28169,R050252,Spodumene,https://rruff.info/R050252,532.0,The identification of this mineral has been confirmed by X-ray diffraction and chemical analysis,Pyroxene,train,include_pending_manual_review,visible/NIR Raman used for DUV transfer; document excitation-domain limitation,retain_after_manual_qc,verified_public_database_record
PARENT_0142,Spodumene__R060039__Raman__532__0__unoriented__Raman_Data_RAW__26872,R060039,Spodumene,https://rruff.info/R060039,532.0,The identification of this mineral has been confirmed by X-ray diffraction and chemical analysis,Pyroxene,test,include_pending_manual_review,visible/NIR Raman used for DUV transfer; document excitation-domain limitation,retain_after_manual_qc,verified_public_database_record
PARENT_0143,Spodumene__R060039__Raman__780__0__unoriented__Raman_Data_RAW__26874,R060039,Spodumene,https://rruff.info/R060039,780.0,The identification of this mineral has been confirmed by X-ray diffraction and chemical analysis,Pyroxene,test,include_pending_manual_review,visible/NIR Raman used for DUV transfer; document excitation-domain limitation,retain_after_manual_qc,verified_public_database_record
PARENT_0623,Antigorite__R070228__Raman__532__0__unoriented__Raman_Data_RAW__20103,R070228,Antigorite,https://rruff.info/R070228,532.0,The identification of this mineral has been confirmed by X-ray diffraction and chemical analysis,Serpentine,train,review_required,phyllosilicate taxonomy overlaps Clay/Serpentine/Mica; harmonize class hierarchy; visible/NIR Raman used for DUV transfer; document excitation-domain limitation,review_taxonomy_and_reference_quality,public_database_record_qc_flagged
PARENT_0624,Antigorite__R070228__Raman__785__0__unoriented__Raman_Data_RAW__20105,R070228,Antigorite,https://rruff.info/R070228,785.0,The identification of this mineral has been confirmed by X-ray diffraction and chemical analysis,Serpentine,train,review_required,phyllosilicate taxonomy overlaps Clay/Serpentine/Mica; harmonize class hierarchy; visible/NIR Raman used for DUV transfer; document excitation-domain limitation,review_taxonomy_and_reference_quality,public_database_record_qc_flagged
PARENT_0633,Chrysotile__R070088__Raman__532__0__unoriented__Raman_Data_RAW__17431,R070088,Chrysotile,https://rruff.info/R070088,532.0,The identification of this mineral is not yet confirmed.,Serpentine,train,review_required,phyllosilicate taxonomy overlaps Clay/Serpentine/Mica; harmonize class hierarchy; visible/NIR Raman used for DUV transfer; document excitation-domain limitation,review_taxonomy_and_reference_quality,public_database_record_qc_flagged
PARENT_0634,Chrysotile__R070088__Raman__785__0__unoriented__Raman_Data_RAW__15057,R070088,Chrysotile,https://rruff.info/R070088,785.0,The identification of this mineral is not yet confirmed.,Serpentine,train,review_required,phyllosilicate taxonomy overlaps Clay/Serpentine/Mica; harmonize class hierarchy; visible/NIR Raman used for DUV transfer; document excitation-domain limitation,review_taxonomy_and_reference_quality,public_database_record_qc_flagged
PARENT_0635,Chrysotile__R070355__Raman__532__0__unoriented__Raman_Data_RAW__21589,R070355,Chrysotile,https://rruff.info/R070355,532.0,The identification of this mineral is not yet confirmed.,Serpentine,val,review_required,phyllosilicate taxonomy overlaps Clay/Serpentine/Mica; harmonize class hierarchy; visible/NIR Raman used for DUV transfer; document excitation-domain limitation,review_taxonomy_and_reference_quality,public_database_record_qc_flagged
PARENT_0636,Chrysotile__R070355__Raman__785__0__unoriented__Raman_Data_RAW__21587,R070355,Chrysotile,https://rruff.info/R070355,785.0,The identification of this mineral is not yet confirmed.,Serpentine,val,review_required,phyllosilicate taxonomy overlaps Clay/Serpentine/Mica; harmonize class hierarchy; visible/NIR Raman used for DUV transfer; document excitation-domain limitation,review_taxonomy_and_reference_quality,public_database_record_qc_flagged
PARENT_0673,Lizardite__R060006__Raman__532__0__unoriented__Raman_Data_RAW__26462,R060006,Lizardite,https://rruff.info/R060006,532.0,The identification of this mineral has been confirmed by X-ray diffraction and chemical analysis,Serpentine,train,review_required,phyllosilicate taxonomy overlaps Clay/Serpentine/Mica; harmonize class hierarchy; visible/NIR Raman used for DUV transfer; document excitation-domain limitation,review_taxonomy_and_reference_quality,public_database_record_qc_flagged
PARENT_0674,Lizardite__R060006__Raman__780__0__unoriented__Raman_Data_RAW__26464,R060006,Lizardite,https://rruff.info/R060006,780.0,The identification of this mineral has been confirmed by X-ray diffraction and chemical analysis,Serpentine,train,review_required,phyllosilicate taxonomy overlaps Clay/Serpentine/Mica; harmonize class hierarchy; visible/NIR Raman used for DUV transfer; document excitation-domain limitation,review_taxonomy_and_reference_quality,public_database_record_qc_flagged
PARENT_0519,Quartz__R040031__Raman__514__0__unoriented__Raman_Data_RAW__9311,R040031,Quartz,https://rruff.info/R040031,514.0,The identification of this mineral has been confirmed by X-ray diffraction and chemical analysis,Silica Phase,train,include_pending_manual_review,visible/NIR Raman used for DUV transfer; document excitation-domain limitation,retain_after_manual_qc,verified_public_database_record
PARENT_0520,Quartz__R040031__Raman__780__0__unoriented__Raman_Data_RAW__26340,R040031,Quartz,https://rruff.info/R040031,780.0,The identification of this mineral has been confirmed by X-ray diffraction and chemical analysis,Silica Phase,train,include_pending_manual_review,visible/NIR Raman used for DUV transfer; document excitation-domain limitation,retain_after_manual_qc,verified_public_database_record
PARENT_0521,Quartz__R040031__Raman__532__0__unoriented__Raman_Data_RAW__26342,R040031,Quartz,https://rruff.info/R040031,532.0,The identification of this mineral has been confirmed by X-ray diffraction and chemical analysis,Silica Phase,train,include_pending_manual_review,visible/NIR Raman used for DUV transfer; document excitation-domain limitation,retain_after_manual_qc,verified_public_database_record
PARENT_0522,Quartz__R050125__Raman__514__0__unoriented__Raman_Data_RAW__10121,R050125,Quartz,https://rruff.info/R050125,514.0,The identification of this mineral has been confirmed by X-ray diffraction and chemical analysis,Silica Phase,train,include_pending_manual_review,visible/NIR Raman used for DUV transfer; document excitation-domain limitation,retain_after_manual_qc,verified_public_database_record
PARENT_0523,Quartz__R050125__Raman__532__0__unoriented__Raman_Data_RAW__31946,R050125,Quartz,https://rruff.info/R050125,532.0,The identification of this mineral has been confirmed by X-ray diffraction and chemical analysis,Silica Phase,train,include_pending_manual_review,visible/NIR Raman used for DUV transfer; document excitation-domain limitation,retain_after_manual_qc,verified_public_database_record
PARENT_0524,Quartz__R050125__Raman__780__0__unoriented__Raman_Data_RAW__31944,R050125,Quartz,https://rruff.info/R050125,780.0,The identification of this mineral has been confirmed by X-ray diffraction and chemical analysis,Silica Phase,train,include_pending_manual_review,visible/NIR Raman used for DUV transfer; document excitation-domain limitation,retain_after_manual_qc,verified_public_database_record
PARENT_0525,Quartz__R060604__Raman__532__0__unoriented__Raman_Data_RAW__31948,R060604,Quartz,https://rruff.info/R060604,532.0,The identification of this mineral has been confirmed by X-ray diffraction and chemical analysis,Silica Phase,train,include_pending_manual_review,visible/NIR Raman used for DUV transfer; document excitation-domain limitation,retain_after_manual_qc,verified_public_database_record
PARENT_0526,Quartz__R060604__Raman__780__0__unoriented__Raman_Data_RAW__31950,R060604,Quartz,https://rruff.info/R060604,780.0,The identification of this mineral has been confirmed by X-ray diffraction and chemical analysis,Silica Phase,train,include_pending_manual_review,visible/NIR Raman used for DUV transfer; document excitation-domain limitation,retain_after_manual_qc,verified_public_database_record
PARENT_0527,Quartz__X080015__Raman__532__0__unoriented__Raman_Data_RAW__31561,X080015,Quartz,https://rruff.info/X080015,532.0,The identification of this mineral has been determined only by Raman spectroscopy,Silica Phase,train,include_pending_manual_review,visible/NIR Raman used for DUV transfer; document excitation-domain limitation,retain_after_manual_qc,verified_public_database_record
PARENT_0528,Quartz__X080015__Raman__780__0__unoriented__Raman_Data_RAW__31559,X080015,Quartz,https://rruff.info/X080015,780.0,The identification of this mineral has been determined only by Raman spectroscopy,Silica Phase,train,include_pending_manual_review,visible/NIR Raman used for DUV transfer; document excitation-domain limitation,retain_after_manual_qc,verified_public_database_record
PARENT_0529,Quartz__X080016__Raman__532__0__unoriented__Raman_Data_RAW__31554,X080016,Quartz,https://rruff.info/X080016,532.0,The identification of this mineral has been determined only by Raman spectroscopy,Silica Phase,train,include_pending_manual_review,visible/NIR Raman used for DUV transfer; document excitation-domain limitation,retain_after_manual_qc,verified_public_database_record
PARENT_0530,Quartz__X080016__Raman__780__0__unoriented__Raman_Data_RAW__31557,X080016,Quartz,https://rruff.info/X080016,780.0,The identification of this mineral has been determined only by Raman spectroscopy,Silica Phase,train,include_pending_manual_review,visible/NIR Raman used for DUV transfer; document excitation-domain limitation,retain_after_manual_qc,verified_public_database_record
PARENT_0531,Quartz__R100134__Raman__532__0__unoriented__Raman_Data_RAW__34501,R100134,Quartz,https://rruff.info/R100134,532.0,The identification of this mineral has been confirmed by single-crystal X-ray diffraction.,Silica Phase,train,include_pending_manual_review,visible/NIR Raman used for DUV transfer; document excitation-domain limitation,retain_after_manual_qc,verified_public_database_record
PARENT_0532,Quartz__R100134__Raman__780__0__unoriented__Raman_Data_RAW__34503,R100134,Quartz,https://rruff.info/R100134,780.0,The identification of this mineral has been confirmed by single-crystal X-ray diffraction.,Silica Phase,train,include_pending_manual_review,visible/NIR Raman used for DUV transfer; document excitation-domain limitation,retain_after_manual_qc,verified_public_database_record
PARENT_0533,Quartz__R110104__Raman__780__0__unoriented__Raman_Data_RAW__36246,R110104,Quartz,https://rruff.info/R110104,780.0,The identification of this mineral has been confirmed by single-crystal X-ray diffraction.,Silica Phase,train,include_pending_manual_review,visible/NIR Raman used for DUV transfer; document excitation-domain limitation,retain_after_manual_qc,verified_public_database_record
PARENT_0534,Quartz__R110104__Raman__532__0__unoriented__Raman_Data_RAW__36249,R110104,Quartz,https://rruff.info/R110104,532.0,The identification of this mineral has been confirmed by single-crystal X-ray diffraction.,Silica Phase,train,include_pending_manual_review,visible/NIR Raman used for DUV transfer; document excitation-domain limitation,retain_after_manual_qc,verified_public_database_record
PARENT_0535,Quartz__R110108__Raman__780__0__unoriented__Raman_Data_RAW__36254,R110108,Quartz,https://rruff.info/R110108,780.0,The identification of this mineral has been confirmed by single-crystal X-ray diffraction.,Silica Phase,train,include_pending_manual_review,visible/NIR Raman used for DUV transfer; document excitation-domain limitation,retain_after_manual_qc,verified_public_database_record
PARENT_0536,Quartz__R110108__Raman__532__0__unoriented__Raman_Data_RAW__36256,R110108,Quartz,https://rruff.info/R110108,532.0,The identification of this mineral has been confirmed by single-crystal X-ray diffraction.,Silica Phase,train,include_pending_manual_review,visible/NIR Raman used for DUV transfer; document excitation-domain limitation,retain_after_manual_qc,verified_public_database_record
PARENT_0537,Quartz__R150074__Raman__532__0__unoriented__Raman_Data_RAW__38602,R150074,Quartz,https://rruff.info/R150074,532.0,The identification of this mineral has been determined only by Raman spectroscopy,Silica Phase,train,include_pending_manual_review,visible/NIR Raman used for DUV transfer; document excitation-domain limitation,retain_after_manual_qc,verified_public_database_record
PARENT_0538,Quartz__R150074__Raman__780__0__unoriented__Raman_Data_RAW__38604,R150074,Quartz,https://rruff.info/R150074,780.0,The identification of this mineral has been determined only by Raman spectroscopy,Silica Phase,train,include_pending_manual_review,visible/NIR Raman used for DUV transfer; document excitation-domain limitation,retain_after_manual_qc,verified_public_database_record
PARENT_0539,Quartz__R150091__Raman__532__0__unoriented__Raman_Data_RAW__39167,R150091,Quartz,https://rruff.info/R150091,532.0,The identification of this mineral has been determined only by Raman spectroscopy,Silica Phase,train,include_pending_manual_review,visible/NIR Raman used for DUV transfer; document excitation-domain limitation,retain_after_manual_qc,verified_public_database_record
PARENT_0540,Quartz__R150091__Raman__780__0__unoriented__Raman_Data_RAW__39171,R150091,Quartz,https://rruff.info/R150091,780.0,The identification of this mineral has been determined only by Raman spectroscopy,Silica Phase,train,include_pending_manual_review,visible/NIR Raman used for DUV transfer; document excitation-domain limitation,retain_after_manual_qc,verified_public_database_record
PARENT_0541,Opal__R060652__Raman__532__0__unoriented__Raman_Data_RAW__10421,R060652,Opal,https://rruff.info/R060652,532.0,The identification of this mineral has been confirmed by X-ray diffraction and chemical analysis,Silica Phase,train,include_pending_manual_review,visible/NIR Raman used for DUV transfer; document excitation-domain limitation,retain_after_manual_qc,verified_public_database_record
PARENT_0542,Opal__R060652__Raman__780__0__unoriented__Raman_Data_RAW__38598,R060652,Opal,https://rruff.info/R060652,780.0,The identification of this mineral has been confirmed by X-ray diffraction and chemical analysis,Silica Phase,train,include_pending_manual_review,visible/NIR Raman used for DUV transfer; document excitation-domain limitation,retain_after_manual_qc,verified_public_database_record
PARENT_0543,Opal__R060653__Raman__532__0__unoriented__Raman_Data_RAW__10439,R060653,Opal,https://rruff.info/R060653,532.0,The identification of this mineral has been confirmed by X-ray diffraction and chemical analysis,Silica Phase,train,include_pending_manual_review,visible/NIR Raman used for DUV transfer; document excitation-domain limitation,retain_after_manual_qc,verified_public_database_record
PARENT_0544,Opal__R060653__Raman__780__0__unoriented__Raman_Data_RAW__38600,R060653,Opal,https://rruff.info/R060653,780.0,The identification of this mineral has been confirmed by X-ray diffraction and chemical analysis,Silica Phase,train,include_pending_manual_review,visible/NIR Raman used for DUV transfer; document excitation-domain limitation,retain_after_manual_qc,verified_public_database_record
PARENT_0545,Opal__R060651__Raman__532__0__unoriented__Raman_Data_RAW__10431,R060651,Opal,https://rruff.info/R060651,532.0,The identification of this mineral has been confirmed by X-ray diffraction and chemical analysis,Silica Phase,val,include_pending_manual_review,visible/NIR Raman used for DUV transfer; document excitation-domain limitation,retain_after_manual_qc,verified_public_database_record
PARENT_0546,Opal__R060651__Raman__780__0__unoriented__Raman_Data_RAW__38596,R060651,Opal,https://rruff.info/R060651,780.0,The identification of this mineral has been confirmed by X-ray diffraction and chemical analysis,Silica Phase,val,include_pending_manual_review,visible/NIR Raman used for DUV transfer; document excitation-domain limitation,retain_after_manual_qc,verified_public_database_record
PARENT_0547,Opal__R060650__Raman__532__0__unoriented__Raman_Data_RAW__10435,R060650,Opal,https://rruff.info/R060650,532.0,The identification of this mineral has been confirmed by X-ray diffraction and chemical analysis,Silica Phase,test,include_pending_manual_review,visible/NIR Raman used for DUV transfer; document excitation-domain limitation,retain_after_manual_qc,verified_public_database_record
PARENT_0548,Opal__R060650__Raman__780__0__unoriented__Raman_Data_RAW__38594,R060650,Opal,https://rruff.info/R060650,780.0,The identification of this mineral has been confirmed by X-ray diffraction and chemical analysis,Silica Phase,test,include_pending_manual_review,visible/NIR Raman used for DUV transfer; document excitation-domain limitation,retain_after_manual_qc,verified_public_database_record
PARENT_0549,Opal__X070002__Raman__532__0__unoriented__Raman_Data_RAW__20592,X070002,Opal,https://rruff.info/X070002,532.0,The identification of this mineral has been determined only by Raman spectroscopy,Silica Phase,train,include_pending_manual_review,visible/NIR Raman used for DUV transfer; document excitation-domain limitation,retain_after_manual_qc,verified_public_database_record
PARENT_0550,Opal__X070002__Raman__785__0__unoriented__Raman_Data_RAW__20594,X070002,Opal,https://rruff.info/X070002,785.0,The identification of this mineral has been determined only by Raman spectroscopy,Silica Phase,train,include_pending_manual_review,visible/NIR Raman used for DUV transfer; document excitation-domain limitation,retain_after_manual_qc,verified_public_database_record
PARENT_0551,Opal__X070003__Raman__785__0__unoriented__Raman_Data_RAW__20598,X070003,Opal,https://rruff.info/X070003,785.0,The identification of this mineral is not yet confirmed.,Silica Phase,train,include_pending_manual_review,visible/NIR Raman used for DUV transfer; document excitation-domain limitation,retain_after_manual_qc,verified_public_database_record
PARENT_0552,Opal__X070003__Raman__532__0__unoriented__Raman_Data_RAW__20596,X070003,Opal,https://rruff.info/X070003,532.0,The identification of this mineral is not yet confirmed.,Silica Phase,train,include_pending_manual_review,visible/NIR Raman used for DUV transfer; document excitation-domain limitation,retain_after_manual_qc,verified_public_database_record
PARENT_0553,Opal__R070627__Raman__532__0__unoriented__Raman_Data_RAW__23477,R070627,Opal,https://rruff.info/R070627,532.0,The identification of this mineral is not yet confirmed.,Silica Phase,train,include_pending_manual_review,visible/NIR Raman used for DUV transfer; document excitation-domain limitation,retain_after_manual_qc,verified_public_database_record
PARENT_0554,Opal__R070627__Raman__780__0__unoriented__Raman_Data_RAW__23479,R070627,Opal,https://rruff.info/R070627,780.0,The identification of this mineral is not yet confirmed.,Silica Phase,train,include_pending_manual_review,visible/NIR Raman used for DUV transfer; document excitation-domain limitation,retain_after_manual_qc,verified_public_database_record
PARENT_0555,Opal__X080017__Raman__532__0__unoriented__Raman_Data_RAW__31579,X080017,Opal,https://rruff.info/X080017,532.0,The identification of this mineral has been determined only by Raman spectroscopy,Silica Phase,train,include_pending_manual_review,visible/NIR Raman used for DUV transfer; document excitation-domain limitation,retain_after_manual_qc,verified_public_database_record
PARENT_0556,Opal__X080017__Raman__780__0__unoriented__Raman_Data_RAW__31583,X080017,Opal,https://rruff.info/X080017,780.0,The identification of this mineral has been determined only by Raman spectroscopy,Silica Phase,train,include_pending_manual_review,visible/NIR Raman used for DUV transfer; document excitation-domain limitation,retain_after_manual_qc,verified_public_database_record
PARENT_0557,Opal__X080018__Raman__532__0__unoriented__Raman_Data_RAW__31577,X080018,Opal,https://rruff.info/X080018,532.0,The identification of this mineral is not yet confirmed.,Silica Phase,val,include_pending_manual_review,visible/NIR Raman used for DUV transfer; document excitation-domain limitation,retain_after_manual_qc,verified_public_database_record
PARENT_0558,Opal__X080018__Raman__780__0__unoriented__Raman_Data_RAW__31575,X080018,Opal,https://rruff.info/X080018,780.0,The identification of this mineral is not yet confirmed.,Silica Phase,val,include_pending_manual_review,visible/NIR Raman used for DUV transfer; document excitation-domain limitation,retain_after_manual_qc,verified_public_database_record
PARENT_0559,Opal__R100149__Raman__532__0__unoriented__Raman_Data_RAW__34597,R100149,Opal,https://rruff.info/R100149,532.0,The identification of this mineral is not yet confirmed.,Silica Phase,train,include_pending_manual_review,visible/NIR Raman used for DUV transfer; document excitation-domain limitation,retain_after_manual_qc,verified_public_database_record
PARENT_0560,Opal__R100149__Raman__780__0__unoriented__Raman_Data_RAW__34599,R100149,Opal,https://rruff.info/R100149,780.0,The identification of this mineral is not yet confirmed.,Silica Phase,train,include_pending_manual_review,visible/NIR Raman used for DUV transfer; document excitation-domain limitation,retain_after_manual_qc,verified_public_database_record
PARENT_0561,Opal__R110107__Raman__532__0__unoriented__Raman_Data_RAW__35741,R110107,Opal,https://rruff.info/R110107,532.0,The identification of this mineral is not yet confirmed.,Silica Phase,val,include_pending_manual_review,visible/NIR Raman used for DUV transfer; document excitation-domain limitation,retain_after_manual_qc,verified_public_database_record
PARENT_0562,Opal__R110107__Raman__780__0__unoriented__Raman_Data_RAW__35743,R110107,Opal,https://rruff.info/R110107,780.0,The identification of this mineral is not yet confirmed.,Silica Phase,val,include_pending_manual_review,visible/NIR Raman used for DUV transfer; document excitation-domain limitation,retain_after_manual_qc,verified_public_database_record
PARENT_0304,Gypsum__R040029__Raman__514__0__unoriented__Raman_Data_RAW__9307,R040029,Gypsum,https://rruff.info/R040029,514.0,The identification of this mineral has been confirmed by X-ray diffraction.,Sulfate,train,include_pending_manual_review,visible/NIR Raman used for DUV transfer; document excitation-domain limitation,retain_after_manual_qc,verified_public_database_record
PARENT_0305,Gypsum__R040029__Raman__780__0__unoriented__Raman_Data_RAW__26329,R040029,Gypsum,https://rruff.info/R040029,780.0,The identification of this mineral has been confirmed by X-ray diffraction.,Sulfate,train,include_pending_manual_review,visible/NIR Raman used for DUV transfer; document excitation-domain limitation,retain_after_manual_qc,verified_public_database_record
PARENT_0306,Gypsum__R040029__Raman__532__0__unoriented__Raman_Data_RAW__26331,R040029,Gypsum,https://rruff.info/R040029,532.0,The identification of this mineral has been confirmed by X-ray diffraction.,Sulfate,train,include_pending_manual_review,visible/NIR Raman used for DUV transfer; document excitation-domain limitation,retain_after_manual_qc,verified_public_database_record
PARENT_0307,Gypsum__X050096__Raman__785__0__unoriented__Raman_Data_Processed__6575,X050096,Gypsum,https://rruff.info/X050096,785.0,The identification of this mineral has been determined only by Raman spectroscopy,Sulfate,train,include_pending_manual_review,visible/NIR Raman used for DUV transfer; document excitation-domain limitation; RRUFF processed spectrum; verify processing provenance and avoid mixing incompatible baselines,retain_after_manual_qc,verified_public_database_record
PARENT_0308,Gypsum__X050097__Raman__785__0__unoriented__Raman_Data_Processed__6576,X050097,Gypsum,https://rruff.info/X050097,785.0,The identification of this mineral has been determined only by Raman spectroscopy,Sulfate,val,include_pending_manual_review,visible/NIR Raman used for DUV transfer; document excitation-domain limitation; RRUFF processed spectrum; verify processing provenance and avoid mixing incompatible baselines,retain_after_manual_qc,verified_public_database_record
PARENT_0309,Gypsum__X050098__Raman__785__0__unoriented__Raman_Data_Processed__6577,X050098,Gypsum,https://rruff.info/X050098,785.0,The identification of this mineral has been determined only by Raman spectroscopy,Sulfate,train,include_pending_manual_review,visible/NIR Raman used for DUV transfer; document excitation-domain limitation; RRUFF processed spectrum; verify processing provenance and avoid mixing incompatible baselines,retain_after_manual_qc,verified_public_database_record
PARENT_0310,Gypsum__X050099__Raman__785__0__unoriented__Raman_Data_Processed__6578,X050099,Gypsum,https://rruff.info/X050099,785.0,The identification of this mineral has been determined only by Raman spectroscopy,Sulfate,train,include_pending_manual_review,visible/NIR Raman used for DUV transfer; document excitation-domain limitation; RRUFF processed spectrum; verify processing provenance and avoid mixing incompatible baselines,retain_after_manual_qc,verified_public_database_record
PARENT_0311,Gypsum__R060509__Raman__532__0__unoriented__Raman_Data_RAW__39075,R060509,Gypsum,https://rruff.info/R060509,532.0,The identification of this mineral has been confirmed by X-ray diffraction.,Sulfate,train,include_pending_manual_review,visible/NIR Raman used for DUV transfer; document excitation-domain limitation,retain_after_manual_qc,verified_public_database_record
PARENT_0312,Gypsum__R060509__Raman__780__0__unoriented__Raman_Data_RAW__39077,R060509,Gypsum,https://rruff.info/R060509,780.0,The identification of this mineral has been confirmed by X-ray diffraction.,Sulfate,train,include_pending_manual_review,visible/NIR Raman used for DUV transfer; document excitation-domain limitation,retain_after_manual_qc,verified_public_database_record
PARENT_0468,Anhydrite__R040012__Raman__514__0__unoriented__Raman_Data_RAW__9273,R040012,Anhydrite,https://rruff.info/R040012,514.0,The identification of this mineral has been confirmed by X-ray diffraction and chemical analysis,Sulfate,test,include_pending_manual_review,visible/NIR Raman used for DUV transfer; document excitation-domain limitation,retain_after_manual_qc,verified_public_database_record
PARENT_0469,Anhydrite__R040012__Raman__532__0__unoriented__Raman_Data_RAW__26317,R040012,Anhydrite,https://rruff.info/R040012,532.0,The identification of this mineral has been confirmed by X-ray diffraction and chemical analysis,Sulfate,test,include_pending_manual_review,visible/NIR Raman used for DUV transfer; document excitation-domain limitation,retain_after_manual_qc,verified_public_database_record
PARENT_0470,Anhydrite__R040012__Raman__780__0__unoriented__Raman_Data_RAW__26319,R040012,Anhydrite,https://rruff.info/R040012,780.0,The identification of this mineral has been confirmed by X-ray diffraction and chemical analysis,Sulfate,test,include_pending_manual_review,visible/NIR Raman used for DUV transfer; document excitation-domain limitation,retain_after_manual_qc,verified_public_database_record
PARENT_0471,Anhydrite__R040061__Raman__514__0__unoriented__Raman_Data_RAW__9401,R040061,Anhydrite,https://rruff.info/R040061,514.0,The identification of this mineral has been confirmed by X-ray diffraction and chemical analysis,Sulfate,test,include_pending_manual_review,visible/NIR Raman used for DUV transfer; document excitation-domain limitation,retain_after_manual_qc,verified_public_database_record
PARENT_0472,Anhydrite__R040061__Raman__532__0__unoriented__Raman_Data_RAW__15148,R040061,Anhydrite,https://rruff.info/R040061,532.0,The identification of this mineral has been confirmed by X-ray diffraction and chemical analysis,Sulfate,test,include_pending_manual_review,visible/NIR Raman used for DUV transfer; document excitation-domain limitation,retain_after_manual_qc,verified_public_database_record
PARENT_0473,Anhydrite__R040061__Raman__785__0__unoriented__Raman_Data_RAW__15150,R040061,Anhydrite,https://rruff.info/R040061,785.0,The identification of this mineral has been confirmed by X-ray diffraction and chemical analysis,Sulfate,test,include_pending_manual_review,visible/NIR Raman used for DUV transfer; document excitation-domain limitation,retain_after_manual_qc,verified_public_database_record
PARENT_0474,Anhydrite__X050017__Raman__785__0__unoriented__Raman_Data_Processed__6456,X050017,Anhydrite,https://rruff.info/X050017,785.0,The identification of this mineral has been determined only by Raman spectroscopy,Sulfate,test,include_pending_manual_review,visible/NIR Raman used for DUV transfer; document excitation-domain limitation; RRUFF processed spectrum; verify processing provenance and avoid mixing incompatible baselines,retain_after_manual_qc,verified_public_database_record
PARENT_0475,Anhydrite__R061102__Raman__785__0__unoriented__Raman_Data_RAW__18158,R061102,Anhydrite,https://rruff.info/R061102,785.0,The identification of this mineral has been confirmed by X-ray diffraction and chemical analysis,Sulfate,train,include_pending_manual_review,visible/NIR Raman used for DUV transfer; document excitation-domain limitation,retain_after_manual_qc,verified_public_database_record
PARENT_0476,Anhydrite__R061102__Raman__532__0__unoriented__Raman_Data_RAW__18156,R061102,Anhydrite,https://rruff.info/R061102,532.0,The identification of this mineral has been confirmed by X-ray diffraction and chemical analysis,Sulfate,train,include_pending_manual_review,visible/NIR Raman used for DUV transfer; document excitation-domain limitation,retain_after_manual_qc,verified_public_database_record
PARENT_0477,Epsomite__X050074__Raman__785__0__unoriented__Raman_Data_Processed__6540,X050074,Epsomite,https://rruff.info/X050074,785.0,The identification of this mineral has been determined only by Raman spectroscopy,Sulfate,train,include_pending_manual_review,visible/NIR Raman used for DUV transfer; document excitation-domain limitation; RRUFF processed spectrum; verify processing provenance and avoid mixing incompatible baselines,retain_after_manual_qc,verified_public_database_record
PARENT_0478,Epsomite__R150060__Raman__532__0__unoriented__Raman_Data_RAW__38390,R150060,Epsomite,https://rruff.info/R150060,532.0,The identification of this mineral has been determined only by Raman spectroscopy,Sulfate,train,include_pending_manual_review,visible/NIR Raman used for DUV transfer; document excitation-domain limitation,retain_after_manual_qc,verified_public_database_record
PARENT_0479,Epsomite__R150060__Raman__780__0__unoriented__Raman_Data_RAW__38391,R150060,Epsomite,https://rruff.info/R150060,780.0,The identification of this mineral has been determined only by Raman spectroscopy,Sulfate,train,include_pending_manual_review,visible/NIR Raman used for DUV transfer; document excitation-domain limitation,retain_after_manual_qc,verified_public_database_record
PARENT_0480,Natroalunite__R060406__Raman__532__0__unoriented__Raman_Data_RAW__35093,R060406,Natroalunite,https://rruff.info/R060406,532.0,The identification of this mineral has been confirmed only by X-ray diffraction,Sulfate,train,include_pending_manual_review,visible/NIR Raman used for DUV transfer; document excitation-domain limitation,retain_after_manual_qc,verified_public_database_record
PARENT_0481,Natroalunite__R060406__Raman__780__0__unoriented__Raman_Data_RAW__35095,R060406,Natroalunite,https://rruff.info/R060406,780.0,The identification of this mineral has been confirmed only by X-ray diffraction,Sulfate,train,include_pending_manual_review,visible/NIR Raman used for DUV transfer; document excitation-domain limitation,retain_after_manual_qc,verified_public_database_record
PARENT_0482,Natrojarosite__R050471__Raman__514__0__unoriented__Raman_Data_RAW__10906,R050471,Natrojarosite,https://rruff.info/R050471,514.0,The identification of this mineral has been confirmed by X-ray diffraction and chemical analysis,Sulfate,test,include_pending_manual_review,visible/NIR Raman used for DUV transfer; document excitation-domain limitation,retain_after_manual_qc,verified_public_database_record
PARENT_0483,Natrojarosite__R050471__Raman__532__0__unoriented__Raman_Data_RAW__30933,R050471,Natrojarosite,https://rruff.info/R050471,532.0,The identification of this mineral has been confirmed by X-ray diffraction and chemical analysis,Sulfate,test,include_pending_manual_review,visible/NIR Raman used for DUV transfer; document excitation-domain limitation,retain_after_manual_qc,verified_public_database_record
PARENT_0484,Natrojarosite__R050471__Raman__780__0__unoriented__Raman_Data_RAW__30936,R050471,Natrojarosite,https://rruff.info/R050471,780.0,The identification of this mineral has been confirmed by X-ray diffraction and chemical analysis,Sulfate,test,include_pending_manual_review,visible/NIR Raman used for DUV transfer; document excitation-domain limitation,retain_after_manual_qc,verified_public_database_record
PARENT_0485,Natrojarosite__R050289__Raman__532__0__unoriented__Raman_Data_RAW__28635,R050289,Natrojarosite,https://rruff.info/R050289,532.0,The identification of this mineral has been confirmed by X-ray diffraction and chemical analysis,Sulfate,train,include_pending_manual_review,visible/NIR Raman used for DUV transfer; document excitation-domain limitation,retain_after_manual_qc,verified_public_database_record
PARENT_0486,Natrojarosite__R050289__Raman__780__0__unoriented__Raman_Data_RAW__28637,R050289,Natrojarosite,https://rruff.info/R050289,780.0,The identification of this mineral has been confirmed by X-ray diffraction and chemical analysis,Sulfate,train,include_pending_manual_review,visible/NIR Raman used for DUV transfer; document excitation-domain limitation,retain_after_manual_qc,verified_public_database_record
PARENT_0487,Natrojarosite__R080062__Raman__532__0__unoriented__Raman_Data_RAW__28549,R080062,Natrojarosite,https://rruff.info/R080062,532.0,The identification of this mineral has been confirmed only by single crystal X-ray diffraction.,Sulfate,train,include_pending_manual_review,visible/NIR Raman used for DUV transfer; document excitation-domain limitation,retain_after_manual_qc,verified_public_database_record
PARENT_0488,Natrojarosite__R080062__Raman__780__0__unoriented__Raman_Data_RAW__28554,R080062,Natrojarosite,https://rruff.info/R080062,780.0,The identification of this mineral has been confirmed only by single crystal X-ray diffraction.,Sulfate,train,include_pending_manual_review,visible/NIR Raman used for DUV transfer; document excitation-domain limitation,retain_after_manual_qc,verified_public_database_record
