dataset,model,threshold,n_total,accepted_n,rejected_n,coverage,rejection_rate,accuracy_on_accepted,macro_f1_on_accepted,weighted_f1_on_accepted,precision_micro_on_accepted,operational_recall_correct_accepted_over_all,false_discovery_rate_wrong_among_accepted,false_positive_rate_wrong_accepted_over_all,macro_one_vs_rest_fpr,selection_rule,order
parent_heldout_test,PCA-SVM,0.8,133,69,64,0.518796992481203,0.4812030075187969,0.9420289855072465,0.7670329670329671,0.9370600414078674,0.9420289855072465,0.4887218045112781,0.0579710144927536,0.0300751879699248,0.0025521451728348,minimum false-discovery rate while retaining >=50% coverage,0
parent_heldout_test,PLS-DA,0.2,133,111,22,0.8345864661654135,0.1654135338345864,0.5945945945945946,0.4366644019689871,0.5846110538073002,0.5945945945945946,0.4962406015037593,0.4054054054054054,0.3383458646616541,0.0279251305794174,minimum false-discovery rate while retaining >=50% coverage,1
parent_heldout_test,Optimized 1D-CNN,0.9,133,72,61,0.5413533834586466,0.4586466165413533,0.8472222222222222,0.6874236874236874,0.8375220458553793,0.8472222222222222,0.4586466165413533,0.1527777777777778,0.0827067669172932,0.0071092940131052,minimum false-discovery rate while retaining >=50% coverage,2
parent_heldout_test,Standard Transformer,0.95,133,112,21,0.8421052631578947,0.1578947368421052,0.8571428571428571,0.7013295225436832,0.8562763923959432,0.8571428571428571,0.7218045112781954,0.1428571428571428,0.1203007518796992,0.0101434488673985,minimum false-discovery rate while retaining >=50% coverage,3
parent_heldout_test,MST validation-selected,0.9,133,113,20,0.849624060150376,0.150375939849624,0.8407079646017699,0.7011679771860767,0.8323836719203714,0.8407079646017699,0.7142857142857143,0.1592920353982301,0.1353383458646616,0.0115293690669358,minimum false-discovery rate while retaining >=50% coverage,4
parent_heldout_test,MST best-grid diagnostic,0.95,133,109,24,0.8195488721804511,0.1804511278195488,0.8715596330275229,0.7315642204478977,0.8660416570071974,0.8715596330275229,0.7142857142857143,0.128440366972477,0.1052631578947368,0.0090278337962762,minimum false-discovery rate while retaining >=50% coverage,5
