model,accuracy,macro_f1,weighted_f1,best_val_macro_f1,train_seconds,baseline,augment,epochs,batch_size,learning_rate,chemometric_stride,run_dir
mst,0.7761194029850746,0.7254706881195331,0.7682201598249263,0.7124364061864061,80.92470622062683,poly,False,180,16,0.0001,8,review_comparison_results\review_ready_20260429_130441
standard_transformer,0.753731343283582,0.6796106671106672,0.7489687654799594,0.6834385793944618,80.84911012649536,poly,False,180,16,0.0001,8,review_comparison_results\review_ready_20260429_130441
random_forest,0.7761194029850746,0.6552559072720363,0.7651916459240725,,3.1162257194519043,poly,False,1,16,3e-05,8,review_comparison_results\review_ready_20260429_131227
pca_svm,0.753731343283582,0.6131609001327312,0.7380463809542009,,0.1868972778320312,poly,False,1,16,3e-05,8,review_comparison_results\review_ready_20260429_131227
cnn,0.5447761194029851,0.4566786980580083,0.551325796256316,0.5413755900328789,29.14995527267456,poly,False,180,16,0.0001,8,review_comparison_results\review_ready_20260429_130441
pls_da,0.6268656716417911,0.4293827123183532,0.5695905600015392,,0.2602534294128418,poly,False,1,16,3e-05,8,review_comparison_results\review_ready_20260429_131227
