wavenumber_cm-1,intensity
755.67159,0.0
757.73905,0.0
759.80651,0.0
761.87398,0.0
763.94144,0.0
766.0089,0.0
768.07636,0.00736487371985951
770.14383,0.024934347012674114
772.21129,0.03663486649390149
774.27875,0.04246659775464824
776.34621,0.0659050196882993
778.41368,0.08934354366634756
780.48114,0.10104414050191848
782.5486,0.1303515937818663
784.61606,0.14792120262507885
786.68353,0.1772286944026259
788.75099,0.17719158770297905
790.81845,0.17128560989711386
792.88591,0.14777281432399458
794.95338,0.13012901124080464
797.02084,0.10661633723064289
799.0883,0.08310359967330434
801.15576,0.05959096434026726
803.22323,0.03607826528127612
805.29069,0.006696778180676794
807.35815,0.0
809.42561,0.0
811.49308,0.0
813.56054,0.0
815.628,0.0
817.69546,0.0
819.76293,0.0
819.76293,0.0
819.76293,0.0
819.76293,0.0
819.76293,0.0
821.83039,0.0
821.83039,0.0
823.89785,0.0
823.89785,0.0
823.89785,0.0
823.89785,0.0
823.89785,0.0
825.96531,0.0
825.96531,0.0
825.96531,0.0
825.96531,0.0
825.96531,0.0
825.96531,0.0
825.96531,0.0
825.96531,0.0
825.96531,0.0
825.96531,0.053279610866208645
825.96531,0.04741072042142846
825.96531,0.0
825.96531,0.0
825.96531,0.0
828.03278,0.0
828.03278,0.0
828.03278,0.0
828.03278,0.059111844752481685
828.03278,0.0
828.03278,0.0
828.03278,0.0
828.03278,0.0
828.03278,0.0
828.03278,0.041505090532403414
828.03278,0.0
828.03278,0.0
828.03278,0.0
828.03278,0.0
828.03278,0.0
828.03278,0.0
828.03278,0.0
830.10024,0.0
830.10024,0.006254862164314957
830.10024,0.0
830.10024,0.00038588883379706083
830.10024,0.05907512482454883
830.10024,0.0
830.10024,0.035599397273952664
830.10024,0.012123752609095144
830.10024,0.0
832.1677,0.012087052019725092
832.1677,0.023824915795022234
832.1677,0.03556269668458261
832.1677,0.017955942464504337
832.1677,0.05903842423517878
832.1677,0.02969380623980242
834.23516,0.05900174298437058
834.23516,0.07073960675966867
836.30262,0.05896508107212519
836.30262,0.06483397151690538
836.30262,0.0941785895122808
838.37009,0.10587981053670681
838.37009,0.07653519254133045
838.37009,0.07066630209655121
840.43755,0.12344994152175763
840.43755,0.15866344996191323
840.43755,0.07649856930630301
840.43755,0.16453234040669343
840.43755,0.0823674597510832
842.50501,0.17036470984074573
842.50501,0.15275787273492974
842.50501,0.08819982918513551
842.50501,0.08233085585461761
842.50501,0.13515111851485148
842.50501,0.18210249073030516
842.50501,0.14102009184536937
842.50501,0.09993761007469588
842.50501,0.10580658340521377
842.50501,0.0940687196299157
842.50501,0.17623360028552593
844.57247,0.15272128817702696
844.57247,0.1468523977322468
844.57247,0.11163888929209119
844.57247,0.1351145339569487
844.57247,0.1820659061724024
844.57247,0.11750777973687138
844.57247,0.12337675306738927
844.57247,0.18793487950292123
846.63994,0.16442258655617065
846.63994,0.1292090781160141
846.63994,0.19376720455154606
848.7074,0.2054685224461593
848.7074,0.1995995491156414
848.7074,0.17612390445078388
848.7074,0.21720630333571966
850.77486,0.21130088634881744
850.77486,0.18782524168395992
852.84232,0.19365762492517902
854.90979,0.19362113688374127
856.97725,0.1877157779126198
859.04471,0.1876793287248404
861.11217,0.18764289887562377
863.17964,0.193475378633682
869.38202,0.22857977157352904
869.38202,0.23444866201830922
871.44949,0.22267454779674453
871.44949,0.20506779357666627
871.44949,0.19919882024614838
873.51695,0.19916250642849231
873.51695,0.21676926064857058
873.51695,0.21090037020379038
875.58441,0.19912621194939906
877.65187,0.19322104636408746
879.71934,0.17557803616672346
879.71934,0.1814469266115027
879.71934,0.18731589994202155
881.7868,0.17554179970341
881.7868,0.0757701648277215
883.85426,0.01704471171221908
883.85426,0.15202985502806318
883.85426,0.16963669213387916
883.85426,0.16376771880336127
883.85426,0.03465146593229735
883.85426,0.028782575487517163
883.85426,0.15789882835858107
883.85426,0.0698650572581916
883.85426,0.011175821267439835
883.85426,0.05225822015237562
883.85426,0.046389329707595434
883.85426,0.04052043926281525
883.85426,0.08160283814775103
885.92172,0.14612476679709419
885.92172,0.09917339458164051
885.92172,0.02287748725654818
885.92172,0.13438690302179612
885.92172,0.005270733036470852
885.92172,0.06395988614148491
885.92172,0.0
885.92172,0.08743561369208014
885.92172,0.05809099569670472
887.98919,0.10500618928958844
887.98919,0.0
887.98919,0.12261294350966671
887.98919,0.12848183395444596
887.98919,0.09326832551429036
887.98919,0.14021969772974405
887.98919,0.052185843743616865
890.05665,0.034542930414568684
890.05665,0.11670781107017891
890.05665,0.0
890.05665,0.11083892062539873
892.12411,0.011031145979303126
892.12411,0.0
892.12411,0.04624465441945873
894.19157,0.0
894.19157,0.0
896.25904,0.0
896.25904,0.0
898.3265,0.0
898.3265,0.0
898.3265,0.0
898.3265,0.0
898.3265,0.0
898.3265,0.0
900.39396,0.0
900.39396,0.0
902.46142,0.0
902.46142,0.0
902.46142,0.0
902.46142,0.0
902.46142,0.0
902.46142,0.0
902.46142,0.0
902.46142,0.0
904.52889,0.0
904.52889,0.0
904.52889,0.0
904.52889,0.0
906.59635,0.0
906.59635,0.0
906.59635,0.0
906.59635,0.0
906.59635,0.0
908.66381,0.0
908.66381,0.0
910.73127,0.0
910.73127,0.0
910.73127,0.0
912.79874,0.0
914.8662,0.0
916.93366,0.0
919.00112,0.0
921.06859,0.0
923.13605,0.0
925.20351,0.0
927.27097,0.0
929.33844,0.0
931.4059,0.0
933.47336,0.0
935.54082,0.0
937.60829,0.0
939.67575,0.0
941.74321,0.0
943.81067,0.03947855371272739
943.81067,0.0
945.87814,0.0
945.87814,0.04531180701795736
947.9456,0.021800544724528203
947.9456,0.06288294360946493
950.01306,0.08045409953953436
950.01306,0.05110948154415895
952.08052,0.09215638436338641
952.08052,0.07454963014330815
954.14799,0.10385868835385098
954.14799,0.09798971502333309
956.21545,0.11556092896918421
956.21545,0.11556092896918421
958.28291,0.13313216225359625
958.28291,0.13313216225359625
960.35037,0.1507034148765711
960.35037,0.1507034148765711
962.41784,0.1624057962217533
962.41784,0.1624057962217533
964.4853,0.17410819707716685
964.4853,0.17410819707716685
966.55276,0.17407275349584417
966.55276,0.17407275349584417
968.62022,0.16816843880830412
968.62022,0.16816843880830412
970.68769,0.16226406040238706
970.68769,0.16226406040238706
972.75515,0.15635978439206494
972.75515,0.15635978439206494
974.82261,0.15045544483456696
974.82261,0.15045544483456696
976.89007,0.13868231705658932
976.89007,0.13868231705658932
978.95754,0.12690912556060974
978.95754,0.12690912556060974
981.025,0.10926706312933307
981.025,0.10926706312933307
983.09246,0.0916250200366183
985.15992,0.08572086005776344
987.22739,0.07981663636128072
989.29485,0.06804362461486459
991.36231,0.056270549321272595
993.42977,0.0444974933662434
995.49724,0.038593429910215096
997.5647,0.04442716685248213
999.63216,0.0619987869086091
1001.69962,0.07370153585851774
1003.76709,0.09127319442206461
1005.83455,0.10297598204919213
1007.90201,0.11467870612914477
1009.96947,0.1381193962086941
1012.03694,0.1615600225717388
1014.1044,0.19086964177328627
1016.17186,0.2084414165380994
1018.23932,0.2201443201966942
1020.30679,0.22010937924959714
1022.37425,0.20246770359003446
1024.44171,0.17308818349373653
1026.50917,0.16131543695607872
1028.57663,0.14367381931220258
1030.6441,0.1201633303936208
1032.71156,0.12012850564704088
1034.77902,0.1318314811285832
1036.84648,0.14940344927920715
1038.91395,0.17284440993079575
1040.98141,0.1962853072034169
1043.04887,0.21385733336982066
1045.11633,0.24316724265008435
1047.1838,0.2666081977706519
1049.25126,0.2724425010632761
1051.31872,0.27827674080872533
1053.38618,0.2782421094479562
1055.45365,0.278207497258383
1057.52111,0.26056615035475356
1059.58857,0.23118695901438982
1061.65603,0.20180786989832467
1063.7235,0.178297607512872
1065.79096,0.15478744751880688
1067.85842,0.14301508775286306
1069.92588,0.11950496643592165
1071.99335,0.09599478140518661
1074.06081,0.10182931676083952
1076.12827,0.11353267901409676
1078.19573,0.11936725304687433
1078.19573,0.09589152549627816
1078.19573,0.0
1080.2632,0.11346389959093332
1080.2632,0.14280851758630872
1080.2632,0.0
1082.33066,0.0
1082.33066,0.16624988451638345
1082.33066,0.1369052665210071
1084.39812,0.0
1084.39812,0.17795332412398238
1084.39812,0.14860870612860697
1086.46558,0.15444335751572713
1086.46558,0.17791900218058465
1086.46558,0.0
1088.53305,0.1368023005249434
1088.53305,0.16027794518980185
1088.53305,0.0
1090.60051,0.0
1090.60051,0.14263690770354476
1090.60051,0.1250301534834665
1092.66797,0.12499588955584857
1092.66797,0.11325802578055143
1092.66797,0.0
1094.73543,0.0
1094.73543,0.10148600030193689
1094.73543,0.095617026971419
1096.8029,0.07797604733535196
1096.8029,0.09558280155543022
1096.8029,0.0
1098.87036,0.0
1098.87036,0.08381081475403364
1098.87036,0.05446619675865822
1100.93782,0.03095628263478769
1100.93782,0.0
1100.93782,0.07203876440546118
1103.00528,0.0543978429506723
1103.00528,0.0
1105.07275,0.0
1105.07275,0.042625831114102154
1107.14021,0.0
1109.20767,0.0
1111.27513,0.0
1113.3426,0.0
1113.3426,0.0
1115.41006,0.0
1115.41006,0.0
1117.47752,0.0
1117.47752,0.0
1119.54498,0.0
1119.54498,0.0
1121.61245,0.0
1121.61245,0.0
1123.67991,0.0
1123.67991,0.0
1125.74737,0.0
1125.74737,0.0
1127.81483,0.0
1127.81483,0.0
1129.8823,0.0
1131.94976,0.0
1134.01722,0.0
1136.08468,0.0
1138.15215,0.0
1140.21961,0.0
1140.21961,0.0
1142.28707,0.0
1142.28707,0.0
1144.35453,0.0
1144.35453,0.0
1146.422,0.0
1146.422,0.0
1148.48946,0.0
1148.48946,0.0
1150.55692,0.0
1150.55692,0.0
1152.62438,0.0
1152.62438,0.03010790235786657
1152.62438,0.0
1154.69185,0.0
1154.69185,0.0
1154.69185,0.04181208220019564
1156.75931,0.006564909328603022
1156.75931,0.006564909328603022
1156.75931,0.04764730821353881
1158.82677,0.01826912801102595
1158.82677,0.0476136631206646
1158.82677,0.01826912801102595
1160.89423,0.04758003736635319
1160.89423,0.029973283146274916
1160.89423,0.029973283146274916
1162.9617,0.029939676568022603
1162.9617,0.04754643078810087
1162.9617,0.029939676568022603
1165.02916,0.02403719904614895
1165.02916,0.04751284371100741
1165.02916,0.02403719904614895
1167.09662,0.018134740862837163
1167.09662,0.018134740862837163
1169.16408,0.0063633286875712175
1169.16408,0.0063633286875712175
1171.23155,0.0004609090192554191
1171.23155,0.0004609090192554191
1173.29901,0.0
1173.29901,0.0
1175.36647,0.0
1175.36647,0.0
1177.43393,0.0
1177.43393,0.0
1179.5014,0.0
1179.5014,0.0
1181.56886,0.00029355362946411164
1181.56886,0.00029355362946411164
1183.63632,0.006129031044397914
1185.70378,0.017833501128412414
1187.77125,0.029537907503871526
1189.83871,0.047111306709884164
1191.90617,0.05881583480967941
1193.97363,0.07638927269281671
1196.0411,0.09396272975351042
1198.10856,0.10566731586908643
1200.17602,0.11737192132322428
1202.24348,0.1290764632301863
1204.31095,0.14078110720081746
1206.37841,0.14661679734021818
1208.44587,0.1465836163734015
1210.51333,0.1406815643003665
1212.5808,0.1347795314056361
1214.64826,0.12300854467930115
1216.71572,0.11123757729152994
1218.78318,0.09946671212805737
1220.85064,0.07595791964211179
1222.91811,0.06418709299597494
1224.98557,0.04654722963202845
1227.05303,0.034776441822898484
1229.12049,0.02887448091137379
1231.18796,0.03471048584003191
1231.18796,0.0
1231.18796,0.0
1231.18796,0.0
1231.18796,0.0
1233.25542,0.052284291156321334
1233.25542,0.046415317825803444
1233.25542,0.005332918940867654
1235.32288,0.06985811581117263
1235.32288,0.01703785315093875
1235.32288,0.02290674359571894
1235.32288,0.052251361591095294
1235.32288,0.011168879820420854
1235.32288,0.04051349781579721
1235.32288,0.034644607371017024
1235.32288,0.028775634040499126
1237.39034,0.13438333202004038
1237.39034,0.058087341809211296
1237.39034,0.14025222246482058
1237.39034,0.08156306935980652
1237.39034,0.1285143586895225
1239.45781,0.1460882218624577
1239.45781,0.12261257719759924
1239.45781,0.06392342409258613
1239.45781,0.09326795920222382
1239.45781,0.1402193314176775
1241.52527,0.06975944298792007
1241.52527,0.07562833343270026
1241.52527,0.1460553503130124
1241.52527,0.1519243236435303
1241.52527,0.15779321408831049
1241.52527,0.08736619720799835
1241.52527,0.09910406098329642
1241.52527,0.1167108152033747
1241.52527,0.08149730676321816
1241.52527,0.1108418418728568
1243.59273,0.10494009921719318
1243.59273,0.0932022354418951
1243.59273,0.11080898966197336
1243.59273,0.15776036187742706
1243.59273,0.1284157438820507
1245.66019,0.15772752900510642
1245.66019,0.15185863856032622
1247.72766,0.16356368864319795
1247.72766,0.15769471531268006
1247.72766,0.16356368864319795
1249.79512,0.18700653911295279
1249.79512,0.18700653911295279
1249.79512,0.15766192111757737
1249.79512,0.19874440288825085
1249.79512,0.18700653911295279
1249.79512,0.19287542955773296
1249.79512,0.20461329333303105
1249.79512,0.21048218377781125
1251.86258,0.21631838225178832
1251.86258,0.2221872726965685
1251.86258,0.245662917361426
1251.86258,0.2515318906919439
1251.86258,0.20458051847649023
1251.86258,0.1811048738116327
1251.86258,0.2574007811367241
1251.86258,0.20458051847649023
1251.86258,0.15762914626103655
1253.93004,0.1575963907430585
1253.93004,0.16346536407357642
1253.93004,0.2691058893940442
1253.93004,0.17520314496313585
1253.93004,0.22215451717859047
1253.93004,0.2632369160635263
1253.93004,0.22802340762337064
1253.93004,0.22215451717859047
1253.93004,0.2397612713986678
1255.99751,0.2749420435011156
1255.99751,0.23385964461617983
1255.99751,0.23385964461617983
1255.99751,0.29841777105171086
1255.99751,0.2866799072764137
1255.99751,0.2808110168316335
1255.99751,0.23385964461617983
1255.99751,0.29254879772119297
1255.99751,0.16930151818064787
1255.99751,0.30428666149649103
1258.06497,0.2514336819954971
1258.06497,0.2514336819954971
1258.06497,0.31599180843102903
1258.06497,0.31012283510051114
1260.13243,0.31595911092883083
1260.13243,0.2748766291581573
1260.13243,0.2748766291581573
1262.19989,0.29245070521459926
1262.19989,0.3159264327651954
1262.19989,0.29245070521459926
1264.26736,0.3158937737822034
1264.26736,0.33936941844706187
1264.26736,0.3452383088918411
1264.26736,0.3100248004516855
1264.26736,0.3217626642269836
1264.26736,0.33350052800228164
1264.26736,0.3100248004516855
1264.26736,0.32763155467176375
1266.33482,0.3452056694054246
1266.33482,0.32759891518534723
1266.33482,0.32759891518534723
1268.40228,0.33343526836801046
1268.40228,0.3451730492575699
1268.40228,0.33343526836801046
1268.40228,0.3510420225880878
1270.46974,0.34514044844827707
1270.46974,0.34514044844827707
1270.46974,0.351009421778795
1272.53721,0.3451078668200018
1272.53721,0.3451078668200018
1272.53721,0.3451078668200018
1274.60467,0.35094427801844574
1274.60467,0.34507530468792785
1274.60467,0.35094427801844574
1276.67213,0.33917387144963657
1276.67213,0.33917387144963657
1276.67213,0.3509117352249337
1278.73959,0.321534593774609
1278.73959,0.35087921176998443
1278.73959,0.321534593774609
1280.80706,0.34497773416590793
1280.80706,0.30976422572575235
1280.80706,0.3391088437211287
1280.80706,0.30976422572575235
1280.80706,0.33323995327634853
1280.80706,0.30976422572575235
1280.80706,0.3215020895010504
1280.80706,0.3273709799458306
1282.87452,0.3214696047233191
1282.87452,0.3156007142785389
1282.87452,0.29212498672794274
1282.87452,0.2862560962831635
1282.87452,0.29212498672794274
1282.87452,0.30386285050324086
1282.87452,0.29212498672794274
1282.87452,0.25691147828778715
1282.87452,0.2979939600584607
1282.87452,0.251042587843007
1282.87452,0.2451736145124891
1282.87452,0.2627803687325673
1284.94198,0.26861687662391676
1284.94198,0.22166550440846305
1284.94198,0.2803547403992148
1284.94198,0.2803547403992148
1284.94198,0.23927225862854037
1284.94198,0.2803547403992148
1287.00944,0.2627154571927922
1287.00944,0.2275019487526366
1287.00944,0.2627154571927922
1287.00944,0.21576416786307623
1287.00944,0.2333709220831545
1287.00944,0.2744533209680903
1289.07691,0.198124986724157
1289.07691,0.20399387716893716
1289.07691,0.25094524938439083
1289.07691,0.20986276761371736
1289.07691,0.1922560133936391
1289.07691,0.25094524938439083
1291.14437,0.24504386863048427
1291.14437,0.24504386863048427
1293.21183,0.2567493443209565
1293.21183,0.2567493443209565
1295.27929,0.2684548393499905
1295.27929,0.2684548393499905
1297.34676,0.2860292440059445
1297.34676,0.2860292440059445
1299.41422,0.2977347777121965
1299.41422,0.2977347777121965
1301.48168,0.31530922120179056
1301.48168,0.31530922120179056
1303.54914,0.32701471069943044
1303.54914,0.32701471069943044
1305.61661,0.33285141182054173
1305.61661,0.33285141182054173
1307.68407,0.3328191591058382
1307.68407,0.3328191591058382
1309.75153,0.3210490619544004
1309.75153,0.3210490619544004
1311.81899,0.3151479574720414
1311.81899,0.3151479574720414
1313.88646,0.3033778988420534
1313.88646,0.3033778988420534
1315.95392,0.2857389692616161
1315.95392,0.2857389692616161
1318.02138,0.26810005901974077
1318.02138,0.26810005901974077
1320.08884,0.2504611681164272
1320.08884,0.2504611681164272
1322.15631,0.23282229639637667
1322.15631,0.23282229639637667
1324.22377,0.21518344417028107
1324.22377,0.21518344417028107
1326.29123,0.1916756379522304
1326.29123,0.1916756379522304
1328.35869,0.1799057977337783
1328.35869,0.1799057977337783
1330.42616,0.16226700336844446
1330.42616,0.16226700336844446
1332.49362,0.14462814561095377
1332.49362,0.14462814561095377
1334.56108,0.1269893900777636
1336.62854,0.11521962721365506
1338.69601,0.1093186910925983
1340.76347,0.10928674779526713
1342.83093,0.12099268761179498
1344.89839,0.12682967343636867
1346.96586,0.15027351555114268
1349.03332,0.17371729427301164
1351.10078,0.19716117521918206
1353.16824,0.20886712884287856
1355.23571,0.22644207498185137
1357.30317,0.23814815016850258
1359.37063,0.16182047359332805
1359.37063,0.23224749047364018
1361.43809,0.21460898634204156
1363.50556,0.1911015280650576
1365.57302,0.16759417216589675
1367.64048,0.14408675271956004
1369.70794,0.11471054505274461
1371.77541,0.08533427368569714
1373.84287,0.055958021810361955
1375.91033,0.04418854349366595
1377.97779,0.04415694829083083
1380.04526,0.06760109982447259
1382.11272,0.0851762975189337
1384.18018,0.10275151455195665
1386.24764,0.12032675092354242
1388.31511,0.14963987025668107
1390.38257,0.1789530090807838
1392.45003,0.20239719391292957
1394.51749,0.21997250763885792
1396.58496,0.22580997677611805
1398.65242,0.21404079406962667
1400.71988,0.19640265737117926
1402.78734,0.17876454001129558
1404.85481,0.15525746850789604
1406.92227,0.1258815260499313
1408.98973,0.09650568581626799
1411.05719,0.07886764581072599
1413.12465,0.04949176136844869
1415.19212,0.03185375988894079
1417.25958,0.020084668343958778
1419.32704,0.014184569468058404
1421.3945,0.020022270820279322
1423.46197,0.025859991360346585
1425.52943,0.03756670472030429
1427.59689,0.0434044640883069
1429.66435,0.055111216125389266
1431.73182,0.06681798735069018
1433.79928,0.0785247780649905
1435.86674,0.0902315052321159
1437.9342,0.10193833462354088
1440.00167,0.11364518320356039
1442.06913,0.12535196838646467
1444.13659,0.1370588557936704
1446.20405,0.14289678920892102
1448.27152,0.14286585136835914
1450.33898,0.13109715212648715
1452.40644,0.11932838933743932
1454.4739,0.09582186499739485
1456.54137,0.07231527696095352
1458.60883,0.05467768174290719
1460.67629,0.031171215418641592
1462.74375,0.0017957951024218386
1464.81122,0.0
1466.87868,0.0
1468.94614,0.0
1471.0136,0.0
1473.08107,0.0
1475.14853,0.0
1477.21599,0.0
1479.28345,0.007418962872309027
1481.35092,0.04260184289077145
1483.41838,0.08365371572650472
1485.48584,0.13057449834558002
1487.5533,0.2009709449680766
1489.62077,0.24789176611655286
1491.68823,0.3065503876409693
1493.75569,0.31825773917423256
1495.82315,0.3299651100460577
1497.89062,0.32993463633379794
1499.95808,0.324035208777025
1502.02554,0.30052912922447433
1504.093,0.26528520523518934
1506.16047,0.23591019088226992
1508.22793,0.21240416934550094
1510.29539,0.18889808426155516
1512.36285,0.17126099184668916
1514.43032,0.18296853661916182
1516.49778,0.08316660222590541
1516.49778,0.05382198423053
1516.49778,0.06555984800582713
1516.49778,0.23575849976182683
1516.49778,0.07142873845060732
1516.49778,0.07729771178112523
1516.49778,0.05969095756104789
1518.56524,0.36484447245388374
1518.56524,0.37071336289866397
1518.56524,0.25920386424767833
1518.56524,0.35897549912336585
1518.56524,0.0890052124916786
1518.56524,0.38245122667396203
1518.56524,0.37658233622918186
1518.56524,0.3531066086785857
1520.6327,0.1359263238666881
1520.6327,0.5584885080342977
1520.6327,0.5995709898049713
1520.6327,0.581964235584893
1520.6327,0.1007128154265325
1520.6327,0.5702263718095949
1520.6327,0.576095262254375
1520.6327,0.12418846009139001
1520.6327,0.09484392498175231
1520.6327,0.39415882960881593
1520.6327,0.10658170587131269
1520.6327,0.11245067920183058
1520.6327,0.5878331260296731
1520.6327,0.11831956964660982
1520.6327,0.593702099360191
1520.6327,0.265042576737752
1520.6327,0.5643574813648157
1520.6327,0.4587168731586092
1520.6327,0.4645858464891271
1520.6327,0.4704547369339073
1520.6327,0.4763236273786875
1520.6327,0.38828985627829804
1520.6327,0.4000277200535961
1520.6327,0.1300574334219079
1520.6327,0.3472074573933613
1520.6327,0.40589661049837533
1520.6327,0.1417952143114683
1522.70017,0.2180609628741896
1522.70017,0.24153660753904713
1522.70017,0.14763394599387747
1522.70017,0.3413082424147347
1522.70017,0.2121920724294094
1522.70017,0.15937180976917556
1522.70017,0.15350283643865764
1522.70017,0.17697856398925382
1522.70017,0.171109590658735
1522.70017,0.16524070021395573
1522.70017,0.3295704615251753
1522.70017,0.2884879797545008
1522.70017,0.28261908930972157
1522.70017,0.2767501988649414
1522.70017,0.27088122553442345
1522.70017,0.18284745443403305
1522.70017,0.3060947339745791
1522.70017,0.30022584352979886
1522.70017,0.2943569530850187
1522.70017,0.41173534218078456
1522.70017,0.20045420865411134
1522.70017,0.3060947339745791
1522.70017,0.6112786119321606
1522.70017,0.20632309909889152
1522.70017,0.18871634487881325
1522.70017,0.6054096386016427
1522.70017,0.2239298533189698
1522.70017,0.23566771709426693
1522.70017,0.19458531820933114
1522.70017,0.48216235906109667
1522.70017,0.2532744713143452
1522.70017,0.2297988266494877
1522.70017,0.5525893759414088
1522.70017,0.24740558086956502
1522.70017,0.45281774106572126
1524.76763,0.3178023755866509
1524.76763,0.4880010273426506
1524.76763,0.6229861706584947
1524.76763,0.35888477447158673
1524.76763,0.4175740104623385
1524.76763,0.4938700006731685
1524.76763,0.44691862845771485
1524.76763,0.25911313959589916
1524.76763,0.4997388911179487
1524.76763,0.6171172802137145
1524.76763,0.3354091298067292
1524.76763,0.31193348514187075
1524.76763,0.5466902633334024
1524.76763,0.3236712660314311
1524.76763,0.26498211292641705
1526.83509,0.5349221967334409
1526.83509,0.5231843329581428
1526.83509,0.6288249411643492
1526.83509,0.540791087178221
1526.83509,0.5055775787380654
1526.83509,0.5290533062886607
1526.83509,0.6581694762739869
1526.83509,0.6875140942693623
1526.83509,0.681645203824583
1526.83509,0.42341269808245524
1526.83509,0.42928167141297313
1526.83509,0.4351505618577533
1526.83509,0.4410194523025335
1526.83509,0.6640384496045048
1526.83509,0.5114465520685834
1526.83509,0.669907340049285
1526.83509,0.6933829847141425
1526.83509,0.6523005858292067
1526.83509,0.41167491719289484
1526.83509,0.5173154425133626
1528.90255,0.7109596383338569
1528.90255,0.716828528778637
1528.90255,0.705090665003339
1528.90255,0.6992217745585588
1528.90255,0.646401511898325
1528.90255,0.6757460470079636
1528.90255,0.6346636481230268
1530.97002,0.640502374274415
1530.97002,0.7226672549300253
1533.03748,0.7285060834516605
1535.10494,0.7284759579813396
1537.1724,0.7284458518495807
1539.23987,0.7225467915803884
1541.30733,0.7166478336810671
1543.37479,0.7166177855650889
1545.44225,0.7224566472324537
1547.50972,0.728295610979014
1549.57718,0.7341345113235966
1551.64464,0.7223666767866639
1551.64464,0.7164977863418837
1551.64464,0.7106288958971035
1551.64464,0.7047599225665856
1551.64464,0.6930220587912875
1551.64464,0.6871531683465073
1551.64464,0.6988910321218055
1551.64464,0.7282356501171818
1553.7121,0.6812543264786544
1553.7121,0.6753853531481364
1553.7121,0.6871232169234336
1555.77957,0.6518797762540379
1555.77957,0.6694865304741162
1555.77957,0.6577486666988182
1555.77957,0.6870932846941936
1555.77957,0.6636176400293361
1557.84703,0.640111999732885
1557.84703,0.645980973063403
1559.91449,0.6283443254360335
1559.91449,0.6342132158808128
1559.91449,0.6048685978854373
1559.91449,0.6166064616607354
1559.91449,0.6224753521055156
1559.91449,0.6107375712159553
1561.98195,0.598969833371927
1561.98195,0.5872319695966289
1561.98195,0.5931009429271468
1564.04942,0.5813332242773245
1564.04942,0.4580858618510407
1566.11688,0.5460898804456575
1566.11688,0.5578276613352179
1566.11688,0.42871149134989167
1566.11688,0.5636966346657358
1566.11688,0.5519587708904377
1566.11688,0.5754344155552952
1566.11688,0.5695655251105151
1568.18434,0.4991086921772544
1568.18434,0.5401910910621902
1568.18434,0.5284533101726298
1568.18434,0.40520594774634605
1568.18434,0.49323980173247417
1570.2518,0.3230112703763492
1570.2518,0.5342924039030224
1570.2518,0.41691401480725654
1570.2518,0.3582247788165048
1570.2518,0.4462586328026329
1570.2518,0.317142379931569
1570.2518,0.4697342774674904
1570.2518,0.5225545401277243
1570.2518,0.504947785907647
1570.2518,0.5166856496829441
1570.2518,0.38170050636710096
1570.2518,0.5108167592381648
1570.2518,0.4873410316875687
1572.31927,0.36406397462721607
1572.31927,0.3053747386364643
1572.31927,0.4814423637229819
1572.31927,0.475573390392464
1572.31927,0.46383560950290365
1572.31927,0.428622101062748
1572.31927,0.38167072884729436
1572.31927,0.38753961929207453
1572.31927,0.41101534684266977
1572.31927,0.352326110851918
1572.31927,0.4227531277322301
1572.31927,0.45796663617238575
1572.31927,0.37580183840251413
1572.31927,0.36993286507199624
1572.31927,0.36993286507199624
1572.31927,0.4403598819523084
1572.31927,0.45209774572760647
1572.31927,0.3288504661870605
1572.31927,0.33471935663184066
1572.31927,0.3405882470766199
1572.31927,0.3112437119669822
1574.38673,0.3464274623699691
1574.38673,0.43446123347035953
1574.38673,0.3522963528147493
1574.38673,0.27013147215914
1574.38673,0.2642625817143598
1574.38673,0.2583936083838419
1574.38673,0.24078685416376364
1574.38673,0.24665582749428155
1574.38673,0.4051166154749832
1574.38673,0.3933788345854237
1574.38673,0.3992477250302039
1574.38673,0.29947609015451543
1576.45419,0.32292199612076705
1576.45419,0.27597070679105107
1576.45419,0.28183959723583124
1576.45419,0.29357746101112836
1576.45419,0.2524949792404549
1576.45419,0.23488822502037662
1576.45419,0.22901933457559737
1576.45419,0.22315036124507948
1576.45419,0.21728147080029928
1578.52165,0.28767876832056644
1578.52165,0.2818098778757872
1578.52165,0.19964499722017698
1578.52165,0.21138286099547504
1580.58912,0.20548418749986724
1580.58912,0.19374640661030687
1580.58912,0.25243555971532095
1582.65658,0.24653698858771464
1582.65658,0.18784775259696287
1582.65658,0.17610997170740345
1582.65658,0.1819788621521827
1584.72404,0.20542484547277787
1584.72404,0.1936870645832175
1584.72404,0.25237621768823154
1584.72404,0.18781809125269958
1584.72404,0.24650732724345134
1584.72404,0.22303159969285613
1584.72404,0.21129381880329576
1584.72404,0.21716270924807593
1584.72404,0.2641140814635296
1584.72404,0.2582451081330117
1584.72404,0.2875897261283871
1584.72404,0.293458699458905
1584.72404,0.1819492008079194
1584.72404,0.17608031036314015
1586.7915,0.28169119367790646
1586.7915,0.2758223032331263
1586.7915,0.2699533299026084
1586.7915,0.24647768523774993
1586.7915,0.2992979478979838
1586.7915,0.22887093101767259
1586.7915,0.2699533299026084
1586.7915,0.19952631302229623
1588.85897,0.28166157086753324
1588.85897,0.23471019865207862
1588.85897,0.3462196973030643
1588.85897,0.3168750793076889
1588.85897,0.34035072397254634
1588.85897,0.3344818335277671
1588.85897,0.31100618886290865
1588.85897,0.32274396975246905
1588.85897,0.30513721553239076
1588.85897,0.24057908909685882
1588.85897,0.32861294308298694
1590.92643,0.29336983131434785
1590.92643,0.35792787486414207
1590.92643,0.3520589844193619
1592.99389,0.3168158919892856
1592.99389,0.3637672642047393
1592.99389,0.3578982908742214
1595.06135,0.36960658999816065
1595.06135,0.3402619720027843
1597.12882,0.3695770445425051
1597.12882,0.34023242654712876
1599.19628,0.32846511968342845
1599.19628,0.36367862812358404
1599.19628,0.32846511968342845
1599.19628,0.34020290057298785
1601.26374,0.363649121488006
1601.26374,0.3343045034926306
1601.26374,0.32256663971733246
1601.26374,0.3577801481574881
1601.26374,0.28735313127717593
1601.26374,0.3460423672679277
1603.3312,0.316668261975537
1603.3312,0.22863449087514753
1603.3312,0.24624124509522488
1603.3312,0.2345033813199268
1603.3312,0.2579790259847852
1603.3312,0.35188177041569263
1603.3312,0.24624124509522488
1603.3312,0.3577506608604728
1603.3312,0.25211013554000505
1605.39867,0.26381853121436427
1605.39867,0.310769903429818
1605.39867,0.2168671589989106
1605.39867,0.15817800589389655
1605.39867,0.16991578678345598
1605.39867,0.24034280366376812
1605.39867,0.12296441456800229
1605.39867,0.16404689633867672
1605.39867,0.15230903256337863
1605.39867,0.2227360494436908
1607.46613,0.26965797303934713
1607.46613,0.11706607550342478
1607.46613,0.30487148147950277
1607.46613,0.12880393927872286
1607.46613,0.21683771037911329
1607.46613,0.29900259103472254
1607.46613,0.13467282972350306
1607.46613,0.10532821172812763
1607.46613,0.14641069349880112
1607.46613,0.17575531149417747
1607.46613,0.1874930923837369
1609.53359,0.11116775577741006
1609.53359,0.2109393906530976
1609.53359,0.20507041732257972
1609.53359,0.18746366310250145
1609.53359,0.2931042713087069
1609.53359,0.09942989200211198
1609.53359,0.14051229088704778
1609.53359,0.28136640753340975
1609.53359,0.2754975170886296
1609.53359,0.14638126421756567
1609.53359,0.28723529797818903
1609.53359,0.18159477265772125
1611.60105,0.09353159161465913
1611.60105,0.19330322649034667
1611.60105,0.19917211693512687
1611.60105,0.09353159161465913
1613.66851,0.04655082879509464
1613.66851,0.08763322768003043
1615.73598,0.08173496582768511
1615.73598,0.07586607538290492
1615.73598,0.005438975616855073
1615.73598,0.06999710205238703
1615.73598,0.06412821160760684
1615.73598,0.058259321162827594
1617.80344,0.03475424168533857
1617.80344,0.02301637791004049
1617.80344,0.0171474874652603
1617.80344,0.011278597020480112
1617.80344,0.052360995905416846
1617.80344,0.0
1617.80344,0.04649210546063665
1617.80344,0.04062313213011876
1617.80344,0.005409623689962216
1617.80344,0.0
1617.80344,0.028885351240558382
1619.8709,0.0
1621.93836,0.0
1624.00583,0.0
1626.07329,0.0
1628.14075,0.005263153992479733
1630.20821,0.034578536092431444
1632.27568,0.06976282783445532
1634.34314,0.10494713905640517
1636.4106,0.12839368872735557
1638.47806,0.14597128440635274
1640.54553,0.163548899283016
1642.61299,0.18112653363922923
1698.43448,0.40336652073977036
1698.43448,0.4092354940702883
1698.43448,0.39749763029499113
1700.50194,0.391600161466748
1702.5694,0.37983373864654874
1702.5694,0.37396484820176856
1702.5694,0.3857026290913289
1704.63686,0.36806733516491136
1706.70433,0.22718478089860947
1706.70433,0.2095780266785312
1706.70433,0.3621699242144526
1706.70433,0.21544691712331138
1706.70433,0.22131580756809158
1708.77179,0.18020490765403352
1708.77179,0.3562724498548134
1708.77179,0.3504035594100332
1708.77179,0.16846704387873543
1708.77179,0.19781166187411178
1708.77179,0.17433601720925426
1708.77179,0.20368055231889198
1708.77179,0.2330251703142674
1708.77179,0.19194277142933158
1710.83925,0.14496291752331938
1710.83925,0.16256967174339765
1710.83925,0.3386372139441766
1710.83925,0.2506034428437871
1710.83925,0.32689943305461716
1710.83925,0.303423705504021
1710.83925,0.3445061872746945
1710.83925,0.33276832349939733
1710.83925,0.24473455239900693
1710.83925,0.18604531640825517
1710.83925,0.23886557906848904
1712.90671,0.13319659139602558
1712.90671,0.15667231894662173
1712.90671,0.15080334561610384
1712.90671,0.2975263527072451
1712.90671,0.25644387093657156
1712.90671,0.13906548184080575
1712.90671,0.3151331069273234
1712.90671,0.30926421648254315
1712.90671,0.2916574622624649
1712.90671,0.12732770095124538
1712.90671,0.32100199737210355
1714.97418,0.2681532915609078
1714.97418,0.2622844011161276
1714.97418,0.2740222648914257
1714.97418,0.28576004578098513
1714.97418,0.2798911553362059
1714.97418,0.12143028446976563
1717.04164,0.12140186079498785
1719.1091,0.12137345645877193
1721.17656,0.12134507146111881
1723.24403,0.12131670566487365
1723.24403,0.12131670566487365
1725.31149,0.08020596045950364
1725.31149,0.08607485090428382
1725.31149,0.10955057845487999
1725.31149,0.12128835934443942
1727.37895,0.0977843876977086
1727.37895,0.12126003236256612
1727.37895,0.07430874303285014
1727.37895,0.09191549725292841
1729.44641,0.0860182162791
1729.44641,0.09775608005439809
1729.44641,0.050804707838944405
1729.44641,0.12123172471925561
1729.44641,0.10949394382969617
1729.44641,0.06841146205902174
1729.44641,0.11536283427447543
1729.44641,0.04493581739416422
1729.44641,0.10362497049917828
1731.51388,0.03903855562211881
1731.51388,0.056645392727934785
1731.51388,0.03316966517733862
1731.51388,0.07425214694801212
1731.51388,0.06251428317271403
1733.58134,0.03314139621124606
1733.58134,0.06835490465140166
1733.58134,0.027272505766465872
1735.6488,0.027244256138936114
1735.6488,0.02137528280841822
1735.6488,0.05071990080379457
1737.71626,0.02134705251945126
1737.71626,0.04482278007004743
1737.71626,0.015478162074671075
1739.78373,0.009581060543080075
1739.78373,0.027187814763158347
1741.85119,0.009552868931330125
1741.85119,0.027159623151408397
1743.91865,0.03886923176778162
1743.91865,0.009524696658142975
1745.98611,0.04471005216367517
1745.98611,0.009496543723518628
1748.05358,0.0035994366609075636
1748.05358,0.06815756309643951
1750.12104,0.08573620305911045
1750.12104,0.003571322403500223
1752.1885,0.11505272613564227
1754.25596,0.15023815899551707
1756.32343,0.19716147483359428
1758.39089,0.2382158368154663
1760.45835,0.2616635468015605
1762.52581,0.2851111932404789
1764.59328,0.30855894176841625
1766.66074,0.3378755173293328
1768.7282,0.3437165504496923
1770.79566,0.33781965624757787
1772.86313,0.31431610991477826
1774.93059,0.29081258305554214
1776.99805,0.26730899264913116
1779.06551,0.2438055044670188
1781.13298,0.22617092593371604
1783.20044,0.20853636687360277
1785.2679,0.19677071759683246
1787.33536,0.17913619721384383
1789.40283,0.1732395598105559
1791.47029,0.1790807227696427
1793.53775,0.19079087839781117
1795.60521,0.2025009704788038
1797.67268,0.21421116465030987
1799.74014,0.2200524049637412
1801.8076,0.23176263794625135
1803.87506,0.2376039169368064
1805.94252,0.23170743437636387
1808.00999,0.21407310724586828
1810.07745,0.1964387995873456
1812.14491,0.17880451126738575
1812.14491,0.22575588348284037
1812.14491,0.21401801970754228
1812.14491,0.21988691015232248
1812.14491,0.23162477392761963
1814.21237,0.20225264117092448
1814.21237,0.20812161450144237
1814.21237,0.10248100629523692
1814.21237,0.23746614961108006
1814.21237,0.21399050494622257
1814.21237,0.19638375072614428
1814.21237,0.1553013518412085
1814.21237,0.1905148602813641
1814.21237,0.10834997962575482
1816.27984,0.13179812873491076
1816.27984,0.09071572984997497
1816.27984,0.16701163717506637
1816.27984,0.1728806105055852
1816.27984,0.17874950095036446
1816.27984,0.19048736472566252
1816.27984,0.15527385628550694
1816.27984,0.1611427467302871
1816.27984,0.14940488295498902
1816.27984,0.18461839139514463
1816.27984,0.1141913745148325
1816.27984,0.09658462029475516
1816.27984,0.14353599251020885
1818.3473,0.13763954309558918
1818.3473,0.1200327888755109
1818.3473,0.1200327888755109
1818.3473,0.08481928043535529
1818.3473,0.0789503899905751
1820.41476,0.07305404280025594
1820.41476,0.13174319590527
1820.41476,0.10826755124041249
1820.41476,0.1258743054604898
1822.48222,0.06128874161798168
1822.48222,0.10237114050291841
1822.48222,0.06715763206276186
1822.48222,0.05541985117320243
1824.54969,0.11408158607723068
1826.61715,0.12579205112277053
1828.68461,0.13750245262113453
1830.75207,0.14921295634379905
1832.81954,0.16679236971760916
1834.887,0.17263402167271238
1836.95446,0.1726067196358586
1839.02192,0.16084157316226957
1841.08939,0.1432075554506408
1843.15685,0.13144244765426968
1845.22431,0.1138084687516812
1847.29177,0.10204339963243665
1849.35924,0.07854056883074438
1851.4267,0.06677553838871589
1853.49416,0.04327274639569077
1855.56162,0.0256388641860077
1857.62909,0.01974278207337269
1859.69655,0.019715692760985837
1859.69655,0.0
1859.69655,0.0
1859.69655,0.0
1861.76401,0.0020818685670835166
1861.76401,0.03729537700724006
1863.83147,0.05487516347779385
1863.83147,0.007923791262339223
1863.83147,0.03139943592719768
1865.89894,0.025503514055017083
1865.89894,0.06658591293995288
1865.89894,0.019634540724499185
1865.89894,0.013765650279718999
1865.89894,0.03724129494457746
1867.9664,0.0900346285325048
1867.9664,0.043083256317051115
1870.03386,0.07826977213772528
1870.03386,0.04892515414234986
1870.03386,0.05479412747286776
1870.03386,0.060663017917647
1870.03386,0.06653190836242719
1870.03386,0.10761439013310163
1870.03386,0.07240088169294508
1872.10132,0.1134563072969613
1872.10132,0.10758741685218204
1872.10132,0.13106306151703956
1872.10132,0.08998066263210378
1872.10132,0.08411168930158587
1872.10132,0.09584955307688396
1874.16879,0.15451183499495297
1874.16879,0.10169148944898138
1874.16879,0.11929824366905871
1876.23625,0.1251402823958759
1876.23625,0.1427470366159542
1876.23625,0.14861592706073437
1876.23625,0.1310091728406561
1876.23625,0.13687806328543628
1876.23625,0.17209165461133055
1876.23625,0.17209165461133055
1878.30371,0.16032687557089362
1878.30371,0.15445798512611345
1878.30371,0.1720647393461917
1878.30371,0.16619576601567287
1878.30371,0.18967149356626903
1878.30371,0.17793362979097097
1878.30371,0.18380252023575114
1878.30371,0.2014092744558294
1878.30371,0.18380252023575114
1878.30371,0.19554038401104923
1878.30371,0.2131471382311275
1878.30371,0.18380252023575114
1878.30371,0.20727824778634732
1880.37117,0.21312024230455054
1880.37117,0.18964459763969208
1880.37117,0.18964459763969208
1882.43864,0.20722447514180523
1882.43864,0.20722447514180523
1882.43864,0.2130933655865854
1884.5061,0.2071976178924462
1884.5061,0.2071976178924462
1884.5061,0.2071976178924462
1886.57356,0.1836950524310538
1886.57356,0.21303967042643016
1886.57356,0.1836950524310538
1888.64102,0.20714396140941654
1888.64102,0.1660614796387421
1888.64102,0.21301285185419674
1888.64102,0.1660614796387421
1890.70849,0.19537929827087006
1890.70849,0.18364143449557196
1890.70849,0.14842792605541635
1890.70849,0.18951040782608986
1890.70849,0.14842792605541635
1890.70849,0.20711716204616815
1892.77595,0.20122140882063477
1892.77595,0.13079439194032264
1892.77595,0.16600790038047822
1892.77595,0.17187687371099705
1892.77595,0.160139009935699
1892.77595,0.13079439194032264
1892.77595,0.1777457641557763
1894.84341,0.12489874093908881
1894.84341,0.15424335893446517
1894.84341,0.16011224937924537
1894.84341,0.12489874093908881
1896.91087,0.09552738172582259
1896.91087,0.1424787539412763
1896.91087,0.15421661771657436
1896.91087,0.09552738172582259
1896.91087,0.14834764438605647
1898.97834,0.09550065971729088
1898.97834,0.09550065971729088
1898.97834,0.13658305860222666
1901.0458,0.10134284762139821
1901.0458,0.10134284762139821
1901.0458,0.1365563560615538
1903.11326,0.11305402819458528
1903.11326,0.11305402819458528
1903.11326,0.14239864618996165
1905.18072,0.14237198232641343
1905.18072,0.12476522810633517
1905.18072,0.14824087277119363
1905.18072,0.12476522810633517
1907.24819,0.14234533767259938
1907.24819,0.14821422811737955
1907.24819,0.15995209189267764
1907.24819,0.17755884611275496
1907.24819,0.16582098233745687
1907.24819,0.14234533767259938
1907.24819,0.18342773655753516
1907.24819,0.15408320144789744
1907.24819,0.17168995566797574
1909.31565,0.15405657626156719
1909.31565,0.15405657626156719
1911.38311,0.15402997041379973
1911.38311,0.15402997041379973
1913.45057,0.1481344105740772
1913.45057,0.1481344105740772
1915.51804,0.1422389528301987
1915.51804,0.1422389528301987
1917.5855,0.1304745412229139
1917.5855,0.1304745412229139
1919.65296,0.12457912228470888
1919.65296,0.12457912228470888
1921.72042,0.11281474935454876
1921.72042,0.11281474935454876
1923.78789,0.10105039563487095
1923.78789,0.10105039563487095
1925.85535,0.08341717093714858
1925.85535,0.08341717093714858
1927.92281,0.07165293890850692
1927.92281,0.07165293890850692
1929.99027,0.05401975288791016
1929.99027,0.05401975288791016
1932.05774,0.0481243669677283
1932.05774,0.0481243669677283
1934.1252,0.048097973844426815
1934.1252,0.048097973844426815
1936.19266,0.07154732761028336
1936.19266,0.07154732761028336
1938.26012,0.0891277273841848
1938.26012,0.0891277273841848
1940.32759,0.10083917303879887
1940.32759,0.10083917303879887
1942.39505,0.11255072104513808
1942.39505,0.11255072104513808
1944.46251,0.14186904261011835
1944.46251,0.14186904261011835
1946.52997,0.14771165596306432
1946.52997,0.14771165596306432
1948.59744,0.1476853980828347
1948.59744,0.1476853980828347
1950.6649,0.13005240544814112
1950.6649,0.13005240544814112
1952.73236,0.094812677931933
1952.73236,0.094812677931933
1954.79982,0.07131083352958294
1954.79982,0.07131083352958294
1956.86729,0.04780892545347574
1956.86729,0.04780892545347574
1958.93475,0.024307119728344567
1958.93475,0.024307119728344567
1961.00221,0.0008052504560375427
1961.00221,0.0008052504560375427
1963.06967,0.0
1963.06967,0.0
1965.13714,0.0
1965.13714,0.0
1967.2046,0.0
1967.2046,0.0
1969.27206,0.012438740604094898
1969.27206,0.012438740604094898
1971.33952,0.03588834024014886
1973.40699,0.06520693241944571
1975.47445,0.08278768028793648
1977.54191,0.10623742082550795
1979.60937,0.12381820737112338
1981.67684,0.1296611493545417
1983.7443,0.12376632991251758
1985.81176,0.10026469270324122
1987.87922,0.09436991193834174
1989.94669,0.07673728661161831
1992.01415,0.05910468074863871
1994.08161,0.03560312089370495
1996.14907,0.017970553707850005
1998.21653,0.01794476008063613
2000.284,0.017918985667364707
2002.35146,0.02376220404788668
2004.41892,0.03547424932601299
2006.48638,0.053055370158957706
2008.55385,0.07063642732048031
2010.62131,0.09408639438968545
2012.68877,0.11753638079745246
2014.75623,0.1351174960990021
2016.8237,0.14682974017046213
2018.89116,0.1644108941492297
2020.95862,0.17612317702177988
2023.02608,0.17609761545759384
2025.09355,0.16433420933317539
2027.16101,0.1525709055566488
2029.22847,0.14080753823294542
2031.29593,0.12904419024780484
2033.3634,0.1114119710333229
2035.43086,0.09964866172540121
2037.49832,0.08788545464177815
2039.56578,0.07612218401098018
2041.63325,0.06435893259599608
2043.70071,0.05259578352815471
2045.76817,0.05257043468843557
2047.83563,0.058413995632057535
2049.9031,0.07599543956716649
2051.97056,0.09357690296330544
2054.03802,0.11115838569800623
2056.10548,0.13460877821605097
2058.17295,0.16392816328117377
2060.24041,0.19324756780695435
2062.30787,0.2049602374512185
2064.37533,0.21667284354830776
2066.4428,0.21664768797277187
2068.51026,0.19314690719266023
2070.57772,0.1755150361958916
2072.64518,0.16962104831298383
2074.71265,0.14612024254156847
2076.78011,0.12261953911580038
2078.84757,0.1049877454733753
2080.91503,0.11083161583436865
2082.9825,0.12254447874356517
2085.04996,0.12838838778177836
2087.11742,0.13423231615855338
2089.18488,0.15181421053492608
2091.25235,0.15765817746832234
2093.31981,0.16350216386087627
2095.38727,0.1693462524777335
2097.45473,0.16345241377211492
2099.5222,0.15755867717066752
2101.58966,0.15753385047278573
2103.65712,0.15164015266868655
2105.72458,0.1574842550927096
2107.79205,0.16332837673553835
2109.85951,0.18091038161207837
2111.92697,0.18675462493761896
2113.99443,0.20433666849128365
2116.0619,0.22191873126412812
2118.12936,0.22776294971971173
2120.19682,0.23947616084437603
2122.26428,0.24532041797708526
2122.26428,0.28640289974775873
2122.26428,0.28053392641724084
2122.26428,0.2746650359724616
2124.33175,0.22768904966448988
2124.33175,0.2687715314351643
2126.39921,0.2511400996944953
2126.39921,0.21005770080955954
2126.39921,0.2570090730250132
2126.39921,0.2628779634697934
2128.46667,0.24524663395342491
2128.46667,0.2159020159580495
2128.46667,0.18655748084841087
2130.53413,0.08089231668447705
2130.53413,0.22761532377561827
2130.53413,0.10436804423507322
2130.53413,0.22174643333083904
2130.53413,0.1513194164505269
2130.53413,0.21000856955554095
2130.53413,0.23348421422039847
2130.53413,0.09849907090455531
2130.53413,0.09263018045977513
2130.53413,0.08676129001499494
2130.53413,0.23935318755091636
2132.6016,0.110212397942053
2132.6016,0.01630965351114563
2132.6016,0.06326102572659931
2132.6016,0.19237727859766324
2132.6016,0.1982461690424434
2132.6016,0.2041151423729613
2132.6016,0.11608128838683318
2132.6016,0.022178626841663523
2132.6016,0.0749988895018974
2132.6016,0.06912999905711721
2132.6016,0.110212397942053
2132.6016,0.028047517286443713
2134.66906,0.17474600709707455
2134.66906,0.18061489754185472
2134.66906,0.1688771166522953
2134.66906,0.05736761800130871
2134.66906,0.12192574443684068
2134.66906,0.0691054817766068
2134.66906,0.010416245785855031
2134.66906,0.18648387087237261
2134.66906,0.0
2134.66906,0.0
2134.66906,0.0
2134.66906,0.0
2134.66906,0.004547355341074844
2134.66906,0.03389189045071349
2134.66906,0.039760863781231386
2134.66906,0.0
2136.73652,0.05147422961458186
2136.73652,0.0
2136.73652,0.12777013693967326
2136.73652,0.05147422961458186
2136.73652,0.16298364537982885
2136.73652,0.045605256284063964
2138.80398,0.13948352211158557
2138.80398,0.15122138588688366
2138.80398,0.0
2138.80398,0.15709027633166386
2138.80398,0.033842913905380134
2138.80398,0.0
2138.80398,0.0
2138.80398,0.0
2138.80398,0.14535241255636577
2138.80398,0.13361454878106768
2138.80398,0.033842913905380134
2140.87145,0.0
2140.87145,0.0044739194126587264
2140.87145,0.0
2140.87145,0.0044739194126587264
2140.87145,0.0
2142.93891,0.0
2142.93891,0.0
2145.00637,0.0
2145.00637,0.0
2147.07383,0.0
2147.07383,0.0
2149.1413,0.0
2149.1413,0.0
2151.20876,0.004351913049653423
2151.20876,0.004351913049653423
2153.27622,0.004327569816391975
2153.27622,0.004327569816391975
2155.34368,0.0043032459216914435
2155.34368,0.0043032459216914435
2157.41115,0.0
2157.41115,0.0
2159.47861,0.0
2159.47861,0.0
2161.54607,0.0
2161.54607,0.0
2163.61353,0.0
2163.61353,0.0
2165.681,0.0
2165.681,0.0
2167.74846,0.0
2167.74846,0.0
2169.81592,0.0
2169.81592,0.0
2171.88338,0.0
2171.88338,0.0
2173.95085,0.0
2173.95085,0.0
2176.01831,0.0
2176.01831,0.0
2178.08577,0.0
2178.08577,0.0
2180.15323,0.0
2180.15323,0.0
2182.2207,0.015726575523772327
2182.2207,0.015726575523772327
2184.28816,0.04504714036469581
2184.28816,0.04504714036469581
2186.35562,0.07436772454418021
2186.35562,0.07436772454418021
2188.42308,0.10368832806222836
2188.42308,0.10368832806222836
2190.49054,0.14474673180839778
2190.49054,0.14474673180839778
2192.55801,0.16232951011235056
2192.55801,0.16232951011235056
2194.62547,0.18578128120139925
2194.62547,0.18578128120139925
2194.62547,0.18578128120139925
2196.69293,0.20336409829849195
2196.69293,0.20336409829849195
2196.69293,0.20336409829849195
2198.76039,0.22094693473414645
2198.76039,0.22094693473414645
2198.76039,0.22094693473414645
2200.82786,0.23852979039281688
2200.82786,0.23852979039281688
2200.82786,0.23852979039281688
2202.89532,0.23263693795509413
2202.89532,0.23263693795509413
2202.89532,0.23263693795509413
2204.96278,0.22674418774167093
2204.96278,0.22674418774167093
2204.96278,0.22674418774167093
2207.03024,0.21498248353629362
2207.03024,0.21498248353629362
2207.03024,0.21498248353629362
2209.09771,0.2090897718848232
2209.09771,0.2090897718848232
2209.09771,0.2090897718848232
2211.16517,0.1855903254671025
2211.16517,0.1855903254671025
2211.16517,0.1855903254671025
2213.23263,0.1679597888327248
2213.23263,0.1679597888327248
2213.23263,0.1679597888327248
2215.30009,0.14446029820639106
2215.30009,0.14446029820639106
2217.36756,0.12096090968955907
2217.36756,0.12096090968955907
2219.43502,0.10333043107096306
2219.43502,0.10333043107096306
2221.50248,0.09156886223570813
2221.50248,0.09156886223570813
2223.56994,0.07980731273901508
2223.56994,0.07980731273901508
2225.63741,0.09152151001705634
2225.63741,0.09152151001705634
2227.70487,0.1091046171929576
2227.70487,0.1091046171929576
2229.77233,0.12081885326264145
2229.77233,0.12081885326264145
2231.83979,0.1442708895604485
2231.83979,0.1442708895604485
2233.90726,0.20880542685344033
2233.90726,0.20293653640866016
2233.90726,0.16185405463798572
2233.90726,0.16185405463798572
2233.90726,0.21467431729822053
2235.97472,0.19704399338830877
2235.97472,0.16769945827867108
2235.97472,0.16769945827867108
2238.04218,0.17941368881695985
2238.04218,0.16767590792740042
2238.04218,0.16767590792740042
2238.04218,0.16180693459688159
2238.04218,0.15006915370732213
2238.04218,0.16767590792740042
2238.04218,0.17354479837217965
2238.04218,0.19115155259225794
2238.04218,0.15593804415210233
2238.04218,0.18528266214747774
2240.10964,0.15591451313939353
2240.10964,0.15591451313939353
2240.10964,0.14417664936409544
2242.17711,0.14415313757627296
2242.17711,0.15002211090679085
2242.17711,0.15002211090679085
2244.24457,0.13826075479600192
2244.24457,0.13826075479600192
2244.24457,0.13826075479600192
2246.31203,0.13236830846855502
2246.31203,0.12649941802377482
2246.31203,0.12649941802377482
2248.37949,0.04431108370980029
2248.37949,0.038442193265020096
2248.37949,0.09126245592525398
2248.37949,0.05018005704031818
2248.37949,0.12060707392062939
2248.37949,0.11473810059011148
2248.37949,0.12647596436540956
2248.37949,0.09126245592525398
2248.37949,0.05604894748509743
2250.44696,0.03254978550139644
2250.44696,0.11471466615700572
2250.44696,0.009074140836537981
2250.44696,0.014943031281318169
2250.44696,0.06776337682728975
2250.44696,0.026680895056616253
2250.44696,0.06189440349677185
2250.44696,0.020812004611836066
2250.44696,0.07363226727206994
2250.44696,0.06189440349677185
2250.44696,0.06189440349677185
2252.51442,0.026657480075467997
2252.51442,0.00318183541060954
2252.51442,0.07947774273570186
2252.51442,0.11469125117585748
2252.51442,0.026657480075467997
2254.58188,0.0
2254.58188,0.08532332042363432
2254.58188,0.10293007464371258
2254.58188,0.0
2254.58188,0.10879896508849184
2254.58188,0.0
2256.64934,0.0
2256.64934,0.0
2256.64934,0.0
2256.64934,0.0
2256.64934,0.0
2256.64934,0.0
2256.64934,0.0
2256.64934,0.0
2256.64934,0.0
2256.64934,0.0
2256.64934,0.0
2256.64934,0.09703772500917204
2256.64934,0.0
2256.64934,0.0
2256.64934,0.0
2256.64934,0.09116883456439186
2256.64934,0.0
2258.71681,0.0
2258.71681,0.0
2258.71681,0.0
2258.71681,0.0
2258.71681,0.0
2258.71681,0.0
2258.71681,0.0
2258.71681,0.0
2258.71681,0.0
2260.78427,0.0
2260.78427,0.0
2260.78427,0.0
2260.78427,0.0
2260.78427,0.0
2260.78427,0.0
2260.78427,0.0
2260.78427,0.0
2262.85173,0.0
2262.85173,0.0
2264.91919,0.0
2264.91919,0.0
2266.98666,0.0
2266.98666,0.0
2269.05412,0.0
2269.05412,0.0
2271.12158,0.0
2271.12158,0.0
2273.18904,0.0
2273.18904,0.0
2275.25651,0.0
2275.25651,0.0
2277.32397,0.0
2277.32397,0.0
2279.39143,0.0
2279.39143,0.0
2281.45889,0.0
2281.45889,0.0
2283.52636,0.0
2283.52636,0.0
2285.59382,0.0
2285.59382,0.0
2287.66128,0.0
2287.66128,0.0
2289.72874,0.0
2289.72874,0.0
2289.72874,0.0
2289.72874,0.0
2289.72874,0.0
2291.79621,0.0
2291.79621,0.0
2291.79621,0.0
2291.79621,0.0
2293.86367,0.00858648677383513
2293.86367,0.0
2293.86367,0.0
2293.86367,0.0
2293.86367,0.00858648677383513
2293.86367,0.0
2293.86367,0.0
2295.93113,0.04964595967363905
2295.93113,0.0
2295.93113,0.04964595967363905
2295.93113,0.0
2295.93113,0.0
2297.99859,0.0
2297.99859,0.0
2297.99859,0.06136075103088887
2297.99859,0.008540488370655004
2297.99859,0.08483647858148505
2297.99859,0.049622970141329444
2297.99859,0.08483647858148505
2297.99859,0.055491860586108686
2297.99859,0.0
2300.06606,0.014386408510632474
2300.06606,0.12002701671683792
2300.06606,0.12002701671683792
2300.06606,0.1317647976063983
2300.06606,0.04373102650600883
2300.06606,0.002648627621072099
2300.06606,0.1258959071616181
2300.06606,0.02025538184115037
2300.06606,0.14350266138169637
2300.06606,0.06720675405660405
2300.06606,0.16697838893229255
2300.06606,0.12002701671683792
2302.13352,0.026101321430839843
2302.13352,0.07892158409107372
2302.13352,0.0906594478663718
2302.13352,0.07305269364629353
2302.13352,0.03783918520613793
2302.13352,0.1728243285219811
2302.13352,0.13761082008182549
2302.13352,0.08479055742159161
2302.13352,0.14934868385712358
2302.13352,0.15521757430190375
2302.13352,0.19043108274205936
2302.13352,0.03197021187562003
2302.13352,0.161086464746683
2302.13352,0.17869321896676127
2302.13352,0.1728243285219811
2302.13352,0.11413509253122932
2302.13352,0.1728243285219811
2304.20098,0.3840825305321264
2304.20098,0.24909730433054456
2304.20098,0.1845392607807503
2304.20098,0.21975276922090686
2304.20098,0.2314905501104663
2304.20098,0.3606068029815302
2304.20098,0.35473791253675
2304.20098,0.3664757763120481
2304.20098,0.37234466675682826
2304.20098,0.10824327056992027
2304.20098,0.19627704167031068
2304.20098,0.21388379589038894
2304.20098,0.24909730433054456
2304.20098,0.3782135572016085
2304.20098,0.20214601500082857
2304.20098,0.10237438012514102
2304.20098,0.09650540679462313
2306.26844,0.47796227989933
2306.26844,0.4544866352344715
2306.26844,0.2608122559278766
2306.26844,0.3899285087989405
2306.26844,0.2432055017077983
2306.26844,0.4838312532298479
2306.26844,0.34884602702826606
2306.26844,0.4955690341194082
2306.26844,0.23733661126301814
2306.26844,0.46622441612403187
2306.26844,0.27255011970317466
2306.26844,0.2549433654830964
2306.26844,0.30776362814333025
2306.26844,0.20799199326764273
2306.26844,0.2666812292583945
2306.26844,0.2490743921525785
2306.26844,0.4603555256792517
2306.26844,0.30776362814333025
2306.26844,0.47209338945454976
2306.26844,0.22559874748772005
2308.33591,0.5483664038295561
2308.33591,0.5072840049446193
2308.33591,0.413381260513712
2308.33591,0.44859476895386763
2308.33591,0.39577450629363375
2308.33591,0.2783961171978679
2308.33591,0.30187184474846407
2308.33591,0.554235377160074
2308.33591,0.48967725072454205
2308.33591,0.5601042676048532
2308.33591,0.33121637985810176
2308.33591,0.33121637985810176
2308.33591,0.2960028714179462
2308.33591,0.290133980973166
2308.33591,0.3429542436333999
2308.33591,0.5014151144998401
2310.40337,0.6598530289797936
2310.40337,0.44270300500834026
2310.40337,0.2842422170276377
2310.40337,0.4192273603434818
2310.40337,0.5131300218886514
2310.40337,0.6481151652044955
2310.40337,0.30771786169249615
2310.40337,0.4016206061234035
2310.40337,0.32532461591257444
2310.40337,0.3311935063573537
2310.40337,0.35466923390794985
2310.40337,0.3135867521372763
2310.40337,0.6539841385350135
2310.40337,0.6422462747597154
2310.40337,0.35466923390794985
2310.40337,0.3194557254677942
2310.40337,0.33706247968787156
2310.40337,0.40748949656818373
2310.40337,0.5659502845488853
2310.40337,0.5424746398840278
2312.47083,0.5365828952770623
2312.47083,0.43681126040137475
2312.47083,0.5952720483820764
2312.47083,0.6363545301527499
2312.47083,0.43094228707085686
2312.47083,0.571796403717218
2312.47083,0.5189761410569841
2312.47083,0.4250733966260767
2312.47083,0.38399099774114087
2312.47083,0.38399099774114087
2312.47083,0.6656990652623885
2314.53829,0.6011181868889708
2314.53829,0.4426573160225315
2314.53829,0.5776424593383747
2314.53829,0.671545203769283
2314.53829,0.6304627219986085
2314.53829,0.5248221966781408
2314.53829,0.530691087122921
2314.53829,0.4426573160225315
2314.53829,0.5835114326688926
2314.53829,0.5893803231136727
2316.60576,0.7302115412789267
2316.60576,0.7243426508341475
2316.60576,0.4895858726426159
2316.60576,0.6773912786186929
2316.60576,0.7771629134943814
2316.60576,0.4895858726426159
2316.60576,0.7947696677144588
2316.60576,0.7830318039391606
2316.60576,0.624571015958459
2316.60576,0.6187021255136798
2316.60576,0.6069642617383817
2316.60576,0.689129142393991
2316.60576,0.6832601690634731
2316.60576,0.6128331521831619
2316.60576,0.7360805146094447
2316.60576,0.8006385581592389
2318.67322,0.8064847353433523
2318.67322,0.7419266089078203
2318.67322,0.7595333631278985
2318.67322,0.7184509642429628
2318.67322,0.7654022535726788
2318.67322,0.7888779811232749
2318.67322,0.7477954993526005
2318.67322,0.6949752366923666
2318.67322,0.7008442100228846
2318.67322,0.7712712269031966
2318.67322,0.7125819909124449
2318.67322,0.7067131004676647
2320.74068,0.7536416958752757
2320.74068,0.8475443574204453
2320.74068,0.8592822211957435
2320.74068,0.8534133307509633
2320.74068,0.8123308489802897
2320.74068,0.8768889754158217
2320.74068,0.829937603200368
2320.74068,0.8651511116405236
2320.74068,0.8710200849710416
2322.80814,0.8181770648415277
2322.80814,0.835783819061606
2322.80814,0.882735108391322
2322.80814,0.8416527095063863
2322.80814,0.824045955286308
2324.87561,0.8885813434811873
2326.94307,0.9531167511246573
2326.94307,0.8944275151339055
2326.94307,0.9472477777941385
2329.01053,0.9413561878958592
2329.01053,0.9002737061251846
2329.01053,0.9589629421159365
2331.07799,0.9061199993407653
2331.07799,0.9237267535608445
2331.07799,0.9706781257762973
2331.07799,0.9295956440056238
2331.07799,0.9648091524457804
2331.07799,0.9178578631160634
2331.07799,0.9354646173361407
2331.07799,0.9119888897855465
2331.07799,0.9765470162210784
2333.14546,0.9882622191104415
2333.14546,0.9823932457799227
2333.14546,1.0
2333.14546,0.9941311095552208
2335.21292,0.9941084681175014
2335.21292,0.9882395776727222
2335.21292,0.9999773585622806
2335.21292,0.9823706043422034
2337.28038,0.9060520749179535
2337.28038,0.9001831015874356
2337.28038,0.9764790917982666
2337.28038,0.9236588291380328
2337.28038,0.9177899386932517
2339.34784,0.9647186252623738
2339.34784,0.9588497348175927
2339.34784,0.8003888639511534
2339.34784,0.9705875985928908
2339.34784,0.8942916083820617
2339.34784,0.7945199735063733
2339.34784,0.7886510830615939
2339.34784,0.7769132192862959
2339.34784,0.7827821097310751
2339.34784,0.91189836260214
2339.34784,0.9295051168222173
2339.34784,0.8062578372816713
2341.41531,0.7710217453102974
2341.41531,0.8121041441952332
2341.41531,0.8884001344060632
2341.41531,0.9529582608415952
2341.41531,0.935351506621516
2341.41531,0.9412203970662971
2343.48277,0.7475234536763254
2343.48277,0.8766397065473894
2343.48277,0.8296883343319357
2343.48277,0.7357856727867651
2343.48277,0.8531640618825309
2343.48277,0.7651302078964037
2343.48277,0.8825085969921695
2343.48277,0.9470667234277006
2343.48277,0.7181789185666878
2343.48277,0.7299166994562473
2343.48277,0.8472950885520131
2343.48277,0.8179505534423753
2343.48277,0.8238194438871556
2343.48277,0.7416545632315453
2345.55023,0.712287400491356
2345.55023,0.8590104075824972
2345.55023,0.7533698822620295
2345.55023,0.7592387727068096
2345.55023,0.8707482713577953
2345.55023,0.8355347629176397
2345.55023,0.6770738920511994
2345.55023,0.6888117558264975
2345.55023,0.8648792980272774
2345.55023,0.6829427824959796
2345.55023,0.724025264266654
2345.55023,0.8414036533624198
2347.61769,0.7005270941955435
2347.61769,0.600755459319856
2347.61769,0.6124932402094163
2347.61769,0.5831487050997777
2347.61769,0.6946581208650257
2347.61769,0.5772797317692598
2347.61769,0.6066243497646362
2347.61769,0.6711824762001681
2347.61769,0.6183622135399343
2347.61769,0.7063959846403237
2349.68516,0.5889950893680563
2349.68516,0.5361748267078225
2349.68516,0.4774855907170707
2349.68516,0.5948639798128366
2349.68516,0.571388335147978
2349.68516,0.6652909966931486
2349.68516,0.5244369629325244
2349.68516,0.5420437171526027
2349.68516,0.6242085978082119
2349.68516,0.5479126075973828
2349.68516,0.5537815809279008
2349.68516,0.4774855907170707
2349.68516,0.5185680724877442
2351.75262,0.5302833666482714
2351.75262,0.5654968750884269
2351.75262,0.5596279846436468
2351.75262,0.4422495955478819
2351.75262,0.4422495955478819
2351.75262,0.6359239748544768
2351.75262,0.6593996195193353
2351.75262,0.5126766124281931
2351.75262,0.6535307290745551
2351.75262,0.4950698582081158
2351.75262,0.630055001523959
2353.82008,0.6476392883535659
2353.82008,0.407013619717254
2353.82008,0.4246203739373323
2353.82008,0.4304892643821125
2353.82008,0.48917850037286426
2353.82008,0.6417703979087857
2353.82008,0.5009163641481623
2353.82008,0.407013619717254
2353.82008,0.5067852545929417
2353.82008,0.4363582377126304
2355.88754,0.4832871618761756
2355.88754,0.44220468010550207
2355.88754,0.32482629100973626
2355.88754,0.36003979944989184
2355.88754,0.36590877278040973
2355.88754,0.3306951814545155
2355.88754,0.37764655366997013
2355.88754,0.37764655366997013
2355.88754,0.4187290354406436
2355.88754,0.35417090900511167
2355.88754,0.3483019356745938
2357.95501,0.44805114172849647
2357.95501,0.45392011505901436
2357.95501,0.4773957597238728
2357.95501,0.33654172596324855
2357.95501,0.3541484801833268
2357.95501,0.3424106164080287
2357.95501,0.45978900550379453
2357.95501,0.47152686927909265
2357.95501,0.4128376332883409
2357.95501,0.295459244192575
2357.95501,0.3717552344034051
2357.95501,0.28959035374779485
2357.95501,0.3189349717431712
2357.95501,0.3541484801833268
2357.95501,0.3013282175230929
2357.95501,0.46565789594857476
2360.02247,0.2836990539283241
2360.02247,0.3776017154734947
2360.02247,0.31304358903796276
2360.02247,0.4069463334688701
2360.02247,0.3834706888040126
2360.02247,0.3306503432580401
2360.02247,0.3071746985931826
2360.02247,0.3306503432580401
2360.02247,0.40107744302408993
2362.08993,0.389317189212665
2362.08993,0.2778076905616784
2362.08993,0.2778076905616784
2362.08993,0.2778076905616784
2362.08993,0.3951860796574443
2362.08993,0.24846307256630304
2364.15739,0.1956204392085023
2364.15739,0.22496505720387772
2364.15739,0.2660475389745522
2364.15739,0.25430967519925407
2364.15739,0.27191642941933236
2364.15739,0.23083394764865792
2364.15739,0.2073583029838004
2364.15739,0.2014894125390202
2364.15739,0.2190961667590985
2364.15739,0.2190961667590985
2364.15739,0.242571811423956
2364.15739,0.2190961667590985
2364.15739,0.26017856564403424
2366.22486,0.1545156888564993
2366.22486,0.17799133352135682
2366.22486,0.14864679841171913
2366.22486,0.21320484196151337
2366.22486,0.1897291972966549
2366.22486,0.23668056951210859
2366.22486,0.14277782508120124
2366.22486,0.17799133352135682
2366.22486,0.13690893463642104
2366.22486,0.17212244307657665
2366.22486,0.17799133352135682
2366.22486,0.18386030685187474
2366.22486,0.16038457930127856
2368.29232,0.13101762928555613
2368.29232,0.13688660261607402
2368.29232,0.07232847618054207
2368.29232,0.16623122061145038
2368.29232,0.13688660261607402
2368.29232,0.11341087506547785
2370.35978,0.019485900838522103
2370.35978,0.03122368172808248
2370.35978,0.11925753571420966
2370.35978,0.10165078149413233
2370.35978,0.10751967193891157
2370.35978,0.10165078149413233
2370.35978,0.03709265505860038
2370.35978,0.013616927508004207
2370.35978,0.06643727305397579
2370.35978,0.007748037063224019
2370.35978,0.02535479128330229
2370.35978,0.07817505394353616
2370.35978,0.12512642615898983
2372.42724,0.05467711593545441
2372.42724,0.04293925216015727
2372.42724,0.0664149797107525
2372.42724,0.0664149797107525
2372.42724,0.09575951482039113
2372.42724,0.0018568532752205357
2372.42724,0.08989062437561095
2372.42724,0.06054600638023459
2372.42724,0.08402173393083076
2372.42724,0.10162848815090904
2372.42724,0.048808225490675164
2374.49471,0.0
2374.49471,0.0
2374.49471,0.0
2374.49471,0.03704808760302752
2374.49471,0.0
2374.49471,0.0
2374.49471,0.0
2374.49471,0.03704808760302752
2374.49471,0.0
2376.56217,0.0
2376.56217,0.0
2376.56217,0.0
2376.56217,0.0
2376.56217,0.0
2376.56217,0.0
2376.56217,0.0
2376.56217,0.0
2376.56217,0.0
2378.62963,0.0
2378.62963,0.0
2378.62963,0.0
2378.62963,0.0
2378.62963,0.0
2378.62963,0.0
2378.62963,0.0
2378.62963,0.0
2378.62963,0.0
2378.62963,0.0
2380.69709,0.0
2380.69709,0.0
2380.69709,0.0
2380.69709,0.0
2380.69709,0.0
2380.69709,0.0
2380.69709,0.0
2382.76455,0.0
2382.76455,0.0
2382.76455,0.0
2382.76455,0.0
2382.76455,0.0
2382.76455,0.0
2382.76455,0.0
2384.83202,0.0
2384.83202,0.0
2384.83202,0.0
2384.83202,0.0
2384.83202,0.0
2384.83202,0.0
2386.89948,0.0
2386.89948,0.0
2386.89948,0.0
2386.89948,0.0
2388.96694,0.0
2388.96694,0.0
2388.96694,0.0
2388.96694,0.0
2388.96694,0.0
2391.0344,0.0
2391.0344,0.0
2393.10187,0.0
2393.10187,0.0
2395.16933,0.01921965674469626
2395.16933,0.01921965674469626
2397.23679,0.08375572190003369
2397.23679,0.08375572190003369
2399.30425,0.14829180639393297
2399.30425,0.14829180639393297
2401.37172,0.2128278272341848
2401.37172,0.2128278272341848
2403.43918,0.26562616951574164
2403.43918,0.26562616951574164
2405.50664,0.29494872069952743
2405.50664,0.29494872069952743
2407.5741,0.3242713741076147
2407.5741,0.3242713741076147
2409.64157,0.3653319105234625
2409.64157,0.3653319105234625
2411.70903,0.3887856292782498
2411.70903,0.3887856292782498
2413.77649,0.3946326131515197
2413.77649,0.3946326131515197
2415.84395,0.3711350812537157
2415.84395,0.3711350812537157
2417.91142,0.3417685952582303
2417.91142,0.3417685952582303
2419.97888,0.3241399924824244
2419.97888,0.3241399924824244
2422.04634,0.30651140904518037
2422.04634,0.30651140904518037
2424.1138,0.28888284494649824
2424.1138,0.28888284494649824
2426.18127,0.2595164363057305
2426.18127,0.2595164363057305
2428.24873,0.23601902043948703
2428.24873,0.23601902043948703
2430.31619,0.2242594048013658
2430.31619,0.2242594048013658
2432.38365,0.20663091805702719
2432.38365,0.20663091805702719
2434.45112,0.18900245054627424
2434.45112,0.18900245054627424
2436.51858,0.17137400247915263
2436.51858,0.17137400247915263
2438.58604,0.1537455737505957
2438.58604,0.1537455737505957
2440.6535,0.13611716436059876
2440.6535,0.13611716436059876
2442.72097,0.1126198008740446
2442.72097,0.1126198008740446
2444.78843,0.0891225397164873
2444.78843,0.0891225397164873
2446.85589,0.05975632456697397
2446.85589,0.05975632456697397
2448.92335,0.04799696586183941
2448.92335,0.04799696586183941
2450.99082,0.059713188170157576
2450.99082,0.059713188170157576
2453.05828,0.07729840325187866
2453.05828,0.07729840325187866
2455.12574,0.10075261100268046
2455.12574,0.10075261100268046
2457.1932,0.10660000098622718
2457.1932,0.10660000098622718
2459.26067,0.12418527397978184
2459.26067,0.12418527397978184
2461.32813,0.14763953974636343
2461.32813,0.14763953974636343
2463.39559,0.16522485152098992
2463.39559,0.16522485152098992
2465.46305,0.1828101826341783
2465.46305,0.1828101826341783
2467.53052,0.20626442342722984
2467.53052,0.20626442342722984
2469.59798,0.21798090277285595
2469.59798,0.21798090277285595
2471.66544,0.22382842812652698
2471.66544,0.22382842812652698
2473.7329,0.2355449461492787
2473.7329,0.2355449461492787
2475.80037,0.2531303738522668
2475.80037,0.2531303738522668
2477.86783,0.27658471144179586
2477.86783,0.27658471144179586
2479.93529,0.2941701779251076
2479.93529,0.2941701779251076
2482.00275,0.31762463707750005
2482.00275,0.31762463707750005
2484.07022,0.3352101421352048
2484.07022,0.3352101421352048
2486.13768,0.34692669330377934
2486.13768,0.34692669330377934
2488.20514,0.3645123200271723
2488.20514,0.3645123200271723
2490.2726,0.3644911289833112
2490.2726,0.3644911289833112
2492.34007,0.3468631200698394
2492.34007,0.3468631200698394
2494.40753,0.3116284592630415
2494.40753,0.3116284592630415
2496.47499,0.28813168157010266
2496.47499,0.28813168157010266
2496.47499,0.2705249273500253
2498.54245,0.26463492321572757
2498.54245,0.2881105678805851
2498.54245,0.27637270410528697
2498.54245,0.25289705944042945
2498.54245,0.25289705944042945
2500.60992,0.15310433011180274
2500.60992,0.2528759649874903
2500.60992,0.1178908216716462
2500.60992,0.2587448554322705
2500.60992,0.28222058298286573
2500.60992,0.22353134699211397
2500.60992,0.158973220556582
2500.60992,0.22353134699211397
2500.60992,0.3291718723125817
2500.60992,0.31743409142302226
2500.60992,0.22940023743689414
2500.60992,0.2939583638724261
2500.60992,0.32330298186780243
2502.67738,0.10026299243926924
2502.67738,0.30567515263542455
2502.67738,0.12373863710412676
2502.67738,0.18242787309487854
2502.67738,0.1648211188748012
2502.67738,0.1941656539844389
2502.67738,0.2000346273149568
2502.67738,0.34088866107558013
2502.67738,0.2352481357551124
2502.67738,0.24698591664467276
2502.67738,0.21177240820451718
2502.67738,0.3115440430802047
2502.67738,0.17655889976436062
2502.67738,0.17069000931958045
2502.67738,0.33501977063079996
2502.67738,0.11200077332882867
2502.67738,0.2000346273149568
2502.67738,0.14134539132420504
2502.67738,0.13547650087942484
2502.67738,0.14721436465472293
2502.67738,0.2411170261998926
2502.67738,0.2000346273149568
2502.67738,0.12960752754890695
2502.67738,0.2998062621906444
2502.67738,0.10613188288404848
2502.67738,0.20590351775973698
2502.67738,0.22351027197981432
2504.74484,0.09437296343501357
2504.74484,0.2176203258612973
2504.74484,0.17066895364584267
2504.74484,0.08850407299023338
2504.74484,0.17066895364584267
2504.74484,0.18827570786592093
2506.8123,0.14130329931529226
2506.8123,0.08261414621027821
2506.8123,0.14130329931529226
2506.8123,0.05326952821490186
2508.87977,0.10019988333213402
2508.87977,0.05911740156145959
2508.87977,0.04737962067190015
2508.87977,0.07672415578153785
2508.87977,0.07085526533675766
2508.87977,0.10019988333213402
2508.87977,0.06498637489197748
2510.94723,0.04148964968342522
2510.94723,0.07670315812358082
2510.94723,0.07670315812358082
2513.01469,0.06494439891462622
2513.01469,0.06494439891462622
2513.01469,0.03559978091925081
2515.08215,0.029709848607900543
2515.08215,0.017972067718340166
2515.08215,0.07079233037857403
2515.08215,0.07079233037857403
2515.08215,0.023840958163120356
2517.14962,0.0883781448551475
2517.14962,0.0883781448551475
2519.21708,0.1059639787716104
2519.21708,0.1059639787716104
2521.28454,0.11768094158185687
2521.28454,0.11768094158185687
2523.352,0.1352668141754463
2523.352,0.1352668141754463
2525.41947,0.15285270600673648
2525.41947,0.15285270600673648
2527.48693,0.17043861727754295
2527.48693,0.17043861727754295
2529.55439,0.18215565744213202
2529.55439,0.18215565744213202
2531.62185,0.19387263405954525
2531.62185,0.19387263405954525
2533.68932,0.19385184902547478
2533.68932,0.19385184902547478
2535.75678,0.2055689472058446
2535.75678,0.2055689472058446
2537.82424,0.2055482009494782
2537.82424,0.2055482009494782
2539.8917,0.21139636447645477
2539.8917,0.21139636447645477
2541.95917,0.19963787590754065
2541.95917,0.19963787590754065
2544.02663,0.1878793238916569
2544.02663,0.1878793238916569
2546.09409,0.17612079121433596
2546.09409,0.17612079121433596
2548.16155,0.16436236076131555
2548.16155,0.16436236076131555
2550.22902,0.1526038666613804
2550.22902,0.1526038666613804
2552.29648,0.12910752822454213
2552.29648,0.12910752822454213
2554.36394,0.11734915578730153
2554.36394,0.11734915578730153
2556.4314,0.0997218293581058
2556.4314,0.0997218293581058
2558.49887,0.0997012763881864
2558.49887,0.0997012763881864
2560.56633,0.09968074285628596
2560.56633,0.0762050153056898
2560.56633,0.0820739886362077
2560.56633,0.09381176952576807
2560.56633,0.09968074285628596
2560.56633,0.07033612486090961
2560.56633,0.08794287908098788
2562.63379,0.10552911910772853
2562.63379,0.09379125533243138
2562.63379,0.10552911910772853
2564.70125,0.0937707604776556
2564.70125,0.11724648802825083
2564.70125,0.11724648802825083
2566.76872,0.12309490285782831
2566.76872,0.12309490285782831
2566.76872,0.0996192581929708
2566.76872,0.09375028486245289
2566.76872,0.10548814863775004
2568.83618,0.10546769246019315
2568.83618,0.11720555623549124
2568.83618,0.12894333712505163
2568.83618,0.12894333712505163
2568.83618,0.11133658290497335
2570.90364,0.12892290028605755
2570.90364,0.12892290028605755
2570.90364,0.11718511939649716
2572.9711,0.11129572856554704
2572.9711,0.1289024827856253
2572.9711,0.1289024827856253
2575.03857,0.12301319408035911
2575.03857,0.10540643986028085
2575.03857,0.12301319408035911
2577.10603,0.11712392481236465
2577.10603,0.11712392481236465
2577.10603,0.09951717059228733
2579.17349,0.11123459199719529
2579.17349,0.09949681110763586
2579.17349,0.11123459199719529
2581.24095,0.11121425185110567
2581.24095,0.10534536140632549
2581.24095,0.11121425185110567
2583.30841,0.11119393104357887
2583.30841,0.11119393104357887
2583.30841,0.10532504059879867
2585.37588,0.11117362947646565
2585.37588,0.11117362947646565
2585.37588,0.09943584858690621
2587.44334,0.11702232067667469
2587.44334,0.09941556645659735
2587.44334,0.11702232067667469
2589.5108,0.10526419410963055
2589.5108,0.12287094832970881
2589.5108,0.12287094832970881
2591.57826,0.1345885686518227
2591.57826,0.11698181443174442
2591.57826,0.1463264324271208
2591.57826,0.1287195953213048
2591.57826,0.12285070487652461
2591.57826,0.1345885686518227
2591.57826,0.10524395065644634
2591.57826,0.11111284110122653
2591.57826,0.1345885686518227
2591.57826,0.14045745909660287
2593.64573,0.14630620821472426
2593.64573,0.14630620821472426
2593.64573,0.14630620821472426
2595.71319,0.15802378432831837
2595.71319,0.15802378432831837
2595.71319,0.14628600343875894
2597.78065,0.14626581800135455
2597.78065,0.16974146266621207
2597.78065,0.16974146266621207
2599.84811,0.16972129656737142
2599.84811,0.15798343279207333
2599.84811,0.1638524061225922
2599.84811,0.1814591603426695
2599.84811,0.1814591603426695
2599.84811,0.1462456519025139
2599.84811,0.1814591603426695
2599.84811,0.21667266878282604
2601.91558,0.1873079039297699
2601.91558,0.23425927614522357
2601.91558,0.22839030281470568
2601.91558,0.1873079039297699
2601.91558,0.1520943954896143
2601.91558,0.1873079039297699
2601.91558,0.1755700401544718
2601.91558,0.22252141236992548
2601.91558,0.21665252192514625
2601.91558,0.21078354859462833
2603.98304,0.24010803916838105
2603.98304,0.18728777650814718
2603.98304,0.23423914872360088
2603.98304,0.20489453072822544
2603.98304,0.181418886063367
2603.98304,0.20489453072822544
2603.98304,0.20489453072822544
2603.98304,0.20489453072822544
2606.0505,0.2166122864204627
2606.0505,0.19313655886986653
2606.0505,0.24008793108532023
2606.0505,0.2166122864204627
2606.0505,0.2166122864204627
2606.0505,0.19900553220038442
2608.11796,0.2283299785655241
2608.11796,0.2283299785655241
2608.11796,0.24593673278560235
2608.11796,0.2283299785655241
2608.11796,0.24006784234082218
2610.18543,0.2459166632826402
2610.18543,0.2459166632826402
2610.18543,0.2459166632826402
2610.18543,0.2459166632826402
2612.25289,0.2458966132153601
2612.25289,0.251765586545878
2612.25289,0.251765586545878
2612.25289,0.251765586545878
2614.32035,0.26935231003723803
2614.32035,0.26935231003723803
2614.32035,0.24587658248664188
2614.32035,0.26935231003723803
2616.38781,0.28107016242237975
2616.38781,0.24585657109648643
2616.38781,0.28107016242237975
2616.38781,0.28107016242237975
2616.38781,0.25172554442700434
2618.45528,0.26344341605405697
2618.45528,0.26931230649883714
2618.45528,0.28105017027413426
2618.45528,0.2869190607189145
2618.45528,0.27518119694361637
2618.45528,0.2575744427235391
2618.45528,0.2869190607189145
2618.45528,0.29278795116369466
2618.45528,0.2869190607189145
2618.45528,0.2869190607189145
2618.45528,0.29865692449421255
2618.45528,0.31039470538377295
2618.45528,0.3045258149389927
2620.52274,0.31624370600135426
2620.52274,0.29276797845075814
2620.52274,0.29276797845075814
2620.52274,0.3103747326708364
2620.52274,0.29276797845075814
2622.5902,0.32209264307175883
2622.5902,0.3044858888516806
2622.5902,0.31622375262697866
2622.5902,0.3044858888516806
2622.5902,0.3044858888516806
2624.65766,0.31620381859116586
2624.65766,0.31620381859116586
2624.65766,0.32794159948072527
2624.65766,0.31620381859116586
2626.72513,0.316183903797638
2626.72513,0.316183903797638
2626.72513,0.32792168468719746
2626.72513,0.316183903797638
2628.79259,0.304426144663746
2628.79259,0.304426144663746
2628.79259,0.304426144663746
2628.79259,0.32790178932860353
2630.86005,0.3278819133085705
2630.86005,0.2867995144236347
2630.86005,0.2867995144236347
2630.86005,0.2867995144236347
2632.92751,0.2691729035220881
2632.92751,0.3337310299576191
2632.92751,0.2691729035220881
2632.92751,0.2691729035220881
2634.99498,0.25741520230797893
2634.99498,0.25741520230797893
2634.99498,0.25741520230797893
2637.06244,0.23391973963886914
2637.06244,0.23391973963886914
2637.06244,0.23391973963886914
2639.1299,0.20455532297780427
2639.1299,0.20455532297780427
2639.1299,0.20455532297780427
2641.19736,0.1693220352105201
2641.19736,0.1693220352105201
2641.19736,0.1693220352105201
2643.26483,0.13408876668627104
2643.26483,0.13408876668627104
2643.26483,0.13408876668627104
2645.33229,0.11059329848576617
2645.33229,0.11059329848576617
2645.33229,0.11059329848576617
2647.39975,0.07536006873426372
2647.39975,0.07536006873426372
2647.39975,0.07536006873426372
2649.46721,0.045995831651841956
2649.46721,0.045995831651841956
2649.46721,0.045995831651841956
2651.53468,0.022500421371869025
2651.53468,0.022500421371869025
2651.53468,0.022500421371869025
2653.60214,0.0
2653.60214,0.0
2653.60214,0.0
2655.6696,0.0
2655.6696,0.0
2655.6696,0.0
2657.73706,0.0
2657.73706,0.0
2657.73706,0.0
2657.73706,0.0
2657.73706,0.0
2659.80453,0.0
2659.80453,0.0
2659.80453,0.0
2659.80453,0.0
2661.87199,0.0
2661.87199,0.0
2661.87199,0.0
2661.87199,0.0
2663.93945,0.0
2663.93945,0.0
2663.93945,0.0
2663.93945,0.0
2663.93945,0.0
2666.00691,0.0
2666.00691,0.0
2666.00691,0.0
2666.00691,0.0
2666.00691,0.0
2666.00691,0.0
2666.00691,0.0
2668.07438,0.0
2668.07438,0.010605792522974587
2668.07438,0.010605792522974587
2668.07438,0.010605792522974587
2670.14184,0.01645525726661254
2670.14184,0.0
2670.14184,0.03406201148669081
2670.14184,0.028193038156172915
2670.14184,0.03406201148669081
2670.14184,0.0
2670.14184,0.03406201148669081
2670.14184,0.022324147711392725
2672.2093,0.0
2672.2093,0.03404252223837272
2672.2093,0.05164927645845006
2672.2093,0.05164927645845006
2672.2093,0.11620740289398201
2672.2093,0.05164927645845006
2672.2093,0.010566794687776557
2672.2093,0.0
2672.2093,0.0
2674.27676,0.004678434333241087
2674.27676,0.06923656076877305
2674.27676,0.03989194277339763
2674.27676,0.11031895965370883
2674.27676,0.06923656076877305
2674.27676,0.06923656076877305
2674.27676,0.11618793298422672
2674.27676,0.12205682342900691
2676.34423,0.05161035588346906
2676.34423,0.0868238643236256
2676.34423,0.0868238643236256
2676.34423,0.04574146543868981
2676.34423,0.1220373727637812
2676.34423,0.0868238643236256
2676.34423,0.06921711010354732
2676.34423,0.10443061854370293
2678.41169,0.08093554264630808
2678.41169,0.12201794153124386
2678.41169,0.06332878842622981
2678.41169,0.05745981509571191
2678.41169,0.1044111873111656
2678.41169,0.1044111873111656
2678.41169,0.08680443309108826
2678.41169,0.1044111873111656
2678.41169,0.09854229686638635
2678.41169,0.07506656931579019
2680.47915,0.14547425718786455
2680.47915,0.12786742008204857
2680.47915,0.12786742008204857
2680.47915,0.12199852963726839
2680.47915,0.15134314763264475
2680.47915,0.13960528385734666
2680.47915,0.12786742008204857
2680.47915,0.13373639341256646
2680.47915,0.09265391164189297
2680.47915,0.12786742008204857
2682.54661,0.139585891301934
2682.54661,0.139585891301934
2682.54661,0.15719264552201132
2682.54661,0.139585891301934
2682.54661,0.15132375507723206
2684.61408,0.14543549132194286
2684.61408,0.14543549132194286
2684.61408,0.14543549132194286
2684.61408,0.1571732722115023
2686.68154,0.15128502788852927
2686.68154,0.15715391833330852
2686.68154,0.15128502788852927
2686.68154,0.15128502788852927
2688.749,0.15713458379367565
2688.749,0.15713458379367565
2688.749,0.15713458379367565
2688.749,0.16300355712419448
2690.81646,0.1688531323679046
2690.81646,0.16298424192312538
2690.81646,0.1688531323679046
2690.81646,0.1688531323679046
2692.88393,0.1805717001874104
2692.88393,0.1805717001874104
2692.88393,0.1805717001874104
2692.88393,0.16296494596733307
2694.95139,0.16294566944348188
2694.95139,0.1922902045531196
2694.95139,0.1922902045531196
2694.95139,0.221634822548495
2694.95139,0.22750371299327518
2694.95139,0.20989695877319786
2694.95139,0.1922902045531196
2694.95139,0.21576593210371575
2697.01885,0.20400881114312835
2697.01885,0.1864020569230501
2697.01885,0.1805331664782699
2697.01885,0.174664193147752
2697.01885,0.20400881114312835
2697.01885,0.20400881114312835
2697.01885,0.23335342913850377
2697.01885,0.16879530270297183
2697.01885,0.23922231958328397
2699.08631,0.2450719721813367
2699.08631,0.1981206828516207
2699.08631,0.19225170952110282
2699.08631,0.20985846374118108
2699.08631,0.20985846374118108
2701.15378,0.2509217269107799
2701.15378,0.22157710891540358
2701.15378,0.22157710891540358
2703.22124,0.25677141818605154
2703.22124,0.26850928196134966
2703.22124,0.22742680019067518
2703.22124,0.2626403915165694
2703.22124,0.22742680019067518
2705.2887,0.20980086613965115
2705.2887,0.20980086613965115
2707.35616,0.20391281520248705
2707.35616,0.20391281520248705
2709.42363,0.19215581018083103
2709.42363,0.19215581018083103
2711.49109,0.18039890747610468
2711.49109,0.18039890747610468
2713.55855,0.1686419412242025
2713.55855,0.1686419412242025
2715.62601,0.15101610386608483
2715.62601,0.15101610386608483
2717.69348,0.14512814952966338
2717.69348,0.14512814952966338
2719.76094,0.13337124129354194
2719.76094,0.13337124129354194
2721.8284,0.12161435239598332
2721.8284,0.12161435239598332
2723.89586,0.11572645616750445
2723.89586,0.11572645616750445
2725.96333,0.10396960585528275
2725.96333,0.10396960585528275
2728.03079,0.09808174830402372
2728.03079,0.09808174830402372
2730.09825,0.0863249367608077
2730.09825,0.0863249367608077
2732.16571,0.08043711788667143
2732.16571,0.08043711788667143
2734.23318,0.07454923537394663
2734.23318,0.07454923537394663
2736.30064,0.06866145517702925
2736.30064,0.06866145517702925
2738.3681,0.06277369431867467
2738.3681,0.06277369431867467
2740.43556,0.05101697946836407
2740.43556,0.05101697946836407
2742.50303,0.04512925719609462
2742.50303,0.04512925719609462
2744.57049,0.039241471467782146
2744.57049,0.039241471467782146
2746.63795,0.03922267840855037
2746.63795,0.03922267840855037
2748.70541,0.05094176846317759
2748.70541,0.05094176846317759
2750.77288,0.06266087776570312
2750.77288,0.06266087776570312
2752.84034,0.06851103316703133
2752.84034,0.06851103316703133
2754.9078,0.08609907168222045
2754.9078,0.08609907168222045
2756.97526,0.08021148487111295
2756.97526,0.08021148487111295
2759.04273,0.05671708020246092
2759.04273,0.05671708020246092
2761.11019,0.03909166829327518
2761.11019,0.03909166829327518
2763.17765,0.0038595215025720754
2763.17765,0.0038595215025720754
2765.24511,0.0
2765.24511,0.0
2767.31258,0.0
2767.31258,0.0
2769.38004,0.0
2769.38004,0.0
2771.4475,0.0
2771.4475,0.0
2773.51496,0.0
2773.51496,0.0
2775.58242,0.0
2775.58242,0.0
2777.64989,0.0
2777.64989,0.0
2779.71735,0.0
2781.78481,0.0
2783.85227,0.0
2785.91974,0.0
2787.9872,0.0
2790.05466,0.0
2792.12212,0.0
2794.18959,0.02118902073712958
2796.25705,0.04464641935455057
2798.32451,0.06223486398001552
2800.39197,0.07982332794404327
2802.45944,0.09741181115830717
2804.5269,0.11500031379955193
2806.59436,0.12085097200406236
2808.66182,0.13257062287765348
2810.72929,0.138421319671336
2812.79675,0.13840314544684604
2814.86421,0.14425396389143771
2816.93167,0.13836685501355453
2818.99914,0.12661087494187548
2821.0666,0.11485499718216963
2823.13406,0.10896794632006719
2825.20152,0.09721210723748601
2827.26899,0.07371834074522557
2829.33645,0.06196254033986234
2831.40391,0.03846881261202612
2833.47137,0.014975187108488523
2835.53884,0.0
2837.6063,0.0
2839.67376,0.0
2841.74122,0.0
2843.80869,0.0
2845.87615,0.0
2847.94361,0.0
2850.01107,0.0
2852.07854,0.0
2854.146,0.0
2856.21346,0.008909700639932067
2858.28092,0.02062981563957978
2860.34839,0.026480976561564406
2862.41585,0.020594376018351797
2864.48331,0.008838821483184094
2866.55077,0.0
2868.61824,0.0
2870.6857,0.0
2872.75316,0.0
2874.82062,0.0
2876.88809,0.0
2878.95555,0.0
2881.02301,0.0
2883.09047,0.0
2885.15794,0.0
2887.2254,0.0
2889.29286,0.0
2891.36032,0.0
2893.42779,0.0
2895.49525,0.0
2897.56271,0.0
2899.63017,0.0
2901.69764,0.0
2903.7651,0.0
2905.83256,0.0
2905.83256,0.0
2905.83256,0.0
2905.83256,0.0
2907.90002,0.0
2907.90002,0.0
2909.96749,0.0
2909.96749,0.0
2909.96749,0.0
2912.03495,0.0
2912.03495,0.0
2912.03495,0.0
2912.03495,0.0
2912.03495,0.0
2912.03495,0.0
2912.03495,0.0
2914.10241,0.0
2914.10241,0.0
2916.16987,0.0
2916.16987,0.0
2916.16987,0.0
2918.23734,0.0
2918.23734,0.0
2918.23734,0.0
2918.23734,0.0
2920.3048,0.0
2920.3048,0.0
2920.3048,0.0
2920.3048,0.0
2920.3048,0.0
2920.3048,0.0
2920.3048,0.0
2920.3048,0.0
2922.37226,0.0
2922.37226,0.0
2922.37226,0.0
2922.37226,0.0
2922.37226,0.0
2922.37226,0.0
2922.37226,0.0
2922.37226,0.0
2922.37226,0.0
2924.43972,0.0
2924.43972,0.0
2924.43972,0.0
2924.43972,0.0
2924.43972,0.0
2924.43972,0.0
2924.43972,0.0
2924.43972,0.0
2924.43972,0.0
2926.50719,0.0
2926.50719,0.002448200012078371
2926.50719,0.0
2926.50719,0.0
2926.50719,0.10808872533254611
2926.50719,0.0
2926.50719,0.0
2926.50719,0.002448200012078371
2926.50719,0.008317090456858559
2926.50719,0.10221983488776593
2926.50719,0.11395769866306402
2928.57465,0.014168972523686792
2928.57465,0.043513590519063144
2928.57465,0.03177572674376506
2928.57465,0.025906753413247167
2928.57465,0.0
2928.57465,0.02003786296846698
2928.57465,0.0
2928.57465,0.025906753413247167
2928.57465,0.0
2928.57465,0.0
2928.57465,0.09633385317929702
2928.57465,0.11980949784415454
2928.57465,0.049382480963842394
2930.64211,0.12566131636380787
2930.64211,0.06697216325879381
2930.64211,0.04936540903871553
2930.64211,0.03762754526341839
2930.64211,0.09044780792365226
2930.64211,0.055234299483495716
2930.64211,0.072841053703574
2932.70957,0.061086220227449556
2932.70957,0.1256442637772438
2932.70957,0.08456186489230802
2932.70957,0.08456186489230802
2932.70957,0.07869297444752783
2934.77704,0.1608408217727947
2934.77704,0.15497184844227585
2934.77704,0.11388944955734007
2934.77704,0.13149620377741836
2934.77704,0.14323406755271642
2934.77704,0.13736509422219853
2934.77704,0.14910295799749662
2934.77704,0.12562723044690044
2936.8445,0.1901683429730863
2936.8445,0.16669269830822783
2936.8445,0.1490859440881505
2938.91196,0.20188921217760106
2938.91196,0.1725445941822247
2938.91196,0.16667570373744453
2938.91196,0.1842824579575228
2938.91196,0.19602032173282088
2940.97942,0.20774112739015885
2940.97942,0.1783965922805202
2940.97942,0.21361010072067677
2940.97942,0.1783965922805202
2943.04689,0.2253309256346105
2943.04689,0.19598639052497277
2943.04689,0.2194620351898303
2945.11435,0.20183834441474946
2945.11435,0.23118296241012487
2947.18181,0.20182142719830876
2947.18181,0.23703493563846437
2949.24927,0.17832888465557145
2949.24927,0.24875590153588362
2949.24927,0.2428869282053657
2951.31674,0.15483627848406628
2953.3842,0.13721266506332902
2955.45166,0.10785120720585362
2957.51912,0.06675198779738255
2959.58659,0.031521678091034636
2961.65405,0.0
2963.72151,0.0
2965.78897,0.0
2967.85643,0.0
2969.9239,0.0
2971.99136,0.0
2974.05882,0.0
2976.12628,0.0
2978.19375,0.007895609951070554
2980.26121,0.019616865927299314
2982.32867,0.03133814124208994
2984.39613,0.03132157212014433
2986.4636,0.019567158481462028
2988.53106,0.007812764261437233
2990.59852,0.0
2992.66598,0.0
2994.73345,0.0
2996.80091,0.0
2998.86837,0.0
3000.93583,0.0
3003.0033,0.0
3005.07076,0.0
3007.13822,0.013533833666584857
3009.20568,0.031124250827746294
3011.27315,0.04871468724859045
3013.34061,0.06630514308696984
3015.40807,0.07802672781913184
3017.47553,0.08387935855933874
3019.543,0.07799422767004209
3021.61046,0.07210903331216886
3023.67792,0.07209283162337539
3025.74538,0.0838145130484428
3027.81285,0.09553621373394112
3029.88031,0.11312682428100572
3031.94777,0.13658634461141425
3034.01523,0.1717837480556818
3036.0827,0.20111228031597603
3038.15016,0.2421786128822417
3040.21762,0.2597694030079504
3042.28508,0.2773601295864832
3044.35255,0.3008197658709753
3046.42001,0.318410531126727
3048.48747,0.30665669772566423
3050.55493,0.289033993218384
3052.6224,0.27141130797265706
3054.68986,0.24791975169781558
3056.75732,0.23029710520631616
3058.82478,0.21854336849815878
3060.89225,0.20092076060714945
3060.89225,0.23026537860252486
3060.89225,0.22439640527200697
3060.89225,0.24200315949208523
3060.89225,0.23613426904730503
3060.89225,0.21852751482722677
3062.95971,0.21851168057158543
3062.95971,0.21264279012680617
3062.95971,0.18916706257621
3062.95971,0.24785629856696179
3065.02717,0.20088911143442956
3065.02717,0.20675800187920973
3065.02717,0.1774134667695711
3065.02717,0.21262697520972762
3065.02717,0.19502022098964936
3065.02717,0.18915124765913147
3065.02717,0.18915124765913147
3065.02717,0.18328235721435127
3067.09463,0.15979091697097708
3067.09463,0.1656598074157563
3067.09463,0.1715286978605365
3067.09463,0.18913545208061477
3069.1621,0.18325078531962022
3069.1621,0.15390616732424386
3069.1621,0.1597751406547627
3071.22956,0.15389041042294607
3071.22956,0.12454579242757066
3071.22956,0.13041476575808855
3071.22956,0.17149716464302434
3071.22956,0.13628365620286875
3071.22956,0.14215262953338664
3071.22956,0.14802151997816684
3073.29702,0.12453005486483473
3073.29702,0.11866116442005455
3073.29702,0.15974364619072898
3075.36448,0.14799006419125682
3075.36448,0.11277655575110028
3077.43195,0.14210547478497898
3077.43195,0.10689188345908472
3079.49941,0.1303519314627257
3079.49941,0.10687620391212954
3081.56687,0.11859840747903429
3081.56687,0.10686054370373621
3083.63433,0.11271387616442358
3083.63433,0.1009760123891255
3085.7018,0.09509150033756529
3085.7018,0.11269825455764262
3085.7018,0.10682928122712473
3085.7018,0.10096039078234453
3087.76926,0.09507589814495367
3087.76926,0.1068136790345131
3089.83672,0.10092920573568219
3089.83672,0.09506031529090295
3091.90418,0.08330688800011694
3091.90418,0.09504475177541503
3091.90418,0.08917577844489713
3093.97165,0.09502920752335171
3093.97165,0.08329134374805364
3096.03911,0.08914470935456385
3096.03911,0.08327581890978367
3098.10657,0.09499817718537458
3098.10657,0.07739142296529632
3100.17403,0.09498269102422928
3100.17403,0.08324482724893119
3102.2415,0.08909825079636477
3102.2415,0.09496722412688267
3104.30896,0.08908280331243836
3104.30896,0.08908280331243836
3106.37642,0.0890673751670738
3106.37642,0.07732959427751343
3108.44388,0.07144521214019377
3108.44388,0.08905196636027204
3110.51135,0.08903657681764214
3110.51135,0.06556093215278368
3112.57881,0.07141445246798006
3112.57881,0.09489018001857623
3114.64627,0.10074371967233353
3114.64627,0.10661261011711372
3114.64627,0.14769509188778815
3114.64627,0.1183504738924118
3114.64627,0.13008833766770989
3114.64627,0.08900585589703638
3114.64627,0.14182620144300798
3114.64627,0.13595722811249006
3114.64627,0.12421936433719198
3114.64627,0.11248158344763161
3116.71373,0.15354865088010825
3116.71373,0.10659727866465457
3118.7812,0.17114009291227425
3118.7812,0.15940231202271482
3118.7812,0.13005769402733847
3118.7812,0.2122225746829487
3118.7812,0.19461582046287043
3118.7812,0.2004847109076506
3118.7812,0.2063536013524308
3120.84866,0.17699377346755096
3120.84866,0.15938701924747364
3120.84866,0.16525590969225287
3120.84866,0.21807617235248675
3120.84866,0.18873155435711134
3120.84866,0.22394506279726695
3122.91612,0.22979876269110644
3122.91612,0.19458525425095083
3122.91612,0.18284739047565277
3122.91612,0.2532744073559649
3122.91612,0.26501227113126297
3122.91612,0.2591433806864828
3124.98358,0.24739026281306817
3124.98358,0.23565239903777008
3124.98358,0.2767348808084436
3124.98358,0.2180456448176918
3124.98358,0.27086590747792566
3127.05105,0.28258853642002824
3127.05105,0.2415060546493547
3127.05105,0.23563716420457453
3129.11851,0.2884422114439098
3129.11851,0.2590976763342721
3131.18597,0.3060337695816523
3131.18597,0.29429598869209195
3131.18597,0.26495137069671654
3131.18597,0.3001648791368721
3133.25343,0.2590673035081633
3135.3209,0.2473142822543864
3137.38836,0.22969238996775215
3139.45582,0.20620154368916468
3141.52328,0.1885796900796551
3143.59075,0.1768268290663335
3145.65821,0.165073904578823
3147.72567,0.15332099942987434
3149.79313,0.14156819650522715
3151.8606,0.13568422040566475
3153.92806,0.14153821037831282
3155.99552,0.147392136803786
3158.06298,0.15324608256782007
3160.13044,0.1649690210009358
3162.19791,0.1766919787005622
3164.26537,0.19428384625567605
3166.33283,0.2118757331493527
3168.40029,0.2294676393815903
3170.46776,0.24119059155019565
3172.53522,0.26465150979017005
3174.60268,0.28224347403818834
3176.67014,0.2998354576247695
3178.73761,0.3115585700338302
3180.80507,0.31154383807755104
3182.87253,0.30566015212931674
3184.93999,0.28803870463008485
3187.00746,0.27628624972900384
3189.07492,0.252795867576473
3191.14238,0.22930558764824074
3193.20984,0.20581524417283453
3195.27731,0.19406286662647018
3197.34477,0.18231042560357907
3199.41223,0.17055800391925077
3201.47969,0.16467457490400222
3203.54716,0.1646600556019159
3205.61462,0.17638341948396355
3207.68208,0.1881067198188363
3209.74954,0.19983012237800865
3211.81701,0.20568457087541922
3213.88447,0.2174080121118095
3215.95193,0.22913147268676257
3218.01939,0.2408548697145398
3220.08686,0.2467094784524057
3222.15432,0.24082615993732356
3222.15432,0.270170777932699
3224.22178,0.2760254254172145
3224.22178,0.22320507987124288
3224.22178,0.26428756164191736
3226.28924,0.24079752758388157
3226.28924,0.23492863713910137
3226.28924,0.2584043646896975
3226.28924,0.13515700226341382
3226.28924,0.20558401914372595
3228.35671,0.25252110412124346
3228.35671,0.09992920658532108
3228.35671,0.10579809703010126
3228.35671,0.12927382458069742
3228.35671,0.12340485125017953
3228.35671,0.1820940872409313
3228.35671,0.1410116883559955
3228.35671,0.11753596080539934
3228.35671,0.24665221367646326
3228.35671,0.229045459456385
3230.42417,0.08817707497980228
3230.42417,0.15860417474585214
3230.42417,0.17621092896592946
3230.42417,0.14686631097055405
3230.42417,0.1116528025303975
3230.42417,0.22316221829564545
3230.42417,0.17034195563541157
3230.42417,0.15273520141533328
3230.42417,0.16447306519063137
3230.42417,0.09404604831032018
3232.49163,0.07055607226806516
3232.49163,0.16445881669897253
3232.49163,0.08229393604336324
3232.49163,0.058818291378504785
3232.49163,0.2172790793592064
3232.49163,0.1820655709190508
3232.49163,0.12924530825881692
3232.49163,0.06468718182328498
3232.49163,0.07642504559858306
3234.55909,0.023590470899514486
3234.55909,0.0177215804547343
3234.55909,0.03532833467481257
3234.55909,0.187920232210734
3234.55909,0.09988646111034358
3234.55909,0.052935088894889896
3234.55909,0.029459444230032383
3234.55909,0.04706619845010971
3234.55909,0.21139595976133016
3234.55909,0.1937892055412519
3234.55909,0.19965809598603207
3234.55909,0.20552698643081227
3234.55909,0.04119730800533047
3236.62656,0.01183848012673555
3236.62656,0.00010061635143746591
3236.62656,0.0
3236.62656,0.07052763323174961
3236.62656,0.005969506796217654
3238.69402,0.052906688535793236
3238.69402,0.0
3240.76148,0.03528576317839873
3240.76148,0.0
3242.82894,0.011795966714786832
3242.82894,0.0
3244.89641,0.0
3244.89641,0.0
3244.89641,0.0
3244.89641,0.0
3244.89641,0.0
3246.96387,0.0
3246.96387,0.0
3246.96387,0.0
3249.03133,0.0
3249.03133,0.0
3249.03133,0.0
3251.09879,0.005870579506847128
3253.16626,0.017594388108360056
3255.23372,0.02931821611646526
3257.30118,0.04691095390791251
3259.36864,0.07037260148270275
3261.43611,0.0879653778837135
3263.50357,0.09968928324616037
3265.57103,0.11141320794717005
3267.63849,0.11726817865622557
3269.70596,0.12899214196717285
3271.77342,0.12897826090866518
3273.84088,0.13483328963350052
3275.90834,0.14068842058263634
3277.97581,0.14654348791778243
3280.04327,0.1582675479889164
3282.11073,0.1641226540680934
3284.17819,0.17584675281635204
3286.24566,0.19343976128151386
3288.31312,0.21103278915177062
3290.38058,0.24036361725014962
3292.44804,0.2696945475728282
3294.51551,0.2931566067232246
3296.58297,0.31074971194782397
3298.65043,0.32247386318046733
3300.71789,0.34593598041270923
3302.78536,0.3635291435873054
3304.85282,0.3635155719461691
3306.92028,0.35763312919881546
3308.98774,0.3517506229042869
3311.05521,0.3458682187687413
3313.12267,0.3399857511514297
3315.19013,0.3341033857584196
3317.25759,0.3223520663734534
3319.32506,0.3106008491478453
3321.39252,0.2988495684400971
3323.45998,0.2870983070709108
3325.52744,0.26360928415072776
3327.59491,0.24598917094931844
3329.66237,0.22836907715113267
3331.72983,0.21661789313628987
3333.79729,0.21073570179052872
3335.86476,0.19898455638861534
3337.93222,0.20484018460963155
3339.99968,0.2224336959445068
3342.06714,0.24589619994846365
3344.13461,0.2693586403414235
3346.20207,0.2869522096920804
3348.26953,0.29280801749173885
3350.33699,0.3162705159643006
3352.40445,0.3456020071059412
3354.47192,0.3455888995274173
3356.53938,0.3338379475756023
3358.60684,0.2986113702974936
3360.6743,0.269253702802725
3362.74177,0.23989605458354235
3364.80923,0.21640739909651055
3366.87669,0.1753120087279633
3368.94415,0.13421655481224112
3371.01162,0.09312120305821482
3373.07908,0.06376365159500774
3375.14654,0.040275092800882296
3377.214,0.02852433423487815
3379.28147,0.02851145872050434
3381.34893,0.03436749305179736
3383.41639,0.046092520052169184
3385.48385,0.05781756639110381
3387.55132,0.06954254912100802
3389.61878,0.0812676341371606
3391.68624,0.08125487471657884
3393.7537,0.081242134634558
3395.82117,0.07536052338483834
3397.88863,0.08121671242481658
3399.95609,0.08707292080335761
3402.02355,0.09879812185097746
3404.09102,0.11639223262083297
3406.15848,0.1398553361209698
3408.22594,0.16918726651871097
3410.2934,0.20438818958553281
3412.36087,0.2395891319301833
3414.42833,0.26305231278466273
3416.49579,0.2865154300919663
3418.56325,0.30997864962357136
3420.63072,0.32757291510286024
3422.69818,0.3510360904259455
3424.76564,0.3510236404227342
3426.8331,0.3334044555380074
3428.90057,0.30991639948707816
3430.96803,0.27469049905949106
3433.03549,0.23359564463994886
3435.10295,0.18663191911418925
3437.17042,0.1337993224226013
3439.23788,0.09857349934935682
3441.30534,0.06921658605945624
3443.3728,0.03985977499385523
3445.44027,0.010502900321841514
3447.50773,0.0
3449.57519,0.0
3451.64265,0.0
3453.71012,0.0
3455.77758,0.0
3457.84504,0.004560793338614483
3459.9125,0.01628653586663542
3461.97997,0.016274433899431468
3464.04743,0.010393460884593026
3466.11489,0.004512424322577793
3468.18235,0.0
3470.24982,0.0
3472.31728,0.0
3474.38474,0.0
3476.4522,0.010321371516213486
3478.51967,0.022047205148004255
3480.58713,0.04551100483722644
3482.65459,0.06897474097927372
3484.72205,0.09830746979039982
3486.78952,0.12764021788272423
3488.85698,0.15697298537107016
3490.92444,0.1745679084226789
3492.9919,0.18042498703755333
3495.05937,0.16867533071392
3497.12683,0.14518791289637464
3499.19429,0.13343829530695156
3501.26175,0.10995091616652994
3503.32922,0.08059458297753597
3505.39668,0.045369378739035154
3507.46414,0.01601308428387734
3509.5316,0.010132536717876601
3511.59907,0.010120898878975692
3513.66653,0.010109280434973092
3515.73399,0.027704435549612508
3517.80145,0.0452996100028119
3519.86892,0.06876369418348614
3521.93638,0.08635890731390537
3524.00384,0.09221635889332702
3526.0713,0.10981161070086996
3528.13877,0.12740688179148074
3530.20623,0.14500217227624257
3532.27369,0.156728591654787
3534.34115,0.16258605704137447
3536.40862,0.15670576082184537
3538.47608,0.15669437444087153
3540.54354,0.15081403406794167
3542.611,0.139064905474534
3544.67846,0.12144674000343167
3546.74593,0.10969765003249328
3548.81339,0.10381738701390697
3550.88085,0.09206833577484193
3552.94831,0.08031922098860007
3555.01578,0.08030798926193972
3557.08324,0.09203464070351293
3575.6904,0.4147251491205235
3575.6904,0.4029872853452254
3575.6904,0.40885625867574327
3577.75786,0.3971073759525302
3579.82533,0.3912274858452407
3581.89279,0.37360975135446634
3581.89279,0.3853475322440258
3581.89279,0.36774077802394844
3581.89279,0.3794786417992465
3581.89279,0.36187188757916827
3581.89279,0.3207894058084938
3583.96025,0.35599203620225384
3583.96025,0.3266474182068775
3583.96025,0.3149095544315803
3586.02771,0.3501121212781645
3586.02771,0.30902972239322873
3586.02771,0.3325053670580862
3586.02771,0.3442432308333843
3586.02771,0.3383742575028664
3588.09518,0.1329511749989185
3588.09518,0.3031498267549182
3588.09518,0.1446890387742166
3588.09518,0.1388201483294364
3590.16264,0.1153335178624858
3590.16264,0.1270713816377839
3590.16264,0.19749839851809603
3590.16264,0.26205652495362797
3590.16264,0.26792541539840725
3590.16264,0.20923626229339412
3590.16264,0.2503186611783299
3590.16264,0.17989164429801777
3590.16264,0.27379438872892514
3590.16264,0.20336728896287623
3590.16264,0.17402275385323757
3590.16264,0.2796632791737053
3590.16264,0.2972700333937836
3590.16264,0.18576053474279794
3590.16264,0.2561876345088478
3590.16264,0.2855321696184855
3590.16264,0.1505470263026414
3592.2301,0.15640511605536955
3592.2301,0.16814289694492898
3592.2301,0.21509426916038268
3592.2301,0.19161862449552516
3592.2301,0.12119152472947531
3592.2301,0.10358477050939703
3592.2301,0.23856991382524112
3592.2301,0.10945374383991492
3592.2301,0.23270102338046095
3592.2301,0.1622740065001488
3592.2301,0.24443888715575904
3592.2301,0.2913902593712127
3594.29756,0.08009826160530975
3594.29756,0.09183612538060783
3594.29756,0.22095229536593308
3594.29756,0.22682126869645097
3594.29756,0.09770501582538707
3594.29756,0.07422937116052956
3594.29756,0.08596715205008994
3596.36503,0.06248066243215651
3596.36503,0.0683495528769367
3598.43249,0.050731973094847546
3598.43249,0.06246983687014563
3598.43249,0.05660094642536544
3600.49995,0.05072116687139853
3602.56741,0.05071037998651231
3604.63488,0.05069961238815404
3606.70234,0.03895108329092634
3606.70234,0.044819973735705586
3606.70234,0.033082109960408446
3608.7698,0.033071381091302976
3608.7698,0.02720249064652279
3610.83726,0.021322807785461282
3610.83726,0.02719178111597918
3612.90473,0.021312117541819723
3614.97219,0.021301446688494062
3617.03965,0.0
3617.03965,0.0
3617.03965,0.021290795173731204
3619.10711,0.0
3619.10711,0.0
3619.10711,0.0
3619.10711,0.021280162997531146
3619.10711,0.0
3621.17458,0.015400659663826102
3621.17458,0.009531769219045914
3621.17458,0.0
3621.17458,0.0
3621.17458,0.0036627958885280176
3621.17458,0.02126955010860629
3623.24204,0.0
3623.24204,0.0
3623.24204,0.003652202389545908
3623.24204,0.0
3625.3095,0.0
3625.3095,0.0
3625.3095,0.0
3627.37696,0.0
3629.44443,0.0
3631.51189,0.0
3633.57935,0.0
3635.64681,0.0
3637.71428,0.0
3637.71428,0.0
3639.78174,0.0
3639.78174,0.0
3641.8492,0.0
3643.91666,0.0
3645.98413,0.0
3648.05159,0.0
3648.05159,0.0
3648.05159,0.0
3650.11905,0.0
3652.18651,0.0
3654.25398,0.0
3656.32144,0.0
3658.3889,0.0
3660.45636,0.0
3660.45636,0.0
3660.45636,0.0
3662.52383,0.0
3662.52383,0.015192463763944786
3662.52383,0.009323573319164597
3662.52383,0.0
3662.52383,0.0034545999886467014
3664.59129,0.02105114748145685
3664.59129,0.026920120811974747
3666.65875,0.050385578088126
3666.65875,0.03277882386804867
3666.65875,0.04451668764334581
3666.65875,0.03864779719856657
3668.72621,0.07385113758857871
3668.72621,0.0679821642580608
3668.72621,0.08558891847813908
3668.72621,0.0797200280333589
3668.72621,0.06211327381328063
3668.72621,0.09145789180865697
3668.72621,0.056244383368500434
3670.79368,0.1031855239375946
3670.79368,0.09731663349281441
3672.86114,0.11491325833996717
3672.86114,0.10904436789518698
3674.9286,0.11490314830560446
3674.9286,0.12077203875038464
3676.99606,0.12663092138510168
3676.99606,0.13249981182988188
3679.06353,0.14422760419927486
3679.06353,0.13835871375449466
3679.06353,0.13248974042397677
3681.13099,0.13834866173591176
3681.13099,0.1500864426254712
3683.19845,0.15594538327597088
3683.19845,0.1618142737207501
3703.87308,0.06781226596793605
3705.94054,0.07367141934290075
3708.008,0.08539939961546884
3710.07546,0.08538961833704031
3712.14293,0.07951096590522277
3714.21039,0.08537011374879237
3716.27785,0.09122936381666155
3718.34531,0.06774393234197852
3718.34531,0.061875041897198335
3718.34531,0.10882641411265202
3718.34531,0.05600615145241815
3720.41278,0.0736032210401767
3720.41278,0.07947211148495689
3720.41278,0.12055451036989269
3720.41278,0.16163699214056618
3722.48024,0.17923408111377648
3722.48024,0.17336519066899628
3722.48024,0.16162732689369821
3722.48024,0.10880706423346434
3722.48024,0.15575843644891896
3722.48024,0.1674962173384784
3722.48024,0.091200310013387
3722.48024,0.12054484512302471
3722.48024,0.10293809090294644
3722.48024,0.11467595467824453
3722.48024,0.1264138184535426
3722.48024,0.08533133668286912
3722.48024,0.09706920045816625
3724.5477,0.13227306299001668
3724.5477,0.149879817210094
3724.5477,0.18509332565025055
3724.5477,0.17922443520547035
3724.5477,0.1264041725452365
3724.5477,0.13814203632053457
3726.61516,0.15573916397086954
3726.61516,0.13813240975079127
3726.61516,0.18508369908050723
3726.61516,0.14400130019557145
3726.61516,0.19095267241102515
3728.68263,0.19094306513342213
3728.68263,0.2085498193535004
3728.68263,0.19681195557820233
3728.68263,0.17920520135812404
3730.75009,0.20267125813045714
3730.75009,0.19680236768567697
3730.75009,0.24375373990113064
3730.75009,0.22614698568105238
3730.75009,0.23788476657061275
3730.75009,0.20854023146097503
3730.75009,0.22027801235053446
3730.75009,0.21440912190575429
3732.81755,0.24961306179194825
3732.81755,0.19679279913171438
3732.81755,0.2378751980166502
3732.81755,0.23200630757187
3732.81755,0.25548203512246614
3734.88501,0.2613413763518456
3734.88501,0.25547248590706545
3736.95248,0.2672007368737386
3736.95248,0.2672007368737386
3739.01994,0.2730601996660737
3739.01994,0.2730601996660737
3741.0874,0.30239524357609243
3741.0874,0.32587097112668767
3741.0874,0.33173986157146784
3741.0874,0.3200019977961697
3741.0874,0.2965263531313122
3741.0874,0.3434777253467659
3741.0874,0.28478848935601414
3741.0874,0.29065746268653203
3741.0874,0.355215589122064
3741.0874,0.2965263531313122
3741.0874,0.337608752016248
3741.0874,0.3493466157915461
3741.0874,0.27891959891123397
3741.0874,0.3082642169066103
3741.0874,0.3141331073513905
3743.15486,0.30825474504555317
3745.22232,0.30237631919254
3747.28979,0.2964979955182463
3749.35725,0.27888182745289064
3751.42471,0.2847413233909563
3753.49217,0.2847319482228036
3755.55964,0.29059156567852473
3757.6271,0.284713255857073
3759.69456,0.2729661578151407
3761.76202,0.26708788667081274
3763.82949,0.26120971770595436
3765.89695,0.25533156812458296
3767.96441,0.25532232832655366
3770.03187,0.2611819983118673
3772.09934,0.2670416875912841
3774.1668,0.2729014791395534
3776.23426,0.2670233433653497
3778.30172,0.2611453098154466
3780.36919,0.25526729556002065
3782.43665,0.24352032735681658
3784.50411,0.23177337849217533
3786.57157,0.22589542229661386
3788.63904,0.21414851206538765
3790.7065,0.21413948499182522
3792.77396,0.2141304772568247
3794.84142,0.22585935263568407
3796.90889,0.24345713775455188
3798.97635,0.2610549422554094
3801.04381,0.2727838756500495
3803.11127,0.2845127454975138
3805.17874,0.30797958130161623
3807.2462,0.33731524404637675
3809.31366,0.3549132281258774
3811.38112,0.36664217532768617
3813.44859,0.37250233426642604
3815.51605,0.35488678503581417
3817.58351,0.3314022818132462
3819.65097,0.31378677125975896
3821.71844,0.27856452578254204
3823.7859,0.2374733263556775
3825.85336,0.20812009292841063
3827.92082,0.18463568639874714
3829.98829,0.17288924582684406
3832.05575,0.14940487797439947
3834.12321,0.13178950279103557
3836.19067,0.1317809011663118
3838.25814,0.1317723188386858
3840.3256,0.13763272922169786
3842.39306,0.14349307605753409
3844.46052,0.14935344223193311
3846.52799,0.1493449372590238
3848.59545,0.14933645166586063
3850.66291,0.14345909496648096
3852.73037,0.14345064805044241
3854.79784,0.14931111087703
3856.8653,0.16104056641350842
3858.93276,0.1669010679580308
3861.00022,0.17863056217163295
3863.06769,0.1903600756834561
3865.13515,0.2079584990190573
3867.20261,0.2196879683627025
3869.27007,0.22554864948586706
3871.33754,0.22554037657710976
3873.405,0.21966314971645742
3875.47246,0.2137860250801056
3877.53992,0.20203994645179868
3879.60739,0.18442499667767887
3881.67485,0.17854793005710778
3883.74231,0.16680190944458068
3885.80977,0.16092488150113332
3887.87724,0.15504787285703017
3889.9447,0.14917080070506306
3892.01216,0.14916272122217664
3894.07962,0.149154661077853
3896.14709,0.15501559356376465
3898.21455,0.15500757209665897
3900.28201,0.15499956996811518
3902.34947,0.15499158717813416
3904.41694,0.14911465035772575
3906.4844,0.14323781580018347
3908.55186,0.137361000581203
3910.61932,0.14909087603512405
3912.68679,0.16082085367524926
3914.75425,0.17255085069212692
3916.82171,0.17841189371704944
3918.88917,0.19014192941105268
3920.95664,0.2077408748506748
3923.0241,0.23120873011145543
3925.09156,0.23706985049072057
3927.15902,0.24293107309428622
3929.22649,0.24292334166854676
3931.29395,0.2429156296188125
3933.36141,0.2370389635771231
3935.42887,0.23703129020451347
3937.49633,0.2311547457256855
3939.5638,0.2252782205485396
3941.63126,0.22527060519171074
3943.69872,0.2311318996182239
3945.76618,0.23699321338329987
3947.83365,0.24285462933616875
3949.90111,0.24871598177846266
3951.96857,0.2487084631145392
3954.03603,0.23696310001387952
3956.1035,0.21934886577086893
3958.17096,0.20173465090264794
3960.23842,0.1899894287035067
3962.30588,0.16650627918189154
3964.37335,0.15476109562411744
3966.44081,0.14301584855501925
3968.50827,0.1312706208244829
3970.57573,0.12539438576302633
3972.6432,0.11364919667423029
3974.71066,0.10777300028999261
3976.77812,0.09015895946901964
3978.84558,0.0842827188761689
3980.91305,0.0784065804726084
3982.98051,0.06666148811219542
3985.04797,0.054916497976082015
3987.11543,0.03730255384801445
3989.1829,0.03729538324395084
3991.25036,0.03141925868266066
3993.31782,0.03141212679045118
3995.38528,0.0372739875673224
3997.45275,0.0666114294276132
3999.52021,0.09008008310177969
4001.58767,0.12528653700406936
4003.65513,0.13114839224954453
4005.7226,0.2250441207858217
