wavenumber_cm-1,intensity
412.98604,0.17993148495884972
414.6018,0.207044959869221
416.21755,0.24091868475737416
417.83331,0.2747922451296595
419.44906,0.31542595271519486
419.44906,0.31542595271519486
421.06482,0.3290188618539878
421.06482,0.3492993886842172
422.68058,0.34937202142143653
422.68058,0.3966930794164688
424.29633,0.3697250155728106
424.29633,0.43732660039807236
425.91209,0.4779599568618839
425.91209,0.39007794797169454
427.52784,0.5185933534409943
429.1436,0.5659867953667199
430.75935,0.6066200675433373
432.37511,0.6404930681007488
433.99087,0.6743660064563359
435.60662,0.7082388821638445
437.22238,0.7421116961161686
438.83813,0.7692243403213087
440.45389,0.7963369227704958
442.06964,0.8166892327079669
443.6854,0.8370415836540157
445.30116,0.8641538767328137
446.91691,0.8845061028316549
448.53267,0.9048581644073157
450.14842,0.9319703732035379
451.76418,0.9523223103759357
453.37993,0.9659140778046137
454.99569,0.9795057834738733
456.61145,0.9930974269413099
458.2272,0.99992879790088
459.84296,1.0
461.45871,0.9933110323573265
463.07447,0.9866219001880077
464.69023,0.973172701482291
466.30598,0.9529631275053315
467.92174,0.925993384665999
469.53749,0.9125439989170265
471.15325,0.8788139218092538
472.769,0.8383237777276824
474.38476,0.7978334691167714
476.00052,0.6762212992790262
476.00052,0.7641033081692145
477.61627,0.7303730845835876
477.61627,0.6627714997583259
479.23203,0.6358013215073812
479.23203,0.6898825893675906
480.84778,0.6493920315142936
480.84778,0.6155912904843137
482.46354,0.6089015146603354
482.46354,0.5953811976952831
484.07929,0.5684108324045454
484.07929,0.5684108324045454
485.69505,0.5346802982472005
487.31081,0.5077098089879056
488.92656,0.4672189401281849
490.54232,0.4402484292309299
490.54232,0.3929272684705958
490.54232,0.3929272684705958
492.15807,0.41327775293376734
492.15807,0.37947701190378735
493.77383,0.3727866979028952
493.77383,0.3930671219678228
495.38959,0.3660964244654806
495.38959,0.35933621460030346
497.00534,0.3391255615643885
497.00534,0.3391255615643885
498.6211,0.3121546368934826
498.6211,0.3121546368934826
500.23685,0.2919438594550734
500.23685,0.2919438594550734
501.85261,0.2649728103809033
501.85261,0.2649728103809033
503.46836,0.2380016986748251
503.46836,0.2380016986748251
505.08412,0.2177907350625703
505.08412,0.2177907350625703
506.69988,0.20433981634836648
506.69988,0.20433981634836648
508.31563,0.18412872790353235
508.31563,0.18412872790353235
509.93139,0.17067768478606674
509.93139,0.17067768478606674
511.54714,0.16398668613849124
511.54714,0.16398668613849124
513.1629,0.16405583558281497
513.1629,0.16405583558281497
514.77865,0.16412492239792348
514.77865,0.16412492239792348
516.39441,0.15743384033910893
516.39441,0.15743384033910893
518.01017,0.15750280317834536
518.01017,0.15750280317834536
519.62592,0.15757170338952206
519.62592,0.15757170338952206
521.24168,0.1576405418254967
521.24168,0.1576405418254967
522.85743,0.1577093176341803
522.85743,0.1577093176341803
524.47319,0.15777803166689192
524.47319,0.15777803166689192
526.08894,0.1578466830730836
526.08894,0.1578466830730836
527.7047,0.15791527270253225
527.7047,0.15791527270253225
529.32046,0.15798380013015662
529.32046,0.15798380013015662
530.93621,0.1580522649324165
530.93621,0.1580522649324165
532.55197,0.15812066795677904
532.55197,0.15812066795677904
534.16772,0.15818900835654584
534.16772,0.15818900835654584
535.78348,0.15825728697764538
535.78348,0.15825728697764538
537.39924,0.15832550339692064
537.39924,0.15832550339692064
539.01499,0.1583936571927556
539.01499,0.1583936571927556
540.63075,0.15846174920876907
540.63075,0.15846174920876907
542.2465,0.15852977860211095
542.2465,0.15852977860211095
543.86226,0.15859774621486142
543.86226,0.15859774621486142
545.47801,0.1586656512057114
545.47801,0.1586656512057114
547.09377,0.15873349441519885
547.09377,0.15873349441519885
548.70953,0.1655613825227373
548.70953,0.1655613825227373
550.32528,0.17238931077483255
550.32528,0.17238931077483255
551.94104,0.17921707447910917
553.55679,0.18604487832871133
555.17255,0.19963272749490205
556.7883,0.19970019707683406
558.40406,0.21328781907445996
560.01982,0.21335516467051222
561.63557,0.21342244764851243
563.25133,0.2067295617414264
564.86708,0.2067967203169347
566.48284,0.20010371000658567
568.0986,0.20017074459428766
569.71435,0.20023771656586414
571.33011,0.2070647338501784
572.94586,0.21389168851913706
574.56162,0.2207186841654913
576.17737,0.22754551443195806
577.79313,0.2343723856750493
579.40889,0.24119909195101447
581.02464,0.23450552141379888
582.6404,0.23457199618662578
584.25615,0.22111809138174
585.87191,0.214424231886128
587.48766,0.20097030544405095
589.10342,0.18751621444530067
590.71918,0.16054174427967494
592.33493,0.1403274213684902
593.95069,0.12011293389947673
595.56644,0.08637816962074536
597.1822,0.05940345064859365
598.79795,0.039188878932422705
600.41371,0.012214035557007993
626.70319,0.09994245815457299
653.51634,0.11596225373165292
676.7544,0.07450286810675331
693.43813,0.11751752567003543
696.41737,0.09021664920510163
716.67619,0.0635744078114107
726.20976,0.06393492113232802
742.89349,0.034652822171119806
755.52627,0.004719985349175251
755.52627,0.03176061927927995
755.52627,0.011480195214352324
755.52627,0.018240302314227602
755.52627,0.025000512179404674
757.14202,0.038580483002685205
758.75778,0.04540038765959977
760.37353,0.058980336845690186
760.37353,0.11306150194059779
760.37353,0.06574044394556545
760.37353,0.07250065381074254
760.37353,0.052220126980513114
761.98929,0.2212835052841881
761.98929,0.2280437151493652
761.98929,0.15368202322422816
761.98929,0.08608054116426939
761.98929,0.07932033129909231
761.98929,0.09284064826414466
761.98929,0.12664138929412463
761.98929,0.10636096522919701
761.98929,0.09960075536401994
761.98929,0.11988128219424936
763.60504,0.14698142394289904
763.60504,0.21458290600285782
763.60504,0.1334611069778467
763.60504,0.16050163814264842
763.60504,0.14022121407772195
763.60504,0.22810322296791016
765.2208,0.20788224488819404
765.2208,0.22816266895312168
765.2208,0.18084161095808934
765.2208,0.167321293993037
765.2208,0.17408140109291229
765.2208,0.1943619279231417
765.2208,0.18760171805796463
766.83656,0.22822205273651008
766.83656,0.20118141880640536
768.45231,0.22828137395112325
770.06807,0.22834063333124865
770.06807,0.241860950296301
770.06807,0.23510074043112392
771.68382,0.24868025420829634
771.68382,0.24192014710842108
773.29958,0.24873938918515875
773.29958,0.2554995990503358
773.29958,0.2622597061502111
774.91533,0.26231877855983926
776.53109,0.2894184230635434
776.53109,0.2826582131983663
776.53109,0.3029387400285957
776.53109,0.275898106098491
776.53109,0.2691379989986158
776.53109,0.29617853016341866
778.14685,0.30299768840037206
778.14685,0.30975779550024735
779.7626,0.31657689117112076
781.37836,0.31663571513963407
782.99411,0.31669447654283733
782.99411,0.3234545836427126
784.60987,0.3235132832079629
784.60987,0.33027349307314
786.22563,0.3438523446363166
786.22563,0.3370922375364425
792.68865,0.3035254232195778
792.68865,0.3102855303194531
792.68865,0.29676521335440076
792.68865,0.26972468218959783
792.68865,0.2764847892894731
794.3044,0.24950248135365488
794.3044,0.28330322238363487
794.3044,0.2900634322488119
794.3044,0.26302279831870723
794.3044,0.25626269121883194
795.92016,0.24280063840741783
797.53592,0.22257831352900354
797.53592,0.21581820642912825
797.53592,0.23609863049405588
797.53592,0.2293385233941806
799.15167,0.20235602885443055
799.15167,0.20911623871960763
800.76743,0.1956539993031074
800.76743,0.18889378943793034
800.76743,0.18213368233805505
802.38318,0.17543148746073955
802.38318,0.16867138036086426
803.99894,0.16196912364097632
803.99894,0.14844890944122693
803.99894,0.15520901654110106
805.61469,0.04034426430617664
805.61469,0.06738489823628134
805.61469,0.053864581271228985
805.61469,0.06062479113640606
805.61469,0.14174659016141836
807.23045,0.04716230291337984
807.23045,0.03364198594832749
807.23045,0.12828410193839215
807.23045,0.026881878848452213
807.23045,0.07420293684348454
807.23045,0.02012166898327514
807.23045,0.013361561883399865
807.23045,0.1350443118035692
807.23045,0.12152399483851686
808.84621,0.08102081048356284
808.84621,0.0066591185584258215
808.84621,0.0
808.84621,0.11482155151354283
808.84621,0.10130123454849048
808.84621,0.10806144441366755
808.84621,0.08778102034873991
810.46196,0.0
810.46196,0.09459883143005304
810.46196,0.0
810.46196,0.0
812.07772,0.0
812.07772,0.0
812.07772,0.0
813.69347,0.0
813.69347,0.0
813.69347,0.0
815.30923,0.0
815.30923,0.0
815.30923,0.0
815.30923,0.0
815.30923,0.0
815.30923,0.0
816.92498,0.0
816.92498,0.0
816.92498,0.0
818.54074,0.0
818.54074,0.0
818.54074,0.0
820.1565,0.0
820.1565,0.0
820.1565,0.0
820.1565,0.0
821.77225,0.0
821.77225,0.0
823.38801,0.04773716781788702
823.38801,0.02069653388778232
823.38801,0.054497274917762295
823.38801,0.00717621692272997
823.38801,0.0004161098228546932
823.38801,0.013936426787907043
823.38801,0.0
823.38801,0.02745674375295939
823.38801,0.04097695795270995
823.38801,0.03421685085283467
823.38801,0.0
825.00376,0.05455441908779025
825.00376,0.06131462895296732
826.61952,0.06137171127503226
828.23528,0.06142873139527411
829.85103,0.061485688961369085
831.46679,0.06154258467834793
833.08254,0.06159941784195099
834.6983,0.08869682308577154
834.6983,0.06841629625554212
834.6983,0.07517650612071919
834.6983,0.08193661322059446
836.31405,0.0955136389467568
836.31405,0.08875353184688152
837.92981,0.11585070992213728
837.92981,0.09557028585720964
837.92981,0.10909060282226199
837.92981,0.10233039295708492
839.54557,0.1226675044959441
839.54557,0.11590729463076703
841.16132,0.12948413375299753
841.16132,0.12272402665312226
842.77708,0.12954059405836546
844.39283,0.12959699181305054
846.00859,0.1296533277151543
846.00859,0.15669396164525784
846.00859,0.14993385454538372
846.00859,0.1702142786103102
846.00859,0.13641353758033137
846.00859,0.1634540687451331
846.00859,0.14317364468020666
847.62434,0.17703065906237864
849.2401,0.17708687056121938
850.85586,0.17714301985823705
852.47161,0.1771991066064984
854.08737,0.17049502440037778
855.70312,0.17731109384602134
857.31888,0.1706068872366389
858.93464,0.16390251566012923
860.55039,0.1639582914019657
862.16615,0.16401400528737126
863.7819,0.17082986649189288
865.39766,0.17764556307391072
867.01341,0.18446129987593926
868.62917,0.18451676495481883
870.24493,0.1845721678318753
870.24493,0.17781195796669824
871.86068,0.13054624030458672
871.86068,0.1373064501697638
871.86068,0.16434698133456555
871.86068,0.1711071911997426
871.86068,0.14406655726963907
871.86068,0.1778672982996179
871.86068,0.15758687423469026
871.86068,0.15082676713481616
873.47644,0.12384141167850493
873.47644,0.1306015187783802
875.09219,0.1238966276089315
876.70795,0.12395178167946198
878.3237,0.12400687320739663
879.93946,0.12406190287466412
879.93946,0.11054158590961177
879.93946,0.11730169300948705
881.55522,0.10383634350987908
881.55522,0.0970762364100038
883.17097,0.09713114133400665
883.17097,0.09037103423413137
883.17097,0.07685071726907902
883.17097,0.0836108243689543
883.17097,0.04304987347379724
884.78673,0.0498649264011557
884.78673,0.07014535046608333
884.78673,0.0769055603312604
884.78673,0.06338524336620806
884.78673,0.04310471653597863
886.40248,0.04315949705748839
886.40248,0.056679814022540735
888.01824,0.0364541086165315
888.01824,0.043214215716406774
889.63399,0.03650876473554818
889.63399,0.022988447770495826
889.63399,0.0297486576356729
891.24975,0.023043042026152386
891.24975,0.01628293492627711
892.86551,0.0028171500150570524
892.86551,0.016337466980109402
892.86551,0.009577257114932328
894.48126,0.0
894.48126,0.0028716195301419166
894.48126,0.0
894.48126,0.0
894.48126,0.0
896.09702,0.0
897.71277,0.0
899.32853,0.0
900.94429,0.0
902.56004,0.0
902.56004,0.0
902.56004,0.0
902.56004,0.0
902.56004,0.0
902.56004,0.0
904.1758,0.0
905.79155,0.0
907.40731,0.0
909.02306,0.0
910.63882,0.0
912.25458,0.0
913.87033,0.0
913.87033,0.0
915.48609,0.0
915.48609,0.0
917.10184,0.0
918.7176,0.0
920.33335,0.0
921.94911,0.0
921.94911,0.0
923.56487,0.0
923.56487,0.0
925.18062,0.0
925.18062,0.0
926.79638,0.0
926.79638,0.0
928.41213,0.0
928.41213,0.0
928.41213,0.0
928.41213,0.0
930.02789,0.0
930.02789,0.0
930.02789,0.0
930.02789,0.0
931.64365,0.0
931.64365,0.0
931.64365,0.0
931.64365,0.0
933.2594,0.004160232163588646
933.2594,0.0
933.2594,0.0
934.87516,0.004213146974235567
934.87516,0.0
934.87516,0.010973254074110844
936.49091,0.011026106356020386
936.49091,0.0
938.10667,0.01107889676340431
938.10667,0.01107889676340431
939.72242,0.011131624642820769
939.72242,0.011131624642820769
941.33818,0.011184290646941696
941.33818,0.00442418354706642
942.95394,0.0
942.95394,0.004476787349364247
944.56969,0.0
944.56969,0.0
946.18545,0.0
946.18545,0.0
947.8012,0.0
947.8012,0.0
949.41696,0.0
949.41696,0.0
951.03271,0.0
951.03271,0.0
951.03271,0.004738872363146771
951.03271,0.0
951.03271,0.011498979463022047
951.03271,0.0
952.64847,0.004791102955656775
952.64847,0.018311419920709126
952.64847,0.025071527020584402
954.26423,0.025123695411270137
954.26423,0.011603378446217786
955.87998,0.018415694177962696
955.87998,0.031936011143015045
957.49574,0.03198805513043779
957.49574,0.02522784526526071
959.11149,0.032040036594512544
959.11149,0.032040036594512544
960.72725,0.03885206327854756
960.72725,0.03885206327854756
960.72725,0.03209195617867228
962.343,0.04566402744000451
962.343,0.03890392034012923
963.95876,0.052476032486079495
963.95876,0.045715822620902416
965.57452,0.05928787256502841
965.57452,0.04576755559997606
967.19027,0.04581922605762592
967.19027,0.05933954302267827
968.80603,0.07291146856354244
968.80603,0.04587083463343774
968.80603,0.05263104449861481
970.42178,0.07972322448387628
970.42178,0.08648333158375156
970.42178,0.07296301461869921
970.42178,0.06620290751882393
970.42178,0.09324354144892864
970.42178,0.07972322448387628
970.42178,0.05944269765364686
972.03754,0.08653481575630038
972.03754,0.10005513272135273
972.03754,0.10681523982122801
973.6533,0.10686666179195256
973.6533,0.10010655469207728
975.26905,0.10691802124317752
975.26905,0.10691802124317752
975.26905,0.1136782311083546
976.88481,0.10696931881063908
976.88481,0.11372952867581615
976.88481,0.12048963577569143
978.50056,0.13406118778947682
978.50056,0.12730108068960155
978.50056,0.10702055385937212
980.11632,0.09355151282382129
981.73207,0.07332209663983184
983.34783,0.05985282843571622
984.96359,0.03286328383002577
986.57934,0.01939389090728158
988.1951,0.005924436098078689
989.81085,0.0
991.42661,0.0
993.04236,0.0
994.65812,0.006127262077129188
996.27388,0.019698130189681903
997.88963,0.0332689357881256
999.50539,0.04683957673211352
1001.12114,0.05365015082818886
1002.7369,0.07398087723409202
1004.35266,0.09431164420347271
1005.96841,0.10788203603018973
1007.58417,0.12821267859630742
1009.19992,0.1417830487858343
1010.81568,0.15535335708351194
1012.43143,0.16892350010524276
1014.04719,0.18249368399965857
1015.66295,0.1960638056922501
1017.2787,0.2028737577754768
1018.89446,0.202923438099753
1020.51021,0.19621284605013248
1022.12597,0.18950229487127157
1023.74172,0.17603147131928268
1025.35748,0.1625605858719817
1026.97324,0.15584984808803468
1028.58899,0.15589915489716752
1030.20475,0.17622882387475805
1031.8205,0.18979832324645016
1033.43626,0.21012786782078005
1035.05201,0.23721755975503142
1036.66777,0.2575469799260983
1038.28353,0.2778764406606427
1039.89928,0.29144552626060816
1041.51504,0.3117748625918896
1043.13079,0.3253439265546649
1044.74655,0.32539261165245503
1046.36231,0.3322013416482962
1047.97806,0.32548979494221086
1049.59382,0.3120179764698626
1051.20957,0.30530620259598357
1052.82533,0.28507415262049585
1054.44108,0.27836235710942553
1054.44108,0.2648420401443732
1054.44108,0.25132172317932083
1054.44108,0.27160214724424847
1056.05684,0.23784965590044657
1056.05684,0.24460976300032186
1056.05684,0.2648902898305513
1056.05684,0.2851707138954789
1056.05684,0.2581300799653742
1056.05684,0.19728870500528953
1057.6726,0.1770564684247157
1057.6726,0.23789784338480038
1057.6726,0.2108572094546957
1057.6726,0.19057678538976805
1057.6726,0.2040971023548204
1057.6726,0.17029625855953864
1057.6726,0.291979008479708
1059.28835,0.23118575850449763
1059.28835,0.1230233255493818
1059.28835,0.15682416934466356
1059.28835,0.12978353541455886
1059.28835,0.1838647005094653
1059.28835,0.16358427644453769
1059.28835,0.21090533443957002
1059.28835,0.1838647005094653
1060.90411,0.10955107166542026
1060.90411,0.11631128153059733
1060.90411,0.2177136073858379
1060.90411,0.15687223242575438
1060.90411,0.09603085746566971
1060.90411,0.10279096456554498
1060.90411,0.15011202256057732
1060.90411,0.22447371448571315
1060.90411,0.13659170559552497
1062.51986,0.0893186481828727
1062.51986,0.08255854108299743
1062.51986,0.13663970617790502
1062.51986,0.07579833121782036
1062.51986,0.1433999160430821
1064.13562,0.055565845830721716
1064.13562,0.10288690382575404
1064.13562,0.04204552886566936
1064.13562,0.04880563596554464
1064.13562,0.06908616279577406
1065.75137,0.03533329794568224
1065.75137,0.02857308808050517
1065.75137,0.07589414607553749
1065.75137,0.06237382911048515
1067.36713,0.05566153628517585
1067.36713,0.02186079525519588
1068.98289,0.042188971392865225
1068.98289,0.015148337462760524
1068.98289,0.0016280204977081735
1068.98289,0.008388230362885246
1068.98289,0.0
1070.59864,0.04223666096882157
1072.2144,0.05580460560335264
1073.83015,0.06937248774186941
1075.44591,0.08970041507301277
1077.06167,0.10326817310245891
1078.67742,0.1168358686370427
1080.29318,0.12364329239804761
1081.90893,0.13045075643026421
1083.52469,0.13049794868813083
1085.14044,0.12378486858750022
1086.7562,0.11707182934222975
1088.37196,0.10359851802995793
1089.98771,0.10364546119057257
1091.60347,0.09017202547503891
1093.21922,0.0834587371332852
1094.83498,0.06998517701448739
1096.45073,0.06327166150493996
1098.06649,0.04979797698288031
1099.68225,0.04308444012417348
1101.298,0.03637084077599603
1102.91376,0.022896969648849123
1104.52951,0.0161831431328768
1106.14527,0.009469357467645136
1107.76102,0.0095156164143568
1109.37678,0.009561813445737416
1110.99254,0.023128265240346113
1112.60829,0.03669465454817949
1114.22405,0.05026087917422339
1115.8398,0.06382714407956368
1117.45556,0.07739334706764754
1119.07132,0.10447980481895949
1119.07132,0.09095948785390714
1119.07132,0.11123991191883477
1119.07132,0.09771969771908422
1120.68707,0.09100524919026211
1120.68707,0.09776545905543918
1120.68707,0.09100524919026211
1122.30283,0.09105094860820753
1122.30283,0.09105094860820753
1123.91858,0.09109658554207058
1123.91858,0.0843364784421953
1125.53434,0.08438205345687773
1125.53434,0.07762184359170066
1125.53434,0.091142160556753
1127.15009,0.07766735612307062
1127.15009,0.07090724902319534
1127.15009,0.08442756598824769
1128.76585,0.07095269963461477
1128.76585,0.07771280673449005
1130.38161,0.0777581951440852
1130.38161,0.06423787817903286
1131.99736,0.06428320410647101
1131.99736,0.07104341397164808
1131.99736,0.05752309700659573
1133.61312,0.05080815114775199
1133.61312,0.06432846811280434
1135.22887,0.050853352672697055
1135.22887,0.0373331384729465
1135.22887,0.04409324557282178
1135.22887,0.03057292860776943
1135.22887,0.05761356253787413
1135.22887,0.0643736696377494
1135.22887,0.04409324557282178
1136.84463,0.044138385175892116
1136.84463,0.030618068210839764
1138.46038,0.030663145333292917
1138.46038,0.03742335519846999
1140.07614,0.03746837039827733
1140.07614,0.03746837039827733
1141.6919,0.04427343049613567
1141.6919,0.037513323396260394
1143.30765,0.037558213914781736
1143.30765,0.037558213914781736
1144.92341,0.044363149609378254
1144.92341,0.030842832644325906
1146.53916,0.05116802282528179
1146.53916,0.037647808625531236
1146.53916,0.030887598760354164
1148.15492,0.03769251281698948
1148.15492,0.044452619916864756
1148.15492,0.06473304398179239
1148.15492,0.05121272701674003
1149.77068,0.07153789583660343
1149.77068,0.051257369006374
1151.38643,0.07834258244857632
1151.38643,0.05130194851847162
1151.38643,0.05806215838364869
1153.00219,0.07162699293507202
1153.00219,0.09190741699999964
1153.00219,0.09190741699999964
1153.00219,0.08514730990012437
1153.00219,0.0783871000349473
1153.00219,0.06486678306989495
1153.00219,0.05810667597001967
1154.61794,0.1122322961745318
1154.61794,0.09871208197478125
1156.2337,0.09875647515788923
1156.2337,0.12579700632269214
1156.2337,0.1055165822577645
1157.84945,0.146121863860033
1157.84945,0.10556091296487595
1157.84945,0.11232102006475124
1157.84945,0.13936165399485592
1157.84945,0.12584133702980357
1157.84945,0.13260154689498066
1157.84945,0.13936165399485592
1157.84945,0.11908122992992831
1159.46521,0.14616613263987915
1159.46521,0.15292623973975444
1161.08097,0.15297044631777748
1161.08097,0.15297044631777748
1162.69672,0.1530145904209571
1162.69672,0.14625448332108185
1164.31248,0.14629856549584072
1164.31248,0.153058672595716
1165.92823,0.13282226823147494
1165.92823,0.1463425851965273
1165.92823,0.12606205836629786
1165.92823,0.1395823753313502
1165.92823,0.1395823753313502
1167.54399,0.11934590903791964
1167.54399,0.13962633310284728
1167.54399,0.12610601613779493
1169.15974,0.10586948737106193
1169.15974,0.11938980433611428
1169.15974,0.13291012130116664
1169.15974,0.1126295944709372
1170.7755,0.09915321363942071
1170.7755,0.10591332073929599
1170.7755,0.11943363770434834
1170.7755,0.11943363770434834
1172.39126,0.11271719900558105
1172.39126,0.11271719900558105
1172.39126,0.0991969848058305
1172.39126,0.09243677494065343
1174.00701,0.09924069350009333
1174.00701,0.09924069350009333
1174.00701,0.09248048363491626
1175.62277,0.09252413039806305
1175.62277,0.09252413039806305
1175.62277,0.09252413039806305
1177.23852,0.07904739772478045
1177.23852,0.0925677146898328
1177.23852,0.07904739772478045
1178.85428,0.06557060311961306
1178.85428,0.09261123704971776
1178.85428,0.08585112994984248
1178.85428,0.06557060311961306
1180.47003,0.08589458983911914
1180.47003,0.052093746043837375
1180.47003,0.07913437997394207
1180.47003,0.0723742728740668
1180.47003,0.052093746043837375
1182.08579,0.05213714400046051
1182.08579,0.03861692980070996
1182.08579,0.05889735386563759
1182.08579,0.045377036900585234
1182.08579,0.07241767083068994
1182.08579,0.03861692980070996
1182.08579,0.03861692980070996
1182.08579,0.06565746096551286
1183.70155,0.018379738725278236
1183.70155,0.018379738725278236
1183.70155,0.03866026555550766
1185.3173,0.0
1185.3173,0.031943328975675436
1185.3173,0.018423012010623085
1185.3173,0.01166290491074781
1185.3173,0.03870353884085251
1185.3173,0.004902695045570737
1185.3173,0.0
1185.3173,0.0
1185.3173,0.01166290491074781
1185.3173,0.02518322187580016
1185.3173,0.004902695045570737
1186.93306,0.004945906397106607
1186.93306,0.0
1186.93306,0.0
1188.54881,0.0
1188.54881,0.0
1188.54881,0.0
1188.54881,0.0
1188.54881,0.0
1190.16457,0.0
1190.16457,0.0
1190.16457,0.0
1190.16457,0.0
1191.78033,0.0
1191.78033,0.0
1191.78033,0.0
1191.78033,0.0
1191.78033,0.0
1193.39608,0.0
1193.39608,0.0
1193.39608,0.0
1193.39608,0.005118129253602144
1193.39608,0.0
1193.39608,0.0
1195.01184,0.0
1195.01184,0.0
1195.01184,0.011921239461964824
1195.01184,0.0
1196.62759,0.0
1196.62759,0.018724184438268142
1196.62759,0.0
1196.62759,0.0
1196.62759,0.011964077338392866
1196.62759,0.0
1198.24335,0.025527170243368993
1198.24335,0.03228727734324427
1198.24335,0.012006853278316644
1198.24335,0.01876696037819192
1198.24335,0.0
1198.24335,0.0
1198.24335,0.012006853278316644
1199.8591,0.005289356887074529
1199.8591,0.01880967385212688
1199.8591,0.01880967385212688
1199.8591,0.012049566752251602
1199.8591,0.0
1199.8591,0.03232999081717923
1201.47486,0.03237264235384001
1201.47486,0.012092218288912384
1201.47486,0.025612535253964733
1201.47486,0.025612535253964733
1201.47486,0.039132852219017085
1201.47486,0.04589295931889236
1203.09062,0.05269565575360532
1203.09062,0.018894914723625342
1203.09062,0.039175441553854766
1203.09062,0.025655124588802414
1203.09062,0.04593554865373004
1203.09062,0.03241523168867769
1203.09062,0.039175441553854766
1203.09062,0.039175441553854766
1203.09062,0.012134807623750065
1203.09062,0.05945586561878239
1204.70637,0.04597807552373319
1204.70637,0.03921796842385791
1204.70637,0.05949839248878554
1204.70637,0.04597807552373319
1204.70637,0.052738182623608465
1204.70637,0.04597807552373319
1204.70637,0.06625849958866081
1206.32213,0.05954085742036022
1206.32213,0.05278064755518315
1206.32213,0.07306117438541257
1206.32213,0.0663009645202355
1206.32213,0.05954085742036022
1207.93788,0.07986368395279791
1207.93788,0.07310357685292264
1207.93788,0.05282305002269321
1207.93788,0.06634336698774557
1207.93788,0.06634336698774557
1209.55364,0.0528653905510049
1209.55364,0.08666623434628667
1209.55364,0.05962560041618197
1209.55364,0.07314591738123433
1209.55364,0.07314591738123433
1209.55364,0.0799060244811096
1211.16939,0.05966787848120012
1211.16939,0.07318819544625246
1211.16939,0.06642798558107539
1211.16939,0.08670851241130483
1211.16939,0.07318819544625246
1212.78515,0.07999051867117643
1212.78515,0.0867507285363535
1212.78515,0.07999051867117643
1212.78515,0.09351083563622878
1212.78515,0.06647020170612408
1214.40091,0.08003267259440203
1214.40091,0.07327256549452675
1214.40091,0.09355298955945437
1214.40091,0.06651235562934968
1214.40091,0.08003267259440203
1214.40091,0.08003267259440203
1214.40091,0.0867928824595791
1216.01666,0.08683497392066543
1216.01666,0.10035529088571779
1216.01666,0.08683497392066543
1217.63242,0.10039732040567921
1217.63242,0.08687700344062686
1217.63242,0.08687700344062686
1219.24817,0.09367907759909656
1219.24817,0.09367907759909656
1219.24817,0.09367907759909656
1220.86393,0.08696087561592088
1220.86393,0.09372098271579615
1220.86393,0.09372098271579615
1222.47969,0.09376282563067148
1222.47969,0.08024250866561913
1222.47969,0.09376282563067148
1224.09544,0.09380460608533292
1224.09544,0.08028428912028057
1224.09544,0.09380460608533292
1225.7112,0.08708621749707114
1225.7112,0.09384632459694642
1225.7112,0.09384632459694642
1227.32695,0.09388798064911595
1227.32695,0.09388798064911595
1227.32695,0.09388798064911595
1228.94271,0.09392957475746645
1228.94271,0.10068978462264352
1228.94271,0.09392957475746645
1230.55846,0.08721099930726761
1230.55846,0.09397110640714289
1230.55846,0.10073131627231996
1230.55846,0.08721099930726761
1232.17422,0.08725246901235512
1232.17422,0.09401257611223039
1232.17422,0.08725246901235512
1233.78998,0.08053366665044127
1233.78998,0.08053366665044127
1233.78998,0.09405398361549364
1235.40573,0.08733522156136299
1235.40573,0.07381490459631064
1235.40573,0.06705469473113357
1235.40573,0.07381490459631064
1235.40573,0.08057501169618592
1235.40573,0.060294587631258285
1235.40573,0.07381490459631064
1237.02149,0.06709597783113497
1237.02149,0.06709597783113497
1237.02149,0.06033587073125969
1238.63724,0.06713719847438653
1238.63724,0.06037709137451124
1238.63724,0.06713719847438653
1240.253,0.06717835717112493
1240.253,0.06717835717112493
1240.253,0.06717835717112493
1241.86875,0.06721945341188457
1241.86875,0.06721945341188457
1241.86875,0.07397966327706164
1243.48451,0.06726048770535997
1243.48451,0.07402069757053704
1245.10027,0.06730145979701112
1245.10027,0.06054135269713584
1245.10027,0.07406166966218819
1246.71602,0.0808626863988913
1246.71602,0.06734236943383895
1246.71602,0.07410257929901602
1248.33178,0.07414342698740534
1248.33178,0.10118406091751003
1248.33178,0.10794416801738531
1248.33178,0.11470427511726058
1248.33178,0.08766374395245768
1248.33178,0.09442385105233296
1248.33178,0.08090353408728061
1248.33178,0.09442385105233296
1249.94753,0.1215052702167724
1249.94753,0.11474506035159532
1249.94753,0.12826537731664767
1249.94753,0.10122484615184477
1251.56329,0.13506631046695106
1251.56329,0.14182641756682635
1251.56329,0.128306100601774
1251.56329,0.11478578363672164
1253.17904,0.141867078398668
1253.17904,0.14862728826384508
1253.17904,0.12158665433374037
1253.17904,0.15538739536372034
1254.7948,0.16894831121063486
1254.7948,0.16218820411076074
1254.7948,0.14190767728053133
1256.41056,0.17574895499055035
1256.41056,0.15546853092562388
1258.02631,0.18930974618351254
1258.02631,0.16902932211858493
1258.02631,0.18254963908363728
1259.64207,0.19611036832546683
1259.64207,0.20287047542534212
1259.64207,0.18935015846028977
1261.25782,0.20291082525076004
1261.25782,0.20967103511593713
1261.25782,0.22995145918086474
1261.25782,0.23671156628074003
1261.25782,0.22319135208098947
1262.87358,0.21647143008932662
1262.87358,0.22999174705437897
1262.87358,0.24351206401943132
1262.87358,0.26379248808435896
1264.48934,0.25707260665617365
1264.48934,0.25031239679099654
1264.48934,0.24355228969112128
1264.48934,0.27735303072110123
1264.48934,0.270592923621226
1266.10509,0.28415340380776444
1266.10509,0.25711276987765974
1266.10509,0.2773931939425874
1267.72085,0.2909536121760667
1267.72085,0.2841935050761914
1267.72085,0.27067318811113905
1269.3366,0.29775375809493615
1269.3366,0.2842335438951856
1269.3366,0.30451396796011326
1269.3366,0.2909936509950609
1270.95236,0.3045539448252772
1270.95236,0.29103362786022485
1272.56811,0.30459385924177834
1272.56811,0.3113539663416536
1274.18387,0.3113938188035557
1274.18387,0.3113938188035557
1275.79963,0.3114336090636336
1275.79963,0.3046735019637583
1277.41538,0.31823354674138
1277.41538,0.3249936538412553
1277.41538,0.2979530199111506
1279.03114,0.2912325786680913
1280.64689,0.277751865113114
1282.26265,0.2575109825017394
1283.8784,0.23726993467909316
1285.49416,0.22378913752963264
1287.10992,0.21030817541304725
1288.72567,0.2035872579515215
1290.34143,0.20362648839672545
1291.95718,0.21042586626306078
1293.57294,0.217225079404877
1295.1887,0.22402433311017192
1296.80445,0.23082342160727362
1298.42021,0.23086234104412848
1300.03596,0.230901198038863
1301.65172,0.22417988597257957
1303.26747,0.21745840869964395
1304.88323,0.2174970793299728
1306.49899,0.2175356877584774
1308.11474,0.2175742337467882
1309.7305,0.21761271777202978
1311.34625,0.22441134922302455
1312.96201,0.2312098159448796
1314.57776,0.23124811312820306
1316.19352,0.23804645544679628
1317.80928,0.23132452136381348
1319.42503,0.22460252484333104
1321.04079,0.21112025649190935
1322.65654,0.20439803280363203
1324.2723,0.1976758499141244
1325.88805,0.190953501823354
1327.50381,0.19099130163045983
1329.11957,0.19102903923574024
1330.73532,0.2045870313712686
1332.35108,0.21138485443846425
1333.96683,0.22494272217149835
1335.58259,0.23174031807013037
1337.19835,0.24529806163211404
1338.8141,0.2588557427612175
1340.42986,0.26565315205476225
1342.04561,0.27921070878137266
1343.66137,0.2860080964369562
1345.27712,0.2995654259957717
1346.89288,0.29960247938291634
1348.50864,0.30639968043341265
1350.12439,0.29967639932336987
1351.74015,0.29295315900555197
1353.3559,0.28622985625831676
1354.97166,0.27950638877193407
1356.58741,0.2660227517570299
1358.20317,0.2525390527675101
1359.81893,0.23905529157616487
1361.43468,0.22557157072263181
1363.05044,0.2053274752628477
1364.66619,0.19184352724151857
1366.28195,0.1851197271088256
1367.89771,0.17839576200900772
1369.51346,0.17843194434879917
1371.12922,0.17846806471089538
1372.74497,0.18526433251337196
1374.36073,0.18530032847220518
1375.97648,0.19209636910688688
1377.59224,0.19889245052763416
1379.208,0.20568836698125653
1380.82375,0.21248432377730825
1382.43951,0.21252000872779236
1384.05526,0.21931573835604917
1385.67102,0.22611150876844852
1387.28677,0.22614700689433698
1388.90253,0.2194222331731192
1390.51829,0.21945760711525306
1392.13404,0.2127328115373356
1393.7498,0.20600785121103052
1395.36555,0.1925227213654429
1396.98131,0.17903752953599958
1398.59706,0.17231248515309713
1400.21282,0.15206706182051669
1401.82858,0.13858168338598728
1403.44433,0.12509624253397592
1405.06009,0.1116107396961835
1406.67584,0.10488538430685498
1408.2916,0.098159864165676
1409.90736,0.09819449168784866
1411.52311,0.10498926665964185
1413.13887,0.10502376977855268
1414.75462,0.10505821048267572
1416.37038,0.11185269629819883
1417.98613,0.11188701259982994
1419.60189,0.11868137401209006
1421.21765,0.12547577598782886
1422.8334,0.13227001278540346
1424.44916,0.13906429035787926
1426.06491,0.14585840275295958
1427.68067,0.15265255592217358
1429.29642,0.16620675377993907
1430.91218,0.17300067978058592
1432.52794,0.1865547534445879
1434.14369,0.1933485548332445
1435.75945,0.20014239699410824
1437.3752,0.21369628384545
1438.99096,0.22048989883774892
1440.60672,0.22052334452834949
1442.22247,0.22731693767588299
1443.83823,0.22059004909804344
1445.45398,0.2138632008780327
1447.06974,0.20713618789693017
1448.68549,0.19364900540924926
1450.30125,0.18692197079018671
1451.91701,0.17343466410412167
1453.53276,0.16670750487768835
1455.14852,0.15998018088823673
1456.76427,0.16001300435918328
1458.38003,0.16004576583164573
1459.99578,0.1533183578002251
1461.61154,0.15335099486942572
1463.2273,0.15338356973680092
1464.84305,0.15341608220132374
1466.45881,0.14668832280026003
1468.07456,0.13996060376241565
1469.69032,0.13999292982326603
1471.30607,0.14002519348280268
1472.92183,0.12653707817533885
1472.92183,0.1197768683101618
1472.92183,0.15357771210544358
1474.53759,0.11980900776592607
1474.53759,0.13332932473097842
1474.53759,0.11304890066605079
1474.53759,0.1400895345961555
1474.53759,0.18065038272600958
1474.53759,0.12656921763110313
1476.15334,0.20096298661184384
1476.15334,0.1198410848215309
1476.15334,0.13336140178658326
1476.15334,0.1468817187516356
1476.15334,0.14012161165176032
1476.15334,0.25504415170675143
1476.15334,0.16716224558186502
1476.15334,0.16040203571668796
1476.15334,0.17392235268173914
1476.15334,0.2618043615719285
1476.15334,0.15364192861681267
1477.7691,0.14691373380413805
1477.7691,0.16719426063436746
1477.7691,0.20099500166434628
1477.7691,0.17395436773424158
1477.7691,0.23479574269432626
1477.7691,0.2685964837243062
1477.7691,0.20775510876422157
1477.7691,0.23479574269432626
1477.7691,0.2483160596593786
1477.7691,0.22127542572927392
1477.7691,0.1604340507691904
1477.7691,0.21451531862939863
1477.7691,0.22803563559445097
1477.7691,0.3023972247542862
1477.7691,0.18747468469929393
1477.7691,0.28211680068935857
1477.7691,0.2956371176544109
1477.7691,0.2753566935894833
1477.7691,0.18071447483411684
1477.7691,0.1942347917991692
1477.7691,0.1536739436693151
1477.7691,0.28887701055453563
1479.38485,0.2145472712825104
1479.38485,0.342990128302555
1479.38485,0.2415878024473133
1479.38485,0.22130737838238565
1479.38485,0.3227097042376274
1479.38485,0.33623002120267975
1479.38485,0.1807464274872286
1479.38485,0.3159494943724503
1479.38485,0.1875066373524057
1479.38485,0.35651044526760733
1479.38485,0.2077870614173333
1479.38485,0.19426674445228095
1479.38485,0.22806758824756274
1479.38485,0.3497503381677321
1479.38485,0.234827695347438
1479.38485,0.26862843637741796
1479.38485,0.20102695431745804
1479.38485,0.30918938727257506
1481.00061,0.36330244301672093
1481.00061,0.3565423359168468
1481.00061,0.37006265288189916
1481.00061,0.24837990296172982
1481.00061,0.3295017019867421
1481.00061,0.24161969309655273
1481.00061,0.3768227599817733
1481.00061,0.26866032702665743
1481.00061,0.3024610680566374
1482.61637,0.2957327894041773
1482.61637,0.322773423334282
1482.61637,0.2619320483741973
1482.61637,0.3836147982943655
1482.61637,0.25517183850902025
1482.61637,0.288972682304302
1482.61637,0.27545236533924966
1482.61637,0.3498140572643867
1482.61637,0.3295335304341573
1482.61637,0.28221247243912495
1484.23212,0.3836465643435466
1484.23212,0.3430856134483907
1484.23212,0.3025246625532337
1484.23212,0.3363255063485155
1484.23212,0.3092848724184108
1484.23212,0.3566059304134431
1484.23212,0.32280518938346314
1484.23212,0.31604497951828603
1485.84788,0.3836782683876988
1485.84788,0.3836782683876988
1487.46363,0.3837099100343868
1487.46363,0.40399033409931445
1489.07939,0.417542230705256
1489.07939,0.42430233780513127
1489.07939,0.41078212360538074
1489.07939,0.40402191374020363
1489.07939,0.38374148967527605
1489.07939,0.3972618066403284
1489.07939,0.3905015967751513
1489.07939,0.4310625476703083
1489.07939,0.4378226547701836
1490.69514,0.44461438187955565
1492.3109,0.4649262611821106
1492.3109,0.44464583711718303
1492.3109,0.45140594421705826
1493.92666,0.45819754711803845
1510.08421,0.16106128772395734
1511.69997,0.14757167957657116
1511.69997,0.15433188944174825
1511.69997,0.1678522064068006
1511.69997,0.1408115724766959
1511.69997,0.12729125551164353
1511.69997,0.13405136261151882
1513.31573,0.21520391101767364
1513.31573,0.20844370115249658
1513.31573,0.2016835940526213
1513.31573,0.1746429601225166
1514.93148,0.1814336514473133
1514.93148,0.22199460234247034
1514.93148,0.19495396841236565
1516.54724,0.35046808434039567
1516.54724,0.323427450410291
1516.54724,0.22878533442022633
1516.54724,0.33018755751016626
1516.54724,0.35722819144027096
1516.54724,0.3369477673753433
1516.54724,0.3707485084053233
1516.54724,0.1882243835250693
1516.54724,0.3437078744752186
1516.54724,0.3639882985401451
1518.16299,0.25585632540745873
1518.16299,0.41810002622278397
1518.16299,0.26261653527263584
1518.16299,0.2693766423725111
1518.16299,0.42486013332265926
1518.16299,0.4316203431878363
1518.16299,0.4113399191229087
1518.16299,0.4045797092577316
1518.16299,0.39781960215785633
1518.16299,0.2423360084424064
1518.16299,0.3166977003675434
1518.16299,0.28965716920274054
1518.16299,0.23557590134253112
1518.16299,0.44514066015288867
1518.16299,0.24909621830758347
1518.16299,0.3775390753276269
1518.16299,0.45190076725276396
1519.77875,0.4384108480970275
1519.77875,0.4992522230571122
1519.77875,0.4586913749272569
1519.77875,0.4924921159572369
1519.77875,0.3843296830021199
1519.77875,0.30996799107698403
1519.77875,0.3910897901019952
1519.77875,0.2964476741119317
1519.77875,0.28292735714687933
1519.77875,0.2761672500470041
1519.77875,0.47221169189230927
1519.77875,0.30320778121180697
1519.77875,0.47897179899218456
1519.77875,0.4654514820271322
1521.3945,0.48576224151199743
1521.3945,0.5128028754421021
1521.3945,0.5060427683422268
1523.01026,0.5263534658132074
1523.01026,0.5195933587133321
1524.62602,0.5872250519775207
1524.62602,0.6277860028726777
1524.62602,0.5331438868826143
1524.62602,0.5939852618426977
1524.62602,0.5804649448776454
1526.24177,0.6548566828534853
1526.24177,0.5737348838284729
1526.24177,0.5669747767285989
1526.24177,0.5602145668634206
1526.24177,0.6007755177585777
1526.24177,0.6413364686537347
1526.24177,0.6210559418235053
1526.24177,0.64809657575361
1526.24177,0.5534544597635466
1526.24177,0.5466942498983682
1526.24177,0.5399341427984942
1526.24177,0.6345762587885576
1527.85753,0.6684070866195044
1527.85753,0.6075657116594197
1527.85753,0.6143259215245969
1527.85753,0.6616469795196291
1529.47328,0.7157581690280495
1529.47328,0.7292784859931019
1529.47328,0.6751973208981942
1529.47328,0.7225183788932266
1531.08904,0.709028024325878
1531.08904,0.6819873903957733
1531.08904,0.7360686582559827
1532.70479,0.7022978172370223
1532.70479,0.7496188752320547
1532.70479,0.7360985582670023
1532.70479,0.68877750027197
1532.70479,0.7428586653668776
1532.70479,0.7563789823319288
1534.32055,0.6955674453662872
1534.32055,0.763169030191549
1535.93631,0.7834792300490933
1535.93631,0.7631988059841668
1535.93631,0.8037596541140208
1535.93631,0.7969995470141455
1535.93631,0.7902393371489684
1535.93631,0.810519863979198
1537.55206,0.817309684486161
1537.55206,0.7767487335910039
1537.55206,0.7632285193912546
1539.16782,0.864660393870548
1539.16782,0.7632581707806093
1539.16782,0.8714206037357252
1539.16782,0.7700182778804834
1539.16782,0.8240995457406928
1539.16782,0.8849409207007775
1539.16782,0.8511400769054956
1539.16782,0.8781807108356003
1539.16782,0.8579002867706728
1540.78357,0.8444095588102152
1540.78357,0.8308892418451628
1540.78357,0.8376493489450381
1544.01508,0.824188126333482
1544.01508,0.8309482334333573
1545.63084,0.8106972119512595
1545.63084,0.8039370020860825
1545.63084,0.7971768949862073
1545.63084,0.8174573190511348
1547.2466,0.7904460255020358
1547.2466,0.7769257085369834
1547.2466,0.6755234854470447
1547.2466,0.7701656014371082
1547.2466,0.6687632755818677
1547.2466,0.7836859184021605
1548.86235,0.6823128705450898
1548.86235,0.6620324464801621
1548.86235,0.7499144553703515
1548.86235,0.7296339285401221
1548.86235,0.7566745624702257
1548.86235,0.7228738214402468
1548.86235,0.7634347723354039
1548.86235,0.7161136115750698
1550.47811,0.736423354383043
1550.47811,0.695862403487886
1550.47811,0.7431834614829183
1550.47811,0.662061662457906
1550.47811,0.6891022963880107
1550.47811,0.7093827204529383
1552.09386,0.7026517669487398
1552.09386,0.6620908160535827
1552.09386,0.6553306061884057
1553.70962,0.6553596977628865
1555.32538,0.6621489370007201
1556.94113,0.6689380110923414
1558.55689,0.668966916061735
1560.17264,0.6622356515511127
1561.7884,0.6622644321172444
1563.40415,0.6420127262390768
1563.40415,0.648772833338952
1563.40415,0.6622931503040044
1563.40415,0.6352525163738997
1563.40415,0.6555329404388273
1565.01991,0.6285210654368931
1565.01991,0.6352811725367684
1566.63567,0.6285496593979375
1568.25142,0.6285781909807656
1569.86718,0.6286066605385483
1571.48293,0.6286350677188833
1573.09869,0.628663412873403
1574.71444,0.6016510617211414
1574.71444,0.6084111688210166
1574.71444,0.5678503206911626
1574.71444,0.5813706376562138
1574.71444,0.5948909546212661
1574.71444,0.621931485786069
1574.71444,0.6151713786861938
1574.71444,0.5746104277910367
1574.71444,0.5881307447560891
1576.3302,0.5678785414424192
1577.94596,0.5408660660617468
1577.94596,0.5679066999918515
1577.94596,0.547626173161621
1577.94596,0.5543863830267992
1579.56171,0.5476542693355323
1579.56171,0.5408941622356581
1579.56171,0.5611745863005846
1579.56171,0.5679347961657628
1581.17747,0.561202620446754
1581.17747,0.5544425133468799
1581.17747,0.5679628303119322
1582.79322,0.5679908020833516
1584.40898,0.5680187118262592
1586.02474,0.5680465593673412
1587.64049,0.5748344516347029
1589.25625,0.5951427016027526
1589.25625,0.5883824917375755
1589.25625,0.6154231256676802
1589.25625,0.5816223846377002
1589.25625,0.6086629158025032
1589.25625,0.6019028087026279
1590.872,0.62221089353255
1592.48776,0.6154783851672332
1594.10351,0.6087457116645575
1595.71927,0.6155333958610301
1597.33503,0.6223209150903753
1598.95078,0.6223482648489461
1598.95078,0.6155881577490708
1600.56654,0.615615445475279
1602.18229,0.5615614029711473
1602.18229,0.5818419298013767
1602.18229,0.6021223538663043
1602.18229,0.6156426708313567
1602.18229,0.595362246766429
1602.18229,0.5683216128363255
1602.18229,0.588602036901252
1602.18229,0.6088824609661796
1602.18229,0.5750817199361996
1603.79805,0.5615885662940925
1605.4138,0.5616156672476771
1607.02956,0.5548825990674863
1607.02956,0.5616427061673605
1608.64532,0.5481493659201672
1608.64532,0.5549095757853454
1610.26107,0.5414161731699458
1610.26107,0.5481762802698199
1610.26107,0.5346560660700705
1611.87683,0.5346829183846666
1613.49258,0.5279494984666493
1613.49258,0.5347097083318263
1613.49258,0.521189391366774
1615.10834,0.5076958023130559
1615.10834,0.5144559094129312
1615.10834,0.5212161192781082
1616.72409,0.5077224678577237
1618.33985,0.5009888615006167
1619.95561,0.48749508584181134
1619.95561,0.4942552957069884
1621.57136,0.48076145768267203
1623.18712,0.4740277674857819
1623.18712,0.46726755762060485
1623.18712,0.46050745052072956
1624.80287,0.45377359519379423
1624.80287,0.4605338050589713
1626.41863,0.41999914666353644
1626.41863,0.41323903956366115
1626.41863,0.4267592537634117
1626.41863,0.4335194636285888
1626.41863,0.44703978059364113
1626.41863,0.440279570728464
1626.41863,0.4537998876935164
1628.03439,0.41326526986155904
1629.65014,0.4065312279306931
1629.65014,0.41329143779587013
1631.2659,0.39979722672545265
1632.88165,0.3998232702572719
1634.49741,0.3998492517486438
1636.11316,0.39987517087796987
1637.72892,0.366100184170797
1637.72892,0.39990102796607874
1639.34468,0.37288618892226216
1639.34468,0.38640650588731335
1639.34468,0.39316661298718864
1639.34468,0.3593658719572098
1639.34468,0.3999268228523657
1640.96043,0.3120705464875706
1640.96043,0.3526314973827277
1640.96043,0.325590863452623
1640.96043,0.3458712875175506
1640.96043,0.3796720285475294
1640.96043,0.3188306535874459
1640.96043,0.30531033662239354
1640.96043,0.38643223841270646
1642.57619,0.3391368509006993
1642.57619,0.29181579290566695
1642.57619,0.30533600710541753
1642.57619,0.3323766410355222
1642.57619,0.29857590000554224
1644.19194,0.29184140102856815
1645.8077,0.3053871613080785
1645.8077,0.2851067372431509
1647.42345,0.2918924308287361
1647.42345,0.285132220963559
1649.03921,0.29191785250523405
1649.03921,0.285157642640057
1650.65497,0.29870331907978304
1650.65497,0.29194321197990775
1652.27072,0.2919685090963853
1652.27072,0.3054887232961358
1653.88648,0.29875385126767123
1653.88648,0.3122741682327236
1655.50223,0.31905944804658326
1655.50223,0.3055391310815309
1657.11799,0.31232445161485567
1657.11799,0.31908455871473096
1658.73375,0.3123495000811803
1658.73375,0.3123495000811803
1660.3495,0.31237448619123287
1660.3495,0.3056142763260558
1661.96526,0.3123994102542945
1661.96526,0.29887909328924217
1663.58101,0.30566406209667696
1663.58101,0.3191843790617293
1665.19677,0.31920917872152904
1665.19677,0.3124490716216538
1666.81252,0.3192339160265955
1666.81252,0.3124738089267202
1668.42828,0.312498484183257
1668.42828,0.3192585912831323
1670.04404,0.3125230972379695
1670.04404,0.3192832043378448
1671.65979,0.3057874380739282
1671.65979,0.31930775503898057
1673.27555,0.3058119267253777
1673.27555,0.2922917125256272
1673.27555,0.2990518196255025
1673.27555,0.31933224369043006
1673.27555,0.3125721365905548
1673.27555,0.3058119267253777
1674.8913,0.2923161388242699
1674.8913,0.2855559289590928
1674.8913,0.29907624592414517
1674.8913,0.27879582185921753
1676.50706,0.27882018610740406
1676.50706,0.2923405030724564
1678.12281,0.28560459510342895
1678.12281,0.27884448800355366
1679.73857,0.27210851798330127
1679.73857,0.27210851798330127
1679.73857,0.24506788405319657
1679.73857,0.265348410883426
1679.73857,0.25182809391837363
1679.73857,0.2585882010182489
1681.35433,0.25861237866134934
1681.35433,0.23833195459642173
1682.97008,0.23835606988863953
1682.97008,0.24511617698851482
1684.58584,0.22485980616342577
1684.58584,0.23838012312847812
1684.58584,0.23162001602860285
1686.20159,0.23164400691832757
1686.20159,0.21812368995327522
1686.20159,0.21136348008809813
1687.81735,0.23842804285477845
1689.4331,0.24521201644188537
1691.04886,0.251996030740375
1692.66462,0.25877988007173863
1694.28037,0.2655637698202167
1695.89613,0.2655873876484432
1697.51188,0.2656109431292511
1699.12764,0.2656344365542134
1700.7434,0.2588976579121756
1702.35915,0.2521609196891764
1703.97491,0.2386639095440015
1705.59066,0.22516683705333215
1707.20642,0.21842991237007128
1708.82217,0.1981725056117318
1710.43793,0.1779151395601556
1712.05369,0.16441781840663156
1713.66944,0.14416032780966323
1715.2852,0.1306628822528762
1716.90095,0.11716537435329004
1718.51671,0.09690769729336357
1720.13246,0.08341006499128552
1721.74822,0.07667247772784776
1723.36398,0.04965450696295991
1723.36398,0.06993493102788753
1723.36398,0.042894297097782835
1724.97973,0.0564371121218765
1724.97973,0.06319721922175178
1724.97973,0.06319721922175178
1726.59549,0.06997986508358207
1726.59549,0.063219655218405
1728.21124,0.06324202887495439
1728.21124,0.07676234584000675
1729.827,0.08354486729857288
1729.827,0.07678465743339581
1729.827,0.07002455033352054
1731.44276,0.08356711669013883
1731.44276,0.09032722379001411
1733.05851,0.09710962070780878
1733.05851,0.08358930374275643
1734.67427,0.08361142873106055
1734.67427,0.09713174569611291
1736.29002,0.08363349138118506
1736.29002,0.09039359848106034
1736.29002,0.10391391544611268
1737.90578,0.09041559906610029
1737.90578,0.10393591603115265
1739.52153,0.10395785427878523
1739.52153,0.1107180641439623
1739.52153,0.1107180641439623
1739.52153,0.09719774717890996
1739.52153,0.11747817124383758
1739.52153,0.09043753731373289
1741.13729,0.12426015452548983
1741.13729,0.11073994032573928
1742.75305,0.12428196850544486
1742.75305,0.11076175430569431
1744.3688,0.11754361304926919
1744.3688,0.11754361304926919
1745.98456,0.12432540972583651
1745.98456,0.11756530262596124
1747.60031,0.11758692986716776
1747.60031,0.11758692986716776
1749.21607,0.11084838794072152
1749.21607,0.1176084950405968
1750.83182,0.11086989077943614
1750.83182,0.11762999787931142
1750.83182,0.12439010497918669
1752.44758,0.11765143864947746
1752.44758,0.13117175561452982
1752.44758,0.12441154574935273
1754.06334,0.12443292431769451
1754.06334,0.13795324128274686
1755.67909,0.1447347673827067
1755.67909,0.13121445041765437
1755.67909,0.12445424055247731
1757.29485,0.158276338512839
1757.29485,0.1312357045827343
1757.29485,0.1379958116826096
1758.9106,0.15153732047995166
1758.9106,0.1785779544100552
1758.9106,0.1447772133800764
1758.9106,0.165057637445004
1758.9106,0.1718178473101811
1758.9106,0.15829753034512875
1758.9106,0.18533806150993049
1758.9106,0.1718178473101811
1760.52636,0.1921194011369245
1760.52636,0.17859908417187215
1762.14211,0.1921404685667223
1762.14211,0.18538025870154523
1763.75787,0.18540126406009919
1763.75787,0.19216147392527624
1765.37363,0.18542220721682887
1765.37363,0.18542220721682887
1766.98938,0.17868298094281956
1766.98938,0.18544308804269485
1768.60514,0.1854639067961627
1768.60514,0.1854639067961627
1770.22089,0.1854846632195356
1770.22089,0.1922448730847127
1771.83665,0.1855053575697393
1771.83665,0.19226556743491638
1771.83665,0.17874525046986403
1773.45241,0.17876588261824577
1773.45241,0.18552598971812106
1773.45241,0.17200577551837168
1775.06816,0.14498571140770808
1775.06816,0.15174581850758334
1775.06816,0.15850602837276043
1775.06816,0.15850602837276043
1775.06816,0.1652661354726357
1775.06816,0.17202634533781277
1775.06816,0.17878645243768687
1776.68392,0.14500621915282566
1776.68392,0.13824600928764857
1776.68392,0.1314859021877733
1776.68392,0.15176632625270092
1778.29967,0.13826645470459778
1778.29967,0.12474613773954542
1778.29967,0.11798603063967014
1778.29967,0.1315063476047225
1779.91543,0.13152673094657708
1779.91543,0.11124630688164946
1779.91543,0.11800641398152474
1781.53118,0.11126662789610556
1781.53118,0.12478684209585611
1783.14694,0.11128688683469833
1783.14694,0.11128688683469833
1784.7627,0.11130708357146682
1784.7627,0.10454687370628975
1786.37845,0.09780690101693876
1786.37845,0.10456700811681403
1786.37845,0.1113272179819911
1786.37845,0.09104669115176169
1786.37845,0.09780690101693876
1786.37845,0.08428658405188641
1786.37845,0.07752637418670934
1787.99421,0.077546446520216
1787.99421,0.07078633942034072
1787.99421,0.08430665638539307
1789.60996,0.06404613956319485
1789.60996,0.08432666639342427
1791.22572,0.06406608749343852
1791.22572,0.07758640445849087
1792.84147,0.077606290064029
1792.84147,0.07084618296415372
1794.45723,0.06410579662595732
1794.45723,0.07762611359100967
1796.07299,0.07764587491616608
1796.07299,0.0708857678162908
1797.68874,0.07766557391777355
1797.68874,0.07766557391777355
1799.3045,0.0844454207048452
1799.3045,0.07092510373979286
1800.92025,0.057424361373853726
1800.92025,0.07094467833890608
1800.92025,0.05066425427397845
1800.92025,0.04390404440880138
1800.92025,0.07770478543878136
1800.92025,0.06418446847372901
1800.92025,0.0371439373089261
1800.92025,0.06418446847372901
1802.53601,0.037163449827557676
1802.53601,0.030403239962380604
1802.53601,0.05744387389248531
1804.15177,0.043943007244240266
1804.15177,0.02366258317931264
1804.15177,0.016902373314135567
1805.76752,0.0304420782743705
1805.76752,0.016921761309318148
1807.38328,0.01694108722286363
1807.38328,0.0034207702578112798
1807.38328,0.01694108722286363
1808.99903,0.0
1808.99903,0.0
1808.99903,0.010200243715677853
1808.99903,0.01696035081555313
1808.99903,0.01696035081555313
1810.61479,0.003459235360783264
1810.61479,0.010219445225960338
1810.61479,0.016979552325835614
1810.61479,0.0
1810.61479,0.0
1810.61479,0.016979552325835614
1812.23054,0.01699869151603203
1812.23054,0.01699869151603203
1813.8463,0.03729829545328094
1813.8463,0.02377797848822859
1813.8463,0.04405840255315622
1813.8463,0.030538085588103867
1813.8463,0.030538085588103867
1815.46206,0.050837627323528506
1815.46206,0.03731731035847616
1817.07781,0.05085657990979428
1817.07781,0.05761668700966956
1817.07781,0.04409637004461721
1818.69357,0.050875470411726506
1818.69357,0.06439568461147706
1820.30932,0.050894298595499196
1820.30932,0.06441451279524975
1821.92508,0.05767317179404486
1821.92508,0.06443327889392014
1823.54083,0.05769187557532447
1823.54083,0.05769187557532447
1825.15659,0.05771051727073186
1825.15659,0.05095041017085659
1826.77235,0.050968989664440884
1826.77235,0.05772909676431616
1828.3881,0.05774761394166396
1828.3881,0.05774761394166396
1830.00386,0.06452617613185936
1830.00386,0.057766069031984085
1831.61961,0.06454456890671524
1831.61961,0.05102435470696469
1831.61961,0.057784461806839965
1833.23537,0.05780279249389827
1833.23537,0.04428247552884592
1834.85112,0.05106095376638462
1834.85112,0.04430074390120755
1834.85112,0.0578210608662599
1836.46688,0.051079160050181094
1836.46688,0.037558843085128746
1838.08264,0.03757698716709978
1838.08264,0.051097304132152126
1839.69839,0.037595068935530766
1839.69839,0.04435517603540604
1839.69839,0.030834859070353694
1841.31415,0.024092771649187623
1841.31415,0.037613088614239974
1842.9299,0.024110729015125527
1842.9299,0.03763104598017788
1842.9299,0.030870836115000803
1844.54566,0.017368414425394663
1844.54566,0.024128624290571735
1846.16142,0.0173862474990166
1846.16142,0.024146457364193675
1847.77717,0.010643911161147417
1847.77717,0.02416422812619977
1849.39293,0.010661619831507528
1849.39293,0.024181936796559878
1851.00868,0.003919056325843466
1851.00868,0.017439373290895815
1851.00868,0.01067926619102054
1852.62444,0.003936640592940579
1852.62444,0.003936640592940579
1852.62444,0.003936640592940579
1854.24019,0.0
1854.24019,0.003954162549961674
1854.24019,0.0
1855.85595,0.0
1855.85595,0.0
1855.85595,0.003971622413795791
1857.47171,0.0
1857.47171,0.0
1857.47171,0.0
1857.47171,0.003989020075805639
1859.08746,0.0
1859.08746,0.0
1859.08746,0.0
1860.70322,0.0
1860.70322,0.0
1860.70322,0.0
1860.70322,0.0
1862.31897,0.0
1862.31897,0.0
1862.31897,0.0
1863.93473,0.0
1863.93473,0.0
1863.93473,0.0
1865.55048,0.0
1865.55048,0.0
1865.55048,0.0
1865.55048,0.0
1865.55048,0.0
1865.55048,0.0
1865.55048,0.0
1865.55048,0.0
1867.16624,0.0
1867.16624,0.0
1867.16624,0.0
1868.782,0.0
1868.782,0.0
1868.782,0.0
1870.39775,0.0
1870.39775,0.0
1870.39775,0.0
1872.01351,0.0
1872.01351,0.0
1872.01351,0.0
1873.62926,0.0
1873.62926,0.0
1873.62926,0.0
1875.24502,0.0
1875.24502,0.0
1875.24502,0.0
1876.86078,0.0
1876.86078,0.0
1876.86078,0.0
1876.86078,0.0
1878.47653,0.0
1878.47653,0.0
1878.47653,0.0
1880.09229,0.0
1880.09229,0.0
1880.09229,0.0
1880.09229,0.0
1880.09229,0.0
1881.70804,0.0
1881.70804,0.0
1881.70804,0.0
1881.70804,0.0
1881.70804,0.0
1883.3238,0.0
1883.3238,0.0
1883.3238,0.0
1883.3238,0.0
1883.3238,0.0
1884.93955,0.0
1884.93955,0.0
1884.93955,0.0
1886.55531,0.0
1886.55531,0.004291540675692615
1886.55531,0.004291540675692615
1888.17107,0.011067966371306257
1888.17107,0.011067966371306257
1888.17107,0.004307756506129184
1888.17107,0.017828073471181535
1888.17107,0.011067966371306257
1888.17107,0.0
1889.78682,0.011084119900137029
1889.78682,0.017844227000012303
1889.78682,0.011084119900137029
1891.40258,0.017860318427185877
1891.40258,0.024620528292362952
1891.40258,0.024620528292362952
1893.01833,0.031396664518575916
1893.01833,0.017876347553523565
1893.01833,0.031396664518575916
1894.63409,0.01789231457743531
1894.63409,0.04493294850754001
1894.63409,0.0719735824376447
1894.63409,0.04493294850754001
1894.63409,0.07873368953751998
1896.24984,0.06522927729631224
1896.24984,0.06522927729631224
1896.24984,0.08550980412654166
1896.24984,0.06522927729631224
1896.24984,0.024668429166456986
1896.24984,0.03142853626633226
1896.24984,0.017908219301279914
1897.8656,0.038204588752158083
1897.8656,0.12608649487704565
1897.8656,0.04496469585203336
1897.8656,0.05848501281708571
1897.8656,0.11932638777717039
1897.8656,0.07876543688201333
1897.8656,0.10580607081211804
1897.8656,0.11256628067729511
1897.8656,0.09228575384706568
1897.8656,0.07876543688201333
1897.8656,0.09904596371224277
1897.8656,0.03144437888698101
1899.48136,0.13962259226092366
1899.48136,0.0990617441310684
1899.48136,0.13286248516104837
1899.48136,0.04498047627085901
1899.48136,0.0990617441310684
1899.48136,0.05174068613603608
1901.09711,0.11259777921603355
1901.09711,0.11259777921603355
1901.09711,0.14639852024601352
1901.09711,0.15991883721106587
1902.71287,0.12613364943134675
1902.71287,0.15317428336145145
1902.71287,0.12613364943134675
1904.32862,0.1396695601138188
1904.32862,0.1396695601138188
1905.94438,0.14644530159129554
1905.94438,0.14644530159129554
1907.56013,0.14646077090622334
1907.56013,0.14646077090622334
1909.17589,0.14647617811525998
1909.17589,0.14647617811525998
1910.79165,0.1329712061574212
1910.79165,0.1329712061574212
1912.4074,0.1262262790032401
1912.4074,0.1262262790032401
1914.02316,0.10596107554226303
1914.02316,0.10596107554226303
1915.63891,0.08569580978583831
1915.63891,0.08569580978583831
1917.25467,0.07219058902147352
1917.25467,0.07219058902147352
1918.87043,0.04516498909023211
1918.87043,0.04516498909023211
1920.48618,0.03165964382975202
1920.48618,0.03165964382975202
1922.10194,0.018154236460299962
1922.10194,0.018154236460299962
1923.71769,0.004648766797326788
1923.71769,0.004648766797326788
1925.33345,0.004663551989665254
1925.33345,0.004663551989665254
1926.9492,0.01143848475442842
1926.9492,0.01143848475442842
1928.56496,0.018213252643379165
1928.56496,0.018213252643379165
1930.18072,0.03174816819568271
1930.18072,0.03174816819568271
1931.79647,0.052043231321566415
1931.79647,0.052043231321566415
1933.41223,0.06557791970530634
1933.41223,0.06557791970530634
1935.02798,0.07911264856351989
1935.02798,0.07911264856351989
1936.64374,0.09940752517447568
1936.64374,0.09940752517447568
1938.25949,0.11970223673007259
1938.25949,0.11970223673007259
1939.87525,0.13323677907258832
1939.87525,0.13323677907258832
1941.49101,0.1332509422482286
1941.49101,0.1332509422482286
1943.10676,0.1332650431349649
1943.10676,0.1332650431349649
1944.72252,0.11975876494228983
1944.72252,0.11975876494228983
1946.33827,0.09273210749642952
1946.33827,0.09273210749642952
1947.95403,0.07922570490049145
1947.95403,0.07922570490049145
1949.56979,0.05219902590297973
1949.56979,0.05219902590297973
1951.18554,0.03193228895306288
1951.18554,0.03193228895306288
1952.8013,0.01842569975203755
1952.8013,0.01842569975203755
1954.41705,0.0
1954.41705,0.0
1956.03281,0.0
1956.03281,0.0
1957.64856,0.0
1957.64856,0.0
1959.26432,0.0
1959.26432,0.0
1960.88008,0.0
1960.88008,0.0
1962.49583,0.0
1962.49583,0.0
1964.11159,0.0
1964.11159,0.0
1965.72734,0.0
1965.72734,0.0
1967.3431,0.0
1967.3431,0.0
1968.95885,0.011799448787531886
1968.95885,0.011799448787531886
1970.57461,0.025332809298475503
1970.57461,0.025332809298475503
1972.19037,0.04562621470746896
1972.19037,0.04562621470746896
1973.80612,0.07267976770005145
1973.80612,0.07267976770005145
1975.42188,0.09973325857096015
1975.42188,0.09973325857096015
1977.03763,0.11326637019599838
1977.03763,0.11326637019599838
1978.65339,0.12679931693328994
1978.65339,0.12679931693328994
1980.26914,0.1268119871907827
1980.26914,0.1268119871907827
1981.8849,0.11330438112531017
1981.8849,0.11330438112531017
1983.50066,0.09979661009271273
1985.11641,0.08628877678122136
1986.73217,0.07278088134536093
1988.34792,0.06603303073125175
1989.96368,0.05252511365743011
1991.57944,0.05253734858153592
1993.19519,0.05254952122867201
1994.81095,0.05256163174951482
1996.4267,0.04581347012898192
1998.04246,0.04582545624656174
1999.65821,0.04583738008871165
2001.27397,0.039089134703154366
2002.88973,0.03910093421564692
2004.50548,0.032352461588689124
2006.12124,0.03236413669791985
2007.73699,0.032375749533647205
2009.35275,0.039147510104792005
2010.9685,0.045919105637900394
2012.58426,0.05269074180578336
2014.20002,0.052702105906663826
2015.81577,0.05271340773596629
2017.43153,0.04596443756840785
2019.04728,0.03921550789534196
2020.66304,0.02570630622464524
2022.2788,0.012197042352125426
2023.89455,0.0
2025.51031,0.0
2025.51031,0.0
2025.51031,0.0
2025.51031,0.0
2027.12606,0.0
2027.12606,0.0
2027.12606,0.0
2028.74182,0.0
2028.74182,0.0
2030.35757,0.005491164723377899
2030.35757,0.0
2031.97333,0.012262054471299683
2031.97333,0.005501844606122609
2031.97333,0.0
2033.58909,0.012272672152218956
2033.58909,0.019032779252094234
2035.20484,0.032563651631107346
2035.20484,0.01228322756617972
2035.20484,0.019043334666054998
2036.8206,0.03257414490876479
2036.8206,0.01905382794371244
2038.43635,0.03258457592023247
2038.43635,0.019064258955180123
2040.05211,0.01907462782957457
2040.05211,0.025834837694751644
2040.05211,0.03259494479462692
2041.66786,0.03936546126877859
2041.66786,0.032605251403601515
2041.66786,0.02584514430372624
2043.28362,0.032615495874734134
2043.28362,0.04613581283978649
2044.89938,0.032625678144042485
2044.89938,0.04614599510909483
2046.51513,0.039396008014262344
2046.51513,0.04615611511413762
2046.51513,0.05967643207918997
2046.51513,0.03263579814908527
2048.13089,0.0664465970451106
2048.13089,0.046166172980182975
2049.74664,0.07321680251283738
2049.74664,0.05293637844790975
2051.3624,0.07998684307549618
2051.3624,0.0732267359756209
2051.3624,0.05970641901056855
2051.3624,0.06646652611044383
2051.3624,0.08674705294067325
2051.3624,0.07998684307549618
2052.97815,0.09351703124060631
2052.97815,0.08675692414073104
2054.59391,0.09352684030012567
2054.59391,0.0867667332002504
2056.20967,0.09353658715782193
2056.20967,0.08677648005794665
2057.82542,0.08002595478889556
2057.82542,0.0935462717539479
2059.44118,0.08003557724332883
2059.44118,0.0867957871085059
2059.44118,0.07327547014345355
2061.05693,0.08004513743696172
2061.05693,0.07328503033708644
2061.05693,0.06652482047190937
2062.67269,0.0665343185230808
2062.67269,0.05977421142320552
2062.67269,0.07329452838825787
2062.67269,0.053014104323330244
2064.28845,0.05978364727255152
2064.28845,0.04626333030749917
2065.9042,0.05979302086225377
2065.9042,0.053032913762378495
2065.9042,0.03275238693214907
2065.9042,0.04627270389720142
2067.51996,0.03952190824341031
2067.51996,0.019241381413180887
2067.51996,0.04628201534328558
2069.13571,0.03277094756544124
2069.13571,0.03953115743061831
2069.13571,0.005730313635336537
2070.75147,0.012499710543334779
2070.75147,0.005739500678157706
2070.75147,0.0
2070.75147,0.019259817643210057
2070.75147,0.02602002750838713
2070.75147,0.0
2070.75147,0.0
2070.75147,0.0
2070.75147,0.0
2072.36722,0.0
2072.36722,0.0
2072.36722,0.0
2072.36722,0.0
2073.98298,0.0
2073.98298,0.0
2075.59874,0.0
2075.59874,0.0
2077.21449,0.0
2077.21449,0.0
2078.83025,0.0
2078.83025,0.0
2080.446,0.0
2080.446,0.0
2082.06176,0.0
2082.06176,0.0
2083.67751,0.0
2083.67751,0.0
2083.67751,0.0
2083.67751,0.0
2083.67751,0.0
2083.67751,0.0
2085.29327,0.0
2085.29327,0.0
2085.29327,0.0
2086.90903,0.005827949794793156
2086.90903,0.0
2086.90903,0.0
2088.52478,0.00583645256666062
2088.52478,0.0
2090.14054,0.005844893189520603
2090.14054,0.0
2091.75629,0.012613481424072058
2091.75629,0.005853271558894984
2093.37205,0.01938190474354432
2093.37205,0.00586158777849197
2094.98781,0.012630051661442928
2094.98781,0.005869841796265855
2094.98781,0.02615036862649528
2094.98781,0.02615036862649528
2094.98781,0.019390158761318204
2096.60356,0.039678877356990196
2096.60356,0.026158560391937848
2098.21932,0.05320732393655343
2098.21932,0.026166690006448737
2099.83507,0.026174757369398224
2099.83507,0.032934864469273496
2099.83507,0.039695074334450575
2099.83507,0.0599754983993782
2101.45083,0.06674361071050136
2101.45083,0.046463186645573744
2101.45083,0.053223396510750816
2101.45083,0.05998350361062609
2101.45083,0.10054445450578314
2101.45083,0.08026392767555372
2101.45083,0.03970307954569846
2103.06658,0.10731250456611599
2103.06658,0.09379218760106364
2103.06658,0.08703208050118837
2103.06658,0.12083282153116834
2103.06658,0.1275929286310436
2103.06658,0.11407271443129306
2103.06658,0.0802718706360113
2103.06658,0.07351176353613602
2104.68234,0.08703996130917326
2104.68234,0.13436101930420558
2104.68234,0.08027975144399618
2104.68234,0.11408059523927795
2104.68234,0.14112112640408087
2106.2981,0.14112894501024265
2106.2981,0.14788915487541973
2106.2981,0.12084852094531502
2107.91385,0.16141722819699783
2107.91385,0.14789691123194548
2107.91385,0.15465701833182077
2107.91385,0.13437659426689313
2109.52961,0.16142492239989664
2109.52961,0.1479046054348443
2109.52961,0.1681850294997719
2111.14536,0.1614325543539293
2111.14536,0.1681926614538046
2112.76112,0.1614401241535651
2112.76112,0.1614401241535651
2114.37687,0.16144763170510587
2114.37687,0.16820773880498116
2115.99263,0.16821518420135395
2115.99263,0.16145507710147866
2117.60839,0.1547022504308513
2117.60839,0.16822256739590366
2119.22414,0.16146978124363615
2119.22414,0.13442914731353145
2119.22414,0.14118925441340674
2119.22414,0.10062840628355148
2119.22414,0.1547095713784591
2119.22414,0.13442914731353145
2119.22414,0.10738851338342675
2119.22414,0.12090883034847912
2119.22414,0.1276689374483544
2119.22414,0.11414872324860383
2119.22414,0.1479494642785838
2120.8399,0.12767619623964108
2120.8399,0.08711534810978584
2120.8399,0.09387545520966112
2120.8399,0.08035513824460877
2122.45565,0.06008191072479701
2122.45565,0.06684201782467228
2122.45565,0.10740296871982934
2122.45565,0.07360222768984935
2122.45565,0.05332180362492173
2124.07141,0.08712967904292541
2124.07141,0.046568728147768364
2124.07141,0.033048411182716016
2124.07141,0.02628830408284074
2125.68716,0.03981569319051587
2125.68716,0.06685622435531878
2125.68716,0.01953516636028645
2125.68716,0.012775059260411174
2127.30292,0.04658281027515303
2127.30292,0.012782069245173054
2128.91868,0.012789017028110663
2128.91868,0.026309333993163014
2130.53443,0.012795902566801636
2130.53443,0.006035692701624564
2130.53443,0.0
2130.53443,0.0
2130.53443,0.012795902566801636
2130.53443,0.0
2132.15019,0.0
2132.15019,0.0
2132.15019,0.0
2133.76594,0.0
2133.76594,0.0
2135.3817,0.0
2135.3817,0.0
2136.99746,0.0
2136.99746,0.0
2138.61321,0.0
2138.61321,0.0
2140.22897,0.0
2140.22897,0.0
2141.84472,0.0
2141.84472,0.0
2143.46048,0.006088537969926651
2143.46048,0.0
2143.46048,0.0
2143.46048,0.0
2145.07623,0.0
2145.07623,0.006094863697207732
2146.69199,0.0
2146.69199,0.0
2148.30775,0.0
2148.30775,0.0
2149.9235,0.0
2149.9235,0.0
2151.53926,0.0
2151.53926,0.0
2151.53926,0.0
2151.53926,0.0
2151.53926,0.0
2153.15501,0.0
2153.15501,0.0
2154.77077,0.0
2154.77077,0.0
2154.77077,0.0
2156.38652,0.0
2156.38652,0.0
2158.00228,0.0
2158.00228,0.0
2158.00228,0.0
2159.61804,0.0
2159.61804,0.0
2161.23379,0.0
2161.23379,0.0
2162.84955,0.0
2162.84955,0.0
2164.4653,0.0
2164.4653,0.0
2166.08106,0.0
2166.08106,0.0
2167.69682,0.0
2167.69682,0.0
2167.69682,0.0
2167.69682,0.0
2167.69682,0.0
2169.31257,0.0
2169.31257,0.0
2170.92833,0.0
2170.92833,0.0
2172.54408,0.0
2172.54408,0.0
2174.15984,0.006198090760362816
2174.15984,0.0
2175.77559,0.0
2175.77559,0.006203234663385384
2177.39135,0.00620831639661163
2177.39135,0.0
2179.00711,0.006213335928014776
2179.00711,0.006213335928014776
2180.62286,0.006218293227105533
2180.62286,0.019738610192157884
2182.23862,0.04002403215052745
2182.23862,0.04678413925040273
2182.23862,0.006223188355245681
2182.23862,0.026503715185475105
2183.85437,0.01298823111702043
2183.85437,0.0062280212518433554
2183.85437,0.053549182012177475
2183.85437,0.033268655181948055
2183.85437,0.04002886504712513
2185.47013,0.09411480086690988
2185.47013,0.02651331880694993
2185.47013,0.019753108941772856
2185.47013,0.10087501073208695
2185.47013,0.0873546937670346
2185.47013,0.01299300184189758
2185.47013,0.060314059836929904
2185.47013,0.06707416693680518
2185.47013,0.07383437680198225
2185.47013,0.060314059836929904
2185.47013,0.08059448390185753
2187.08588,0.11440003619124506
2187.08588,0.08059919239596329
2187.08588,0.10763982632606799
2187.08588,0.12116014329112033
2188.70164,0.12792489671260976
2188.70164,0.10088436554780687
2190.3174,0.14144979779745318
2190.3174,0.14821000766263026
2190.3174,0.12116937373252555
2190.3174,0.13468969069757789
2191.93315,0.1684949536177318
2191.93315,0.16173484651785655
2191.93315,0.15497463665267946
2191.93315,0.13469421258775185
2193.54891,0.1414587794041552
2195.16466,0.14146317689183605
2196.78042,0.13470740510522583
2198.39617,0.12795146832523654
2200.01193,0.12119557213536448
2201.62769,0.11443961374366818
2203.24344,0.11444370022492414
2204.8592,0.11444772452984012
2206.47495,0.11445168660860416
2208.09071,0.10769537664508005
2209.70647,0.10769921434490992
2211.32222,0.09418267285468983
2212.93798,0.08742627905138142
2214.55373,0.07390961315866823
2216.16949,0.06039288508691975
2217.78524,0.05363630465689055
2219.401,0.04687955928175552
2221.01676,0.0468829615699733
2222.63251,0.05364651150106464
2224.24827,0.06717000358576997
2225.86402,0.08069353621424467
2227.47978,0.08745689956111352
2229.09553,0.09422009792191807
2230.71129,0.08746301990047158
2232.32705,0.08746598677707726
2233.9428,0.08070868156889764
2235.55856,0.07395141694236623
2237.17431,0.06719398733169353
2238.79007,0.06719670540177322
2240.40583,0.0671993612700298
2242.02158,0.07396216478577944
2243.63734,0.08072480335064948
2245.25309,0.08072727259872896
2246.86885,0.08072967966045955
2248.4846,0.08073202450604712
2250.10036,0.08073430716451588
2251.71612,0.0739764205212851
2253.33187,0.06721836889776378
2254.94763,0.06046035785127001
2256.56338,0.053702284590557404
2258.17914,0.0469440463755
2259.79489,0.04694595581216959
2261.41065,0.046947803059026266
2263.02641,0.04694958810405867
2264.64216,0.04019120383692117
2266.25792,0.04019286447869175
2267.87367,0.04019446290893644
2269.48943,0.033435789282266946
2271.10518,0.03343726331001973
2272.72094,0.02667856804538903
2274.3367,0.013159600713756995
2275.95245,0.006400678272400888
2277.56821,0.0
2279.18396,0.0
2280.79972,0.0
2282.41548,0.0
2284.03123,0.0
2284.03123,0.0
2284.03123,0.0
2284.03123,0.0
2284.03123,0.0
2284.03123,0.0
2285.64699,0.033447730545164124
2285.64699,0.0
2285.64699,0.019927413580111776
2285.64699,0.0131673064802365
2285.64699,0.0
2285.64699,0.006407096615059427
2285.64699,0.0
2285.64699,0.0
2285.64699,0.0402079404103412
2285.64699,0.0
2285.64699,0.02668762344528885
2287.26274,0.0
2287.26274,0.0
2287.26274,0.04696889952511946
2287.26274,0.04020879242524419
2287.26274,0.0
2287.26274,0.06048921649017182
2287.26274,0.05372910939029654
2288.8785,0.06725011340859348
2288.8785,0.09429074733869819
2288.8785,0.08077043037364584
2288.8785,0.07401032327377056
2288.8785,0.08753064023882291
2290.49425,0.1416125329461416
2290.49425,0.10105168481628633
2290.49425,0.14837274281131865
2290.49425,0.12133210888121396
2290.49425,0.11457200178133868
2290.49425,0.12809221598108925
2290.49425,0.10781179191616161
2292.11001,0.19569446622163322
2292.11001,0.1348530912615497
2292.11001,0.18893425635645614
2292.11001,0.1686538322915297
2292.11001,0.1618937251916544
2292.11001,0.17541404215670675
2292.11001,0.15513351532647732
2293.72577,0.18217475247004
2293.72577,0.21597549350001996
2293.72577,0.2024551765349676
2293.72577,0.2092153864001447
2295.34152,0.2227362443736763
2295.34152,0.25653698540365627
2295.34152,0.2700573023687086
2295.34152,0.26329709250353156
2296.95728,0.2835780981439571
2296.95728,0.32413894627381235
2296.95728,0.24977725434867534
2296.95728,0.2970984151090095
2296.95728,0.31737883917393706
2296.95728,0.2294968302837477
2296.95728,0.27681788827878
2296.95728,0.29033820524383236
2298.57303,0.2430175638547874
2298.57303,0.23625745675491214
2298.57303,0.3714604208748309
2298.57303,0.3308995727449768
2298.57303,0.3444198897100291
2298.57303,0.31061904591474737
2298.57303,0.3038589388148721
2298.57303,0.3782206307400091
2298.57303,0.33765967984485207
2298.57303,0.3511799968099044
2300.18879,0.3579405610820146
2300.18879,0.39174130211199343
2300.18879,0.3647006681818899
2300.18879,0.38498109224681637
2300.18879,0.3985014092118687
2301.80454,0.43906265231052
2301.80454,0.40526191128054
2301.80454,0.42554233534546765
2301.80454,0.41878222824559236
2301.80454,0.43230244244534294
2301.80454,0.4661032862406247
2301.80454,0.4120220183804153
2303.4203,0.4458229894140666
2303.4203,0.4931440474090989
2303.4203,0.5066643643741513
2303.4203,0.4525831992792437
2303.4203,0.5134245742393283
2303.4203,0.48638394030922366
2303.4203,0.47962383320934837
2303.4203,0.4728636233441713
2303.4203,0.45934330637911897
2303.4203,0.499904257274276
2305.03606,0.5472254830711554
2305.03606,0.5404653759712801
2305.03606,0.5607458000362077
2305.03606,0.5877864339663113
2305.03606,0.5269450590062277
2305.03606,0.6013067509313635
2305.03606,0.5742661170012601
2305.03606,0.5539855901710294
2305.03606,0.5675059071360818
2305.03606,0.5201848491410507
2305.03606,0.5945465410661865
2305.03606,0.533705166106103
2306.65181,0.6215872805958537
2306.65181,0.6148270707306766
2306.65181,0.6080669636308013
2306.65181,0.5810263297006966
2308.26757,0.6486279579245435
2308.26757,0.6756684890893465
2308.26757,0.6283474310943141
2308.26757,0.6621481721242941
2308.26757,0.6689083819894712
2308.26757,0.6351076409594912
2308.26757,0.6418677480593665
2309.88332,0.6891887872514681
2309.88332,0.6959489971166453
2309.88332,0.7094693140816977
2309.88332,0.6824286801515929
2309.88332,0.7027091042165206
2309.88332,0.6553880462214882
2311.49908,0.7229894472767692
2311.49908,0.7162293401768939
2313.11484,0.7297495139354442
2313.11484,0.7365096210353195
2314.73059,0.7432696254936353
2314.73059,0.7635500495585618
2316.34635,0.770309991813975
2316.34635,0.7567896748489226
2316.34635,0.7500294649837456
2316.34635,0.777070098913849
2317.9621,0.7838298762043688
2317.9621,0.7770697691044935
2319.57786,0.7973498011563943
2319.57786,0.7838294841913419
2319.57786,0.790589694056519
2321.19361,0.7973493469445468
2322.80937,0.8649504153535187
2322.80937,0.8919910492836234
2322.80937,0.871710522453394
2322.80937,0.797348830528257
2322.80937,0.8852308394184463
2322.80937,0.8784707323185711
2324.42513,0.8919904706655093
2324.42513,0.8852302608003322
2324.42513,0.8784701537004569
2324.42513,0.7973482519101428
2324.42513,0.8581896268702275
2324.42513,0.8717099438352798
2324.42513,0.8649498367354046
2326.04088,0.851428878954573
2326.04088,0.817628137924593
2326.04088,0.8581889860544483
2326.04088,0.8446686690893959
2326.04088,0.8041078209595406
2326.04088,0.8379085619895206
2326.04088,0.8243882450244683
2326.04088,0.7973476110943636
2326.04088,0.8311484548896453
2326.04088,0.8108679280594159
2327.65664,0.8379078589681435
2327.65664,0.8514281759331958
2327.65664,0.8446679660680187
2327.65664,0.8243875420030911
2327.65664,0.8311477518682682
2329.27239,0.8108664598197665
2329.27239,0.8176266696849435
2330.88815,0.7973453154300751
2330.88815,0.8041055252952521
2332.5039,0.7905843187094344
2332.5039,0.7838241088442574
2334.11966,0.7635427329514277
2334.11966,0.7567826258515536
2334.11966,0.7365020990213242
2334.11966,0.7770630499164801
2334.11966,0.729741991921449
2334.11966,0.7432623088865012
2334.11966,0.7500224159863765
2335.73542,0.7094605538267951
2335.73542,0.7703019287868798
2335.73542,0.7229807680265457
2335.73542,0.7162206609266704
2337.35117,0.6080571517468573
2337.35117,0.6148172588467326
2337.35117,0.6688985267069419
2337.35117,0.601297044646982
2337.35117,0.6824188436719943
2337.35117,0.6215774687119097
2337.35117,0.6486181026420144
2337.35117,0.6553782097418895
2337.35117,0.6621383168417648
2337.35117,0.6891789507718695
2337.35117,0.6959391606370466
2337.35117,0.7026992677369219
2338.96693,0.6350966472439727
2338.96693,0.641856754343848
2338.96693,0.6283364373787956
2338.96693,0.675657495373828
2338.96693,0.5945356963488156
2340.58268,0.5877743886217512
2340.58268,0.5607337546916478
2342.19844,0.5472121748903443
2342.19844,0.5404520677904691
2342.19844,0.5134114338603644
2342.19844,0.5066512239951872
2342.19844,0.574252808820449
2342.19844,0.5674925989552708
2342.19844,0.5810129159203231
2342.19844,0.5539722819902184
2343.81419,0.4931295820004527
2343.81419,0.44580852400542037
2343.81419,0.4796093678007021
2343.81419,0.4863694749005774
2343.81419,0.5201702159305573
2343.81419,0.5336905328956097
2343.81419,0.49988979186562976
2343.81419,0.5269304257957345
2345.42995,0.4525673466310834
2345.42995,0.46608766359613574
2345.42995,0.4593274537309586
2345.42995,0.43904702966603104
2345.42995,0.4322868198008539
2345.42995,0.4255267127009787
2345.42995,0.47284777069601097
2347.04571,0.41876515615976506
2347.04571,0.39172452222966037
2348.66146,0.34440195260101514
2348.66146,0.3714424837658169
2348.66146,0.41200343466097394
2348.66146,0.3376417427358381
2348.66146,0.40524332756109865
2348.66146,0.38496280073086925
2348.66146,0.3782026936309951
2348.66146,0.3984831176959216
2350.27722,0.31059953496113324
2350.27722,0.30383942786125795
2350.27722,0.3173597448263103
2350.27722,0.35792069572146734
2350.27722,0.3241198519261856
2350.27722,0.36468080282134263
2350.27722,0.3511604858562903
2350.27722,0.33088006179136265
2351.89297,0.26327684092999376
2351.89297,0.29707768472527557
2353.50873,0.11455186159715953
2353.50873,0.29031577661223534
2353.50873,0.25651503558225536
2353.50873,0.2700353525473077
2353.50873,0.28355566951236005
2353.50873,0.12131196869703481
2353.50873,0.276795459647183
2353.50873,0.18215334365711833
2355.12449,0.2362328510676403
2355.12449,0.24299295816751557
2355.12449,0.15511094927732735
2355.12449,0.22271253410258796
2355.12449,0.21595232423741087
2355.12449,0.18891169030730617
2355.12449,0.1483508421774521
2355.12449,0.10778989128229503
2355.12449,0.12807031534722266
2355.12449,0.1753914761075568
2355.12449,0.24975306526739086
2356.74024,0.22947081856242546
2356.74024,0.16186933650246668
2356.74024,0.14158880967223725
2356.74024,0.13482870257236199
2356.74024,0.0739873276122773
2356.74024,0.08750764457732965
2356.74024,0.09426775167720493
2356.74024,0.101027961542382
2356.74024,0.08074743471215258
2356.74024,0.20919039449749782
2356.74024,0.20243018463232076
2356.74024,0.19567007753244547
2356.74024,0.16862944360234194
2358.356,0.03342449186416983
2358.356,0.0401847017293469
2358.356,0.05370501869439925
2358.356,0.0672252328941498
2358.356,0.06046512579427452
2359.97175,0.046942861786691326
2359.97175,0.01990222785658663
2359.97175,0.0
2359.97175,0.006381910891534279
2359.97175,0.0266624377217637
2361.58751,0.0
2361.58751,0.013140111500499098
2361.58751,0.0
2361.58751,0.0
2363.20326,0.0
2363.20326,0.0
2363.20326,0.0
2364.81902,0.0
2366.43478,0.0
2368.05053,0.0
2369.66629,0.0
2371.28204,0.0
2371.28204,0.0
2371.28204,0.0
2371.28204,0.0
2371.28204,0.0
2371.28204,0.0
2372.8978,0.0
2372.8978,0.0
2374.51355,0.0
2374.51355,0.0
2376.12931,0.0
2376.12931,0.0
2376.12931,0.0
2377.74507,0.0
2377.74507,0.0
2379.36082,0.0
2379.36082,0.0
2380.97658,0.0
2380.97658,0.0
2380.97658,0.0
2380.97658,0.0
2382.59233,0.0
2382.59233,0.0
2384.20809,0.0
2384.20809,0.0
2384.20809,0.0
2384.20809,0.0
2385.82385,0.0
2387.4396,0.0
2389.05536,0.0
2390.67111,0.040133942463355866
2392.28687,0.06717128254037323
2393.90262,0.1009688730663714
2395.51838,0.13476629860530284
2397.13414,0.16180355484253475
2398.74989,0.18884064613412221
2400.36565,0.20235746100303995
2401.9814,0.21587421369238496
2403.59716,0.21587058719298732
2405.21291,0.20910679141491165
2406.82867,0.19558272354719866
2408.44443,0.1752984863777885
2410.06018,0.15501408426542684
2411.67594,0.1279695128275754
2413.29169,0.10768508907802364
2414.90745,0.08064039323690923
2416.5232,0.04683552811981202
2418.13896,0.03331102484048696
2419.75472,0.013026352259462352
2421.37047,0.0
2422.98623,0.0
2424.60198,0.0
2426.21774,0.013008736232891739
2427.8335,0.01976428380832094
2429.44925,0.026519871976024078
2431.06501,0.02651518804831617
2432.68076,0.02651044194835032
2434.29652,0.019745423752202344
2435.91227,0.012980446149868137
2437.52803,0.006215303550457163
2439.14379,0.0
2440.75954,0.0
2442.3753,0.0
2443.99105,0.0
2445.60681,0.0
2447.22256,0.0
2448.83832,0.0
2450.45408,0.0
2452.06983,0.0
2453.68559,0.0
2455.30134,0.0
2456.9171,0.0
2458.53286,0.0
2460.14861,0.0
2461.76437,0.0
2463.38012,0.0
2464.99588,0.0
2466.61163,0.0
2468.22739,0.006109763557767919
2469.84315,0.033144220720241174
2471.4589,0.06017861571969661
2473.07466,0.08045273861373096
2474.69041,0.10072690211081804
2476.30617,0.12776100770146467
2477.92192,0.14803504679605983
2479.53768,0.1683089208835682
2481.15344,0.18182262566937585
2482.76919,0.19533626829486214
2484.38495,0.22913027274233674
2484.38495,0.22237016564246145
2484.38495,0.2156099557772844
2484.38495,0.20208963881223205
2486.0007,0.20208284007017288
2486.0007,0.20884304993534997
2486.0007,0.19532273297029762
2486.0007,0.19532273297029762
2486.0007,0.18856252310512053
2487.61646,0.18855566211935101
2487.61646,0.18855566211935101
2489.23221,0.16826831490987348
2489.23221,0.18178863187492467
2489.23221,0.18854873897479993
2490.84797,0.1750215393860192
2490.84797,0.16826132952084213
2490.84797,0.18178164648589332
2490.84797,0.1479809054559145
2490.84797,0.11418016442593452
2490.84797,0.1209402715258098
2490.84797,0.1479809054559145
2490.84797,0.1547410125557898
2490.84797,0.12770037862568506
2490.84797,0.16150122242096684
2492.46373,0.10065279987002654
2492.46373,0.10741290696990181
2492.46373,0.13445354090000652
2492.46373,0.13445354090000652
2492.46373,0.14797385786505887
2494.07948,0.14796674811657598
2494.07948,0.08036516329131424
2494.07948,0.06684484632626189
2494.07948,0.060084739226386616
2494.07948,0.08712537315649131
2494.07948,0.09388548025636659
2494.07948,0.10740579722141894
2494.07948,0.14120653825139892
2495.69524,0.026276826202288012
2495.69524,0.03303693330216329
2495.69524,0.04655725026721564
2495.69524,0.05331746013239271
2495.69524,0.08711820116237269
2495.69524,0.039797143167340364
2495.69524,0.07359788419732034
2497.31099,0.06683044018116731
2497.31099,0.01950938218613498
2497.31099,0.012749275086259705
2498.92675,0.046542719718859225
2498.92675,0.012741978688879248
2500.54251,0.0
2500.54251,0.0
2500.54251,0.0059744102244974505
2500.54251,0.02625493705472687
2502.15826,0.0
2502.15826,0.00596698946958968
2502.15826,0.012727199334766754
2502.15826,0.0
2503.77402,0.0059595064671231265
2505.38977,0.005951961309722273
2507.00553,0.012704563769169796
2508.62128,0.019457001309151137
2510.23704,0.026209479365335662
2511.8528,0.026201685354518844
2513.46855,0.032953936290569544
2515.08431,0.04646633484154208
2516.70006,0.04645835427522441
2518.31582,0.053210521323059846
2519.93157,0.046442206489072026
2521.54733,0.039673932168592115
2523.16309,0.026145385781112022
2524.77884,0.012616777243317116
2526.3946,0.0
2528.01035,0.0
2529.62611,0.0
2531.24187,0.0
2532.85762,0.0
2534.47338,0.0
2536.08913,0.0
2537.70489,0.0
2539.32064,0.0
2540.9364,0.0
2542.55216,0.0
2544.16791,0.0
2545.78367,0.0
2547.39942,0.0
2549.01518,0.0
2550.63093,0.0
2552.24669,0.0
2553.86245,0.0
2555.4782,0.0
2557.09396,0.0
2558.70971,0.0
2560.32547,0.012418624996617092
2561.94122,0.025929219759683375
2563.55698,0.025919435295893363
2565.17274,0.025909588630279087
2566.78849,0.025899679824361206
2568.40425,0.012369391790432751
2570.02,0.0
2571.63576,0.0
2573.25152,0.0
2574.86727,0.0
2576.48303,0.0
2578.09878,0.0
2579.71454,0.0
2581.33029,0.0
2581.33029,0.0
2581.33029,0.0
2582.94605,0.0
2582.94605,0.0
2584.56181,0.0
2584.56181,0.0
2584.56181,0.0
2584.56181,0.0
2586.17756,0.0
2586.17756,0.0
2587.79332,0.0
2587.79332,0.0
2587.79332,0.0
2589.40907,0.0
2589.40907,0.0
2589.40907,0.0
2591.02483,0.0
2591.02483,0.0
2591.02483,0.0
2591.02483,0.0
2591.02483,0.0
2592.64058,0.0
2592.64058,0.0
2594.25634,0.0
2594.25634,0.0
2594.25634,0.0
2594.25634,0.0
2594.25634,0.0
2595.8721,0.005430157354449349
2595.8721,0.0
2595.8721,0.0
2595.8721,0.0
2597.48785,0.0
2597.48785,0.05950033458448119
2597.48785,0.0
2597.48785,0.012179276589448862
2597.48785,0.0
2597.48785,0.0
2597.48785,0.01893938368932414
2597.48785,0.025699593554501212
2597.48785,0.06626044168435646
2599.10361,0.045968864718978285
2599.10361,0.06624928878390592
2599.10361,0.03244854775392594
2599.10361,0.0054079138238212355
2599.10361,0.025688440654050657
2599.10361,0.0
2599.10361,0.05272907458415536
2600.71936,0.05947796665136116
2600.71936,0.039197542586433536
2600.71936,0.04595764968630881
2600.71936,0.06623807375123643
2602.33512,0.07298700631270112
2602.33512,0.06622679644752405
2603.95088,0.07973577390703974
2603.95088,0.0662154569419874
2603.95088,0.08649598377221683
2603.95088,0.10001630073726918
2603.95088,0.0932560908720921
2603.95088,0.08649598377221683
2603.95088,0.07297566680716447
2605.56663,0.09324468923549081
2605.56663,0.10676500620054316
2607.18239,0.09999343519186941
2607.18239,0.10675354229174469
2608.79814,0.09998190915277387
2608.79814,0.10674201625264915
2610.4139,0.09997032084071239
2610.4139,0.09997032084071239
2612.02965,0.09319846053394787
2612.02965,0.09995867039912494
2613.64541,0.07966643085357221
2613.64541,0.09318674781862456
2613.64541,0.08642664071874928
2613.64541,0.09318674781862456
2613.64541,0.09994695768380163
2615.26117,0.0728945488365482
2615.26117,0.07965465593642347
2615.26117,0.09317497290147582
2616.87692,0.07288271179102893
2616.87692,0.08640302875608127
2616.87692,0.06612250192585185
2618.49268,0.07963091957049363
2618.49268,0.06611060260544128
2620.10843,0.07285885102260718
2620.10843,0.06609864115743011
2621.72419,0.06608661743375653
2621.72419,0.06608661743375653
2623.33994,0.05931442448337583
2623.33994,0.05931442448337583
2623.33994,0.0660745315832511
2624.9557,0.05254216925656516
2624.9557,0.05254216925656516
2626.57146,0.05252995892780432
2626.57146,0.03900964196275197
2628.18721,0.05251768647336825
2628.18721,0.03223715964313882
2628.18721,0.045757476608191176
2628.18721,0.0389973695083159
2629.80297,0.03898503477629323
2629.80297,0.018704507946063813
2631.41872,0.038972637919364075
2631.41872,0.032212428054187
2631.41872,0.025452320954311727
2631.41872,0.01193200398925938
2633.03448,0.005159334988796645
2633.03448,0.025439861819026067
2633.03448,0.018679651953848995
2633.03448,0.0
2633.03448,0.0
2633.03448,0.011919544853973719
2633.03448,0.0
2633.03448,0.0
2633.03448,0.0
2634.65023,0.0
2634.65023,0.0
2634.65023,0.0
2636.26599,0.0
2636.26599,0.0
2637.88175,0.0
2637.88175,0.0
2639.4975,0.0
2639.4975,0.0
2641.11326,0.0
2641.11326,0.0
2642.72901,0.0
2642.72901,0.0
2644.34477,0.0
2644.34477,0.0
2645.96053,0.0
2645.96053,0.0
2647.57628,0.0
2647.57628,0.0
2649.19204,0.0
2649.19204,0.0
2650.80779,0.0
2650.80779,0.0
2650.80779,0.0
2652.42355,0.0
2652.42355,0.0
2652.42355,0.0
2654.0393,0.0
2654.0393,0.0
2654.0393,0.0
2654.0393,0.0
2654.0393,0.0
2654.0393,0.0
2654.0393,0.0
2654.0393,0.0
2655.65506,0.0
2655.65506,0.00497837639944866
2655.65506,0.0
2655.65506,0.0
2655.65506,0.011738586264625733
2657.27082,0.0
2657.27082,0.0
2657.27082,0.01172519410429279
2658.88657,0.004951529960419962
2658.88657,0.011711739825597036
2658.88657,0.004951529960419962
2660.50233,0.018458330361876368
2660.50233,0.018458330361876368
2660.50233,0.011698223262001093
2662.11808,0.03196506864574105
2662.11808,0.0184447516806887
2662.11808,0.03196506864574105
2663.73384,0.05899206160898681
2663.73384,0.0657521687088621
2663.73384,0.03195142767888211
2663.73384,0.03871163754405919
2663.73384,0.04547174464393446
2663.73384,0.04547174464393446
2663.73384,0.01843111071382976
2663.73384,0.025191320579006835
2663.73384,0.04547174464393446
2663.73384,0.052231954509111535
2665.34959,0.07925878259023368
2665.34959,0.0724986754903584
2665.34959,0.05897835852530606
2665.34959,0.06573846562518133
2665.34959,0.05897835852530606
2666.96535,0.07248491012023764
2666.96535,0.07924501722011291
2668.58111,0.07923118964816671
2668.58111,0.08599139951334378
2670.19686,0.09273761692560767
2670.19686,0.08597750982573239
2670.19686,0.08597750982573239
2671.81262,0.08596355785052436
2671.81262,0.0994838748155767
2671.81262,0.10624398191545198
2673.42837,0.0859495437604187
2675.04413,0.07917525751677061
2676.65989,0.06564080197142412
2678.27564,0.05886649417751139
2679.8914,0.05885223119395426
2681.50715,0.052077798997549614
2683.12291,0.052063411610729485
2684.73866,0.058809069211582306
2686.35442,0.06555466452137564
2687.97018,0.07230030039464531
2689.58593,0.07904577139156632
2691.20169,0.09255138996144945
2692.81744,0.10605694642105562
2694.4332,0.11956244058767575
2696.04895,0.13306787264478884
2697.66471,0.13305292544309363
2699.28047,0.12627770617439824
2700.89622,0.1127424204627766
2702.51198,0.09920696969094295
2704.12773,0.07891124694634936
2705.74349,0.0653756717712527
2707.35924,0.045079927389469004
2708.975,0.03154422781110935
2710.59076,0.018008466030926592
2712.20651,0.0044726421450851876
2713.82227,0.0
2715.43802,0.0
2717.05378,0.0
2718.66954,0.011170202023451986
2720.28529,0.024674701061291555
2721.90105,0.031418927934424336
2723.5168,0.05168351243494789
2725.13256,0.06518772200469412
2726.74831,0.07869197223754752
2728.36407,0.09219616016933138
2729.97983,0.1124604957644692
2731.59558,0.12596445662809017
2733.21134,0.13270835085491267
2734.82709,0.13269197311629
2736.44285,0.1326755330746724
2738.0586,0.12589882106837957
2739.67436,0.11236204242374843
2741.29012,0.11234541577704475
2742.90587,0.11232872703199835
2744.52163,0.11907208308190695
2746.13738,0.12581537703424156
2747.75314,0.13931881854606423
2749.3689,0.13930188089101145
2750.98465,0.13928488113954016
2752.60041,0.11898739501629677
2754.21616,0.10544995389728004
2755.83192,0.07839213350559657
2757.44767,0.051334353784336206
2759.06343,0.024276408989389736
2760.67919,0.0
2762.29494,0.0
2763.9107,0.0
2765.52645,0.0
2767.14221,0.0
2768.75796,0.0
2770.37372,0.0
2771.98948,0.0
2773.60523,0.0
2775.22099,0.0
2776.83674,0.0
2778.4525,0.0
2780.06825,0.0
2781.68401,0.0
2783.29977,0.0
2784.91552,0.01723076663313754
2786.53128,0.037492925170214915
2788.14703,0.05775491885442657
2789.76279,0.07801685022293914
2791.37855,0.09151861228975335
2792.9943,0.09149999530510557
2794.61006,0.09824152586878149
2796.22581,0.1049828915815159
2797.84157,0.11172429774192999
2799.45732,0.1252256461520466
2801.07308,0.12520671804402062
2802.68884,0.13194793759934745
2804.30459,0.12516867534060463
2805.92035,0.11838945352761611
2807.5361,0.11161016963168316
2809.15186,0.09807061355025574
2810.76761,0.09129110248652791
2812.38337,0.0845116318670134
2813.99913,0.077731996280374
2815.61488,0.07771250847789259
2817.23064,0.08445316821834434
2818.84639,0.08443355601336869
2820.46215,0.08441388148538152
2822.07791,0.0843941447555701
2823.69366,0.08437434594666263
2825.30942,0.0843544848135882
2826.92517,0.07757435173701176
2828.54093,0.0775543662006755
2830.15668,0.07077421148690777
2831.77244,0.06399389168213027
2833.3882,0.06397371954070676
2835.00395,0.05043327112313309
2836.61971,0.0436527647132695
2838.23546,0.03687229899307687
2839.85122,0.0436119851450038
2841.46697,0.0503517119873716
2843.08273,0.05709127373603437
2844.69849,0.06383077328287404
2846.31424,0.0773304206211853
2847.93,0.08406989853006376
2849.54575,0.09080921160070604
2851.16151,0.09754856510632151
2852.77726,0.09752764667459543
2854.39302,0.10426677301164611
2856.00878,0.1042457300469984
2857.62453,0.10422462501134051
2859.24029,0.10420345764342981
2860.85604,0.09742212110540356
2862.4718,0.09064061946905395
2864.08756,0.08385915839618188
2865.70331,0.07031742538904674
2867.31907,0.0567756300477346
2868.93482,0.043233772638106384
2870.55058,0.022931745793657133
2872.16633,0.009389763981535829
2873.78209,0.0026078269335741353
2875.39785,0.0
2877.0136,0.0
2878.62936,0.0
2880.24511,0.0
2881.86087,0.0
2883.47662,0.0
2885.09238,0.0024539954150837266
2886.70814,0.00919198048403982
2888.32389,0.01592980072399869
2889.93965,0.022667661389691784
2891.5554,0.022645250127282298
2893.17116,0.022622776524535322
2894.78692,0.022600240719965248
2896.40267,0.022577642853623948
2898.01843,0.022554982645790873
2899.63418,0.029292367476831768
2901.24994,0.03602979273091277
2902.86569,0.03600694605958647
2904.48145,0.042744144145102685
2906.09721,0.04948138279409759
2907.71296,0.05621845661871475
2909.32872,0.06295546809914487
2910.94447,0.06293231042139368
2912.56023,0.05614898329881024
2914.17598,0.056125701218565964
2915.79174,0.056102356792595974
2917.4075,0.06283905726467699
2919.02325,0.06957579844567797
2920.63901,0.08307258437967308
2922.25476,0.10332941535793269
2923.87052,0.11006596978878952
2925.48627,0.15736331029466075
2925.48627,0.1506031004294837
2925.48627,0.1438429933296084
2925.48627,0.13032267636455605
2927.10203,0.13029889652697396
2927.10203,0.13705900362684925
2928.71779,0.12351484462239055
2928.71779,0.13027505448756763
2928.71779,0.1370351615874429
2928.71779,0.13027505448756763
2930.33354,0.12349094052929649
2930.33354,0.11673083342942121
2931.9493,0.11670686698675303
2931.9493,0.10994675988687776
2933.56505,0.1031625215261147
2933.56505,0.10992273139129177
2935.18081,0.09637832358030708
2935.18081,0.10313843068018236
2936.79657,0.08959396066737572
2936.79657,0.08283385356750045
2936.79657,0.0963541705325528
2936.79657,0.10311427763242807
2938.41232,0.08280963846798266
2938.41232,0.096329955433035
2940.02808,0.09630567798201657
2940.02808,0.08278536101696422
2941.64383,0.08276102151495335
2941.64383,0.08276102151495335
2943.25959,0.08273661966067307
2943.25959,0.0489358786306931
2943.25959,0.06921630269562072
2943.25959,0.075976409795496
2943.25959,0.05569598573056837
2943.25959,0.06921630269562072
2944.87534,0.042151204861012065
2944.87534,0.028630887895959717
2944.87534,0.062431628925939696
2944.87534,0.03539109776113679
2944.87534,0.07595194589099204
2944.87534,0.062431628925939696
2944.87534,0.062431628925939696
2944.87534,0.02187078079608444
2944.87534,0.015110570930907369
2946.4911,0.07592741963344878
2946.4911,0.0
2946.4911,0.0015657277083117507
2946.4911,0.0691673125335735
2946.4911,0.008325937573488824
2946.4911,0.042126678603468797
2946.4911,0.042126678603468797
2948.10686,0.015061456213996563
2948.10686,0.015061456213996563
2948.10686,0.0
2948.10686,0.0
2948.10686,0.0
2948.10686,0.0
2949.72261,0.0015164887405096138
2949.72261,0.0015164887405096138
2949.72261,0.0
2951.33837,0.0
2951.33837,0.0
2951.33837,0.0
2951.33837,0.0
2952.95412,0.0
2952.95412,0.0
2952.95412,0.0
2954.56988,0.0
2954.56988,0.0
2956.18563,0.0
2956.18563,0.0
2957.80139,0.0
2957.80139,0.0
2959.41715,0.0
2959.41715,0.0
2961.0329,0.0
2961.0329,0.0
2962.64866,0.0
2962.64866,0.0
2964.26441,0.0
2964.26441,0.0
2965.88017,0.0
2965.88017,0.0
2967.49593,0.0
2967.49593,0.0
2969.11168,0.0
2969.11168,0.0
2970.72744,0.0
2970.72744,0.0
2972.34319,0.0
2972.34319,0.0
2973.95895,0.0011392655607394444
2973.95895,0.0011392655607394444
2975.5747,0.014633936797029325
2975.5747,0.014633936797029325
2977.19046,0.02136843857308985
2977.19046,0.02136843857308985
2978.80622,0.021342668282149035
2978.80622,0.021342668282149035
2980.42197,0.007796518984403573
2980.42197,0.007796518984403573
2982.03773,0.0010104144250226877
2982.03773,0.0010104144250226877
2983.65348,0.0
2983.65348,0.0
2985.26924,0.0
2985.26924,0.0
2986.88499,0.0
2986.88499,0.0
2988.50075,0.0
2988.50075,0.0
2990.11651,0.0
2990.11651,0.0
2991.73226,0.0
2991.73226,0.0
2993.34802,0.0
2993.34802,0.0
2994.96377,0.014321335224932376
2994.96377,0.014321335224932376
2996.57953,0.027815197680905825
2996.57953,0.027815197680905825
2998.19528,0.04130899809936209
2998.19528,0.04130899809936209
2999.81104,0.06156284325194898
2999.81104,0.06156284325194898
3001.4268,0.08857683606788869
3001.4268,0.08857683606788869
3003.04255,0.10207044988241314
3003.04255,0.10207044988241314
3004.65831,0.12232410842991276
3004.65831,0.12232410842991276
3006.27406,0.13581759784194414
3006.27406,0.13581759784194414
3007.88982,0.14931102488630665
3007.88982,0.14931102488630665
3009.50558,0.14928407276379257
3009.50558,0.14928407276379257
3011.12133,0.14925705860683977
3011.12133,0.14925705860683977
3012.73709,0.13570966511601149
3012.73709,0.13570966511601149
3014.35284,0.12216220959151326
3014.35284,0.12216220959151326
3015.9686,0.10185458459754672
3015.9686,0.10185458459754672
3017.58435,0.0815468975706813
3017.58435,0.0815468975706813
3019.20011,0.0612390454081488
3019.20011,0.0612390454081488
3020.81587,0.04769144367427323
3020.81587,0.04769144367427323
3022.43162,0.04090378424322538
3022.43162,0.04090378424322538
3024.04738,0.03411616520596209
3024.04738,0.03411616520596209
3025.66313,0.04084869833747468
3025.66313,0.04084869833747468
3027.27889,0.04758127186200074
3027.27889,0.04758127186200074
3028.89464,0.061073787690895526
3028.89464,0.061073787690895526
3030.5104,0.07456634391203387
3030.5104,0.07456634391203387
3032.12616,0.08805883793134794
3033.74191,0.10155126992161388
3035.35767,0.12180374663754023
3036.97342,0.13529605422531307
3038.58918,0.14878829943810234
3040.20494,0.14876016548401497
3041.82069,0.1419718624029284
3043.43645,0.13518339418040093
3045.0522,0.1216347568316442
3046.66796,0.10808615987128145
3048.28371,0.09453739812003162
3049.89947,0.08774868109097936
3051.51523,0.06743968766035227
3053.13098,0.0538907393051718
3054.74674,0.04034172857115699
3056.36249,0.04031297277853579
3057.97825,0.0402841546063115
3059.594,0.053775591376249564
3061.20976,0.06726696576581463
3062.82552,0.07399806808837835
3064.44127,0.08072921115450933
3066.05703,0.08070008197393595
3067.67278,0.0739106809072197
3069.28854,0.06712132022350804
3070.90429,0.060331794754299874
3072.52005,0.04678220256744994
3074.13581,0.039992552513349225
3075.75156,0.033202943205511044
3077.36732,0.03317337861332557
3078.98307,0.02638354213769251
3080.59883,0.026353853142244036
3082.21459,0.026324101944971295
3083.83034,0.03305449859576057
3085.4461,0.033024622995226
3087.06185,0.0397547924782204
3088.67761,0.0464850023395999
3090.29336,0.05997515451997766
3091.90912,0.06670523997809416
3093.52488,0.08019537033426169
3095.14063,0.09368543867600942
3096.75639,0.10717544462891511
3098.37214,0.1139051787029927
3099.9879,0.11387474328758188
3101.60365,0.09356382179436465
3103.21941,0.08001294501063963
3104.83517,0.059701796159913285
3106.45092,0.04615089792794132
3108.06668,0.032599834539130214
3109.68243,0.025808816239237475
3111.29819,0.032538155277392795
3112.91395,0.03250722224854795
3114.5297,0.045996544174952816
3116.14546,0.05948570094259552
3117.76121,0.0662147913666332
3119.37697,0.0797039264963147
3120.99272,0.0864327897525575
3122.60848,0.10668201034415309
3124.22424,0.11341074900357141
3125.83999,0.13365974262093475
3127.45575,0.14714856674226717
3129.0715,0.1673975387224404
3130.68726,0.18088613567520567
3132.30301,0.18085445642265754
3133.91877,0.16730250057266222
3135.53453,0.15375037975553968
3137.15028,0.12667787996895388
3138.76604,0.09960531778351715
3140.38179,0.07929290345961534
3141.99755,0.058980323970790886
3143.6133,0.038667785244397165
3145.22906,0.018355184117611514
3146.84482,0.011562734988753315
3148.46057,0.011530433723355408
3150.07633,0.00473796295653484
3151.69208,0.0
3153.30784,0.0
3154.9236,0.0
3156.53935,0.0
3158.15511,0.004575211999290489
3159.77086,0.011302582424849881
3161.38662,0.024790100311346014
3163.00237,0.05179787316464292
3164.61813,0.06528526664787605
3166.23389,0.08553270502916137
3167.84964,0.09901997431347294
3169.4654,0.09898686422656762
3171.08115,0.09895369214333494
3172.69691,0.09216035055329135
3174.31266,0.08536684420238967
3175.92842,0.07857337820908308
3177.54418,0.07853995711382751
3179.15993,0.07174626415899402
3180.77569,0.06495261156060134
3182.39144,0.058158794203274765
3184.0072,0.058125124301494364
3185.62296,0.058091392197889696
3187.23871,0.05805759810180838
3188.85447,0.06478395146011896
3190.47022,0.06475003296154457
3192.08598,0.06471605205141508
3193.70173,0.0646820091503476
3195.31749,0.07140801093683037
3196.93325,0.07137384342161479
3198.549,0.07133961391661549
3200.16476,0.07130532199813691
3201.78051,0.0712709680906457
3203.39627,0.07123655176890412
3205.01202,0.07120207345891982
3206.62778,0.07792774259909231
3208.24354,0.07789313967226463
3209.85929,0.07785847475834853
3211.47505,0.07106353756308077
3213.0908,0.06426864114679631
3214.70656,0.057473579548266734
3216.32231,0.05067855872948919
3217.93807,0.05064358259287369
3219.55383,0.050608544254432744
3221.16958,0.06409376089665218
3222.78534,0.07081870525482468
3224.40109,0.07754369039467576
3226.01685,0.09102872021476235
3227.63261,0.09099337086797347
3229.24836,0.0841977496735386
3230.86412,0.07064195895843438
3232.47987,0.06384631612680822
3234.09563,0.057050508108316286
3235.71138,0.050254740874198206
3237.32714,0.04345891121774507
3238.9429,0.043423126459344104
3240.55865,0.04338727972116949
3242.17441,0.04335137055950553
3243.79016,0.04331539941883784
3245.40592,0.04327936585391088
3247.02167,0.04324327031075127
3248.63743,0.04320711234256132
3250.25319,0.04317089217254826
3251.86894,0.04989471712533095
3253.4847,0.056618479651930176
3255.10045,0.06334228296752274
3256.71621,0.07682613095603605
3258.33197,0.08354970687754917
3259.94772,0.09703343068908521
3261.56348,0.0969967751074589
3263.17923,0.09696005755145067
3264.79499,0.08340296060151017
3266.41074,0.07660601154313242
3268.0265,0.0698088972898042
3269.64226,0.06301182359995468
3271.25801,0.06297479503752156
3272.87377,0.06293770404428432
3274.48952,0.06290055107935694
3276.10528,0.06286333568285787
3277.72103,0.06958616541531386
3279.33679,0.06278871851567536
3280.95255,0.06275131651408902
3282.5683,0.055953642677560846
3284.18406,0.0626763261378886
3285.79981,0.06263873776404558
3287.41557,0.0761214039209856
3289.03132,0.08284379824452477
3290.64708,0.0963263399982018
3292.26284,0.10304871245018045
3293.87859,0.11653102726966308
3295.49435,0.12325327531837874
3297.1101,0.12321525153561774
3298.72586,0.10965684835084097
3300.34162,0.10961869992929346
3301.95737,0.10282038244272537
3303.57313,0.10954221671779013
3305.18888,0.12302419889365776
3306.80464,0.1365061186306366
3308.42039,0.15674808350388642
3310.03615,0.1702298788376011
3311.65191,0.17695140210431676
3313.26766,0.1836729661738842
3314.88342,0.17687404807228455
3316.49917,0.16331506367443246
3318.11493,0.15651602116956978
3319.73068,0.14295680960392282
3321.34644,0.13615774546109893
3322.9622,0.12935851635115017
3324.57795,0.12255932804674728
3326.19371,0.10899986743366023
3327.80946,0.09544034486158838
3329.42522,0.0818807598452395
3331.04098,0.06156100552718991
3332.65673,0.048001296351186246
3334.27249,0.02092120776469775
3335.88824,0.020881691151253347
3337.504,0.014082004991732448
3339.11975,0.034322788040722585
3340.73551,0.05456350864274159
3342.35127,0.08832458677328932
3343.96702,0.1085651832183488
3345.58278,0.12880571721528056
3347.19853,0.14904629202314876
3348.81429,0.1422460676867128
3350.43004,0.1422059912618585
3352.0458,0.13540574528746252
3353.66156,0.12860533434594046
3355.27731,0.12180496421727909
3356.89307,0.12176463873767111
3358.50882,0.11496404144121601
3360.12458,0.10140337735859449
3361.74033,0.08784254855977103
3363.35609,0.06752144744340764
3364.97185,0.05396049399039821
3366.5876,0.026879264387892395
3368.20336,0.013318186531619978
3369.81911,0.0
3371.43487,0.0
3373.05063,0.0
3374.66638,0.0
3376.28214,0.006353239691761868
3377.89789,0.019832422810194494
3379.51365,0.026551436372539407
3381.1294,0.033270285223301874
3382.74516,0.03998917438238379
3384.36092,0.03994779147446553
3385.97667,0.03990634662142091
3387.59243,0.03986483931023966
3389.20818,0.03982327005470312
3390.82394,0.0330214284750818
3392.43969,0.03297973481705101
3394.05545,0.03293797869934493
3395.67121,0.026136053279939304
3397.28696,0.0193339631528008
3398.90272,0.012531913330132177
3400.51847,0.005729698800500591
3402.13423,0.0
3403.74999,0.0
3405.36574,0.0
3406.9815,0.005561057347036038
3408.59725,0.012278951541333705
3410.21301,0.01899668050680471
3411.82876,0.025714450298609293
3413.44452,0.0324320548608173
3415.06028,0.04590980708637695
3416.67603,0.04586718040907382
3418.29179,0.05258459836619456
3419.90754,0.052541847286398345
3421.5233,0.05249903374038198
3423.13905,0.045696051158217406
3424.75481,0.03889300610906277
3426.37057,0.0320897960927809
3427.98632,0.03204673400656096
3429.60208,0.018483292487141985
3431.21783,0.011679998898553682
3432.83359,0.004876540075746986
3434.44934,0.004833229184540877
3436.0651,0.004789855823649427
3437.68086,0.01150663012611078
3439.29661,0.018223239730848138
3440.91237,0.03846020659509884
3442.52812,0.05869700876239547
3444.14388,0.07217364135820727
3445.75964,0.08565021175219481
3447.37539,0.09912672021568435
3448.99115,0.10584295634123181
3450.6069,0.10579902343717708
3452.22266,0.09899492095971099
3453.83841,0.08543054668811083
3455.45417,0.06510590007702877
3457.06993,0.05830161099447659
3458.68568,0.037976943019069336
3460.30144,0.017652109802900013
3461.91719,0.004087424524874956
3463.53295,0.0
3465.1487,0.0
3466.76446,0.0
3468.38022,0.0
3469.99597,0.0
3471.61173,0.0
3473.22748,0.0
3474.84324,0.0
3476.459,0.0
3478.07475,0.0
3479.69051,0.0
3481.30626,0.0
3482.92202,0.010265183787141178
3484.53777,0.02374026162138603
3486.15353,0.037215276974012466
3487.76929,0.04393002025963756
3489.38504,0.04388459452489942
3491.0008,0.030318789342333893
3492.61655,0.016752922240050323
3494.23231,0.003186992654221795
3495.84806,0.0
3497.46382,0.0
3499.07958,0.0
3500.69533,0.0
3502.31109,0.0
3503.92684,0.0
3505.5426,0.0
3507.15835,0.0
3508.77411,0.0
3510.38987,0.0
3512.00562,0.050002207933974516
3512.00562,0.0
3513.62138,0.01615510786325834
3515.23713,0.03638921373842176
3516.85289,0.07014347132440255
3518.46865,0.09037734974350671
3520.0844,0.11061116624943651
3521.70016,0.1308450230305795
3523.31591,0.1443186080341421
3524.93167,0.15103192068166907
3526.54742,0.15098506431768627
3528.16318,0.14417803836219853
3529.77894,0.13061074033971062
3531.39469,0.11704338040674482
3533.01045,0.09671585088111864
3534.6262,0.07638815668048152
3536.24196,0.05606050275159351
3537.85771,0.03573278691376509
3539.47347,0.02216511568148936
3541.08923,0.0018371723822122935
3542.70498,0.0
3544.32074,0.0
3545.93649,0.0
3547.55225,0.0
3549.16801,0.0015991576007764827
3550.78376,0.015071685182572502
3552.39952,0.028544150266966283
3554.01527,0.042016553446269214
3555.63103,0.055488894127400004
3557.24678,0.06896117290420985
3558.86254,0.08243338918207764
3560.4783,0.09590554325812116
3562.09405,0.10937753266569857
3563.70981,0.11608945523860381
3565.32556,0.12956142300898993
3566.94132,0.13627311841333156
3568.55707,0.14298485468134933
3570.17283,0.14293631858255268
3571.78859,0.14288772028193175
3573.40434,0.1428390600808418
3575.0201,0.14279033737695787
3576.63585,0.13598134290819777
3578.25161,0.13593249580105202
3579.86736,0.1358835867949759
3581.48312,0.13583461528456717
3583.09888,0.13578558157233414
3584.71463,0.1424966958275033
3586.33039,0.14244753771200727
3587.94614,0.14239831769950745
3589.5619,0.14910914228062486
3591.17766,0.14905979756004276
3592.79341,0.14901039094360993
3594.40917,0.1557211316849419
3596.02492,0.15567160066601718
3597.64068,0.16238211423878435
3599.25643,0.16233245881736652
3600.87219,0.16904284798687186
3602.48795,0.16899306785467766
3604.1037,0.16218311872945276
3605.71946,0.1553731070941226
3607.33521,0.14856293080110283
3608.95097,0.13499258489733146
3610.56672,0.13494249406699566
3612.18248,0.12137202375996128
3613.79824,0.11456170111628088
3615.41399,0.11451142368201327
3617.02975,0.11446108373494515
3618.6455,0.11441068189818562
3620.26126,0.1143602175478545
3621.87702,0.12106979809557439
3623.49277,0.12101920965488305
3625.10853,0.12772876856464174
3626.72428,0.1276780557214585
3628.34004,0.1208670704976012
3629.95579,0.11405612615204844
3631.57155,0.10724501652492814
3633.18731,0.08691363049623305
3634.80306,0.07334228968157255
3636.41882,0.05977088634949089
3638.03457,0.04619942113233731
3639.65033,0.032627996162294455
3641.26608,0.019056406542647793
3642.88184,0.012244861503915417
3644.4976,0.0
3646.11335,0.0
3647.72911,0.0
3649.34486,0.00527879233047501
3650.96062,0.011987253248445889
3652.57637,0.01193554518493477
3654.19213,0.011883774599767374
3655.80789,0.018592151677952785
3657.42364,0.018540257010511024
3659.0394,0.02524840692013164
3660.65515,0.03195659771537387
3662.27091,0.03866462322173148
3663.88667,0.04537258652626717
3665.50242,0.05208059071757642
3667.11818,0.06554863948402619
3668.73393,0.08577673347259407
3670.34969,0.09248455073590439
3671.96544,0.11271252032197919
3673.5812,0.11942011041672589
3675.19696,0.13288784817482654
3676.81271,0.139595416957219
3678.42847,0.14630282044687842
3680.04422,0.14625005496160187
3681.65998,0.1461972269481242
3683.27573,0.12586391299542693
3684.89149,0.11229064361363275
3686.50725,0.09871731203001663
3688.123,0.07162360160821048
3689.73876,0.05129003852145492
3691.35451,0.030956413562333935
3692.97027,0.0
3692.97027,0.010622623307013575
3692.97027,0.0
3694.58603,0.0
3694.58603,0.0
3696.20178,0.0
3696.20178,0.0
3697.81754,0.0
3697.81754,0.0
3699.43329,0.0
3699.43329,0.0
3701.04905,0.0
3701.04905,0.0
3701.04905,0.0
3702.6648,0.0
3702.6648,0.010301737514628883
3702.6648,0.0
3702.6648,0.0
3704.28056,0.023768355642978207
3704.28056,0.010248038677925855
3704.28056,0.0034879315780505797
3704.28056,0.01700824854310293
3704.28056,0.023768355642978207
3704.28056,0.0
3704.28056,0.03052856550815528
3705.89632,0.0372349115695056
3705.89632,0.0372349115695056
3707.51207,0.03718108866246245
3707.51207,0.05746151272739007
3709.12783,0.07768815411583037
3709.12783,0.037127203220673324
3710.74358,0.09115452377134765
3710.74358,0.05059357287619061
3710.74358,0.04383336301101354
3710.74358,0.057353679976065886
3712.35934,0.08434030406111846
3712.35934,0.06405987999619084
3712.35934,0.09110051392629553
3712.35934,0.09786062102617081
3712.35934,0.11814104509109843
3712.35934,0.07758019696124319
3712.35934,0.07081998709606611
3713.97509,0.16540803137410146
3713.97509,0.13836750020929972
3713.97509,0.10456665641401794
3715.59085,0.1653538971257875
3715.59085,0.1315531560958087
3715.59085,0.11803283913075634
3715.59085,0.12479304899593342
3715.59085,0.15859379002591223
3715.59085,0.1518336829260381
3715.59085,0.11127273203088106
3715.59085,0.13831336596098576
3717.20661,0.1517794864758999
3717.20661,0.16529970067564928
3717.20661,0.17205991054082637
3717.20661,0.14501927661072284
3718.82236,0.19228607628979402
3718.82236,0.1990462861549711
3718.82236,0.17876575932474167
3718.82236,0.18552596918991876
3718.82236,0.17200565222486638
3718.82236,0.18552596918991876
3718.82236,0.16524544235968933
3720.43812,0.19899196530156987
3720.43812,0.19223175543639281
3722.05387,0.19217737271793978
3722.05387,0.19893758258311683
3723.66963,0.1988831373264538
3723.66963,0.1921229274612767
3725.28538,0.1920684203403306
3725.28538,0.1920684203403306
3726.90114,0.19877406054558164
3726.90114,0.19201385068040455
3728.5169,0.1987194286838325
3728.5169,0.1919592188186554
3730.13265,0.19190452509377748
3730.13265,0.19190452509377748
3731.74841,0.19184976882876534
3731.74841,0.18508966172889005
3733.36416,0.17827463373634198
3733.36416,0.19179495070139432
3734.97992,0.19850027989829624
3734.97992,0.1849799629332439
3736.59568,0.18492502006314568
3736.59568,0.21196565399325037
3736.59568,0.19168512716302094
3736.59568,0.19844533702819803
3736.59568,0.19844533702819803
3736.59568,0.2052054441280733
3738.21143,0.20515043939677047
3738.21143,0.21191064926194753
3739.82719,0.2118555819885863
3739.82719,0.2118555819885863
3741.44294,0.21856055995466683
3741.44294,0.21180045285479157
3743.0587,0.23202568524309494
3743.0587,0.21174526117816733
3744.67445,0.22521022184163006
3744.67445,0.2116900076418795
3744.67445,0.24549074867185947
3744.67445,0.21845011474175477
3746.29021,0.2319151156269199
3746.29021,0.2589557495570246
3746.29021,0.22515490576174282
3747.90597,0.285940902440116
3747.90597,0.26566047837518836
3747.90597,0.26566047837518836
3747.90597,0.27242068824036547
3747.90597,0.2589003712753131
3747.90597,0.2791807953402407
3747.90597,0.252140161410136
3747.90597,0.2386198444450837
3747.90597,0.24538005431026075
3749.52172,0.2926456721650746
3749.52172,0.27912535520002224
3751.13748,0.285829959614923
3751.13748,0.29259016948010014
3752.75323,0.2857743950722115
3754.36899,0.2789586608840999
3755.98474,0.2653826549738429
3755.98474,0.27214286483901995
3757.6005,0.2585667963824683
3759.21626,0.2585109826891447
3759.21626,0.25175077282396763
3760.83201,0.2516948972748312
3760.83201,0.24493479017495592
3762.44777,0.24487885207837048
3762.44777,0.23811864221319343
3764.06352,0.2313025351616886
3764.06352,0.2380626422615639
3765.67928,0.2312464726618402
3767.29504,0.23119034796016752
3767.29504,0.22443013809499043
3768.91079,0.22437395153943027
3770.52655,0.2243177024344946
3770.52655,0.21755759533461932
3772.1423,0.21750128437656605
3772.1423,0.21074117727669078
3773.75806,0.2039245939033162
3775.37381,0.20386815854276985
3776.98957,0.19705155353143408
3776.98957,0.2173319775963617
3776.98957,0.20381166063130934
3778.60533,0.1969949934181493
3778.60533,0.21051531038320165
3780.22108,0.2104586884187235
3780.22108,0.19693837145367116
3781.83684,0.19688168693712454
3781.83684,0.19688168693712454
3783.45259,0.19006473070497623
3783.45259,0.19682494057015332
3785.06835,0.19000792178516662
3785.06835,0.1967681316503437
3785.06835,0.18324781468529136
3786.6841,0.16967062695077587
3786.6841,0.1831909439158282
3786.6841,0.18995105101570348
3788.29986,0.17637380072757852
3788.29986,0.1560933766626509
3788.29986,0.1831340105927556
3789.91562,0.17631680520268167
3789.91562,0.15603638113775403
3789.91562,0.14251606417270285
3789.91562,0.16279648823762932
3789.91562,0.16955669810280638
3791.53137,0.12217858273438027
3791.53137,0.14921921666448498
3793.14713,0.12888156990609684
3793.14713,0.1153612529410445
3793.14713,0.13564177977127392
3793.14713,0.1424018868711492
3794.76288,0.12206428103033354
3794.76288,0.11530407116515645
3794.76288,0.08826354000035355
3794.76288,0.09502364710022883
3794.76288,0.1017837542001041
3794.76288,0.1288243881302088
3794.76288,0.1017837542001041
3794.76288,0.08150333013517648
3794.76288,0.10854396406528118
3796.37864,0.08820629566893186
3796.37864,0.07468597870387951
3797.99439,0.07462867252549839
3797.99439,0.07462867252549839
3797.99439,0.06110835556044603
3799.61015,0.0745713037908137
3799.61015,0.047530669860708995
3799.61015,0.05429077696058427
3799.61015,0.0745713037908137
3799.61015,0.06781109392563663
3801.22591,0.0745138728543059
3802.84166,0.07445638007199297
3804.45742,0.08791914169727452
3806.07317,0.09462163161234378
3807.68893,0.10132405896918527
3809.30469,0.10126631702432838
3810.92044,0.1079687231007688
3812.5362,0.10791085675264775
3814.15195,0.107852928561418
3815.76771,0.10103472794485804
3817.38346,0.10097667535113522
3818.99922,0.10091856019649051
3820.61498,0.09410027574014508
3822.23073,0.09404203654249044
3823.84649,0.08046341781770612
3825.46224,0.07364494711768428
3827.078,0.06006620398963696
3828.69375,0.04648739902194497
3830.30951,0.03966863859050993
3831.92527,0.02608981162267714
3833.54102,0.019270927150929786
3835.15678,0.012452082879709274
3836.77253,0.012393283870645908
3838.38829,0.012334422296038844
3840.00405,0.01227549851960751
3841.6198,0.0
3843.23556,0.0
3844.85131,0.0
3846.46707,0.0
3848.08282,0.0
3849.69858,0.0
3851.31434,0.0
3852.93009,0.0
3854.54585,0.0
3856.1616,0.0
3857.77736,0.0
3859.39311,0.0
3861.00887,0.0
3862.62463,0.0
3864.24038,0.0
3865.85614,0.0
3867.47189,0.0
3869.08765,0.0
3870.7034,0.0
3872.31916,0.0
3873.93492,0.0
3875.55067,0.0
3877.16643,0.0
3878.78218,0.010842671453359183
3880.39794,0.017542299735442024
3882.0137,0.024241968581003564
3883.62945,0.03770157993458245
3885.24521,0.044401124376879826
3886.86096,0.051100504228091516
3888.47672,0.05103971440194999
3890.09247,0.05097886275079216
3891.70823,0.037397631556335284
3893.32399,0.0238164409253571
3894.93974,0.010235085705215108
3896.5555,0.0
3898.17125,0.0
3899.78701,0.0
3901.40276,0.0
3903.01852,0.0
3904.63428,0.0
3906.25003,0.0
3907.86579,0.0
3909.48154,0.0
3911.0973,0.016381386905359185
3912.71306,0.029839981019222722
3914.32881,0.05005862041372017
3915.94457,0.06351709012431954
3917.56032,0.07697549801644862
3919.17608,0.08367373622391089
3920.79183,0.09037180984836983
3922.40759,0.0970698208872673
3924.02335,0.09700766262446639
3925.6391,0.09694544254511824
3927.25486,0.09688315987905433
3928.87061,0.09006070829733781
3930.48637,0.08999830122801208
3932.10212,0.08317572524380248
3933.71788,0.07635298390603669
3935.33364,0.07629039023162253
3936.94939,0.07622773474335755
3938.56515,0.08292522653085864
3940.1809,0.08962255373997587
3941.79666,0.10308002822408922
3943.41241,0.10301712393083926
3945.02817,0.0961939471814602
3946.64393,0.08937081099555982
3948.25968,0.07578740313332454
3949.87544,0.055443825579108826
3951.49119,0.04186029331438162
3953.10695,0.028276698456778184
3954.72271,0.007932934297476376
3956.33846,0.0
3957.95422,0.0
3959.56997,0.0
3961.18573,0.0
3962.80148,0.0
3964.41724,0.0
3966.033,0.014247920270365587
3967.64875,0.027704399922894456
3969.26451,0.041160816978697536
3970.88026,0.05461717222873332
3972.49602,0.06131325501609633
3974.11177,0.061249168898586684
3975.72753,0.06118502018281142
3977.34329,0.06788101913039013
3978.95904,0.06781674640894866
3980.5748,0.0677524110880873
3982.19055,0.06768801396415393
3983.80631,0.0608633443748525
3985.42207,0.04727850548385269
3987.03782,0.04045381465611106
3988.65358,0.03362895846172353
3990.26933,0.02004403613161471
3991.88509,0.013219055533964184
3993.50084,0.006394115901237557
3995.1166,0.01308932786537755
3996.73236,0.02654468749286918
