wavenumber_cm-1,intensity
768.75777,0.07544043543955244
768.75777,0.03515527971696809
770.43367,0.05530618692963192
770.43367,0.08887711959725234
772.10958,0.07545703135843908
772.10958,0.09559963965426355
773.78548,0.10232209682840518
773.78548,0.08217954940164529
775.46139,0.10904461295679854
775.46139,0.08218784247507611
777.13729,0.11576712707141044
777.13729,0.09562451877558598
778.8132,0.12248957840212138
778.8132,0.09563280792039894
780.4891,0.1224978655331764
780.4891,0.10235525723735193
782.16501,0.11579198856347216
783.84091,0.11580027176593148
785.51682,0.10238010694358225
785.51682,0.11580855305350875
787.19272,0.11581683232737375
787.19272,0.10238838621744725
788.86863,0.10239666357640528
788.86863,0.11582510968633178
790.54453,0.09569077673577799
790.54453,0.11583338503160245
792.22044,0.08898482711115423
792.22044,0.1091274354069787
793.89634,0.10913570682365506
793.89634,0.08227893634193262
795.57225,0.08900136802955293
795.57225,0.06214459754783049
797.24815,0.0822954733317356
797.24815,0.04872447979504923
798.92406,0.04873274536815372
798.92406,0.06887535366397957
800.59996,0.062169394168503346
800.59996,0.028598461500882938
802.27587,0.042035108386228724
802.27587,0.021892500090404256
803.95177,0.02861498277626159
803.95177,0.008472374480437124
805.62768,0.02190901743716506
805.62768,0.0017664700104051763
807.30358,0.01520311095356478
807.30358,0.0
808.97949,0.0
808.97949,0.008497141685853167
810.65539,0.008505393459556539
810.65539,0.0
812.3313,0.0017994811322888961
812.3313,0.0
814.0072,0.0018077289773979466
814.0072,0.0
815.68311,0.008530137093311166
815.68311,0.0
817.35901,0.0
817.35901,0.008538381009825896
819.03492,0.0
819.03492,0.01526084606618447
820.71082,0.0018407008132415835
820.71082,0.021983248240001467
822.38673,0.028705709367743575
822.38673,0.0018489388860197511
824.06263,0.02871394542706828
825.73854,0.022007956516264658
825.73854,0.03543634175712657
827.41444,0.04887295912871748
827.41444,0.022016188646995043
829.09035,0.028738641917501456
829.09035,0.04888118934425995
830.76625,0.05560364060135996
830.76625,0.04217525536049805
832.44216,0.04218348164742267
832.44216,0.062326029074182554
834.11806,0.06233425334772291
835.79397,0.04891409046516778
835.79397,0.06234247570602969
837.46987,0.04892231081011382
837.46987,0.06235069605097573
839.14578,0.04893052923980275
839.14578,0.062358914480664655
840.82168,0.04893874565615446
840.82168,0.06236713089701638
842.49759,0.06237534539808607
842.49759,0.04894696015722416
844.17349,0.042241010459083586
844.17349,0.062383557885843474
845.8494,0.035534997976574265
845.8494,0.0623917684582967
847.5253,0.035543206535737344
847.5253,0.055685814831561806
849.20121,0.04897979842043187
849.20121,0.028837250993673368
850.87711,0.04227384086510127
850.87711,0.022131232569276803
852.55301,0.02213943523555463
852.55301,0.0422820435313791
854.22892,0.02886185904143133
854.22892,0.04229024428229186
855.90482,0.028870057779113455
855.90482,0.04229844301997398
857.58073,0.028878254601408367
859.25663,0.05574321989221861
859.25663,0.03560061159639414
860.93254,0.04232302754503376
860.93254,0.06246557497179364
862.60844,0.049045380611425216
862.60844,0.06247376585228713
864.28435,0.049053569576484435
864.28435,0.06248195481734634
865.96025,0.06249014176924551
867.63616,0.05578416461978752
869.31206,0.05579234764309236
870.98797,0.05580052875091588
872.66387,0.04909448479066108
874.33978,0.04910266196986537
876.01568,0.06253922237684348
876.01568,0.049110837135981564
877.69159,0.06254739562742992
877.69159,0.049119010386568004
879.36749,0.06926978991991435
881.0434,0.07599212142778092
882.7193,0.05585774130994721
882.7193,0.0760002887367071
884.39521,0.055865906703297954
884.39521,0.07600845413005783
886.07111,0.0760166175103897
886.07111,0.05587407008362981
887.74702,0.0558822315483627
887.74702,0.06931061678922461
889.42292,0.04246200575923694
889.42292,0.06260455318599682
891.09883,0.0558985485362139
892.77473,0.049192481004391796
892.77473,0.029049933577633295
894.45064,0.04920063461188899
894.45064,0.022343864130166553
896.12654,0.03578040096557598
896.12654,0.008923630483853535
897.80245,0.02907438845855735
897.80245,0.002217617976833529
899.47835,0.015654150883648632
899.47835,0.0
901.15426,0.002233911393046837
901.15426,0.0
902.83016,0.0
902.83016,0.0
904.50607,0.0
904.50607,0.0
906.18197,0.0
906.18197,0.0
907.85788,0.0
907.85788,0.0
909.53378,0.0
911.20969,0.0
912.88559,0.0
912.88559,0.0
912.88559,0.0
914.5615,0.0
916.2374,0.0
916.2374,0.0
916.2374,0.0
917.91331,0.0
917.91331,0.0
919.58921,0.0
919.58921,0.0
921.26512,0.0
921.26512,0.0
922.94102,0.0
922.94102,0.0023396270546571767
924.61693,0.0
924.61693,0.015776130545454268
926.29283,0.0
926.29283,0.04264101726437395
927.96874,0.0426491315856899
927.96874,0.015792361103967457
927.96874,0.05607751682655181
929.64464,0.029228858653432294
929.64464,0.06951401437601665
931.32055,0.08295051000957528
931.32055,0.04266535428699092
932.99645,0.08967278057548046
932.99645,0.056101847907860054
934.67235,0.07625250175033622
934.67235,0.10310927223205867
936.34826,0.08297482930507702
936.34826,0.10311737673183691
938.02416,0.08969709397809558
938.02416,0.10983970227392005
939.70007,0.09641941760421992
939.70007,0.10984780284508044
941.37597,0.10985590140360671
943.05188,0.10314977499118531
943.05188,0.11657822110111181
944.72778,0.10987209267608121
946.40369,0.11659440844496846
946.40369,0.10316596233504197
948.07959,0.11660249914630608
948.07959,0.10317405303637958
949.7555,0.10318214182168506
949.7555,0.11661058793161155
951.4314,0.09647606640853039
951.4314,0.11661867470435486
953.10731,0.11662675956104247
953.10731,0.10319831345111598
954.78321,0.11663484240519145
954.78321,0.10320639629526496
956.45912,0.11664292333325985
958.13502,0.10993677919385057
959.81093,0.13680162667502632
959.81093,0.11665907924826643
961.48683,0.13680970166198528
963.16274,0.13681777473281934
964.83864,0.13011168360528463
964.83864,0.14354006884614653
966.51455,0.15697652322922329
968.19045,0.13684198206316914
968.19045,0.15698459035899362
969.86636,0.13685004727676753
969.86636,0.15699265557259198
971.54226,0.16371488095966596
973.21817,0.1502945570037832
974.89407,0.15030261627636488
974.89407,0.1771593867580887
976.56998,0.17716744411444998
976.56998,0.15702489668769012
978.24588,0.19731810775426042
978.24588,0.17046133727253662
979.92179,0.19061193812703994
981.59769,0.17719160430157246
981.59769,0.21076259783825746
983.2736,0.21077064733738166
983.2736,0.18391387685565921
984.9495,0.21077869482418038
984.9495,0.19063608652835592
986.62541,0.2040725173397242
988.30131,0.16379540517534286
988.30131,0.1906521756570653
989.97722,0.18394605511305723
989.97722,0.15708928463133479
991.65312,0.17723987168770336
991.65312,0.15038310120597953
993.32903,0.1369627536783897
993.32903,0.16381952416011214
995.00493,0.14368501243436663
995.00493,0.1638275598611265
996.68084,0.16383559364577932
996.68084,0.14369304621901943
998.35674,0.1571294632323014
1000.03265,0.1705658783291969
1000.03265,0.15042327003337244
1001.70855,0.18400229141388316
1001.70855,0.15714552093216072
1003.38446,0.1638677090454772
1003.38446,0.1840103173413017
1005.06036,0.16387573296070723
1005.06036,0.18401834125653171
1006.73627,0.17731214020036842
1008.41217,0.17732016018700414
1008.41217,0.19074854542786465
1010.08808,0.1907565634980461
1010.08808,0.17732817825718555
1011.76398,0.19076457955608608
1011.76398,0.17733619431522557
1013.43989,0.17734420845678914
1013.43989,0.19077259369764968
1015.11579,0.18406644364119878
1016.79169,0.1907886159922515
1018.4676,0.19079662424089383
1020.1435,0.1840904682915563
1021.81941,0.1840984726115808
1023.49531,0.17739225186458296
1025.17122,0.19082863749685014
1025.17122,0.1639718670151277
1026.84712,0.15726570320860153
1026.84712,0.19083663587622193
1028.52303,0.17741624709814882
1028.52303,0.150559476616425
1030.19893,0.13713908582634193
1030.19893,0.16399585630806437
1031.87484,0.13043291617461214
1031.87484,0.15057546360137203
1033.55074,0.1505834541235552
1033.55074,0.12372668364183274
1035.22665,0.13044889530234702
1035.22665,0.1505914427291069
1036.90255,0.1573136523776583
1036.90255,0.13045688189593446
1038.57846,0.1371790287587677
1038.57846,0.1707500222954527
1040.25436,0.16404378190548327
1040.25436,0.14390123447872338
1041.93027,0.18419437094962374
1041.93027,0.15733760046790132
1043.60617,0.17077396444516063
1043.60617,0.19763073492688446
1045.28208,0.19763871174658265
1045.28208,0.17749610345075817
1045.28208,0.21106709698744316
1046.95798,0.1842183013135252
1046.95798,0.217789233981147
1048.63389,0.23122559211308785
1048.63389,0.19765465944546745
1050.30979,0.23794778604726058
1050.30979,0.21109101556553675
1051.9857,0.2178131467138986
1051.9857,0.24466991719562103
1053.6616,0.23124949890537358
1053.6616,0.24467788414623548
1055.33751,0.24468584918008013
1057.01341,0.23797965001620228
1058.68932,0.23127338806646375
1062.04113,0.25143191263232156
1063.71703,0.23129725950132862
1063.71703,0.2514398677971531
1065.39294,0.2313052127493183
1065.39294,0.2514478210451428
1067.06884,0.22459900179965753
1067.06884,0.24474154922641742
1068.74475,0.21117856587816747
1068.74475,0.2380353363598913
1070.42065,0.21118651318580894
1070.42065,0.23132906061256883
1072.09656,0.22462284381742487
1072.09656,0.20448023552160038
1073.77246,0.2246307871964734
1073.77246,0.20448817890064894
1075.44837,0.20449612036278508
1075.44837,0.23806711389947147
1077.12427,0.25150343859078483
1077.12427,0.21793244505409984
1078.80018,0.2582255383102011
1078.80018,0.23808299088344123
1080.47608,0.2716618590729201
1080.47608,0.25823347383205963
1080.47608,0.23809092640529972
1082.15199,0.25152724525106074
1082.15199,0.27838401573278454
1083.82789,0.2851061095119467
1085.5038,0.2851140391882279
1087.1797,0.2851219668528978
1087.1797,0.2649794194261379
1090.53151,0.2784236541507374
1090.53151,0.29185203939159793
1092.20742,0.2851457381556823
1093.88332,0.2717252727223002
1093.88332,0.29186788101812466
1095.55923,0.2717331906127279
1095.55923,0.29187579890855236
1097.23513,0.26502694430571544
1097.23513,0.28516949173247536
1098.91104,0.2784632435083872
1098.91104,0.2583206352125627
1100.58694,0.27175693240371446
1100.58694,0.2583285471628539
1102.26284,0.2449080719079909
1102.26284,0.2717648423897133
1103.93875,0.26505858827270395
1103.93875,0.2314875947360176
1105.61465,0.21806711555256303
1105.61465,0.25835227127514737
1107.29056,0.19121824921110994
1107.29056,0.23821762798865825
1108.96646,0.20465453658078211
1108.96646,0.15094099561733584
1110.64237,0.1912340515515731
1110.64237,0.14423473364309078
1112.31827,0.1778135645109271
1112.31827,0.14424263184330532
1112.31827,0.12410002354748087
1113.99418,0.15096469031223836
1113.99418,0.11739375764461794
1115.67008,0.11068742886127561
1115.67008,0.1308300371571001
1117.34599,0.11069532121569282
1117.34599,0.1308379295115173
1119.02189,0.11070321155871872
1119.02189,0.12413159679958063
1120.6978,0.11742532303948203
1120.6978,0.09728271474365756
1122.3737,0.08386221591722723
1122.3737,0.10400476334398712
1122.3737,0.11743320945391361
1124.04961,0.08387010041440873
1124.04961,0.11072687089613117
1125.72551,0.06373537460442154
1125.72551,0.09730636814110792
1127.40142,0.08388586346880827
1127.40142,0.0503148699321219
1129.07732,0.03689436324850432
1129.07732,0.06375113373022676
1130.75323,0.07047323342513513
1130.75323,0.050330625129309275
1130.75323,0.030188077702550775
1132.42913,0.016767567090337488
1132.42913,0.0503384997579579
1134.10504,0.016775439801664068
1134.10504,0.03691798722842395
1135.78094,0.010069087446755817
1135.78094,0.030211695742580286
1137.45685,0.023505341470325077
1137.45685,0.003362794043565193
1139.13275,0.016799046055885704
1140.80866,0.01680691090997659
1142.48456,0.0
1142.48456,0.010100550697878312
1144.16047,0.0
1144.16047,0.0033942494374519907
1145.83637,0.0
1145.83637,0.003402108351721951
1147.51228,0.003409965348577137
1147.51228,0.0
1149.18818,0.0
1150.86409,0.0
1152.53999,0.0
1152.53999,0.0
1154.2159,0.0
1155.8918,0.0
1155.8918,0.0
1157.56771,0.003457065938676795
1157.56771,0.0
1159.24361,0.0
1159.24361,0.010179071324467446
1160.91952,0.02361529784771038
1160.91952,0.0
1162.59542,0.030337360173971296
1162.59542,0.003480589692247474
1164.27133,0.023630974472771918
1165.94723,0.02363880981547457
1165.94723,0.05049558029719701
1167.62314,0.037075028481483197
1167.62314,0.057217636777307665
1169.29904,0.07065385343227791
1170.97495,0.07737584511470474
1170.97495,0.05051907463298092
1172.65085,0.08409789565518132
1172.65085,0.057241125173458876
1174.32676,0.08410572122309094
1174.32676,0.07067733598223042
1176.00266,0.08411354478001064
1176.00266,0.07068515953915011
1177.67857,0.0841213664193038
1177.67857,0.07069298117844328
1179.35447,0.07070080080676727
1179.35447,0.0841291860476278
1181.03038,0.07742278070333918
1182.70628,0.0841448194580314
1184.38218,0.0572958627117477
1184.38218,0.08415263319347013
1186.05809,0.08416044501122422
1187.73399,0.07073986957720672
1187.73399,0.0438830990954829
1189.4099,0.0506050691705171
1191.0858,0.03047032762200732
1191.0858,0.05061287504876582
1192.76171,0.017049746341663796
1192.76171,0.043906516823386234
1194.43761,0.03720009571807807
1194.43761,0.010343325236355632
1196.11352,0.0
1196.11352,0.03049373356407925
1197.78942,0.017073146344277413
1197.78942,0.0
1199.46533,0.0
1199.46533,0.003652557206696806
1199.46533,0.0
1201.14123,0.0
1201.14123,0.0
1202.81714,0.0
1204.49304,0.0
1206.16895,0.0
1207.84485,0.0
1207.84485,0.0
1209.52076,0.0
1209.52076,0.0
1211.19666,0.0
1211.19666,0.0
1212.87257,0.0
1212.87257,0.0
1214.54847,0.0
1214.54847,0.0
1216.22438,0.0
1216.22438,0.0
1217.90028,0.0
1217.90028,0.0
1219.57619,0.0
1219.57619,0.0
1221.25209,0.0
1221.25209,0.0
1222.928,0.0
1224.6039,0.0
1226.27981,0.0
1226.27981,0.0
1227.95571,0.0
1227.95571,0.0
1229.63162,0.0
1229.63162,0.0
1231.30752,0.0
1231.30752,0.0
1232.98343,0.0
1234.65933,0.0
1236.33524,0.0
1238.01114,0.0
1239.68705,0.0
1241.36295,0.0
1241.36295,0.0
1243.03886,0.0
1243.03886,0.0
1244.71476,0.0
1246.39067,0.0
1246.39067,0.0
1248.06657,0.0
1249.74248,0.0
1249.74248,0.0
1251.41838,0.0
1253.09429,0.0
1253.09429,0.0
1254.77019,0.0
1254.77019,0.0
1256.4461,0.0
1256.4461,0.0
1258.122,0.0
1258.122,0.0
1259.79791,0.0
1261.47381,0.0
1261.47381,0.0
1263.14972,0.0
1263.14972,0.0
1264.82562,0.003955072147967104
1264.82562,0.0
1266.50152,0.024105337059604187
1266.50152,0.0
1268.17743,0.0
1268.17743,0.037541437867084276
1269.85333,0.010692380941644718
1269.85333,0.04426337447832971
1271.52924,0.024128477820505582
1271.52924,0.05098524830222802
1273.20514,0.057707180984880514
1273.20514,0.03085041050315808
1274.88105,0.06442905088015959
1274.88105,0.03757228039843715
1276.55695,0.05772259439335586
1276.55695,0.07786514182011574
1278.23286,0.05101607511915517
1278.23286,0.077872845600879
1279.90876,0.064452162130517
1279.90876,0.09130893261223944
1281.58467,0.09131663246438484
1281.58467,0.0644598619826624
1283.26057,0.05103917458370609
1283.26057,0.09132433030629045
1284.93648,0.05104687050723365
1284.93648,0.0711894788030595
1286.61238,0.06448294966140546
1286.61238,0.030912016993785044
1288.28829,0.024205485933730814
1288.28829,0.05106225641545325
1289.96419,0.01749901373254841
1289.96419,0.04435578421427085
1291.6401,0.024220863984738245
1293.316,0.030942773095823436
1293.316,0.017514387854961525
1294.99191,0.03095045723349745
1294.99191,0.01752207199263554
1296.66781,0.017529754120162472
1296.66781,0.030958139361024383
1298.34372,0.017537434329218636
1298.34372,0.030965819570080547
1300.01962,0.030973497769011774
1301.69553,0.03769533623534806
1301.69553,0.02426695099448615
1303.37143,0.024274625264823057
1305.04734,0.024282297616643526
1306.72324,0.03100419101335005
1306.72324,0.01757580577248814
1308.39915,0.024297636381587346
1310.07505,0.024305302794735615
1311.75096,0.031027190344282942
1311.75096,0.01759880510342103
1313.42686,0.031034852828836886
1313.42686,0.017606467587974975
1315.10277,0.017614128153940516
1315.10277,0.031042513394802428
1316.77867,0.031050171950762054
1318.45458,0.031057828588109744
1320.13048,0.017637097974611753
1321.80639,0.03107313592420489
1321.80639,0.004216365442481068
1323.48229,0.031080786622974494
1323.48229,0.0
1325.1582,0.0
1325.1582,0.017660050162224574
1326.8341,0.0
1326.8341,0.010953473877437302
1328.51001,0.0
1328.51001,0.0
1330.18591,0.0
1330.18591,0.0
1331.86182,0.0
1331.86182,0.0
1333.53772,0.0
1333.53772,0.0
1335.21363,0.0
1335.21363,0.010991678400631026
1336.88953,0.017713536439985904
1336.88953,0.0
1338.56544,0.01772116950562512
1340.24134,0.017728800561421735
1340.24134,0.031157185802283646
1341.91725,0.0311648149393064
1341.91725,0.017736429698444488
1343.59315,0.031172442066508696
1345.26906,0.031180067274912217
1346.94496,0.031187690473520192
1348.62087,0.024481088698341924
1350.29677,0.024488707968355578
1350.29677,0.03791709320921749
1351.97267,0.03792471051493883
1351.97267,0.02449632527407692
1353.64858,0.03793232590180327
1353.64858,0.024503940660941352
1355.32448,0.03793993927893029
1355.32448,0.024511554038068373
1357.00039,0.024519165496316345
1357.00039,0.03794755073717825
1358.67629,0.024526774944849044
1358.67629,0.037955160185710955
1360.3522,0.02453438247447778
1360.3522,0.03796276771533969
1362.0281,0.03797037323527669
1362.0281,0.024541987994414777
1363.70401,0.031263814650389604
1365.37991,0.024557193186769726
1367.05582,0.024564792859162767
1368.73172,0.017858228336013148
1368.73172,0.03128661357687506
1368.73172,0.044714998817735586
1370.40763,0.024579986265686315
1370.40763,0.05143675674740875
1372.08353,0.07158695877738863
1372.08353,0.05144435048156279
1372.08353,0.03130180305480429
1373.75944,0.04473778011082216
1373.75944,0.0850229358334065
1375.43534,0.0716021403981057
1375.43534,0.11188729612068866
1377.11125,0.10518066095226422
1377.11125,0.12532326924808868
1377.11125,0.07832389047054178
1378.78715,0.0917598615883677
1378.78715,0.12533085512505407
1380.46306,0.11191005384211243
1383.81487,0.12535360106064783
1383.81487,0.13878198630150976
1385.49077,0.1387895643212865
1385.49077,0.1253611790804246
1387.16668,0.13879714042197105
1387.16668,0.11865459299521118
1388.84258,0.13209055232725275
1390.51849,0.13881228668521883
1392.19439,0.13881985684780557
1392.19439,0.11196308636608174
1393.8703,0.11868487766449455
1395.5462,0.09854983560266249
1395.5462,0.11869244389848696
1397.22211,0.09184317686252957
1397.22211,0.11198578515835404
1398.89801,0.0851365769820297
1398.89801,0.10527912440878957
1400.57392,0.10528668479500136
1400.57392,0.07171575212738096
1402.24982,0.06500908744922078
1402.24982,0.08515169574504525
1403.92573,0.0515882586659542
1403.92573,0.08515925220264058
1405.60163,0.06502419835502417
1405.60163,0.044881650928264294
1407.27754,0.038174980402279214
1407.27754,0.06503175088400165
1408.95344,0.03818253092189296
1410.62935,0.0381900795222512
1412.30525,0.03819762611327063
1413.98116,0.03149100859911305
1415.65706,0.03149855126153815
1417.33297,0.038220254190558675
1419.00887,0.03822779292438946
1420.68478,0.04494955279385671
1422.36068,0.03824286454413062
1422.36068,0.051671249784991144
1424.03659,0.05839300572584055
1425.71249,0.0584005366024827
1425.71249,0.044972151361620784
1427.3884,0.051693842504787764
1429.0643,0.05841559250779814
1430.74021,0.05842311753644791
1430.74021,0.03828050924062344
1432.41611,0.051716417500936085
1432.41611,0.03828803226007556
1434.09201,0.0450097763701993
1434.09201,0.024867168074374835
1435.76792,0.024874687210104753
1435.76792,0.03830307245096667
1437.44382,0.038310589577532146
1437.44382,0.024882204336670235
1439.11973,0.05174649002550474
1439.11973,0.024889719543782305
1440.79563,0.031611455796717404
1440.79563,0.058468226278439846
1442.47154,0.03833312926110822
1442.47154,0.06518989974283065
1444.14744,0.05176902377134697
1444.14744,0.07191163206717283
1445.82335,0.05177653112122196
1445.82335,0.07863330160294578
1447.49925,0.0786408069437283
1447.49925,0.058498259516968416
1449.17516,0.05179153988326162
1449.17516,0.07193414817908747
1450.85106,0.07194164959127568
1450.85106,0.04508487910955185
1452.52697,0.06523492602895102
1452.52697,0.03166399336133061
1454.20287,0.051814038271682995
1454.20287,0.024957267789960557
1455.87878,0.01825060116808403
1455.87878,0.045107371649806466
1457.55468,0.018258094723082204
1457.55468,0.03840064214984209
1459.23059,0.03169397159934771
1459.23059,0.011551363303523247
1460.90649,0.004844690744027745
1460.90649,0.02498723817078763
1462.5824,0.024994725877573377
1462.5824,0.004852178450813495
1464.2583,0.004859664148623029
1464.2583,0.01828804938948494
1465.93421,0.018295533167651458
1465.93421,0.0
1467.61011,0.011588791881904117
1467.61011,0.0
1469.28602,0.0
1469.28602,0.0
1470.96192,0.0
1472.63783,0.0
1472.63783,0.0
1474.31373,0.0
1474.31373,0.0
1475.98964,0.0
1475.98964,0.0
1475.98964,0.0
1477.66554,0.0
1477.66554,0.0
1479.34145,0.0
1479.34145,0.0
1481.01735,0.0
1481.01735,0.0
1482.69326,0.018370262689349187
1482.69326,0.0
1484.36916,0.0
1484.36916,0.045234495297313854
1486.04507,0.025099347207947428
1486.04507,0.05867034074463381
1487.72097,0.05196357588731778
1489.39688,0.05868525522012329
1491.07278,0.05197848643421294
1491.07278,0.08554947997089932
1491.07278,0.06540687167507485
1492.74869,0.09227109450601964
1492.74869,0.0654143240242972
1494.42459,0.09899276790144285
1494.42459,0.0721359974197204
1496.1005,0.10571437850794532
1496.1005,0.08557183108118543
1497.7764,0.10572182491981026
1497.7764,0.08557927749305039
1499.45231,0.11244349246675947
1499.45231,0.092300884170935
1501.12821,0.09902254970916818
1501.12821,0.11245093495002871
1502.80412,0.1124583755133989
1504.48002,0.11918003712303776
1504.48002,0.0990374288272133
1506.15593,0.11918747375778872
1507.83183,0.07219552960632242
1507.83183,0.11248068532890539
1509.50774,0.052060354016629666
1509.50774,0.09905973279417796
1511.18364,0.04535362252821659
1511.18364,0.031925237287356065
1512.85955,0.07221782178745567
1512.85955,0.04536105130573185
1512.85955,0.025218443009907384
1514.53545,0.018511707592901376
1514.53545,0.04536847807462381
1514.53545,0.07222524855634764
1516.21135,0.018519132397501022
1517.88726,0.10581102891316171
1517.88726,0.04538332576381748
1519.56316,0.11924689589909354
1519.56316,0.08567590236240716
1521.23907,0.07896909826342077
1521.23907,0.14611108533679215
1522.91497,0.1729752727659242
1522.91497,0.11254750874751539
1524.59088,0.18641107303414445
1524.59088,0.13941169425659752
1526.26678,0.1595617155712387
1526.26678,0.19984687129382303
1527.94269,0.17971167409673766
1527.94269,0.2401394381151465
1529.61859,0.2670036176870913
1529.61859,0.21329007672364503
1531.2945,0.3005819575248329
1531.2945,0.2401542543754901
1531.2945,0.28043941009807444
1546.78037,0.37215112968153025
1574.86803,0.38134422621718705
1574.86803,0.36120161792136257
1576.54393,0.3746373572521222
1578.21984,0.36793054723569424
1578.21984,0.3880730946624541
1579.30538,0.35492150237959935
1579.89574,0.38808044482375753
1579.89574,0.3679378973969976
1581.57165,0.37465940782374774
1581.57165,0.3948020161195722
1583.24755,0.38809513929731737
1583.24755,0.37466675405645544
1583.24755,0.40152352453817786
1584.92346,0.4149592540912741
1584.92346,0.40153086885041217
1586.59936,0.41496659639538747
1586.59936,0.39482404896862755
1588.27527,0.42840232201986583
1588.27527,0.401545551538142
1589.95117,0.408267112968625
1589.95117,0.4351238834503474
1591.62708,0.4217028346644841
1591.62708,0.44184538209124397
1593.30298,0.45528110177903064
1593.30298,0.42171016911140885
1594.97889,0.448574272119512
1596.65479,0.44186737958287853
1596.65479,0.46872415006460233
1598.3307,0.4620173164764645
1598.3307,0.4754457017173264
1600.0066,0.4754530283070625
1600.0066,0.4620246430662006
1601.6825,0.48217451511840426
1601.6825,0.4620319676916444
1603.35841,0.46203929039648467
1603.35841,0.48218183782324453
1605.03431,0.47547499633419604
1605.03431,0.45533238803837156
1606.71022,0.46205392986955657
1608.38612,0.44191863834198725
1608.38612,0.46877540882371105
1610.06203,0.43521179100369384
1610.06203,0.46206856148541625
1611.73793,0.4553616512701145
1611.73793,0.4285048807883921
1613.41384,0.4486548000032033
1613.41384,0.41508380646651694
1615.08974,0.4352337236734079
1615.08974,0.39494856795082356
1616.76565,0.4083842601820529
1616.76565,0.42852680760881284
1618.44155,0.4151057273504231
1618.44155,0.3815347946828013
1620.11746,0.38154209774455233
1620.11746,0.40168464517131225
1620.11746,0.3681137125036918
1621.79336,0.3882635609843282
1621.79336,0.3546926283167064
1623.46927,0.34798570439487564
1623.46927,0.37484247487659805
1625.14517,0.36813560981598226
1625.14517,0.34127883933425984
1626.82108,0.32114352624295067
1628.49698,0.3547218129763235
1628.49698,0.3211508194396385
1630.17289,0.34801488119725704
1630.17289,0.3144438876605707
1631.84879,0.3480221704653506
1631.84879,0.32116539998362814
1633.5247,0.3681720661084533
1633.5247,0.34802945781262884
1633.5247,0.327886910385869
1635.2006,0.38160773668881165
1635.2006,0.3413225809662287
1636.87651,0.354758249625751
1636.87651,0.3883291822933728
1638.55241,0.4017648489451368
1638.55241,0.3681939162775164
1640.22832,0.38834374319431886
1640.22832,0.4017721284351794
1640.22832,0.37491535795345693
1641.90422,0.40177940591748856
1643.58013,0.3950725192930153
1643.58013,0.3749299109971908
1645.25603,0.3883655697917676
1645.25603,0.3682230223650077
1646.93194,0.3816586792386751
1646.93194,0.36151607094285065
1648.60784,0.3413807931412113
1648.60784,0.3749517258088317
1650.28375,0.3413880608454003
1650.28375,0.3682448313271227
1651.95965,0.36153787396868503
1651.95965,0.3279669413010646
1653.63556,0.34811675250339424
1653.63556,0.3078315967808099
1655.31146,0.33469562903046424
1655.31146,0.3011246354937779
1656.98737,0.32127450363655563
1656.98737,0.2877035100998693
1658.66327,0.30785337623502995
1658.66327,0.27428238269834354
1660.33918,0.24743286813495657
1660.33918,0.2877180238575409
1662.01508,0.2675827303415229
1662.01508,0.23401173680483653
1662.01508,0.21386918937807664
1663.69099,0.2608757592762766
1663.69099,0.21387644136779288
1665.36689,0.187026920868218
1665.36689,0.22731207659080235
1667.0428,0.15346317539263002
1668.7187,0.16689880668704515
1668.7187,0.14675625926028527
1670.39461,0.15347766557866377
1670.39461,0.11990673291104337
1672.07051,0.14677074551772334
1672.07051,0.09977136674017642
1673.74642,0.10649276912993709
1673.74642,0.05949345122145477
1673.74642,0.12663537742576156
1675.42232,0.05950068941781797
1675.42232,0.11321423038126285
1677.09823,0.046079540452200904
1677.09823,0.08636469617478525
1678.77413,0.04608677471996979
1678.77413,0.0729435452016936
1680.45004,0.03266562182573625
1682.12594,0.04610123740577134
1683.80184,0.03268008053979445
1685.47775,0.052829854420257324
1685.47775,0.032687306993498824
1687.15365,0.05955130192151058
1687.15365,0.032694531439788135
1688.82956,0.05284430139163316
1690.50546,0.06627990715019007
1692.18137,0.07300134880162268
1692.18137,0.1065722814692431
1693.85727,0.12000794416826888
1693.85727,0.0864369506315825
1695.53318,0.12672932102201906
1695.53318,0.09315832748533268
1697.20908,0.14016491892338456
1697.20908,0.10659392538669818
1698.88499,0.1401721296626189
1700.56089,0.13346517620862883
1700.56089,0.14689356144949073
1702.2368,0.1401865452051447
1703.9127,0.14690797306342218
1703.9127,0.14690797306342218
1705.58861,0.12677256764959502
1705.58861,0.12677256764959502
1707.26451,0.1133513832834551
1707.26451,0.13349399157927958
1707.26451,0.15363653900603946
1707.26451,0.15363653900603946
1707.26451,0.1133513832834551
1707.26451,0.13349399157927958
1708.94042,0.09321597394100868
1708.94042,0.09321597394100868
1708.94042,0.14692957577351953
1708.94042,0.14692957577351953
1710.61632,0.059652238219515964
1710.61632,0.12679416442382274
1710.61632,0.059652238219515964
1710.61632,0.12679416442382274
1712.29223,0.026088439707589787
1712.29223,0.07980198067103605
1712.29223,0.026088439707589787
1712.29223,0.07980198067103605
1713.96813,0.05295240320684421
1713.96813,0.05295240320684421
1713.96813,0.0193814705392238
1713.96813,0.012667247484261243
1715.64404,0.005960276394505626
1715.64404,0.052959594302987946
1715.64404,0.026102823821265508
1715.64404,0.01267443858040498
1715.64404,0.052959594302987946
1715.64404,0.026102823821265508
1717.31994,0.0
1718.99585,0.0
1720.67175,0.005981837811311136
1720.67175,0.01269599999721049
1722.34766,0.019417406291081088
1722.34766,0.012703183236118533
1724.02356,0.019424587522828725
1724.02356,0.019424587522828725
1724.02356,0.005996202281966815
1725.69947,0.026145929019015506
1725.69947,0.026145929019015506
1725.69947,0.006003381592255624
1727.37537,0.02615310632217021
1727.37537,0.006010558895410326
1727.37537,0.02615310632217021
1729.05128,0.02616028170384117
1729.05128,0.02616028170384117
1730.72718,0.019453292892502194
1730.72718,0.019453292892502194
1730.72718,0.03288167813336411
1730.72718,0.03288167813336411
1732.40309,0.019460464345555307
1732.40309,0.019460464345555307
1732.40309,0.03288884958641722
1732.40309,0.03288884958641722
1734.07899,0.019467633791519983
1734.07899,0.019467633791519983
1734.07899,0.03961018121827987
1734.07899,0.03961018121827987
1735.7549,0.02618896350185322
1735.7549,0.03961734874271513
1735.7549,0.02618896350185322
1735.7549,0.03961734874271513
1737.4308,0.032910352074187514
1737.4308,0.032910352074187514
1739.10671,0.032917515670004935
1739.10671,0.05306006309676343
1739.10671,0.05306006309676343
1739.10671,0.032917515670004935
1740.78261,0.039638839444677554
1740.78261,0.039638839444677554
1740.78261,0.05306722468553808
1740.78261,0.05306722468553808
1742.45852,0.032931836925979154
1742.45852,0.05978860740770159
1742.45852,0.05978860740770159
1742.45852,0.032931836925979154
1744.13442,0.05979576506788192
1744.13442,0.05979576506788192
1745.81033,0.019517765083879292
1745.81033,0.0530886977514997
1745.81033,0.0530886977514997
1745.81033,0.019517765083879292
1747.48623,0.04638168929718774
1747.48623,0.012810695760502748
1747.48623,0.019524918815465305
1747.48623,0.04638168929718774
1749.16214,0.03296045586629109
1749.16214,0.0
1749.16214,0.03296045586629109
1750.83804,0.01282499737345831
1750.83804,0.0
1750.83804,0.006110835187558956
1752.51395,0.0
1754.18985,0.0
1755.86576,0.0
1755.86576,0.0
1757.54166,0.0
1757.54166,0.0
1759.21757,0.0
1760.89347,0.0
1760.89347,0.0
1762.56938,0.0
1762.56938,0.0
1764.24528,0.0
1765.92118,0.0
1765.92118,0.0
1767.59709,0.0
1767.59709,0.0
1769.27299,0.0
1770.9489,0.0
1772.6248,0.0
1774.30071,0.0
1775.97661,0.0
1775.97661,0.0
1777.65252,0.0
1779.32842,0.00623208164148944
1779.32842,0.0
1781.00433,0.01295335831548726
1781.00433,0.0
1782.68023,0.0
1782.68023,0.01296047079683637
1784.35614,0.0
1784.35614,0.0
1784.35614,0.006253419170416245
1786.03204,0.0
1787.70795,0.0
1787.70795,0.0
1787.70795,0.0
1789.38385,0.0
1789.38385,0.0
1799.43928,0.0
1801.11519,0.0
1802.79109,0.0
1804.467,0.0
1804.467,0.0
1806.1429,0.0
1806.1429,0.0
1807.81881,0.0
1809.49471,0.0
1811.17062,0.0
1811.17062,0.0
1812.84652,0.0
1812.84652,0.0
1814.52243,0.0
1814.52243,0.0
1816.19833,0.0
1816.19833,0.0
1816.19833,0.0
1817.87424,0.0
1817.87424,0.0
1819.55014,0.0
1819.55014,0.0
1821.22605,0.0
1821.22605,0.0
1822.90195,0.0
1824.57786,0.0
1826.25376,0.0
1826.25376,0.0
1827.92967,0.006437603694852422
1827.92967,0.0
1829.60557,0.013158823361776251
1829.60557,0.0
1831.28148,0.0
1831.28148,0.02659426416146475
1832.95738,0.0
1832.95738,0.03331554076886023
1834.63329,0.05346513982582885
1834.63329,0.013179984103245883
1836.30919,0.0669005746905266
1837.9851,0.07362184544708142
1837.9851,0.0467650749653576
1839.661,0.0803430533282223
1839.661,0.05348628284649847
1841.33691,0.08706432015615789
1843.01281,0.07364297668194456
1843.01281,0.08707136192280508
1844.68872,0.08036417871219773
1846.36462,0.08708543960521314
1848.04052,0.06023570499725127
1848.04052,0.09380663766487167
1849.71643,0.060242738948686606
1849.71643,0.08709950943040905
1851.39233,0.026678777357166464
1851.39233,0.08039231832061272
1851.39233,0.053535547838888906
1853.06824,0.060256800916670336
1853.06824,0.026685807379983956
1853.06824,0.0
1854.74414,0.0199786732106579
1854.74414,0.0
1856.42005,0.0
1856.42005,0.006557314063994251
1858.09595,0.006564338151971846
1858.09595,0.0
1858.09595,0.0
1859.77186,0.0
1859.77186,0.0
1861.44776,0.0
1861.44776,0.0
1863.12367,0.0
1863.12367,0.0
1864.79957,0.0
1864.79957,0.0
1866.47548,0.0
1868.15138,0.0
1868.15138,0.0
1869.82729,0.0
1871.50319,0.0
1871.50319,0.006620460308549432
1873.1791,0.006627466759658452
1873.1791,0.0
1874.855,0.0
1874.855,0.006634471204663062
1876.53091,0.013355635913052204
1876.53091,0.0
1878.20681,0.006648474243563139
1879.88272,0.0
1879.88272,0.020083858078298374
1881.55862,0.03351923990697487
1883.23453,0.013383626276404492
1883.23453,0.040240396758126934
1884.91043,0.013390618935626142
1884.91043,0.04024738941734858
1886.58634,0.040254380153984824
1886.58634,0.013397609672262384
1888.26224,0.0335472066987128
1888.26224,0.0
1889.93815,0.0
1889.93815,0.02012580826586928
1891.61405,0.006704407827038992
1891.61405,0.0
1893.28996,0.0
1893.28996,0.0
1894.96586,0.0
1894.96586,0.0
1896.64177,0.0
1896.64177,0.0
1898.31767,0.0
1898.31767,0.013446489661401878
1899.99358,0.013453464683566728
1901.66948,0.013460437699814008
1901.66948,0.047031431236499
1903.34539,0.020181631848323563
1903.34539,0.06718094975680589
1905.02129,0.08061630408532075
1905.02129,0.04033114836273641
1906.6972,0.09405165649111044
1906.6972,0.060480723823490026
1908.3731,0.10748700689103098
1908.3731,0.08063023640930855
1910.04901,0.11420819318230346
1910.04901,0.08735142270058102
1911.72491,0.11421515441276778
1913.40082,0.12093633677542517
1913.40082,0.09407950542463676
1915.07672,0.12765745626319175
1916.75263,0.10080764116054354
1916.75263,0.12095024945636801
1918.42853,0.07395782405209679
1918.42853,0.10752875671971719
1920.10444,0.06053639026169125
1920.10444,0.09410732292931166
1921.78034,0.08068588713313249
1921.78034,0.0471149544655107
1923.45625,0.06726444941410911
1923.45625,0.0336935167464887
1925.13215,0.02698623920761041
1925.13215,0.05384300968933285
1926.80806,0.020279020614933117
1926.80806,0.040421568041693
1928.48396,0.0068575769615625394
1928.48396,0.033714347443286365
1930.15987,0.00015029357120143014
1930.15987,0.027007064052923867
1930.15987,0.013578678812063342
1931.83577,0.00015723123009844345
1931.83577,0.013585616470960354
1933.51167,0.0068783899796670805
1935.18758,0.013599485937248029
1936.86348,0.00017803246239649523
1938.53939,0.006899185360422796
1938.53939,0.02032757060128471
1940.21529,0.006906113197838853
1940.21529,0.027048660624598736
1941.8912,0.03376980959400719
1943.5671,0.03377673350282893
1945.24301,0.03378365548865697
1945.24301,0.020355270247795064
1946.91891,0.03379057546888439
1946.91891,0.020362190228022478
1948.59482,0.03379749352609321
1948.59482,0.020369108285231294
1950.27072,0.033804409577726305
1950.27072,0.013661801281901835
1951.94663,0.03381132370631727
1951.94663,0.013668715410492803
1953.62253,0.03381823582935466
1953.62253,0.020389850588492752
1955.29844,0.033825146029329164
1955.29844,0.020396760788467253
1956.97434,0.03383205422377224
1956.97434,0.020403668982910326
1958.65025,0.027124737440163568
1960.32615,0.02713164170601232
1962.00206,0.04728115234457421
1962.00206,0.027138544048749744
1963.67796,0.05400221486772661
1963.67796,0.027145444386004174
1965.35387,0.0338665658550863
1967.02977,0.04058762444964439
1967.02977,0.060730232745468855
1968.70568,0.06745128941686855
1968.70568,0.04730874199010867
1970.38158,0.06745818189693296
1970.38158,0.047315634470173076
1972.05749,0.060750910267918866
1973.73339,0.060757798819388954
1975.4093,0.04062207715183051
1977.0852,0.0540573470155668
1977.0852,0.03391479958880831
1978.76111,0.020493297047593194
1978.76111,0.047350067529315636
1980.43701,0.013785954686912084
1980.43701,0.04064272516863452
1982.11292,0.013792833457941033
1982.11292,0.0339354417537655
1983.78882,0.0003713249827662473
1983.78882,0.020513933278590715
1985.46473,0.020520808121001814
1985.46473,0.0
1987.14063,0.0
1987.14063,0.013813457903132065
1988.81654,0.0
1988.81654,0.013820328816925317
1990.49244,0.0
1992.16835,0.00040567946973591113
1992.16835,0.02726244995145835
1993.84425,0.027269314931362514
1995.52016,0.054132948469641125
1995.52016,0.020562015802020713
1997.19606,0.03399726209419247
1997.19606,0.06085403257591491
1998.87197,0.06086089170385323
1998.87197,0.040718283408028765
2000.54787,0.054153525771603435
2002.22378,0.04744621878502732
2002.22378,0.060874604025889234
2003.89968,0.05416723416504373
2005.57559,0.04745992324984977
2005.57559,0.06088830849071168
2007.25149,0.03403838727451335
2007.25149,0.060895157756235795
2008.9274,0.054187782043358015
2008.9274,0.027331011561635577
2010.6033,0.047480465194389844
2010.6033,0.020623694712667402
2012.27921,0.027344700312032306
2013.95511,0.0004947712386453403
2013.95511,0.02735154172036778
2015.63101,0.02064421897851435
2015.63101,0.0
2017.30692,0.007222671258199516
2017.30692,0.0
2018.98282,0.0
2018.98282,0.007229506773648356
2020.65873,0.007236340365576201
2020.65873,0.0
2022.33463,0.007243171952432103
2022.33463,0.0
2024.01054,0.0072500016157421
2024.01054,0.0
2025.68644,0.013970991459901654
2027.36235,0.000549431953731892
2027.36235,0.02069204024955636
2029.03825,0.020698863979222236
2029.03825,0.0005562556833977695
2030.71416,0.034134071026158445
2030.71416,0.007277300544434626
2032.39006,0.027426667772266065
2034.06597,0.04086187089058443
2034.06597,0.020719323463824546
2035.74187,0.020726139336300402
2035.74187,0.04086868676306028
2037.41778,0.020732953285139005
2037.41778,0.04087550071189889
2039.09368,0.034168150469883835
2040.76959,0.034174960490103205
2040.76959,0.007318190008379382
2042.44549,0.007324998023666595
2042.44549,0.027467545450426477
2044.1214,0.020760189356131414
2044.1214,0.0006175810603069467
2045.7973,0.0006243851469998389
2045.7973,0.020766993442824306
2047.47321,0.00734541036494607
2049.14911,0.007352210523044642
2049.14911,0.02078059576390655
2050.82502,0.02078739399827238
2052.50092,0.014079967172814076
2054.17683,0.014086761478562054
2054.17683,0.03422936977438652
2055.85273,0.027521939020332512
2055.85273,0.040950324261194423
2057.52864,0.03424295245242658
2059.20454,0.027535517769776873
2059.20454,0.05439228825149931
2060.88045,0.06111329775497553
2060.88045,0.034256527273253096
2062.55635,0.06783424438459341
2062.55635,0.047691696957833526
2064.23226,0.04769847947772796
2064.23226,0.06784102690448784
2065.90816,0.05441942217875152
2065.90816,0.07456203047457736
2067.58407,0.07456880906585396
2069.25997,0.07457558565238523
2070.93588,0.08129652250094055
2070.93588,0.06786813726007863
2072.61178,0.06787490991801558
2074.28769,0.06788168065205509
2075.96359,0.08803105767722218
2075.96359,0.06788844938139771
2077.6395,0.08132360142768127
2079.3154,0.08804458928339214
2079.3154,0.07461620404253161
2080.99131,0.08805135216019595
2080.99131,0.07462296691933543
2082.66721,0.081343889977386
2084.34312,0.08806487198053452
2084.34312,0.061208101498812076
2086.01902,0.06121485844237035
2086.01902,0.08135740586913023
2087.69493,0.06122161346193847
2087.69493,0.08136416088869834
2089.37083,0.08137091390366231
2089.37083,0.06122836647690243
2091.04674,0.07466350280871321
2091.04674,0.054520894512887365
2092.72264,0.04781348141335903
2092.72264,0.06795602884011892
2094.39855,0.04110600552072889
2094.39855,0.06124861381655336
2096.07445,0.061255358974327295
2096.07445,0.041112750678502834
2097.75035,0.034405331686089245
2099.42626,0.03441207295549904
2101.10216,0.027704589165423784
2101.10216,0.041132974406285695
2102.77807,0.027711326506217115
2102.77807,0.04785393480204158
2104.45397,0.03443228489747542
2104.45397,0.05457483232423392
2106.12988,0.06129578879137196
2106.12988,0.034439018309649516
2107.80578,0.061302520199072
2109.48169,0.04788086444176634
2109.48169,0.06802341186852622
2111.15759,0.05460175410677003
2111.15759,0.06803013934763194
2112.8335,0.06803686490257034
2114.5094,0.061329426267182394
2114.5094,0.08147197369394228
2116.18531,0.061336147893502946
2116.18531,0.08147869532026283
2117.86121,0.08148541494217852
2117.86121,0.06134286751541864
2119.53712,0.08149213263988123
2121.21302,0.07478468614730464
2121.21302,0.05464207785147879
2122.88893,0.04793462943466567
2122.88893,0.0747913999163895
2124.56483,0.0345129559585322
2124.56483,0.06808388862615261
2124.56483,0.0546555033852907
2126.24074,0.0412338279848958
2126.24074,0.054662213225756325
2127.91664,0.04124053582102854
2127.91664,0.054668921061889066
2129.59255,0.05467562697373822
2129.59255,0.03453307954697973
2131.26845,0.054682330881275255
2131.26845,0.04125394564041473
2132.94436,0.047974870678608596
2132.94436,0.06140325591947051
2134.62026,0.047981570657551306
2134.62026,0.07483834113927514
2136.29617,0.05470243089806136
2136.29617,0.08155920137978519
2137.97207,0.0949942826709941
2137.97207,0.05470912694840975
2137.97207,0.06813751218927167
2139.64798,0.10842936203785163
2139.64798,0.06814420631526728
2141.32388,0.08829350673284582
2141.32388,0.10843605415960571
2141.32388,0.12857866245543018
2142.99979,0.09501435911612018
2142.99979,0.1352995757077691
2144.67569,0.15544881132768737
2144.67569,0.13530626390092748
2144.67569,0.11516365560510301
2146.3516,0.12859872711472345
2146.3516,0.1554554975964459
2148.0275,0.12860541137928888
2148.0275,0.14874801967511336
2149.70341,0.12861209371942958
2149.70341,0.14875470201525404
2151.37931,0.12190461186950133
2151.37931,0.14204715929626122
2153.05522,0.12191129028102417
2154.73112,0.11520374363343563
2154.73112,0.1353463519292601
2154.73112,0.10177535839257511
2156.40703,0.1017820328754801
2156.40703,0.12863880335720254
2158.08293,0.11521709059512171
2158.08293,0.08836032011339927
2159.75884,0.10179537590854694
2161.43474,0.09508782140376977
2163.11065,0.06152355536181865
2163.11065,0.0883803258435411
2164.78655,0.07495860522427163
2164.78655,0.048101834742547804
2166.46246,0.048108497439599246
2168.13836,0.0615435433734579
2168.13836,0.04811515813259599
2169.81427,0.0481218169010282
2169.81427,0.06155020214189011
2171.49017,0.06155685890629392
2171.49017,0.04141425061046945
2173.16608,0.04142090545028382
2173.16608,0.06156351374610828
2174.84198,0.04814178134105447
2174.84198,0.061570166581916386
2176.51789,0.06829097967901088
2176.51789,0.04814843225225099
2178.19379,0.07501185164118859
2178.19379,0.05486924334536274
2179.8697,0.05487589032794141
2181.5456,0.08173930578828331
2181.5456,0.061596758361523424
2183.2215,0.06831756356174992
2183.2215,0.08846017185757439
2184.89741,0.08175258989226927
2186.57331,0.10190183727382655
2186.57331,0.0817592289780021
2188.24922,0.10190847443486614
2189.92512,0.08848672435114274
2189.92512,0.11534349483286517
2191.60103,0.11535012806528691
2191.60103,0.10192174282442638
2193.27693,0.11535675929382971
2193.27693,0.10192837405296919
2194.95284,0.11536338859763359
2194.95284,0.10193500335677307
2196.62874,0.11537001589758346
2196.62874,0.10194163065672293
2198.30465,0.10866241821780556
2199.98055,0.09524065634829919
2199.98055,0.1086690415891611
2201.65646,0.10196150084982994
2203.33236,0.10868228247848774
2203.33236,0.08853973505172787
2205.00827,0.10868889999643809
2205.00827,0.09526051475557618
2206.68417,0.09526713026974169
2206.68417,0.10869551551060361
2208.36008,0.10870212909993472
2210.03598,0.10870874068550591
2211.71189,0.10871535034621918
2213.38779,0.10872195800319605
2215.0637,0.10872856373529147
2216.7396,0.09530678222281073
2218.41551,0.09531338402628829
2218.41551,0.1087417692671502
2220.09141,0.08860582164017718
2220.09141,0.10874836906693706
2221.76732,0.10875496694179677
2221.76732,0.08861241951503689
2223.44322,0.10204740062709133
2225.11913,0.10205399457333321
2226.79503,0.0886322012750695
2226.79503,0.10877474870182939
2228.47094,0.08192456823772959
2228.47094,0.10206717653355406
2230.14684,0.095359541492594
2230.14684,0.06850277101087157
2231.82275,0.0886519653957022
2231.82275,0.04836680967311786
2233.49865,0.08194432642614784
2233.49865,0.055087555944424015
2235.17456,0.07523674640063681
2235.17456,0.03495159067805245
2235.17456,0.05509413810481095
2236.85046,0.05510071826162621
2236.85046,0.02824394777990377
2238.52637,0.048393134307497324
2238.52637,0.02825052601167286
2240.20227,0.02825710223989379
2240.20227,0.0416854874807557
2241.87818,0.03497789959800759
2243.55408,0.02827024884267026
2243.55408,0.04169863408353217
2245.22999,0.034991042272166206
2246.90589,0.0349976106431985
2248.5818,0.03500417708911266
2248.5818,0.0618609475708351
2250.2577,0.04172490371744722
2250.2577,0.06858167419916966
2251.93361,0.05515985147560545
2251.93361,0.0753024597714313
2253.60951,0.08873740552613271
2253.60951,0.06188063504441027
2255.28542,0.08874396411481256
2255.28542,0.061887193633090115
2256.96132,0.0753221354591986
2258.63723,0.07532869011926059
2258.63723,0.09547123754601909
2260.31313,0.09547779020267133
2260.31313,0.0820494049618108
2261.98904,0.08877017874821613
2263.66494,0.08877672747627405
2265.34084,0.09549743642593901
2267.01675,0.10893236650532384
2267.01675,0.08878981907856395
2268.69265,0.08879636191373524
2268.69265,0.10893890934049513
2270.36856,0.10894545025039881
2270.36856,0.08880290282363892
2272.04446,0.11566621221193972
2272.04446,0.1022378269710792
2273.72037,0.09553014089740108
2273.72037,0.11567274919322555
2275.39627,0.1156792841712082
2275.39627,0.08882251368948575
2277.07218,0.10897159416891362
2277.07218,0.07540066150129322
2278.74808,0.0686929694957176
2278.74808,0.10226396303240398
2280.42399,0.0888421069155922
2280.42399,0.06198533643386977
2282.09989,0.061991863554663774
2282.09989,0.08213441098142366
2283.7758,0.05528416569513213
2283.7758,0.07542677399095797
2285.4517,0.048576526701432456
2285.4517,0.06871907412819234
2287.12761,0.06872559539500678
2287.12761,0.05529721015414487
2288.80351,0.07544633771357609
2288.80351,0.05530372941775023
2290.47942,0.0754528550517713
2292.15532,0.062030985145919044
2292.15532,0.09560191781353945
2293.83123,0.12246526257390661
2293.83123,0.08218004598225767
2295.50713,0.14932854446204438
2295.50713,0.09561494262953353
2297.18304,0.12247828346128145
2297.18304,0.15604921612890188
2297.18304,0.18290598661062568
2298.85894,0.1829124940884467
2298.85894,0.12248479093910247
2300.53485,0.15606222915906456
2300.53485,0.2097757701225108
2302.21075,0.1963538884308756
2320.87545,0.19583703480457865
2332.43989,0.16403190863318678
2336.77656,0.16404863684695828
2360.86742,0.09586735606184733
2360.86742,0.1294383495985337
2360.86742,0.16300934313522009
2362.54333,0.07573124150800446
2362.54333,0.13615900552641189
2364.21923,0.06230928713737501
2364.21923,0.10930860504585733
2365.89514,0.055601493026707464
2365.89514,0.08917248656339384
2367.57104,0.04889375778244764
2369.24695,0.048900182798126184
2369.24695,0.06232856803898809
2370.92285,0.04219238275620745
2370.92285,0.06233499105203192
2372.59876,0.035484641657370176
2372.59876,0.05562718908412867
2374.27466,0.03549106074181968
2374.27466,0.05563360816857818
2375.95057,0.0287832548452972
2375.95057,0.04892586314112167
2377.62647,0.022075507815254417
2377.62647,0.0422180552420143
2379.30238,0.015367697990116858
2379.30238,0.035510306285941325
2380.97828,0.022088332272338893
2382.65419,0.008666356332682748
2384.33009,0.055672081539831615
2384.33009,0.008672763631349292
2386.006,0.08924948044910591
2386.006,0.04896432472652156
2386.006,0.02210755424479912
2387.6819,0.142969424782623
2387.6819,0.09597004600507472
2387.6819,0.062399113337454314
2389.35781,0.14297582622659308
2389.35781,0.08926228526314682
2391.03371,0.10269706994548525
2391.03371,0.18326738139065396
2392.70962,0.14298862318342181
2392.70962,0.18998800196096874
2394.38552,0.1899943974738509
2394.38552,0.1631376269921285
2396.06143,0.18328656800562274
2396.06143,0.19671495324648328
2397.73733,0.18329295958991063
2397.73733,0.19672134483077114
2399.41324,0.18329934924802715
2399.41324,0.2034419575438516
2401.08914,0.2034483451995438
2401.08914,0.17659157471781997
2402.76505,0.20345473092904245
2402.76505,0.17659796044731865
2404.44095,0.1766043441744165
2406.11686,0.1833248881611967
2406.11686,0.14303973243861232
2407.79276,0.16318872053294034
2407.79276,0.14304611223711586
2409.46867,0.12290994268261757
2409.46867,0.1631950984052019
2411.14457,0.14977308903424924
2411.14457,0.09605948720173839
2412.82048,0.06920909066366107
2412.82048,0.11620846944120798
2414.49638,0.08264384784583649
2416.17229,0.08265021786086378
2416.17229,0.03565089995238146
2417.84819,0.022228882724238733
2417.84819,0.06922820063272106
2419.5241,0.015521025755684228
2421.2,0.015527389839809098
2422.87591,0.049104745534285676
2422.87591,0.02896213723846121
2424.55181,0.0356827204489557
2424.55181,0.06253949093067813
2426.22772,0.06926001134574847
2426.22772,0.042403240864026026
2427.90362,0.07598059062764863
2427.90362,0.04912382014592481
2429.57953,0.06255855968733984
2431.25543,0.06927907417157972
2431.25543,0.04913652674481984
2432.93133,0.06257126231973273
2432.93133,0.04242865402390826
2434.60724,0.05586338767240206
2434.60724,0.03572084024564356
2436.28314,0.049155571891959356
2436.28314,0.02901296359613489
2437.95905,0.042447693316012225
2437.95905,0.02901930807515031
2439.63495,0.022311488366113293
2441.31086,0.015603605861546924
2442.98676,0.015609944409813555
2442.98676,0.0021815591689516444
2444.66267,0.01561628103159328
2444.66267,0.0
2446.33857,0.029051000892124736
2446.33857,0.0
2448.01448,0.0022005631035641703
2448.01448,0.03577155664025055
2449.69038,0.008921116849603334
2449.69038,0.04920627257218768
2451.36629,0.02906999304090724
2451.36629,0.0693551487634916
2453.04219,0.06936147552597388
2454.7181,0.04922525293513879
2454.7181,0.08951040865772314
2456.394,0.06265996100989006
2456.394,0.08951673149161249
2458.06991,0.08280882934395688
2458.06991,0.05595205886223306
2459.74581,0.07610098606335255
2461.42172,0.06939307998707772
2461.42172,0.04925053256031783
2463.09762,0.06268523277787769
2463.09762,0.02911423924119131
2463.09762,0.04925684753701578
2464.77353,0.02912055229126256
2464.77353,0.049263160587087025
2466.44943,0.029126863339367565
2468.12534,0.035847395515784905
2469.80124,0.03585370263529421
2471.47715,0.03586000782812976
2473.15305,0.0291520879640808
2474.82896,0.04930099752412297
2476.50486,0.04930729678644363
2476.50486,0.08287822945406544
2478.18077,0.09631291203052443
2478.18077,0.05602775630794008
2479.85667,0.07617665993749227
2479.85667,0.10303343041921471
2479.85667,0.11646181566007524
2481.53258,0.1231823321220198
2481.53258,0.08961133858533342
2483.20848,0.10304601523132735
2483.20848,0.1299027857130498
2484.88439,0.11648068995055066
2484.88439,0.1433374604322745
2486.56029,0.12991536266795026
2486.56029,0.16348635620463664
2488.2362,0.1299216482176952
2488.2362,0.17020680394027954
2489.9121,0.14335631700649912
2489.9121,0.1769273105431841
2491.58801,0.18364775435021052
2491.58801,0.14336259862762618
2493.26391,0.16351148654279832
2494.93982,0.10980416240279671
2494.93982,0.15680354118034362
2496.61572,0.08966789066679019
2496.61572,0.14338143163023645
2498.29163,0.10981671185744145
2498.29163,0.07624577918982105
2499.96753,0.11653720667456305
2499.96753,0.0896804361928406
2499.96753,0.06282366571111817
2501.64344,0.07625832078725223
2503.31934,0.05612198032499109
2503.31934,0.069550365565853
2504.99525,0.04269986099078625
2504.99525,0.06955663147250869
2506.67115,0.05613451013661579
2506.67115,0.04270612489575526
2508.34706,0.04271238687379171
2510.02296,0.06286125514599225
2510.02296,0.036004484664269816
2511.69887,0.06286751319541085
2511.69887,0.03601074271368842
2513.37477,0.042731160947366766
2513.37477,0.05615954618822729
2513.37477,0.0695879314290892
2515.05067,0.07630840856754258
2515.05067,0.05616580027171673
2516.72658,0.07631466072403995
2516.72658,0.056172052428214096
2518.40248,0.0897492961197956
2518.40248,0.06960668782397113
2520.07839,0.06961293605185065
2520.07839,0.09646970653357309
2521.75429,0.10319017581483644
2521.75429,0.076333405333114
2523.4302,0.10991058229999746
2523.4302,0.08305381181827504
2525.1061,0.09648843935684065
2525.1061,0.11663104765266512
2526.78201,0.10992306496834639
2528.45791,0.09650091809659525
2528.45791,0.11664352639241972
2530.13382,0.09650715453862123
2530.13382,0.1166497628344457
2531.80972,0.0897992267932397
2531.80972,0.1099417742199996
2533.48563,0.10323384454750836
2533.48563,0.0830912362516839
2535.16153,0.09652585200446655
2535.16153,0.06966908152274412
2536.83744,0.08981791840335886
2536.83744,0.06967531010753439
2538.51334,0.05625315144999891
2538.51334,0.08310992193172273
2540.18925,0.07640198440199719
2540.18925,0.04954521392027337
2541.86515,0.04955143657500548
2541.86515,0.06969398400176537
2541.86515,0.03612305133414495
2543.54106,0.056271819488456644
2543.54106,0.03612927206169815
2545.21696,0.02942126773287338
2545.21696,0.04956387602869785
2546.89287,0.02942748453180873
2546.89287,0.04285586977267064
2548.56877,0.03614792238431614
2550.24468,0.03615413525463364
2551.92058,0.04287450830948076
2551.92058,0.029446123068618848
2553.59649,0.0294523320103185
2555.27239,0.04288692419153386
2556.9483,0.06303573750044013
2556.9483,0.04289312920461566
2558.6242,0.042899332216376165
2558.6242,0.06975610269809861
2560.30011,0.05633391854170065
2560.30011,0.0764765268375265
2561.97601,0.08319688810658928
2561.97601,0.05634011762486545
2563.65192,0.05634631478071156
2563.65192,0.08320308526243539
2565.32782,0.0764951182311079
2565.32782,0.06306673299024598
2567.00373,0.03621615573575042
2567.00373,0.06307292621747286
2568.67963,0.05636489438848508
2568.67963,0.02279396172086467
2570.35554,0.009371765778613173
2570.35554,0.036228536260336994
2572.03144,0.009377953075993631
2572.03144,0.042948885743615425
2573.70735,0.022812523686848104
2573.70735,0.0
2575.38325,0.002676098759809776
2575.38325,0.0
2577.05916,0.0
2577.05916,0.0
2577.05916,0.002682280201184491
2578.73506,0.0
2580.41097,0.0
2580.41097,0.0
2582.08687,0.0
2582.08687,0.0
2583.76278,0.0
2583.76278,0.0
2585.43868,0.0
2585.43868,0.0
2587.11459,0.0
2587.11459,0.0
2588.79049,0.0
2590.4664,0.0
2592.1423,0.0
2593.81821,0.0
2593.81821,0.002743986393797922
2595.49411,0.01617853143188005
2595.49411,0.0
2597.17001,0.01618468926480795
2597.17001,0.0
2598.84592,0.022905068225133357
2598.84592,0.009476682984271447
2600.52182,0.02962538431536491
2600.52182,0.009482836888605026
2602.19773,0.029631536292108532
2602.19773,0.009488988865348647
2603.87363,0.02292352408194982
2605.54954,0.02292967213007559
2605.54954,0.0363580573709375
2607.22544,0.0296499803631185
2608.90135,0.036370347537590365
2608.90135,0.022941962296728454
2610.57725,0.04309065184203895
2612.25316,0.04309679203292903
2612.25316,0.02966840679206712
2613.92906,0.029674544982022034
2613.92906,0.0498171532778465
2615.60497,0.043109066485157554
2615.60497,0.05653745172601808
2615.60497,0.029680681244295647
2617.28087,0.03640103856062018
2617.28087,0.06325780904234261
2618.95678,0.06997810356189497
2618.95678,0.04312133308017253
2620.63268,0.0766984569496238
2620.63268,0.056555848653797945
2622.30859,0.08341874754055831
2623.98449,0.06999648870386835
2623.98449,0.09013909699969282
2625.6604,0.06328845099438905
2625.6604,0.0901452214761115
2627.3363,0.08343712089672518
2627.3363,0.06329457346996531
2629.01221,0.07672907925862806
2629.01221,0.049872308776904226
2630.68811,0.07002097475064605
2632.36402,0.07002709136982903
2632.36402,0.043170320888106586
2634.03992,0.05660482074735473
2634.03992,0.029748050265632285
2635.71583,0.04989677125202189
2635.71583,0.029754162956197424
2637.39173,0.03647449670095465
2639.06764,0.03648060546290056
2639.06764,0.01633799716707609
2640.74354,0.009629941742375702
2642.41945,0.00963604657570376
2644.09535,0.009642149408308409
2645.77126,0.016362412498917973
2645.77126,0.03650502079474244
2647.44716,0.036511119698751385
2647.44716,0.023082734457889473
2649.12307,0.03651721667484374
2650.79897,0.043237473836157725
2650.79897,0.02980908859529581
2652.47488,0.04324356688363085
2652.47488,0.02981518164276894
2654.15078,0.04324965793045116
2654.15078,0.029821272689589243
2657.50259,0.03654767198163583
2657.50259,0.016405063685811364
2659.1785,0.036553757171874646
2659.1785,0.016411148876050177
2660.8544,0.03655984036150631
2660.8544,0.009703069879782486
2662.53031,0.009709151141402068
2662.53031,0.02985169856816195
2664.20621,0.02314361564330132
2664.20621,0.003001007347476856
2665.88212,0.0
2665.88212,0.0164354699213405
2667.55802,0.01644154525378214
2667.55802,0.0
2669.23393,0.0
2669.23393,0.0030192334173054993
2670.90983,0.0030253048211528175
2670.90983,0.0
2672.58574,0.0
2672.58574,0.0
2674.26164,0.0
2675.93755,0.0
2675.93755,0.0
2677.61345,0.0
2677.61345,0.0
2679.28936,0.0
2679.28936,0.0
2680.96526,0.0
2680.96526,0.0
2682.64116,0.0030677497563454613
2682.64116,0.0
2684.31707,0.016502190722816477
2684.31707,0.0
2685.99297,0.023222467502956753
2685.99297,0.0
2687.66888,0.003085911004123544
2687.66888,0.029942681485845984
2689.34478,0.02323456909653141
2691.02069,0.016526393909942264
2692.69659,0.0232466628328939
2694.3725,0.02996686895854605
2696.0484,0.02997291089794081
2696.0484,0.009830363471180926
2697.72431,0.009836403482317254
2697.72431,0.029978950909077137
2699.40021,0.003128218438155138
2699.40021,0.029984988919877578
2701.07612,0.023276862816498083
2701.07612,0.009848477575636174
2702.75202,0.009854511657842293
2704.42793,0.009860543811742924
2704.42793,0.0
2706.10383,0.0
2706.10383,0.009866573965353339
2707.77974,0.0
2707.77974,0.0
2709.45564,0.0
2709.45564,0.0
2711.13155,0.0
2711.13155,0.0
2712.80745,0.0
2712.80745,0.0
2714.48336,0.0
2714.48336,0.0
2716.15926,0.0
2716.15926,0.0
2717.83517,0.0
2717.83517,0.0
2719.51107,0.0
2721.18698,0.0
2721.18698,0.0
2722.86288,0.0
2724.53879,0.0
2726.21469,0.0
2727.8906,0.0
2729.5665,0.0
2731.24241,0.0
2731.24241,0.0
2732.91831,0.0
2732.91831,0.0
2734.59422,0.0
2734.59422,0.0
2736.27012,0.0
2736.27012,0.0
2737.94603,0.0
2739.62193,0.0
2741.29784,0.0
2741.29784,0.0
2742.97374,0.0
2742.97374,0.0
2744.64965,0.0
2744.64965,0.0
2746.32555,0.0
2746.32555,0.0
2748.00146,0.0
2748.00146,0.0
2749.67736,0.0
2751.35327,0.0
2753.02917,0.0
2754.70508,0.0
2756.38098,0.0
2758.05689,0.0
2758.05689,0.0
2759.73279,0.0
2759.73279,0.0
2761.4087,0.0
2761.4087,0.0
2763.0846,0.0
2763.0846,0.0
2764.7605,0.0
2764.7605,0.0
2766.43641,0.0
2766.43641,0.0
2768.11231,0.0
2768.11231,0.0
2771.46412,0.0
2773.14003,0.0
2774.81593,0.0
2774.81593,0.0
2776.49184,0.0
2776.49184,0.0
2778.16774,0.0
2778.16774,0.0
2779.84365,0.0
2779.84365,0.0
2781.51955,0.0
2781.51955,0.0
2783.19546,0.0
2784.87136,0.0
2784.87136,0.0
2786.54727,0.0
2788.22317,0.0
2788.22317,0.0
2789.89908,0.0
2789.89908,0.0
2791.57498,0.0
2791.57498,0.0
2793.25089,0.0
2796.6027,0.0
2798.2786,0.0
2798.2786,0.0
2799.95451,0.0034869054924087915
2799.95451,0.0
2801.63041,0.0
2803.30632,0.0
2803.30632,0.010212962995718434
2804.98222,0.0
2804.98222,0.010218877255795709
2806.65813,0.01022478958685335
2806.65813,0.0
2808.33403,0.010230699918334921
2810.00994,0.01695077050667407
2810.00994,0.0035223852658121594
2811.68584,0.016956676909561322
2811.68584,0.0035282916686994103
2813.36175,0.0035341961425213557
2813.36175,0.016962581383383267
2815.03765,0.010254321671776843
2815.03765,0.023682706912638754
2816.71356,0.01026022221698094
2816.71356,0.02368860745784285
2818.38946,0.030408668189439433
2818.38946,0.01026612076267955
2820.06537,0.030414564806024297
2820.06537,0.010272017379264415
2821.74127,0.023706297237230615
2821.74127,0.037134682478092526
2823.41718,0.023712189925197632
2823.41718,0.03714057516605954
2825.09308,0.0237180806137076
2826.76899,0.02372396937305677
2826.76899,0.04386651679981665
2828.44489,0.01701563307800848
2828.44489,0.037158241373832945
2830.1208,0.03044990314960171
2830.1208,0.003593132667879272
2831.7967,0.0
2831.7967,0.023741623795023686
2833.47261,0.0
2833.47261,0.010319119456275245
2835.14851,0.0
2835.14851,0.0
2836.82442,0.0
2838.50032,0.0
2838.50032,0.0
2840.17623,0.0
2840.17623,0.0
2841.85213,0.0
2841.85213,0.0
2841.85213,0.0
2843.52804,0.0
2845.20394,0.0
2845.20394,0.0
2846.87984,0.0
2846.87984,0.0
2848.55575,0.0
2848.55575,0.0
2850.23165,0.0
2851.90756,0.0
2851.90756,0.0
2853.58346,0.0
2853.58346,0.0
2855.25937,0.0
2855.25937,0.0
2856.93527,0.0
2858.61118,0.0
2860.28708,0.01712710861509379
2860.28708,0.0
2861.96299,0.0037045708830977927
2861.96299,0.0
2861.96299,0.02384717917892226
2863.63889,0.023853024688601007
2865.3148,0.01043048302798716
2865.3148,0.02385886826884907
2866.9907,0.010436324609070203
2866.9907,0.030578872035830085
2868.66661,0.017156326446599774
2868.66661,0.03729893474242424
2870.34251,0.017162164099088495
2870.34251,0.03730477239491296
2872.01842,0.02388222287706342
2872.01842,0.03731060811792533
2873.69432,0.03731644184181835
2873.69432,0.02388805660095644
2875.37023,0.02389388839535096
2877.04613,0.02389971819065104
2878.72204,0.0306197082423243
2880.39794,0.02391137192313209
2880.39794,0.003768763627307621
2882.07385,0.023917195860289526
2882.07385,0.00377458756446506
2883.74975,0.0
2883.74975,0.010494632557537673
2885.42566,0.0
2887.10156,0.0
2887.10156,0.0
2888.77747,0.0
2888.77747,0.0
2890.45337,0.0
2890.45337,0.0
2892.12928,0.0
2892.12928,0.0
2893.80518,0.0
2895.48109,0.0
2895.48109,0.0
2897.15699,0.0
2897.15699,0.0
2898.8329,0.0
2898.8329,0.0
2900.5088,0.0
2900.5088,0.0
2902.18471,0.0
2903.86061,0.0
2903.86061,0.0
2905.53652,0.0
2905.53652,0.017284301430417582
2907.21242,0.0
2907.21242,0.024004318923327186
2908.88833,0.0038675031357173705
2908.88833,0.030724273617439807
2910.56423,0.010587516700034038
2910.56423,0.050872672422618385
2912.24014,0.07102100842897369
2912.24014,0.03073585270638934
2913.91604,0.04417002452801104
2913.91604,0.07774101806469742
2915.59195,0.05760419441984914
2915.59195,0.08446096490157297
2917.26785,0.06432420012697855
2917.26785,0.09789513279459897
2918.94376,0.08447252827609816
2918.94376,0.11132929875782059
2920.61966,0.09119253005463047
2920.61966,0.11804930053635292
2922.29557,0.11134085427513224
2922.29557,0.12476930038505873
2922.29557,0.09791246903427032
2923.97147,0.12477507518003418
2923.97147,0.0912040816433478
2925.64738,0.08449563145351066
2925.64738,0.11806662499019566
2927.32328,0.10464401061571486
2928.99919,0.10464977955222104
2928.99919,0.06436462382963669
2930.67509,0.05765616771245956
2930.67509,0.08451293819418339
2932.35099,0.050947770500056076
2932.35099,0.0778045409817799
2934.0269,0.050953533543641016
2934.0269,0.06438191878450293
2935.7028,0.0643876798294031
2935.7028,0.04424507153357863
2939.05461,0.030828202523989663
2939.05461,0.057684973005712105
2940.73052,0.024119795524440938
2940.73052,0.050976566006163376
2942.40642,0.04426809613891235
2942.40642,0.003982940416328
2944.08233,0.0
2944.08233,0.03084546215578045
2945.75823,0.0
2945.75823,0.0
2947.43414,0.0
2949.11004,0.0
2949.11004,0.0
2950.78595,0.0
2950.78595,0.0
2952.46185,0.0
2954.13776,0.0
2954.13776,0.0
2955.81366,0.0
2957.48957,0.0
2957.48957,0.0
2959.16547,0.0
2959.16547,0.0
2960.84138,0.0
2960.84138,0.0
2962.51728,0.0
2964.19319,0.0
2964.19319,0.0
2965.86909,0.0
2965.86909,0.0
2967.545,0.0
2969.2209,0.0
2969.2209,0.0
2970.89681,0.0
2970.89681,0.0
2972.57271,0.0
2972.57271,0.0
2974.24862,0.0
2974.24862,0.0
2975.92452,0.0
2975.92452,0.0
2977.60043,0.0
2979.27633,0.0
2979.27633,0.0041090139549601725
2980.95224,0.0
2980.95224,0.010828945052855025
2982.62814,0.0
2982.62814,0.0175488132833313
2984.30405,0.030982902638506275
2984.30405,0.004126132156783837
2985.97995,0.03770282780945143
2985.97995,0.00413183427276505
2985.97995,0.017560219513626962
2987.65586,0.030994304940185475
2989.33176,0.031000003127572368
2989.33176,0.0578567736092948
2991.00767,0.04443408462551303
2991.00767,0.07129085510723547
2992.68357,0.07801077242099198
2994.35948,0.08473062693535086
2994.35948,0.05787385645362703
2996.03538,0.09145054032051167
2996.03538,0.0713079320246872
2997.71129,0.0981703909062527
2997.71129,0.0780278434794942
2999.38719,0.10489030036281918
2999.38719,0.08474769206699471
3001.0631,0.09818176177908045
3001.0631,0.08475337653821992
3002.739,0.09818744425209006
3004.41491,0.08476473955383551
3004.41491,0.09819312479469604
3006.09081,0.09148464115321336
3007.76672,0.09149031776720148
3007.76672,0.07806193252634096
3009.44262,0.06463922190129863
3009.44262,0.09149599238302107
3011.11853,0.05121650934580838
3011.11853,0.08478744201343018
3012.79443,0.05122218003303365
3012.79443,0.07807895051475748
3014.47033,0.037799463515106074
3014.47033,0.07137039618272649
3016.14624,0.024376745066694593
3016.14624,0.057947677734315
3017.82214,0.02438240986103322
3019.49805,0.044530620151625684
3019.49805,0.0243880727248658
3021.17395,0.03782211883147202
3022.84986,0.04454193995258334
3022.84986,0.024399392525823457
3024.52576,0.03783343470383536
3026.20167,0.03783908971043085
3027.87757,0.037844742718986524
3029.55348,0.044564555982862145
3031.22938,0.057998590303684025
3031.22938,0.037856042876925525
3032.90529,0.058004237453043825
3032.90529,0.037861690026285325
3034.58119,0.058009882604409466
3036.2571,0.031158755343428983
3036.2571,0.05130136363925345
3037.933,0.03116439656620169
3037.933,0.0445927818070636
3039.60891,0.017741650617463883
3039.60891,0.03788425891328835
3041.28481,0.011033125725741534
3042.96072,0.024467146330109702
3042.96072,0.0043245380342852345
3044.63662,0.004330171399867919
3044.63662,0.024472779695692386
3046.31253,0.011050025889717499
3046.31253,0.03119257331647738
3047.98843,0.031198202753465746
3047.98843,0.01776981751260522
3049.66434,0.017775445018875777
3049.66434,0.037918053314700245
3051.34024,0.024495293582230994
3051.34024,0.05135206406395343
3053.01615,0.031215079345780293
3053.01615,0.05807184982750273
3054.69205,0.0782200797031283
3054.69205,0.037934923980543954
3056.36796,0.09165408459302231
3056.36796,0.05808309105633593
3058.04386,0.08494547918926378
3059.71977,0.07823693272378143
3059.71977,0.10509370320550387
3061.39567,0.11181347911401154
3063.07158,0.11181909090580933
3063.07158,0.09839070566494741
3063.07158,0.08496232042408688
3064.74748,0.10511053851392674
3066.42339,0.09840192332214273
3068.09929,0.07826498176080529
3068.09929,0.09840752918756379
3069.7752,0.07827058569536599
3073.12701,0.08499594982403355
3074.80291,0.08500154783226598
3074.80291,0.06485900040550609
3074.80291,0.06485900040550609
3074.80291,0.08500154783226598
3076.47882,0.06486459648283109
3076.47882,0.078292981723693
3076.47882,0.06486459648283109
3076.47882,0.078292981723693
3078.15472,0.09172696104419024
3078.15472,0.0648701905624678
3078.15472,0.09172696104419024
3078.15472,0.0648701905624678
3079.83063,0.10516093843376069
3079.83063,0.10516093843376069
3079.83063,0.07158994489707432
3079.83063,0.07158994489707432
3081.50653,0.11188069077070106
3081.50653,0.08502392028897862
3081.50653,0.11188069077070106
3081.50653,0.08502392028897862
3083.18244,0.11860050204575293
3083.18244,0.09174373156403048
3083.18244,0.11860050204575293
3083.18244,0.09174373156403048
3084.85834,0.13203447350906292
3084.85834,0.10517770302734047
3084.85834,0.10517770302734047
3084.85834,0.13203447350906292
3086.53425,0.11189744950470991
3086.53425,0.14546844304139628
3086.53425,0.14546844304139628
3086.53425,0.11189744950470991
3088.21015,0.13204564009438813
3088.21015,0.13204564009438813
3088.21015,0.15218824839021258
3088.21015,0.15218824839021258
3089.88606,0.14547960569810225
3089.88606,0.14547960569810225
3091.56196,0.17234195454508414
3091.56196,0.1454851840633617
3091.56196,0.1454851840633617
3091.56196,0.17234195454508414
3093.23787,0.1857759162201818
3093.23787,0.1857759162201818
3094.91377,0.18578149065684554
3094.91377,0.16563894323008566
3094.91377,0.16563894323008566
3094.91377,0.18578149065684554
3096.58967,0.17907290094331899
3096.58967,0.17907290094331899
3096.58967,0.1589302926474945
3096.58967,0.1589302926474945
3098.26558,0.18579263367053286
3098.26558,0.15893586318880903
3098.26558,0.18579263367053286
3098.26558,0.15893586318880903
3099.94148,0.1723698169734494
3099.94148,0.145513046491727
3099.94148,0.1723698169734494
3099.94148,0.145513046491727
3101.61739,0.16566122140024814
3101.61739,0.16566122140024814
3101.61739,0.1388044509185243
3101.61739,0.1388044509185243
3103.29329,0.14552417771960643
3103.29329,0.14552417771960643
3103.29329,0.15895256296046698
3103.29329,0.15895256296046698
3104.9692,0.15224396345864782
3104.9692,0.15224396345864782
3106.6451,0.1321069158494118
3106.6451,0.1321069158494118
3106.6451,0.15224952414523626
3106.6451,0.15224952414523626
3108.32101,0.1321124746048728
3108.32101,0.1455408598457347
3108.32101,0.1455408598457347
3108.32101,0.1321124746048728
3109.99691,0.13883225441782948
3109.99691,0.13883225441782948
3111.67282,0.1254094240038107
3111.67282,0.1254094240038107
3113.34872,0.10527236853738743
3113.34872,0.10527236853738743
3113.34872,0.13212913901910986
3113.34872,0.13212913901910986
3115.02463,0.08513531113978685
3115.02463,0.13213468991733376
3115.02463,0.08513531113978685
3115.02463,0.13213468991733376
3116.70053,0.07842669785469437
3116.70053,0.11871185357727734
3116.70053,0.11871185357727734
3116.70053,0.07842669785469437
3118.37644,0.10528901530602287
3118.37644,0.10528901530602287
3118.37644,0.07171802176933649
3118.37644,0.07171802176933649
3120.05234,0.05829518150068575
3120.05234,0.09186617503737213
3120.05234,0.05829518150068575
3120.05234,0.09186617503737213
3121.72825,0.058300724541673954
3121.72825,0.058300724541673954
3123.40415,0.06502048864025337
3123.40415,0.06502048864025337
3125.08006,0.06502602775262371
3125.08006,0.06502602775262371
3126.75596,0.07174572705354422
3126.75596,0.07174572705354422
3128.43187,0.08517964747815726
3128.43187,0.06503710005139737
3128.43187,0.06503710005139737
3128.43187,0.08517964747815726
3130.10777,0.08518518066458547
3130.10777,0.08518518066458547
3130.10777,0.06504263323782558
3130.10777,0.06504263323782558
3131.78368,0.07176232667885683
3131.78368,0.0919049349746813
3131.78368,0.07176232667885683
3131.78368,0.0919049349746813
3133.45958,0.08519624117755124
3133.45958,0.08519624117755124
3135.13549,0.08520176850406806
3135.13549,0.08520176850406806
3136.81139,0.09863567907416677
3136.81139,0.09863567907416677
3138.4873,0.12549803382285277
3138.4873,0.12549803382285277
3138.4873,0.09192704028616638
3138.4873,0.09192704028616638
3140.1632,0.15907448789111703
3140.1632,0.09864672387270822
3140.1632,0.15907448789111703
3140.1632,0.12550355522349663
3140.1632,0.12550355522349663
3140.1632,0.09864672387270822
3141.83911,0.15908000736039676
3141.83911,0.13222323687867432
3141.83911,0.13222323687867432
3141.83911,0.1859367778421206
3141.83911,0.1859367778421206
3141.83911,0.15908000736039676
3143.51501,0.14565713959158577
3143.51501,0.1926565183691327
3143.51501,0.14565713959158577
3143.51501,0.1926565183691327
3145.19092,0.1725194256139701
3145.19092,0.21280458133655444
3145.19092,0.21280458133655444
3145.19092,0.1725194256139701
3146.86682,0.21952431793497085
3146.86682,0.1926675474532484
3146.86682,0.21952431793497085
3146.86682,0.1926675474532484
3148.54273,0.21952982954701628
3148.54273,0.19267305906529383
3148.54273,0.19267305906529383
3148.54273,0.21952982954701628
3150.21863,0.19267856868015334
3150.21863,0.21282111610691323
3150.21863,0.21282111610691323
3150.21863,0.19267856868015334
3151.89454,0.20611246160444144
3151.89454,0.20611246160444144
3151.89454,0.19268407636357954
3151.89454,0.19268407636357954
3153.57044,0.19268958204984474
3153.57044,0.19268958204984474
3153.57044,0.20611796729070664
3153.57044,0.20611796729070664
3155.24635,0.20612347104551498
3156.92225,0.19270058756232256
3156.92225,0.20612897280318448
3158.59816,0.2195628578702355
3158.59816,0.19942024957441104
3160.27406,0.22628251788521142
3160.27406,0.1994257474034876
3161.94997,0.22628801378278265
3161.94997,0.2061454663560228
3163.62587,0.21957934549736555
3165.30178,0.2262989996522183
3165.30178,0.1994422291704945
3165.30178,0.18601384392963397
3166.97768,0.17259094866065997
3166.97768,0.20616194219734635
3168.65359,0.19945320718271797
3168.65359,0.15916805146013363
3170.32949,0.14574515226256532
3170.32949,0.17931614579925031
3172.0054,0.15917902161514355
3172.0054,0.145750636374283
3173.6813,0.13904195630308155
3173.6813,0.15918450372984144
3175.35721,0.1390474364861828
3175.35721,0.1524758217270447
3177.03311,0.1524812999131469
3177.03311,0.139052914672285
3178.70902,0.1592009383535269
3178.70902,0.139058390926767
3180.38492,0.15920641261103616
3180.38492,0.13906386518427627
3182.06082,0.1592118849042531
3183.73673,0.14578897002495333
3183.73673,0.16593157832077782
3185.41263,0.1525086614445385
3187.08854,0.17265667530424134
3187.08854,0.15251412787748145
3188.76444,0.17266213974026962
3188.76444,0.15923375449940771
3190.44035,0.15923921700373278
3190.44035,0.1726676022445947
3192.11625,0.17938728580699123
3192.11625,0.16595890056613072
3193.79216,0.1793927443826971
3193.79216,0.16596435914183655
3195.46806,0.1861123631474361
3195.46806,0.1659698157206762
3197.14397,0.1659752703677656
3197.14397,0.1861178177945255
3198.81987,0.17940910825887008
3198.81987,0.16598072301800956
3200.49578,0.17941455897734024
3200.49578,0.15927195068151576
3202.17168,0.1592773994031668
3202.17168,0.1727057846440287
3203.84759,0.15928284619301908
3203.84759,0.172711231433881
3205.52349,0.1592882909860744
3207.1994,0.15929373384730885
3208.8753,0.1660133977667338
3208.8753,0.1458707894709093
3210.55121,0.14587622840352593
3210.55121,0.16601883669935039
3212.22711,0.1458816653393926
3212.22711,0.16602427363521707
3213.90302,0.16602970863921582
3213.90302,0.14588710034339136
3215.57892,0.15260675640562488
3215.57892,0.17274930383238477
3217.25483,0.15932634966690376
3217.25483,0.17946895796272824
3218.93073,0.1593317787455818
3218.93073,0.17947438704140625
3220.60664,0.17947981418816794
3222.28254,0.17277101628328773
3222.28254,0.19291362457911218
3223.95845,0.17949066255639548
3223.95845,0.1929190477972574
3225.63435,0.17278186072292093
3225.63435,0.1929244690187454
3227.31026,0.19292988830827276
3227.31026,0.1727872800124483
3228.98616,0.1862210825462025
3230.66207,0.1929407209620746
3230.66207,0.17279811266625011
3232.33797,0.1728035260305481
3232.33797,0.19966029651227055
3234.01388,0.21309409318542413
3234.01388,0.1862373227037017
3235.68978,0.1929569551943679
3235.68978,0.21981372567609034
3237.36569,0.21310491012480023
3237.36569,0.23996168060652268
3237.36569,0.1996765248839383
3239.04159,0.21982453868687352
3240.7175,0.22654410444782747
3240.7175,0.24668671274365192
3242.3934,0.24669211432216695
3242.3934,0.22654950602634247
3244.06931,0.24669751396860368
3245.74521,0.2467029116185244
3247.42112,0.24670830733634327
3249.09702,0.2601420862985288
3249.09702,0.23999947800270433
3250.77293,0.2534332550327673
3252.44883,0.26015286788046055
3254.12474,0.2534440326860812
3254.12474,0.2735866409819056
3255.80064,0.2601636416051801
3255.80064,0.273592026846042
3257.47655,0.24002641724132096
3257.47655,0.2735974107780073
3259.15245,0.2668885696585868
3259.15245,0.23331763699096503
3260.82836,0.23332301699431252
3262.50426,0.24675678024212214
3262.50426,0.21318578670543575
3264.18016,0.2064770005621932
3264.18016,0.22661954798895306
3265.85607,0.22662492209937934
3265.85607,0.20648237467261946
3267.53197,0.20648774678668053
3267.53197,0.22663029421344041
3269.20788,0.21320727915438553
3269.20788,0.22663566439524746
3270.88378,0.23335525563567816
3272.55969,0.23336062188886733
3274.23559,0.21993760090487785
3274.23559,0.24008014833163774
3275.9115,0.2199429632294492
3275.9115,0.2333713484703111
3277.5874,0.2333767087985892
3277.5874,0.21323410050276476
3279.26331,0.21323945889871823
3279.26331,0.22666784413958016
3280.93921,0.21324481529840203
3282.61512,0.24682116330242407
3282.61512,0.21325016976573768
3284.29102,0.21996974529178834
3284.29102,0.26025490101437265
3285.96693,0.240117643257266
3285.96693,0.2736886367939524
3287.64283,0.2535513770406217
3287.64283,0.29383653276320604
3289.31874,0.2736993319465461
3289.31874,0.3072702646141665
3289.31874,0.287127717187408
3290.99464,0.266990453505483
3290.99464,0.30727560922806596
3292.67055,0.3005667897236501
3292.67055,0.2737100192419276
3294.34645,0.26028697468637085
3294.34645,0.28714374516809466
3296.02236,0.27372069868009563
3296.02236,0.2468639281983732
3297.69826,0.2670118123818439
3297.69826,0.24015504190012008
3299.37417,0.26030298502018956
3299.37417,0.22673199148350456
3301.05007,0.22002316212572168
3301.05007,0.2468799326074455
3302.72598,0.23345687826221076
3302.72598,0.2133142699663863
3304.40188,0.23346220716173294
3304.40188,0.21331959886590846
3306.07779,0.22003914888788034
3306.07779,0.19989654059205586
3307.75369,0.19318770337708438
3307.75369,0.2200444738588068
3309.4296,0.21333557384223573
3309.4296,0.18647880336051328
3311.1055,0.17976996221694608
3311.1055,0.2066267326986699
3312.78141,0.19991782875347958
3312.78141,0.16634689608585917
3314.45731,0.18649476062635686
3314.45731,0.16635221319959698
3316.13322,0.17978591362161328
3316.13322,0.15964330532578883
3317.80912,0.15964861851093096
3317.80912,0.1797912268067554
3319.48503,0.17308231500433077
3319.48503,0.15965392976346887
3321.16093,0.17308762426087995
3321.16093,0.1529450768341201
3322.83684,0.16637876939890067
3322.83684,0.14623616110307622
3324.51274,0.16638407472685554
3324.51274,0.1462414664310311
3326.18865,0.15967515506719246
3327.86455,0.15296629428065364
3329.54046,0.152971593747338
3331.21636,0.13954850597723956
3331.21636,0.15969105340399944
3332.89227,0.1395538015153061
3332.89227,0.15969634894206597
3334.56817,0.15298748029833853
3334.56817,0.13284487200251405
3336.24408,0.13285016361196136
3336.24408,0.14627854885282326
3337.91998,0.1462838384663981
3337.91998,0.13285545322553619
3339.59589,0.14628912614722753
3339.59589,0.13286074090636563
3341.27179,0.14629441183220943
3341.27179,0.1328660265913475
3342.9477,0.13287131034355912
3342.9477,0.15301391863938357
3344.6236,0.15301920039576974
3344.6236,0.1328765920999453
3344.6236,0.16644758563663167
3346.2995,0.1395960949470031
3347.97541,0.15302975804715535
3347.97541,0.17317230547391524
3349.65131,0.1731775813374148
3349.65131,0.1530350339106549
3351.32722,0.1731828552680873
3353.00312,0.16647396501709594
3353.00312,0.1866165124438558
3354.67903,0.1866217824459105
3354.67903,0.1664792350191506
3356.35493,0.17319866521135946
3356.35493,0.19334127350718394
3358.03084,0.19334653958062076
3358.03084,0.17991815433975883
3359.70674,0.17992341841747542
3359.70674,0.19335180365833735
3361.38265,0.19335706580315493
3363.05855,0.20007648813817516
3363.05855,0.18664810289731462
3364.73446,0.1799391989276164
3364.73446,0.20008174635437628
3366.41036,0.17994445514814295
3366.41036,0.20008700257490283
3368.08627,0.19337809467658812
3368.08627,0.16652132419486568
3368.08627,0.17994970943572622
3369.76217,0.16652657648679792
3369.76217,0.17995496172765846
3371.43808,0.15310344160490005
3371.43808,0.1799602120866225
3373.11398,0.13968030472737744
3373.11398,0.17325123739499923
3374.78989,0.13297132810276108
3374.78989,0.15982809858448352
3376.46579,0.11954818729664277
3376.46579,0.15311918083332915
3378.1417,0.13969603809419556
3378.1417,0.10612504455751058
3379.8176,0.12627289335948433
3379.8176,0.09270189982279795
3381.49351,0.08599291534094589
3381.49351,0.11956390887763088
3383.16941,0.08599815191850084
3383.16941,0.09942653715936137
3384.84532,0.09943177180385401
3384.84532,0.07928922437709551
3386.52122,0.06586607178519285
3386.52122,0.08600861921195274
3388.19713,0.07258546468696563
3389.87303,0.05916230816647003
3389.87303,0.07930491646229587
3391.54894,0.07259592019458751
3391.54894,0.052453372767827626
3393.22484,0.06588698280046153
3393.22484,0.04574437450463706
3394.90075,0.06589220565909924
3394.90075,0.04574959736327478
3396.57665,0.039040656040553096
3398.25256,0.0524742602114335
3398.25256,0.03904587497057297
3399.92846,0.05247947714601547
3401.60437,0.05248469214741749
3401.60437,0.03905630690655696
3403.28027,0.06591829039426704
3403.28027,0.04577568209844258
3404.95618,0.05249511622618931
3404.95618,0.0726376636529492
3406.63208,0.07264287273034252
3406.63208,0.05250032530358264
3408.30799,0.07936230292947279
3408.30799,0.05921969463364694
3409.98389,0.05922489978244456
3409.98389,0.07936750807827041
3411.6598,0.09280109653467941
3411.6598,0.06594432605295698
3413.3357,0.09280629775488272
3413.3357,0.0793779125140222
3415.01161,0.09952565922771132
3415.01161,0.07938311180095282
3416.68751,0.0995308565193203
3418.36342,0.09282188969173512
3420.03932,0.09282708305474978
3421.71523,0.0794038892435828
3421.71523,0.09283227448444333
3423.39113,0.07940907867800313
3423.39113,0.09283746391886366
3425.06704,0.09284265141993937
3425.06704,0.0727000431241149
3426.74294,0.06599106644404296
3426.74294,0.09284783692576538
3428.41885,0.06599625001650081
3428.41885,0.08613879744326068
3430.09475,0.07942981683459442
3430.09475,0.059287208538768565
3431.77065,0.07272077339256987
3431.77065,0.05929238815170795
3433.44656,0.07272595107210648
3433.44656,0.05929756583124457
3435.12246,0.07944534981141549
3435.12246,0.05930274151558963
3436.79837,0.08616468574823222
3436.79837,0.06602213832147234
3438.47427,0.07274147226312105
3438.47427,0.09288408055894552
3440.15018,0.07946086514038592
3440.15018,0.09288925038124644
3441.82608,0.09289441820840148
3441.82608,0.07275180991257701
3443.50199,0.09289958410208456
3445.17789,0.09290474800064527
3446.8538,0.09962407215160847
3446.8538,0.08619568691074794
3448.5297,0.09962923212157487
3448.5297,0.08620084688071435
3450.20561,0.09963439015802225
3450.20561,0.08620600491716172
3451.88151,0.09963954619939433
3451.88151,0.07949699877263583
3453.55742,0.07950215288046536
3453.55742,0.09293053812132589
3455.23332,0.09293569023410225
3456.90923,0.0660840699315915
3458.58513,0.06608921811577494
3458.58513,0.08623176554253482
3460.26104,0.0795227496072293
3461.93694,0.086242056048715
3461.93694,0.06609950862195511
3463.61285,0.0661046509439311
3463.61285,0.08624719837069098
3465.28875,0.07282395345682248
3466.96466,0.08625747709104115
3466.96466,0.06611492966428126
3468.64056,0.0929768365444028
3468.64056,0.07283422824857833
3470.31647,0.07955358576828117
3470.31647,0.09969613319503967
3471.99237,0.07955871823808594
3471.99237,0.10641548871980838
3473.66828,0.09299223401506752
3473.66828,0.11313478144182741
3475.34418,0.09299736255627798
3475.34418,0.11313990998303786
3477.02009,0.11314503659053968
3478.69599,0.11986438425811836
3480.3719,0.1064411216961432
3480.3719,0.11986950693700373
3482.0478,0.11987462762102416
3483.72371,0.11987974637129029
3483.72371,0.09302297588956784
3485.39961,0.10645647788585724
3485.39961,0.0795997074041348
3487.07552,0.07289059917081914
3487.07552,0.09974736965254158
3488.75142,0.09303832029347539
3488.75142,0.05946732675678902
3490.42733,0.03932989022306095
3490.42733,0.07290082289068135
3492.10323,0.025906613880436503
3492.10323,0.05947754654805691
3495.45504,0.046059373241252116
3495.45504,0.01248844057363032
3497.13095,0.025921928850286963
3497.13095,0.0
3498.80685,0.02592702989133579
3498.80685,0.005784421595511323
3498.80685,0.0
3500.48276,0.0
3500.48276,0.012503743757650761
3502.15866,0.0
3502.15866,0.0
3503.83457,0.0
3503.83457,0.0
3505.51047,0.0
3505.51047,0.0
3507.18638,0.0
3507.18638,0.0
3508.86228,0.0
3508.86228,0.0
3510.53819,0.0
3510.53819,0.0
3512.21409,0.005825159330756952
3512.21409,0.0
3513.88999,0.0
3515.5659,0.019263709362398813
3515.5659,0.0
3517.2418,0.019268788796182337
3518.91771,0.005845481055104679
3518.91771,0.01927386629596659
3520.59361,0.019278941801155795
3522.26952,0.01256985318642146
3522.26952,0.03271240061318134
3523.94542,0.03271747218977623
3523.94542,0.012574924763016347
3525.62133,0.032722541832324786
3525.62133,0.012579994405564903
3527.29723,0.026013447294425996
3527.29723,0.012585062053564085
3528.97314,0.019304289953394147
3530.64904,0.026023576727761566
3530.64904,0.012595191486899655
3532.32495,0.026028638513073042
3534.00085,0.01931947524892241
3534.00085,0.005891090008060499
3535.67676,0.005896147864754126
3537.35266,0.012615426781932903
3537.35266,0.0
3539.02857,0.0
3539.02857,0.012620480710008682
3540.70447,0.0
3542.38038,0.032773130069847015
3542.38038,0.0
3544.05628,0.03949240112983853
3544.05628,0.005921407593152153
3545.73219,0.012640676718954792
3545.73219,0.05292583244153914
3547.40809,0.032788268222146554
3547.40809,0.06635926175883293
3549.084,0.07307846608695313
3549.084,0.039507533419332726
3550.7599,0.0865118914756526
3550.7599,0.052940958808030805
3552.43581,0.08651692968925699
3554.11171,0.12009295944518522
3554.11171,0.1066645742043247
3554.11171,0.07980780372260225
3555.78762,0.09324122324844793
3555.78762,0.12009799373017037
3557.46352,0.1335314112616812
3557.46352,0.1335314112616812
3557.46352,0.09996041772499482
3557.46352,0.11338880296585672
3559.13943,0.14025066467301245
3559.13943,0.11339383332222541
3559.13943,0.14025066467301245
3560.81533,0.14025569303506705
3560.81533,0.1469698552209664
3562.49124,0.13354649640785393
3562.49124,0.16040326688957637
3562.49124,0.16040326688957637
3562.49124,0.13354649640785393
3564.16714,0.16712251437799922
3564.16714,0.16712251437799922
3565.84305,0.13355654334044442
3565.84305,0.1671275368771308
3565.84305,0.14698492858130635
3565.84305,0.14698492858130635
3565.84305,0.13355654334044442
3565.84305,0.1671275368771308
3567.51895,0.16041833432703284
3567.51895,0.1335615638453104
3567.51895,0.16041833432703284
3567.51895,0.1335615638453104
3569.19486,0.12685242022992618
3569.19486,0.15370919071164862
3569.19486,0.15370919071164862
3570.87076,0.11342899069626994
3570.87076,0.14699998423295632
3570.87076,0.14699998423295632
3572.54667,0.13357661363399032
3572.54667,0.1201482283931284
3572.54667,0.13357661363399032
3574.22257,0.13358162628166625
3574.22257,0.11343901798584177
3574.22257,0.13358162628166625
3575.89848,0.11344402869911983
3575.89848,0.12687247480904634
3577.57438,0.12687748352812794
3577.57438,0.11344903741820145
3579.25029,0.13359665249868474
3579.25029,0.12688249031278678
3580.92619,0.13360165728917203
3580.92619,0.12688749510327407
3582.6021,0.12017827490435111
3584.278,0.13361166100710598
3584.278,0.13361166100710598
3585.95391,0.12690249774863116
3585.95391,0.13361665993452912
3587.62981,0.1269074946819298
3587.62981,0.13362165686782776
3589.30572,0.11348404357080859
3590.98162,0.15377425316716048
3590.98162,0.15377425316716048
3592.65753,0.140350858996486
3592.65753,0.16720762947820983
3592.65753,0.16720762947820983
3592.65753,0.13363663594152345
3594.33343,0.17392678074021642
3594.33343,0.14707001025849398
3594.33343,0.14707001025849398
3594.33343,0.19406938903604087
3594.33343,0.17392678074021642
3594.33343,0.19406938903604087
3596.00933,0.1605033826111722
3596.00933,0.19407437614785858
3596.00933,0.1605033826111722
3596.00933,0.19407437614785858
3597.68524,0.16722259084340232
3597.68524,0.16722259084340232
3597.68524,0.20079352351102275
3597.68524,0.1873651382701622
3597.68524,0.20079352351102275
3597.68524,0.1873651382701622
3599.36114,0.18737012145338558
3599.36114,0.17394173621252368
3599.36114,0.18737012145338558
3599.36114,0.17394173621252368
3601.03705,0.1940893257569965
3601.03705,0.17394671746117205
3601.03705,0.1940893257569965
3601.03705,0.17394671746117205
3602.71295,0.19409430501162417
3602.71295,0.19409430501162417
3604.38886,0.16724251184993225
3604.38886,0.18067089709079276
3604.38886,0.16724251184993225
3604.38886,0.18067089709079276
3606.06476,0.16724748717596558
3606.06476,0.16724748717596558
3606.06476,0.18739003460272546
3606.06476,0.18739003460272546
3607.74067,0.16725246056737825
3607.74067,0.1873950079941381
3607.74067,0.1873950079941381
3607.74067,0.16725246056737825
3609.41657,0.18068581720567778
3609.41657,0.18068581720567778
3609.41657,0.16725743196481727
3609.41657,0.16725743196481727
3611.09248,0.17397656361351005
3611.09248,0.17397656361351005
3612.76838,0.16726736889645677
3612.76838,0.18740991632321666
3612.76838,0.16726736889645677
3612.76838,0.18740991632321666
3614.44429,0.18070071967149287
3614.44429,0.18070071967149287
3616.12019,0.15384891273002083
3616.12019,0.18070568321174327
3616.12019,0.15384891273002083
3616.12019,0.18070568321174327
3617.7961,0.16056803652147653
3617.7961,0.147139651280616
3617.7961,0.147139651280616
3617.7961,0.16056803652147653
3619.472,0.16728721918809653
3619.472,0.14043044870637272
3619.472,0.14043044870637272
3619.472,0.16728721918809653
3621.14791,0.14714956856921194
3621.14791,0.14714956856921194
3622.82381,0.17401129473399474
3622.82381,0.14715452425227232
3622.82381,0.14715452425227232
3622.82381,0.17401129473399474
3624.49972,0.140445315814695
3624.49972,0.19415885677814124
3624.49972,0.16058786324145488
3624.49972,0.19415885677814124
3624.49972,0.16058786324145488
3624.49972,0.140445315814695
3626.17562,0.16730703805088623
3626.17562,0.22102057901433111
3627.85153,0.19416875835231284
3627.85153,0.22773969101993466
3629.52743,0.2613156323824914
3629.52743,0.20088786836408254
3631.20334,0.31503411923702396
3631.20334,0.22774958473689272
3632.87924,0.3284674483751619
3632.87924,0.3754668271527088
3632.87924,0.3754668271527088
3632.87924,0.28818229265257755
3632.87924,0.2613255221708537
3634.55515,0.37547176911517727
3634.55515,0.34861499863345485
3636.23105,0.3486199386021379
3636.23105,0.42919025004730527
3636.23105,0.42919025004730527
3636.23105,0.3486199386021379
3636.23105,0.32176310725134954
3637.90696,0.3889100323585715
3637.90696,0.49633711428546406
3637.90696,0.49633711428546406
3637.90696,0.3889100323585715
3639.58286,0.5433414291030984
3639.58286,0.5299129829931718
3639.58286,0.4426285093621052
3639.58286,0.4426285093621052
3639.58286,0.4829136650846895
3639.58286,0.4829136650846895
3641.25877,0.5097753696716447
3641.25877,0.47620437613495975
3641.25877,0.5433463632083311
3641.25877,0.5097753696716447
3641.25877,0.5433463632083311
3641.25877,0.563488910635091
3641.25877,0.47620437613495975
3642.93467,0.5097803017831378
3642.93467,0.5433512953198242
3642.93467,0.5097803017831378
3642.93467,0.5433512953198242
3642.93467,0.610493221524131
3644.61058,0.5634987729231976
3644.61058,0.5433562254964377
3644.61058,0.6642116926641908
3646.28648,0.6507882356062276
3646.28648,0.7045017765696738
3646.28648,0.6172172420695412
3646.28648,0.6642166208470895
3647.96239,0.7246492502444308
3647.96239,0.6776499323359472
3649.63829,0.6910832418311135
3649.63829,0.7515110058495222
3651.3142,0.7850868608365219
3651.3142,0.7246590968181131
3652.9901,0.7582350106805082
3652.9901,0.8253769368848164
3654.66601,0.785096699552992
3654.66601,0.7582399290712682
3654.66601,0.8388102405164369
3656.34191,0.798530001190967
3656.34191,0.8589577652093758
3658.01782,0.9059619975800003
3658.01782,0.8656768418574159
3658.01782,0.8388200713756935
3659.69372,0.8858243626217619
3659.69372,0.9462520657711061
3661.36963,0.91268604363701
3661.36963,0.9529711993595943
3663.04553,0.9664044931403806
3663.04553,0.9328334996036957
3663.04553,0.9126909521769357
3664.72144,0.9462667914494626
3664.72144,0.979837784986149
3666.39734,0.9798426895974804
3668.07325,0.9798475922737676
3669.74915,0.9999951012523293
3669.74915,0.9664241077156428
3669.74915,0.9798524929565048
3671.42506,1.0
3673.10096,0.9530055179765945
3673.10096,0.9932906736991789
3674.77687,0.9395820275547855
3674.77687,0.9798671832773699
3676.45277,0.9261585351394707
3676.45277,0.9664436908620551
3678.12868,0.9261634260299058
3679.80458,0.9395967001677205
3679.80458,0.919454091871896
3679.80458,0.8724547739634136
3679.80458,0.8858831592042742
3681.48048,0.9060305935636959
3681.48048,0.8657454378411116
3681.48048,0.9261732018595203
3683.15639,0.8926070933203478
3683.15639,0.8456077754118655
3684.83229,0.8657552058426915
3684.83229,0.8120416648792467
3686.5082,0.8523317016707256
3688.1841,0.785194654541892
3688.1841,0.8254798102644764
3689.86001,0.7650569842554089
3689.86001,0.8053421399779932
3691.53591,0.7852044068290462
3691.53591,0.7449192511064618
3693.21182,0.7314957390772588
3693.21182,0.7717808947998432
3694.88772,0.751643218591368
3694.88772,0.7650716038322298
3694.88772,0.697929616758857
3694.88772,0.7247863872405809
3696.56363,0.6576493303193137
3696.56363,0.7315054795785845
3698.23953,0.697939353331587
3698.23953,0.6307974271272802
3698.23953,0.5905122714046959
3699.91544,0.6442306777225639
3699.91544,0.6173739072408401
3699.91544,0.6710874482042863
3699.91544,0.5636603662773952
3701.59134,0.5099516886750435
3701.59134,0.5233800739159054
3703.26725,0.47638555656416387
3703.26725,0.47638555656416387
3704.94315,0.523389794774211
3704.94315,0.4293910980881804
3704.94315,0.4696762538107647
3704.94315,0.5032471864783865
3704.94315,0.4696762538107647
3704.94315,0.4293910980881804
3706.61906,0.4763952734938502
3706.61906,0.4428243408262284
3706.61906,0.4763952734938502
3706.61906,0.4428243408262284
3708.29496,0.4696859668118567
3708.29496,0.40254404060754995
3708.29496,0.4696859668118567
3708.29496,0.40254404060754995
3709.97087,0.3555495153985713
3709.97087,0.42940566465784064
3709.97087,0.42940566465784064
3709.97087,0.3555495153985713
3711.64677,0.3891253605105679
3711.64677,0.3488402047879849
3711.64677,0.3891253605105679
3711.64677,0.3219833734371965
3711.64677,0.3219833734371965
3711.64677,0.3488402047879849
3713.32268,0.30855983783628504
3713.32268,0.35555921661383333
3713.32268,0.35555921661383333
3713.32268,0.30855983783628504
3714.99858,0.2682795297604179
3714.99858,0.3219930707238628
3714.99858,0.2682795297604179
3714.99858,0.3219930707238628
3716.67449,0.30856953119433345
3716.67449,0.22799921974916615
3716.67449,0.22799921974916615
3716.67449,0.30856953119433345
3718.35039,0.26828921918987203
3718.35039,0.26828921918987203
3718.35039,0.20114729298556389
3718.35039,0.20114729298556389
3720.0263,0.2481515135458269
3720.0263,0.2481515135458269
3720.0263,0.2682940609725868
3720.0263,0.22129474306410307
3720.0263,0.19443797258238066
3720.0263,0.19443797258238066
3720.0263,0.22129474306410307
3720.0263,0.2682940609725868
3721.7022,0.22801374503952965
3721.7022,0.22801374503952965
3721.7022,0.19444281237190786
3721.7022,0.19444281237190786
3723.37811,0.20787603546686667
3723.37811,0.1743050419301803
3725.05401,0.16759571560521522
3725.05401,0.19445248608693766
3726.72992,0.15417216428983235
3726.72992,0.1810289347715548
3728.40582,0.1340343879263451
3728.40582,0.17431954364892943
3730.08173,0.14746760316406818
3730.08173,0.1004682243865199
3731.75763,0.1407582689819117
3731.75763,0.08704466714940225
3731.75763,0.11390143763112469
3733.43354,0.12733470980929454
3733.43354,0.10719210151347006
3733.43354,0.06690694579088571
3735.10944,0.09376854034775671
3735.10944,0.0467691615702098
3736.78535,0.07363075419155635
3736.78535,0.04005982152393594
3738.46125,0.060207189097248676
3738.46125,0.040064641670490175
3740.13716,0.07364039254911824
3740.13716,0.046783622067395794
3741.81306,0.05350266134031827
3741.81306,0.0803594318220421
3743.48897,0.07365002304946656
3745.16487,0.09379744363465524
3746.84078,0.07365964569260273
3746.84078,0.0938022539884272
3748.51668,0.09380706234919708
3750.19259,0.10724025401521171
3750.19259,0.08709764571938726
3751.86849,0.09381667320652538
3751.86849,0.08038828796566486
3753.5444,0.10724986094392217
3755.2203,0.06696950572491907
3755.2203,0.10054043839253947
3756.89621,0.08711685171959598
3756.89621,0.06697430429283609
3758.57211,0.06026487781285908
3760.24802,0.07369805769302017
3760.24802,0.03341290197043582
3761.92392,0.033417694616827046
3761.92392,0.05356030291265151
3761.92392,0.0
3763.59982,0.0
3763.59982,0.04013670835389266
3765.27573,0.013284726618545392
3765.27573,0.026713111859407303
3765.27573,0.0
3766.95163,0.0
3766.95163,0.0
3766.95163,0.0
3768.62754,0.0
3768.62754,0.0
3770.30344,0.0
3770.30344,0.0
3771.97935,0.0
3773.65525,0.0
3775.33116,0.0
3775.33116,0.0
3775.33116,0.0
3777.00706,0.0
3778.68297,0.0
3778.68297,0.0
3778.68297,0.0
3780.35887,0.026756122040323092
3780.35887,0.0
3782.03478,0.006618282847785937
3782.03478,0.053617661625332845
3783.71068,0.06033659092176519
3783.71068,0.020051435199182222
3785.38659,0.06705557915139859
3785.38659,0.04019880866967615
3787.06249,0.06706034233333726
3787.06249,0.04020357185161482
3788.7384,0.040208333097666436
3788.7384,0.06035088052442494
3790.4143,0.053641477591871316
3792.09021,0.033503626613480615
3792.09021,0.04693201185434252
3793.76611,0.033508381938229255
3793.76611,0.05365099023405372
3795.44202,0.04022735838200912
3795.44202,0.053655743622869644
3797.11792,0.040232109778164826
3798.79383,0.04023685923836151
3798.79383,0.06709362972008395
3800.46973,0.06709837718764534
3800.46973,0.05366999194678343
3802.14564,0.06038889966426024
3803.82154,0.07382202844408783
3803.82154,0.06039364320322592
3805.49745,0.08054099310201415
3805.49745,0.060398384806188296
3807.17335,0.08725989489828348
3807.17335,0.06711734747152359
3808.84926,0.0738362473317647
3810.52516,0.08055520606850569
3810.52516,0.09398359130936622
3812.20107,0.09398832505509151
3812.20107,0.08055993981423099
3813.87697,0.09399305680827424
3813.87697,0.08056467156741372
3815.55288,0.08056940138452116
3817.22878,0.08057412920910817
3818.90469,0.08729301728349574
3820.58059,0.094011964234451
3820.58059,0.06715519375272856
3822.2565,0.06044569265763637
3822.2565,0.08730246313936019
3823.9324,0.06045041262503475
3823.9324,0.0805930209208606
3825.60831,0.06716935371125259
3827.28421,0.0604598466950927
3827.28421,0.07388823193595462
3828.96012,0.07389294603858929
3828.96012,0.06046456079772737
3830.63602,0.06718349596290105
3832.31193,0.08061659137778117
3832.31193,0.06718820613691925
3833.98783,0.08733546174529316
3833.98783,0.06719291431853329
3835.66374,0.06719762056393226
3835.66374,0.08734016799069214
3837.33964,0.08734487224371323
3837.33964,0.06720232481695336
3839.01555,0.08734957456049436
3839.01555,0.06720702713373448
3840.69145,0.08735427488491976
3842.36736,0.060502202791359205
3842.36736,0.08735897327308303
3844.04326,0.08064950748301614
3844.04326,0.04036435176043178
3845.71916,0.06722581667369436
3845.71916,0.02694066095111001
3847.39507,0.013516968205490136
3847.39507,0.053802123928074486
3847.39507,0.026945353446352047
3849.07097,0.006807435653473401
3849.07097,0.03366420613519584
3850.74688,0.013526347275060148
3852.42278,0.0
3852.42278,0.013531033849410262
3854.09869,0.006821495432454049
3854.09869,0.0
3855.77459,0.0
3857.4505,0.0
3859.1264,0.006835537504759813
3859.1264,0.0
3860.80231,0.0
3860.80231,0.0068402142855304585
3862.47821,0.00013072688819964156
3862.47821,0.02698749736992208
3864.15412,0.03370633240797147
3865.83002,0.013568455841184417
3865.83002,0.0337110032679443
3865.83002,0.05385361156376876
3867.50593,0.027001510005579894
3869.18183,0.06729133265954276
3869.18183,0.027006176936958406
3869.18183,0.04714872436371829
3870.85774,0.07401015984035644
3870.85774,0.040439227172736035
3872.53364,0.060586437602277346
3872.53364,0.09415743113896372
3874.20955,0.09416209220526298
3874.20955,0.07401948390943851
3875.88545,0.0874525282244889
3877.56136,0.09417140841713148
3879.23726,0.10089022574862362
3880.91317,0.08746649371682527
3880.91317,0.1008948789576858
3882.58907,0.10761375322964958
3882.58907,0.08747114493382512
3884.26498,0.10761840251009253
3884.26498,0.08747579421426806
3885.94088,0.10090882674353412
3885.94088,0.08748044150267359
3887.61679,0.08077092466860208
3887.61679,0.10091347209536058
3889.29269,0.08077556802841192
3889.29269,0.10091811545517042
3890.9686,0.08078020945162054
3890.9686,0.10092275687837904
3892.6445,0.08749901106873402
3892.6445,0.10764161936455849
3894.32041,0.09421787161828597
3894.32041,0.11436041904504585
3895.99631,0.12107927760263097
3895.99631,0.09422250712090853
3897.67222,0.12108391116860252
3899.34812,0.10766015750176886
3899.34812,0.12108854274262938
3901.02403,0.10766478713912256
3901.02403,0.12109317237998309
3902.69993,0.10766941478455509
3902.69993,0.12109780002541562
3904.37584,0.11438820267918892
3906.05174,0.12110704945098831
3907.72765,0.11439744817614377
3909.40355,0.13454467626021213
3909.40355,0.12111629101935022
3911.07946,0.12112090887085038
3911.07946,0.14126351716667485
3912.75536,0.1479822952122224
3912.75536,0.1278397477854625
3914.43127,0.1479869091351047
3914.43127,0.12784436170834482
3916.10717,0.14799152106615857
3917.78308,0.14799613106042164
3917.78308,0.13456774581955974
3919.45898,0.1480007390628812
3919.45898,0.1345723538220193
3921.13489,0.15471956818349036
3921.13489,0.1345769598876659
3922.81079,0.15472417225735421
3922.81079,0.1412957870164923
3924.4867,0.14130038915352108
3924.4867,0.16815715963524488
3926.1626,0.14801915148468997
3926.1626,0.1748759219664124
3927.8385,0.18159474320235355
3929.51441,0.1815993394464611
3929.51441,0.1614567311506366
3931.19031,0.15474716321712292
3931.19031,0.1748897106438828
3932.86622,0.15475175553261122
3932.86622,0.16818014077347312
3934.54212,0.1681847310972631
3934.54212,0.14132796061553926
3936.21803,0.15476093424327161
3936.21803,0.13461832594744716
3937.89393,0.12790875015674483
3937.89393,0.15476552063846727
3939.56984,0.12119911156003348
3939.56984,0.14134171985585794
3941.24574,0.10106108573080894
3941.24574,0.12791791708159736
3942.92165,0.12792249761123348
3942.92165,0.09435150407454711
3944.59755,0.1144986300393126
3944.59755,0.08764185955759016
3946.27346,0.08764643615860707
3946.27346,0.1145032066403295
3947.94936,0.10107939600887889
3947.94936,0.07422262552715644
3949.62527,0.0876555834404174
3949.62527,0.060798812958693584
3951.30117,0.08094599193533503
3951.30117,0.054089221453611204
3952.97708,0.04737956714242985
3954.65298,0.05409835694961506
3956.32889,0.054102921764777025
3958.00479,0.05410748458840536
3958.00479,0.040679099347544836
3959.6807,0.04068366023408895
3959.6807,0.06082620766084745
3961.3566,0.0541166043699835
3963.03251,0.047406938272947216
3963.03251,0.06754954656877168
3964.70841,0.06755410153520999
3964.70841,0.047411493239385524
3966.38432,0.07427281675041639
3966.38432,0.054130269323656506
3968.06022,0.054134820361500496
3968.06022,0.07427736778826037
3969.73613,0.08771030212981286
3969.73613,0.06085353164808904
3971.41203,0.06757230181230266
3973.08794,0.10114777965199578
3973.08794,0.06757684698437538
3974.76384,0.1212949311284756
3974.76384,0.08100977540589265
3976.43975,0.12129947237193048
3976.43975,0.09444270189020805
