wavenumber_cm-1,intensity
808.83954,0.12994136892668923
808.83954,0.11089623833195658
808.83954,0.10454784586538854
808.83954,0.1235929764601212
808.83954,0.11724463079852462
810.39388,0.07285857597297282
810.39388,0.07920696843954086
810.39388,0.09190370656770334
810.39388,0.09825209903427139
810.39388,0.12364562209557209
810.39388,0.08555536090610891
811.94822,0.047517651178471516
811.94822,0.028472520583738864
811.94822,0.06656278177320205
811.94822,0.05386604364503956
811.94822,0.0602144361116076
811.94822,0.0
813.50256,0.0
813.50256,0.03487341714348122
813.50256,0.0
813.50256,0.0
813.50256,0.022176679015318734
813.50256,0.0
813.50256,0.0
813.50256,0.04122180961004926
813.50256,0.0
815.0569,0.015880790078247116
815.0569,0.0
815.0569,0.0031840519500825047
815.0569,0.009532397611679072
816.61123,0.0
816.61123,0.0
816.61123,0.0
816.61123,0.0
818.16557,0.0
818.16557,0.0
818.16557,0.0
818.16557,0.0
818.16557,0.0
819.71991,0.0
839.29551,0.0
864.79574,0.0
866.35008,0.0
866.35008,0.0
866.35008,0.0
867.90441,0.011289331630856252
867.90441,0.0
867.90441,0.023986116563992337
867.90441,0.0
867.90441,0.004940985969259685
869.45875,0.03038535465879363
869.45875,0.036733700320390195
869.45875,0.017688569725659672
869.45875,0.05577887772009433
871.01309,0.04313289104654213
871.01309,0.062178068446246265
871.01309,0.0685264141078407
871.01309,0.04948128351311017
872.56743,0.0939706880600738
872.56743,0.08762234239847937
872.56743,0.08127394993191132
872.56743,0.10031908052664185
872.56743,0.07492555746534328
874.12177,0.10671817651549294
875.67611,0.11311722513569253
877.23045,0.11951622638724278
878.78479,0.12591513346517005
880.33912,0.13231403965458277
880.33912,0.1386624321211508
880.33912,0.14501082458771672
881.89346,0.1514096369286454
881.89346,0.15775802939521344
883.4478,0.16415684117246424
885.00214,0.18325234370922389
885.00214,0.1705556055810614
885.00214,0.17690395124265584
886.55648,0.18965106074917382
888.11082,0.19604973042047016
888.11082,0.2023981228870382
888.11082,0.20874646854863263
889.66516,0.20879669838471157
891.2195,0.21519527331870492
892.77384,0.22159380088405106
892.77384,0.21524540841748302
894.32817,0.2216438882920845
895.88251,0.2280423211204299
897.43685,0.2280923141135579
898.99119,0.22814225973803653
900.54553,0.22819215799386156
902.09987,0.2282420088810372
902.09987,0.22189361641446917
903.65421,0.22194341993299332
905.20855,0.21564478361629796
906.76288,0.21569449207786737
908.31722,0.22209254595731162
909.87156,0.22214216000153633
909.87156,0.22849055246810437
911.4259,0.2285401191436776
912.98024,0.23493798411219805
914.53458,0.2413358485170385
916.08892,0.24773366555322743
916.08892,0.25408205801979333
917.64326,0.25413143522076276
931.6323,0.3688445749889775
933.18664,0.3688934785040493
934.74098,0.3689423346504675
936.29532,0.3689911434282363
937.84966,0.37538829730392165
939.404,0.3817853570059841
939.404,0.38813374947255214
940.95834,0.39453080861093454
942.51268,0.40092782038066754
944.06701,0.42002152259757103
944.06701,0.4073247376644349
944.06701,0.41367313013100293
945.62135,0.42641843963030546
945.62135,0.4327667852918999
945.62135,0.4391151777584679
945.62135,0.4200700471637374
947.17569,0.5026474860117203
947.17569,0.445512047422553
947.17569,0.4772539629504196
947.17569,0.48360235541698765
947.17569,0.48995070107858424
947.17569,0.4709055704838537
948.73003,0.45825726218455465
948.73003,0.4519088697179866
948.73003,0.49634752337401783
948.73003,0.5090443083071539
948.73003,0.4646056078461512
950.28437,0.5281378213620985
950.28437,0.515441083233936
950.28437,0.5344862138286666
950.28437,0.5217894288955305
951.83871,0.5535796795149597
951.83871,0.5408829413867972
951.83871,0.5472312870483916
958.05606,0.6236047694074099
958.05606,0.6172563769408419
959.6104,0.6300012601225917
961.16474,0.6363976566641463
962.71908,0.6618391832367578
962.71908,0.6364456601754592
964.27342,0.6491904012512546
964.27342,0.6682355318459852
964.27342,0.6428420087846866
965.82776,0.6619350481534271
965.82776,0.6809802255531312
965.82776,0.6492383100252646
967.3821,0.7127700024863562
967.3821,0.6683313020253535
967.3821,0.6683313020253535
967.3821,0.6556345638971911
967.3821,0.6619829095587855
967.3821,0.6873764794250576
968.93644,0.6810759009951967
968.93644,0.6747275085286286
968.93644,0.6810759009951967
968.93644,0.7128178165230632
970.49077,0.744607451606856
970.49077,0.6938204054842567
970.49077,0.7001687979508248
970.49077,0.6811236673560943
970.49077,0.6874720598226624
970.49077,0.7319107134786935
970.49077,0.7382591059452616
970.49077,0.7255623210121255
970.49077,0.7319107134786935
970.49077,0.6874720598226624
972.04511,0.7065649097171033
972.04511,0.7065649097171033
972.04511,0.7510035633731346
972.04511,0.7192616478452679
972.04511,0.7129133021836713
972.04511,0.7637003483062706
972.04511,0.738306825244972
973.59945,0.7637480202373297
973.59945,0.7700964127038977
973.59945,0.732006104709463
973.59945,0.7573996277707616
973.59945,0.7637480202373297
973.59945,0.7764447583654921
975.15379,0.744750467400033
975.15379,0.7891891678610358
975.15379,0.7828407753944677
975.15379,0.7891891678610358
976.70813,0.7638432219934953
976.70813,0.795585137521362
976.70813,0.7892367450547939
978.26247,0.808329405474629
978.26247,0.7892842748798984
978.26247,0.7829358824133303
979.81681,0.7893317573363536
979.81681,0.8147252803976522
979.81681,0.7956801498029217
981.37115,0.8020759305523241
981.37115,0.8020759305523241
981.37115,0.7957275848907275
981.37115,0.8211211079520261
982.92548,0.8211684953664575
982.92548,0.8084717104333214
982.92548,0.8084717104333214
984.47982,0.8148674432506967
984.47982,0.8148674432506967
986.03416,0.8085663437662843
986.03416,0.833959866827585
987.5885,0.8340071124410915
989.14284,0.8277059650243498
990.69718,0.8023595460342832
990.69718,0.8277531159005531
992.25152,0.802406649541835
993.80586,0.7897569675525709
995.36019,0.7771071910874021
996.91453,0.7961993298890102
996.91453,0.7771541524893061
998.46887,0.7645043283943982
1000.02321,0.7708995875255672
1001.57755,0.7836431449496813
1001.57755,0.8153850604775479
1003.13189,0.7963867018101175
1003.13189,0.8281286173379842
1004.68623,0.8345236875582315
1004.68623,0.8027817720303648
1006.24057,0.8472671496813647
1006.24057,0.8091768416869279
1007.79491,0.8790556950305791
1007.79491,0.8282686489079799
1007.79491,0.860010517630875
1009.34924,0.8600570997840312
1010.90358,0.8537552892067859
1010.90358,0.9045423353293831
1012.45792,0.8791952999837843
1012.45792,0.9363307385729496
1014.01226,0.9617707019812985
1014.01226,0.9173320015202937
1015.5666,0.987210618020994
1015.5666,0.9173783944986906
1015.5666,0.9554687024931274
1017.12094,0.9809085711641734
1017.12094,0.999953701758904
1017.12094,0.9491666556363069
1018.67528,0.961909738810539
1018.67528,1.0
1020.22962,0.9683043821495515
1020.22962,0.9936979052108501
1021.78395,0.9683505853562415
1021.78395,0.99374410841754
1023.33829,0.9874418720864201
1023.33829,0.9620483490251215
1024.89263,0.9811395883866486
1024.89263,0.95574606532535
1026.44697,0.9494437342569271
1026.44697,0.9748372573182256
1028.00131,0.936793010158256
1028.00131,0.9685349256861248
1029.55565,0.9368389768191002
1031.10999,0.8734010650555598
1031.10999,0.9178397187115889
1031.10999,0.8987945881168583
1031.10999,0.943233288577861
1032.66433,0.8988404600403996
1032.66433,0.867098544512533
1034.21866,0.886189546172463
1034.21866,0.8417508457114603
1034.21866,0.9052346767671935
1035.773,0.8671901459593037
1035.773,0.8100547073701364
1037.32734,0.8418423527158984
1037.32734,0.7974036990598672
1038.88168,0.8037977271707055
1038.88168,0.8291912970369756
1040.43602,0.7974950165896993
1040.43602,0.8228885396509978
1041.99036,0.8229341273629388
1041.99036,0.7975406043016403
1041.99036,0.8229341273629388
1043.5447,0.8102828827730922
1043.5447,0.8229796677062283
1045.09904,0.8293735531474343
1045.09904,0.8293735531474343
1046.65337,0.8167222135280601
1046.65337,0.8357673441227927
1046.65337,0.8294189984611962
1048.20771,0.8294643966988376
1048.20771,0.8358127423604342
1049.76205,0.8231613551012597
1049.76205,0.8358580932294243
1049.76205,0.8358580932294243
1051.31639,0.8359033967297628
1051.31639,0.8232066586015981
1051.31639,0.8422517891963308
1052.87073,0.8359486528614519
1052.87073,0.8359486528614519
1054.42507,0.8423422540910577
1054.42507,0.8423422540910577
1054.42507,0.823297123496325
1055.97941,0.8423874154854439
1055.97941,0.8423874154854439
1055.97941,0.8233422848907113
1057.53375,0.8424325295111786
1057.53375,0.829735791383014
1057.53375,0.8424325295111786
1059.08808,0.8361292034119083
1059.08808,0.8424775958784764
1060.64242,0.8361742227006466
1060.64242,0.8361742227006466
1062.19676,0.8298708489591368
1062.19676,0.8235224564925687
1062.19676,0.8171740640260007
1062.19676,0.8362191946207334
1062.19676,0.8362191946207334
1062.19676,0.8171740640260007
1062.19676,0.8108256715594326
1063.7511,0.81087059611087
1063.7511,0.81087059611087
1063.7511,0.8299157735105741
1065.30544,0.8109154732936538
1065.30544,0.8236122582267899
1065.30544,0.8109154732936538
1066.85978,0.8109603031077882
1066.85978,0.7728700419183271
1066.85978,0.8173086955743563
1068.41412,0.8046566930867073
1068.41412,0.7665664318972442
1068.41412,0.8110050855532732
1069.96846,0.7285208589796409
1069.96846,0.734869251446209
1069.96846,0.7983530825019423
1069.96846,0.7221724665130729
1069.96846,0.734869251446209
1069.96846,0.8047014281635387
1069.96846,0.7856562975688062
1069.96846,0.741217643912777
1069.96846,0.7475659895743715
1069.96846,0.7158241208514763
1071.5228,0.7095204160930904
1071.5228,0.7095204160930904
1071.5228,0.6777785005652238
1071.5228,0.7730042471488258
1071.5228,0.7031720236265223
1071.5228,0.7793525928104201
1071.5228,0.7666558546822577
1071.5228,0.7666558546822577
1071.5228,0.7603074622156897
1071.5228,0.7983977702101243
1071.5228,0.7920493777435562
1071.5228,0.7539590697491216
1071.5228,0.7857009852769882
1073.07713,0.6841715330842763
1073.07713,0.6905199255508443
1073.07713,0.6968682712124387
1073.07713,0.6587780100229776
1073.07713,0.7286101867403074
1073.07713,0.6714747481511402
1073.07713,0.6841715330842763
1073.07713,0.6778231406177082
1073.07713,0.6651263556845721
1074.63147,0.722306387244925
1074.63147,0.6524742105275952
1076.18581,0.6080800556691245
1076.18581,0.5890349250743918
1076.18581,0.6779122791914258
1076.18581,0.5953833175409599
1076.18581,0.6398219711969911
1076.18581,0.582686532607826
1076.18581,0.6461703636635592
1077.74015,0.6335181237692793
1077.74015,0.6208213388361432
1077.74015,0.6271697313027113
1077.74015,0.6144729463695752
1077.74015,0.6017762082414105
1077.74015,0.576382685180112
1079.29449,0.5700787435787751
1079.29449,0.563730351112207
1080.84883,0.5637747546087889
1080.84883,0.5574263621422209
1082.40317,0.551122325803581
1083.95751,0.5448182889012654
1083.95751,0.5511666345628597
1085.51184,0.5385141575407176
1087.06618,0.538558371563
1087.06618,0.532209979096432
1088.62052,0.5132090151553322
1088.62052,0.5195574076219003
1088.62052,0.5068606226887642
1088.62052,0.5322541457500628
1088.62052,0.5259057532834948
1090.17486,0.5005563495071755
1090.17486,0.4878596113790109
1090.17486,0.48151121891244286
1090.17486,0.4942079570406075
1091.7292,0.46251016023404024
1091.7292,0.47520689836220487
1091.7292,0.4688585058956368
1093.28354,0.4562057923151486
1094.83788,0.4499013770276076
1094.83788,0.44355298456103953
1094.83788,0.4372045920944715
1096.39222,0.43724852190484703
1102.60957,0.4437721596451541
1102.60957,0.42472702905042353
1104.16391,0.4311191144844162
1104.16391,0.4501642450791467
1105.71825,0.4375111057447859
1105.71825,0.45655628314449004
1107.27259,0.4629482738411818
1107.27259,0.4312063583133152
1108.82693,0.4122047317750834
1108.82693,0.4629918247026541
1110.38126,0.45033854298260806
1110.38126,0.405899889326579
1111.9356,0.43133686851235337
1111.9356,0.3932465605179187
1113.48994,0.42503188480160964
1113.48994,0.38694157680717495
1115.04428,0.35524302266648117
1115.04428,0.39968172312748385
1116.59862,0.34258959855684
1116.59862,0.3616347291515727
1118.15296,0.3426328652067099
1118.15296,0.3743747807345765
1119.7073,0.36172121508266303
1121.26164,0.34906764886706954
1121.26164,0.38080956439493613
1122.81598,0.38085268893885366
1124.37031,0.39359250396529716
1125.92465,0.39998392623878626
1127.47899,0.36193660068262323
1127.47899,0.4127236468052204
1129.03333,0.4000698437466781
1129.03333,0.36197953575224345
1130.58767,0.39376433898107877
1130.58767,0.35567403098664413
1130.58767,0.33662890039191146
1132.14201,0.36841365625209527
1132.14201,0.3366717407242287
1133.69635,0.36845644921576104
1133.69635,0.31132101062659584
1133.69635,0.34306292615446243
1135.25069,0.29866697128847614
1135.25069,0.28597023316031367
1135.25069,0.33675727928291077
1136.80502,0.2796645386455583
1136.80502,0.3177548466399929
1138.35936,0.30510071256487675
1138.35936,0.27970718950357815
1139.9137,0.2860981854595125
1141.46804,0.27979234911366135
1143.02238,0.2988799884604573
1143.02238,0.2798348578657268
1144.57672,0.29257410418227897
1146.13106,0.2862681257304734
1147.6854,0.2863104923765865
1149.23973,0.28000441891536704
1149.23973,0.2990495495100976
1150.79407,0.27369829835791565
1150.79407,0.2990918214192142
1152.34841,0.26739217723678205
1152.34841,0.29278570029808276
1153.90275,0.26108596194202766
1153.90275,0.28647948500332837
1155.45709,0.26112809174519197
1155.45709,0.28017322233992464
1157.01143,0.2802153047744353
1157.01143,0.2611701741797027
1158.56577,0.25486381677899805
1158.56577,0.27390894737372856
1160.12011,0.25490580447620786
1160.12011,0.29299611247064256
1161.67444,0.2930380525295271
1163.22878,0.3121250760844688
1163.22878,0.28038316055660223
1164.78312,0.32486370660916675
1164.78312,0.3058185292094626
1164.78312,0.2867733986147321
1166.33746,0.2868151968376425
1166.33746,0.32490550483207714
1167.8918,0.31225047075320206
1167.8918,0.33764399381450066
1169.44614,0.31864056670537755
1169.44614,0.2742018662443748
1171.00048,0.24884999930003432
1171.00048,0.31233383035576756
1172.55482,0.23619486992017627
1172.55482,0.2869819160427755
1172.55482,0.3123754391040741
1174.10915,0.27432669222205774
1174.10915,0.2489331691607592
1174.10915,0.210842907971296
1175.66349,0.22992955257733663
1175.66349,0.19183924458290197
1177.21783,0.17283558063083004
1177.21783,0.22362262675342717
1177.21783,0.20457749615869666
1178.77217,0.19192213049956766
1178.77217,0.14748347684353857
1180.32651,0.15387324121546225
1180.32651,0.1729183718101949
1181.88085,0.17295969634690117
1181.88085,0.10312747282459776
1181.88085,0.12852104269086995
1183.43519,0.09682040433105811
1183.43519,0.14760745045365736
1184.98953,0.12225515719175996
1184.98953,0.07781645673075727
1186.54387,0.07150929349991463
1186.54387,0.10325116222280764
1188.0982,0.0588536433643878
1188.0982,0.09694395135882246
1189.65254,0.03984960046341047
1189.65254,0.0715915159912792
1191.20688,0.046238986450110875
1191.20688,0.065284163849815
1192.76122,0.05897676433970144
1192.76122,0.02723484881183483
1194.31556,0.02092740193306978
1194.31556,0.039972579332771783
1194.31556,0.0018822713383371248
1195.8699,0.008271562024056675
1195.8699,0.040013477551923284
1197.42424,0.0400543284024233
1197.42424,0.0
1198.97858,0.0020048238898393105
1198.97858,0.03374673941770805
1200.53291,0.01474236467411845
1200.53291,0.04648423339701359
1202.08725,0.040176596480269076
1202.08725,0.014783073418970505
1202.08725,0.06557011954156977
1203.64159,0.07830751904593282
1203.64159,0.033868865389903725
1205.19593,0.09104491798662012
1205.19593,0.0593030024587535
1206.75027,0.07838869969238375
1206.75027,0.09743387709208788
1206.75027,0.05299517663108518
1208.30461,0.09747439636233611
1208.30461,0.07208087330103755
1209.85895,0.07846969086423086
1209.85895,0.09751486826393499
1211.41329,0.09755529279688238
1211.41329,0.07851011539717825
1212.96762,0.07220214664026066
1214.52196,0.0912876070309421
1214.52196,0.07224247643621158
1216.0763,0.08497949699167136
1216.0763,0.06593436639694084
1217.63064,0.059626208989020726
1217.63064,0.08501973205031929
1219.18498,0.05966639667901717
1219.18498,0.0787115272737477
1220.73932,0.05970653700036427
1220.73932,0.07875166759509479
1222.29366,0.053398237486489704
1222.29366,0.07244341488619382
1223.848,0.047089890603965776
1223.848,0.0661350680036699
1225.40233,0.06617506596188268
1226.95667,0.05986662434236228
1226.95667,0.040821493747629625
1228.51101,0.05355813535419039
1228.51101,0.03451300475945986
1230.06535,0.028204468402636487
1231.61969,0.04094106207686363
1231.61969,0.02824427714372967
1233.17403,0.04098082344930532
1233.17403,0.021935646049603318
1234.72837,0.021975360053395652
1234.72837,0.03467214498653174
1236.28271,0.015666681026939935
1237.83705,0.02205464595502799
1239.39138,0.022094217598429573
1240.94572,0.022133742127922455
1240.94572,0.009437003999757844
1242.50006,0.015824873627167283
1244.0544,0.003167518486221106
1244.0544,0.02221264908095376
1245.60874,0.02225203150449431
1245.60874,0.003206900909761657
1247.16308,0.022291366559383376
1247.16308,0.0
1248.71742,0.0
1248.71742,0.015982308584024385
1250.27176,0.0033247639684743876
1250.27176,0.0
1251.82609,0.0
1251.82609,0.0
1253.38043,0.0
1253.38043,0.0
1253.38043,0.0
1254.93477,0.0
1254.93477,0.0
1256.48911,0.0
1256.48911,0.0
1258.04345,0.0
1258.04345,0.0
1259.59779,0.0
1259.59779,0.0
1261.15213,0.0
1262.70647,0.0
1262.70647,0.0
1264.2608,0.0
1264.2608,0.0
1265.81514,0.0
1265.81514,0.0
1267.36948,0.0
1267.36948,0.0
1268.92382,0.0037919525274487213
1268.92382,0.0
1270.47816,0.0
1270.47816,0.010178969519750773
1272.0325,0.0
1273.58684,0.02295281459343107
1273.58684,0.0
1275.14118,0.02933968947977866
1275.14118,0.003946166418477964
1276.69551,0.029378124283785893
1276.69551,0.010332993689053238
1278.24985,0.016719773838404353
1278.24985,0.04211329689970292
1279.80419,0.02310645981413463
1279.80419,0.0484999828754332
1281.35853,0.0294931452261849
1281.35853,0.06123506075405151
1282.91287,0.03587978326958368
1282.91287,0.06127330633088225
1284.46721,0.07400828947219759
1284.46721,0.048614719605925415
1286.02155,0.07404644031172748
1287.57589,0.05503936638290176
1289.13022,0.055077422240442785
1289.13022,0.06777420717357886
1290.68456,0.06781221590745867
1290.68456,0.05511543097432258
1292.2389,0.0678501772726891
1293.79324,0.06153969880270002
1293.79324,0.048842913869563936
1295.34758,0.04253243483589483
1295.34758,0.061577565430627486
1296.90192,0.04257025409517294
1298.45626,0.048956371647394005
1298.45626,0.07434994151366618
1300.0106,0.05534248863593718
1300.0106,0.07438766603564131
1301.56494,0.061728558255831
1301.56494,0.08712208131712956
1303.11927,0.06811458026512887
1303.11927,0.09350810332642745
1304.67361,0.07450055514802409
1304.67361,0.09989407820932265
1306.22795,0.09993161325699834
1306.22795,0.08088643585729421
1307.78229,0.09996910093602254
1307.78229,0.08092392353631842
1309.33663,0.10000654124639738
1309.33663,0.08096136384669325
1310.89097,0.07465041112682216
1310.89097,0.09369554172155269
1312.44531,0.07468775669989403
1313.99965,0.08742179303247688
1313.99965,0.0747250549043144
1315.55398,0.07476230550058016
1315.55398,0.08745904362874264
1317.10832,0.08749624709616655
1317.10832,0.07479950896800405
1318.66266,0.09388179566150699
1318.66266,0.07483666506677647
1320.217,0.08122211945849396
1321.77134,0.08125918081996553
1321.77134,0.10030435821966965
1323.32568,0.08129619481278348
1323.32568,0.10034137221248761
1324.88002,0.10037833883665834
1324.88002,0.0813331614369542
1326.43436,0.10041525809217544
1327.98869,0.10045212974197712
1329.54303,0.10048895426049775
1329.54303,0.08144377686079363
1331.09737,0.10052573141036689
1331.09737,0.0878289464772308
1332.65171,0.10056246119158667
1332.65171,0.08151728379188254
1334.20605,0.08155396620445084
1334.20605,0.10059914360415496
1335.76039,0.09428738618150373
1337.31473,0.06893045079547049
1337.31473,0.09432397385676906
1338.86907,0.08801212169681698
1338.86907,0.06261859863551841
1340.4234,0.05630669887228585
1340.4234,0.08170022193358442
1341.97774,0.049994751975335164
1341.97774,0.06903992937503929
1343.53208,0.037334412048140676
1343.53208,0.06272793510943925
1345.08642,0.05641589347518559
1345.08642,0.037370762880455065
1346.64076,0.03740706634412009
1348.1951,0.03109492997256771
1348.1951,0.04379171490570167
1349.74944,0.04382792363206372
1349.74944,0.03113113869892976
1351.30378,0.04386408498977641
1351.30378,0.031167300056642453
1352.85812,0.043900198978837617
1352.85812,0.03120341404570366
1354.41245,0.03758787290079599
1355.96679,0.037623892152860716
1357.52113,0.037659864036271834
1357.52113,0.0630533870975704
1359.07547,0.04404418101760163
1360.62981,0.050428403825308464
1360.62981,0.07582197369158064
1362.18415,0.056812626069337416
1362.18415,0.08220614913063598
1363.73849,0.06319680094471275
1363.73849,0.08859032400601131
1365.29283,0.06323253598487281
1365.29283,0.09497445151273942
1366.84716,0.09501013895479751
1368.4015,0.11409090985268949
1368.4015,0.08234899432482289
1369.95584,0.0887329797259009
1369.95584,0.10777811032063142
1371.51018,0.1078136558864899
1371.51018,0.12685883328619404
1373.06452,0.10784915408369904
1373.06452,0.13959106961156778
1374.61886,0.11423299737882471
1374.61886,0.14597491290669345
1376.1732,0.12696518577186694
1376.1732,0.15235870883316766
1377.72754,0.1650908030525848
1377.72754,0.13334893432968967
1379.28187,0.14608098095344826
1379.28187,0.17147450401474684
1380.83621,0.18420655030214111
1380.83621,0.1524646347742745
1382.39055,0.1651965868880437
1382.39055,0.1969385024159103
1383.94489,0.1779285384381371
1383.94489,0.19697366903286764
1385.49923,0.17796365768644085
1385.49923,0.2033571807477394
1387.05357,0.18434712203266326
1387.05357,0.20339225262739377
1388.60791,0.2097756696049647
1388.60791,0.19073049220526056
1390.16225,0.21615903921388627
1390.16225,0.19711386181418214
1391.71658,0.22254231442461064
1393.27092,0.21622885116837112
1394.82526,0.21626368620507455
1396.3796,0.2036016889399904
1396.3796,0.22264681953472093
1397.93394,0.20363642923939299
1397.93394,0.21633321417252907
1399.48828,0.19732272970357603
1399.48828,0.21636790710328016
1401.04262,0.21005416019881387
1401.04262,0.1846606371375153
1402.59696,0.1846952353309634
1402.59696,0.20374036592569394
1404.15129,0.19742652406179176
1404.15129,0.18472978593362926
1405.70563,0.17206750445694483
1405.70563,0.1974610275182434
1407.25997,0.1911470911394755
1407.25997,0.16575356807817695
1408.81431,0.17213636926389578
1410.36865,0.15312560001966458
1410.36865,0.17851912308096315
1411.92299,0.1531599140015124
1411.92299,0.17220504459624292
1413.47733,0.14049739568157266
1413.47733,0.1658909187428712
1415.03167,0.13418326926452306
1415.03167,0.15957679232582164
1416.58601,0.11517226374071443
1416.58601,0.1532625717351512
1418.14034,0.09616125743383644
1418.14034,0.11520638802856696
1418.14034,0.14059991108986766
1419.69468,0.12793725010060206
1419.69468,0.10889207270089793
1419.69468,0.08349854963959936
1421.24902,0.10892610247114547
1421.24902,0.07083584128168441
1422.80336,0.05817303875014437
1422.80336,0.08991495427801098
1424.3577,0.05185858131652088
1424.3577,0.08360049684438749
1425.91204,0.045544123319219504
1425.91204,0.0709376463805202
1427.46638,0.03922957114829517
1427.46638,0.058274701743025695
1429.02072,0.051960102203452006
1429.02072,0.03291497160872148
1430.57505,0.05199384754483834
1430.57505,0.032948716950107815
1432.12939,0.03298241514010356
1433.68373,0.020319327833283204
1433.68373,0.03936445842801586
1435.23807,0.014004538819407933
1436.79241,0.0076897024368833
1436.79241,0.026734833031615952
1438.34675,0.007723211152273096
1438.34675,0.02676834174700575
1439.90109,0.026801803093746187
1439.90109,0.007756672499013534
1441.45543,0.00144169401053657
1441.45543,0.014138478943672657
1443.00976,0.03956536839989561
1443.00976,0.014171845338594918
1443.00976,0.0014750604054588324
1444.5641,0.045947080107554
1444.5641,0.0015083796465513053
1444.5641,0.014205164579687393
1446.11844,0.03963195951342908
1446.11844,0.07137387504129569
1446.11844,0.007890043985560334
1447.67278,0.09045223013981571
1447.67278,0.04601357648378449
1449.22712,0.09048540727495585
1449.22712,0.11587893033625442
1450.78146,0.07782179891328203
1450.78146,0.1349572375024472
1452.3358,0.14133866556188093
1452.3358,0.10324840437241777
1452.3358,0.12229353496714829
1453.89014,0.10962978506319788
1453.89014,0.12232656999633397
1455.44447,0.1287079499113602
1455.44447,0.14775308050609284
1456.99881,0.13508928267011744
1458.55315,0.1351221755936573
1460.10749,0.12880662868197548
1461.66183,0.13518781933478038
1463.21617,0.13522057015236577
1463.21617,0.16061409321366435
1464.77051,0.1669951423241948
1464.77051,0.13525327360129966
1466.32485,0.14798266780974667
1466.32485,0.1797245833376133
1467.87919,0.1607120614545137
1467.87919,0.17975719204924634
1469.43352,0.16709296824975725
1469.43352,0.19883488377762387
1470.98786,0.21156418268539653
1470.98786,0.18617065962409796
1472.5422,0.21159664929137947
1472.5422,0.17985473376351288
1474.09654,0.20528067606214503
1474.09654,0.1735387605342784
1516.06369,0.26327352810867033
1516.06369,0.2569251356421023
1517.25705,0.3851056137877084
1517.61803,0.25060783609155635
1517.61803,0.24425949042995976
1519.17236,0.2442905357777462
1520.7267,0.20623122596233504
1520.7267,0.21257961842890308
1520.7267,0.2443215339567697
1522.28104,0.2189589617058431
1522.28104,0.23800409230057365
1522.28104,0.2443524847671417
1523.83538,0.2253382108091602
1523.83538,0.23168660327572824
1523.83538,0.21898986514756577
1528.59075,0.4105774892913889
1562.59186,0.50380907314628
1574.9559,0.4787973046145437
1615.54137,0.5762386940952621
1617.09571,0.56991836295349
1618.65005,0.557249638781474
1618.65005,0.5699463769096366
1618.65005,0.5635979844430685
1618.65005,0.550901246314906
1620.20439,0.544580820435833
1621.75872,0.5446087394752084
1623.31306,0.5382882188591368
1624.8674,0.5256193052128214
1624.8674,0.5192709127462534
1624.8674,0.5319676976793895
1624.8674,0.5129225202796853
1626.42174,0.512950297392881
1627.97608,0.5129780271374251
1629.53042,0.5130057095133178
1631.08476,0.5130333445205612
1632.6391,0.5130609321591529
1634.19343,0.5130884722520642
1635.74777,0.5067675726870894
1637.30211,0.5131434106866012
1638.85645,0.5131708088508936
1640.41079,0.5068497671799685
1641.96513,0.506877070606958
1643.51947,0.5005559810037014
1645.07381,0.4942347972268219
1646.62815,0.4942619585478611
1648.18248,0.4879406798593931
1649.73682,0.48161935397686567
1649.73682,0.4752710083152691
1649.73682,0.46892261584870104
1649.73682,0.462574223382133
1651.29116,0.4372077195362235
1651.29116,0.45625285013095407
1651.29116,0.449904457664386
1652.8455,0.4372346913829632
1652.8455,0.44358308384953127
1654.39984,0.4245648309279133
1654.39984,0.4372616158610494
1654.39984,0.43091322339448135
1654.39984,0.4182164852663188
1655.95418,0.4182433623757556
1655.95418,0.41189496990918756
1655.95418,0.4055465774426195
1657.50852,0.39922501471683886
1657.50852,0.4055734071834069
1659.06286,0.3738582740276741
1659.06286,0.38655505896080805
1659.06286,0.38020666649424
1659.06286,0.3929034514273761
1659.06286,0.3992517970889726
1660.61719,0.373885008859308
1662.17153,0.3739116964944453
1662.17153,0.36756330402787724
1663.72587,0.36758994429436515
1665.28021,0.3676165371921995
1666.83455,0.3739914751879525
1668.38889,0.374017973348486
1669.94323,0.380392816606936
1671.49757,0.37407082756360066
1673.0519,0.38044557591533634
1674.60624,0.3804718846015704
1676.16058,0.38049814591915504
1677.71492,0.3741759674015223
1679.26926,0.374202133981804
1680.8236,0.3742282531934343
1682.37794,0.374254325036413
1683.93228,0.37428034951074235
1685.48661,0.3616095883212813
1685.48661,0.3679579339828779
1687.04095,0.3616355180586142
1688.59529,0.3489646154941574
1688.59529,0.35531300796072546
1690.14963,0.3426420580276193
1691.70397,0.3236227150642693
1691.70397,0.32997110753083736
1691.70397,0.3363194999974054
1693.25831,0.3109516703938602
1693.25831,0.32364845532699626
1693.25831,0.3173000628604282
1694.81265,0.3109773632879378
1696.36699,0.31100300881336174
1697.92133,0.3110286069701385
1699.47566,0.3110541575940309
1701.03,0.311079661013809
1702.58434,0.31110511706493565
1704.13868,0.31113052574741085
1705.69302,0.3111558870612345
1707.24736,0.30483285534481436
1708.8017,0.29850972945476917
1710.35604,0.29853494866264263
1711.91037,0.29856012034006885
1713.46471,0.2922368523443757
1715.01905,0.292261929446599
1716.57339,0.29228695918017306
1718.12773,0.2923119415450956
1719.68207,0.2986852690079325
1721.23641,0.2987101566355542
1722.79075,0.2987349968945223
1724.34508,0.29875978962548444
1725.89942,0.29243614268088797
1727.45376,0.28611244836764216
1729.0081,0.27344036102414615
1729.0081,0.2797887534907142
1730.56244,0.2671165719735995
1730.56244,0.27346496444016544
1732.11678,0.2671411280209673
1733.67112,0.2544688517665496
1733.67112,0.26081724423311764
1735.22546,0.25449331307661444
1736.77979,0.25451772686111246
1738.33413,0.25454209343418077
1739.88847,0.25456641263859975
1741.44281,0.24824233881276853
1742.99715,0.24191817081331649
1744.55149,0.2292455629786449
1744.55149,0.22289721731705045
1744.55149,0.23559395544521294
1746.10583,0.21022456211372953
1746.10583,0.22292134704686561
1746.10583,0.21657295458029757
1747.66017,0.17215833648045853
1747.66017,0.20390025200832512
1747.66017,0.15946159835229604
1747.66017,0.16580999081886194
1747.66017,0.14676481341915995
1747.66017,0.153113205885728
1749.2145,0.18487915625162646
1749.2145,0.12774371766245915
1749.2145,0.17853076378505842
1749.2145,0.19757589437978892
1749.2145,0.1340921101290272
1749.2145,0.14044050259559523
1750.76884,0.19125153634235956
1750.76884,0.12141931282005615
1752.32318,0.1150948606090038
1753.87752,0.115118753495868
1753.87752,0.10877040783427357
1755.43186,0.10244586088591824
1756.9862,0.09612126656891143
1758.54054,0.08979662488325525
1760.09488,0.08347198263392121
1775.63826,0.12814506483815066
1775.63826,0.10909993424342015
1777.1926,0.10912311660112717
1777.1926,0.1281682471958577
1778.74694,0.1281913821849175
1780.30128,0.12821446980532367
1781.85562,0.12188911759051244
1781.85562,0.09649559452921387
1783.40996,0.10921537234545316
1783.40996,0.07747345681758655
1784.9643,0.10288992539333897
1784.9643,0.07114800986547234
1786.51864,0.0965644310725754
1786.51864,0.05847412307814075
1788.07297,0.06484536617499917
1789.62731,0.07121656205037309
1789.62731,0.04582303898907452
1791.18165,0.04584579502923104
1792.73599,0.04586850370073395
1792.73599,0.06491363429546447
1794.29033,0.045891165003587496
1794.29033,0.06493629559831803
1795.84467,0.05226217140435547
1795.84467,0.06495890953252008
1797.39901,0.05228473796990604
1797.39901,0.06498147609807066
1798.95335,0.045958864700241346
1798.95335,0.06500399529497188
1800.50768,0.05232972885063356
1802.06202,0.05870049897213274
1803.61636,0.0650712685299519
1803.61636,0.04602613793522138
1805.1707,0.058745205785985626
1805.1707,0.033351682724687054
1806.72504,0.052419142478339335
1806.72504,0.03337396507863733
1808.27938,0.05244137746363812
1808.27938,0.027047854402339554
1809.83372,0.014373257085850768
1809.83372,0.04611517261371951
1811.38806,0.0016986124007126243
1811.38806,0.03344052792858136
1812.9424,0.0
1812.9424,0.0
1812.9424,0.02076588267976321
1814.49673,0.0
1814.49673,0.008091143115642237
1816.05107,0.0
1816.05107,0.0
1817.60541,0.0
1817.60541,0.0
1819.15975,0.0
1819.15975,0.0
1820.71409,0.0
1820.71409,0.0
1822.26843,0.0
1822.26843,0.0
1823.82277,0.0
1825.37711,0.0
1825.37711,0.0
1826.93144,0.0
1826.93144,0.008265801792966158
1828.48578,0.02733259838611487
1828.48578,0.0
1830.04012,0.021005777744342046
1830.04012,0.0
1831.59446,0.04007243279521843
1831.59446,0.008330517267349692
1833.1488,0.04644230234928085
1834.70314,0.04011533960155357
1834.70314,0.08455404006255626
1836.25748,0.0909237680743421
1836.25748,0.05283350688487893
1837.81182,0.09094510305588202
1837.81182,0.0718999724611515
1839.36615,0.09096639053196899
1839.36615,0.06557286747067041
1840.92049,0.06559410771521386
1840.92049,0.08463928511491799
1842.47483,0.08466047799080993
1842.47483,0.0656153005911058
1844.02917,0.07833323103148236
1844.02917,0.05293970797018166
1845.58351,0.07200593670350329
1845.58351,0.04661241364220472
1847.13785,0.040285071945576297
1847.13785,0.07202698747344291
1848.69219,0.05935120594159495
1848.69219,0.02126094475213177
1850.24653,0.01493350831820037
1850.24653,0.05302381631263502
1851.80086,0.02765120178095722
1851.80086,0.0
1853.3552,0.0
1853.3552,0.014975278143461297
1853.3552,0.0022784932103252103
1854.90954,0.00864769960388406
1854.90954,0.021344484537020147
1854.90954,0.0
1856.46388,0.015016858628789298
1856.46388,0.0
1858.01822,0.0
1858.01822,0.015037577818477131
1859.57256,0.008709857172945434
1859.57256,0.0
1861.1269,0.0023820891587622503
1861.1269,0.027775659025034424
1862.68124,0.03414458177036436
1862.68124,0.008751058709063666
1864.23557,0.03416511135352105
1865.78991,0.015140463105525291
1865.78991,0.03418559370025795
1867.34425,0.027857683016746786
1868.89859,0.03422641628777941
1870.45293,0.034246756528561836
1872.00727,0.04061544186726296
1872.00727,0.027918703739098348
1873.56161,0.04063568737074667
1873.56161,0.027938949242582063
1875.11595,0.04065588550557678
1875.11595,0.027959147377412168
1876.67029,0.02797929814359291
1878.22462,0.027999401411938404
1878.22462,0.008954224012234273
1879.77896,0.021671064974552498
1881.3333,0.015342681168517232
1882.88764,0.021711034926966567
1882.88764,0.0026658575272624366
1884.44198,0.015382556383628329
1884.44198,0.0026857714504922416
1885.99632,0.015402422938206647
1885.99632,0.0027056380050705597
1887.55066,0.015422242124135606
1887.55066,0.0027254571909995193
1889.105,0.002745229008276992
1889.105,0.015442013941413079
1890.65933,0.009113345796724326
1892.21367,0.02182980781014141
1892.21367,0.00913302287700532
1893.76801,0.009152652588632699
1895.32235,0.040914150459479465
1895.32235,0.015520627398178765
1896.87669,0.015540162372507426
1896.87669,0.04728207790037617
1898.43103,0.02825643491131856
1898.43103,0.05364995797261713
1899.98537,0.06636613633780743
1899.98537,0.047321005743076905
1901.53971,0.07908231413931771
1901.53971,0.047340398611451104
1903.09404,0.0600564821150288
1903.09404,0.07910165951473293
1904.64838,0.06642417271297457
1904.64838,0.0854693501126787
1906.20272,0.06644342347570081
1906.20272,0.09183694653699938
1907.75706,0.0728110193363436
1907.75706,0.09185614993107413
1909.3114,0.07283017536176686
1909.3114,0.09822369842306543
1910.86574,0.08554606895167685
1910.86574,0.10459119954640737
1912.42008,0.08556513023979927
1912.42008,0.1046102608345298
1913.97442,0.08558414415927021
1913.97442,0.09828088228743269
1915.52875,0.0982998487163817
1915.52875,0.08560311058821922
1917.08309,0.09831876789885616
1917.08309,0.08562202977069366
1918.63743,0.09833763971267911
1918.63743,0.08564090158451663
1920.19177,0.09835646415785272
1920.19177,0.08565972602969024
1921.74611,0.08567850310621024
1923.30045,0.07300044788094479
1923.30045,0.09204557847567531
1924.85479,0.09206426081489445
1924.85479,0.07301913022016393
1926.40913,0.07938615765729963
1927.96346,0.06670796020664849
1927.96346,0.08575313760635261
1929.5178,0.06672650044021966
1929.5178,0.0857716778399238
1931.07214,0.06039660083857345
1931.07214,0.07944177823827757
1932.62648,0.07311183126797774
1932.62648,0.05406670067324509
1934.18082,0.07313022939559659
1934.18082,0.047736706334298024
1935.73516,0.06680018768799591
1935.73516,0.047755057093265385
1937.2895,0.04142496801701322
1937.2895,0.06047009861174374
1938.84384,0.054140008971811565
1938.84384,0.03509483157210956
1940.39818,0.03511304022512459
1940.39818,0.054158217624826595
1941.95251,0.035131201392798336
1941.95251,0.04782798632593442
1943.50685,0.028800969647218195
1943.50685,0.04784610024195085
1945.06119,0.02881903619458526
1946.61553,0.0351854010348974
1948.16987,0.022506634716796887
1948.16987,0.0352033728449615
1949.72421,0.022524559158209494
1949.72421,0.035221297286374104
1951.27855,0.03523917435913735
1951.27855,0.02254243623097274
1952.83289,0.03525700406324911
1952.83289,0.016211873468516456
1954.38722,0.03527478628445665
1954.38722,0.022578048156292038
1955.94156,0.03529252125157193
1955.94156,0.02259578312340732
1957.4959,0.02261347072186899
1959.05024,0.03532784907984591
1960.60458,0.02899709627941229
1962.15892,0.02266624930535358
1962.15892,0.03536298743351819
1963.71326,0.022683747429213554
1963.71326,0.03538048555737817
1965.2676,0.022701198184422042
1965.2676,0.035397936312586656
1966.82193,0.010021816526029424
1966.82193,0.022718601459165513
1968.37627,0.010039172544239307
1968.37627,0.029084349943943436
1969.93061,0.003708088727231787
1969.93061,0.02910165859350396
1971.48495,0.0
1971.48495,0.02277052740784708
1973.03929,0.0
1973.03929,0.016439348853536588
1974.59363,0.0
1974.59363,0.003759730464008694
1976.14797,0.0
1976.14797,0.0
1977.70231,0.0
1977.70231,0.0
1979.25664,0.0
1979.25664,0.0
1979.25664,0.0
1980.81098,0.0
1980.81098,0.0
1980.81098,0.0
1982.36532,0.0
1983.91966,0.0
1983.91966,0.0
1985.474,0.0
1985.474,0.0
1985.474,0.0
1987.02834,0.0
1987.02834,0.0
1987.02834,0.0
1988.58268,0.0
1988.58268,0.0
1990.13702,0.0
1991.69136,0.0
1991.69136,0.0
1993.24569,0.0
1993.24569,0.0
1994.80003,0.0
1994.80003,0.0
1996.35437,0.0
1996.35437,0.0
1996.35437,0.0
1997.90871,0.0
1997.90871,0.0
1999.46305,0.0
1999.46305,0.0
2001.01739,0.0
2001.01739,0.016741099024652522
2002.57173,0.0
2002.57173,0.029454197866287283
2004.12607,0.0
2004.12607,0.035818810067733166
2005.6804,0.01678989854000251
2005.6804,0.04853181406787125
2007.23474,0.029502855275991436
2007.23474,0.06759311646545461
2008.78908,0.03586732537178723
2008.78908,0.061260848433085796
2010.34342,0.048580187370473184
2010.34342,0.07397371043177176
2011.89776,0.054944609533937476
2011.89776,0.08033813259523817
2013.4521,0.08670250739005311
2013.4521,0.061308937523780936
2015.00644,0.09306678801124509
2015.00644,0.06767326494994651
2016.56078,0.093082675602189
2018.11511,0.08040177759456443
2018.11511,0.09944690818929497
2019.66945,0.09946270104324453
2019.66945,0.08676596291508205
2021.22379,0.08678170840037801
2021.22379,0.09947844652854049
2022.77813,0.0867974065170246
2022.77813,0.10584253711175512
2024.33247,0.0868130572650197
2024.33247,0.10585818785975024
2025.88681,0.09952539877252793
2027.44115,0.07414743172192363
2027.44115,0.0995409547832222
2028.99549,0.07416294036396427
2028.99549,0.09955646342526285
2030.54982,0.06783000907147008
2030.54982,0.09322353213276866
2032.10416,0.08689060037621839
2032.10416,0.06149703050994621
2033.6585,0.06151239704634102
2033.6585,0.07420918197947711
2035.21284,0.07422450114722043
2035.21284,0.061527716214084344
2036.76718,0.061542988013178306
2038.32152,0.05520986678202209
2039.87586,0.0679217819719777
2041.4302,0.0679369116651172
2041.4302,0.04889178107038667
2042.98453,0.06795199389272484
2042.98453,0.042558470831426276
2044.53887,0.0616186363822977
2044.53887,0.036225113320999126
2046.09321,0.06163362396978924
2046.09321,0.02354336278032606
2047.64755,0.017209910532600195
2047.64755,0.04895182606046894
2049.20189,0.004528018449652675
2049.20189,0.029921588315924848
2050.75623,0.004542863931191883
2050.75623,0.029936433797464055
2052.31057,0.0
2052.31057,0.01725444697721569
2053.86491,0.0
2053.86491,0.004572412788315838
2055.41925,0.0045871161639005845
2056.97358,0.0
2056.97358,0.010950164543265079
2058.52792,0.0
2058.52792,0.010964773181853347
2060.08226,0.0
2060.08226,0.010979334451792258
2061.6366,0.0
2061.6366,0.017342240819645596
2063.19094,0.017356707352281533
2063.19094,0.004659922419145446
2064.74528,0.004674341583129896
2064.74528,0.023719518982834028
2066.29962,0.02373389077816699
2066.29962,0.011037105845030903
2067.85396,0.030096607671418637
2067.85396,0.011051430271714508
2069.40829,0.011065707238044755
2069.40829,0.030110884637748886
2070.96263,0.03647345998903258
2072.51697,0.0
2072.51697,0.030139296648469524
2074.07131,0.02380503913428563
2074.07131,0.0
2075.62565,0.004773949318314168
2075.62565,0.0
2077.17999,0.0
2077.17999,0.0
2077.17999,0.0
2078.73433,0.0
2078.73433,0.0
2078.73433,0.0
2080.28867,0.0
2080.28867,0.0
2081.843,0.0
2081.843,0.0
2083.39734,0.0
2083.39734,0.0
2084.95168,0.0
2084.95168,0.0
2086.50602,0.0
2088.06036,0.0
2088.06036,0.0
2089.6147,0.0
2089.6147,0.0
2091.16904,0.0
2091.16904,0.0
2092.72338,0.0
2092.72338,0.0
2094.27771,0.0
2094.27771,0.004939305394681537
2095.83205,0.004952777186559993
2095.83205,0.0
2097.38639,0.01766298654292518
2097.38639,0.0
2098.94073,0.030373148530638876
2098.94073,0.0
2100.49507,0.004992908350292826
2100.49507,0.024038085749996958
2100.49507,0.043083216344729613
2102.04941,0.030399760533841764
2102.04941,0.011354583134137635
2103.60375,0.04945812607719757
2103.60375,0.02406460301589687
2105.15809,0.03677452872403528
2105.15809,0.06851644425190188
2105.15809,0.055819706123737274
2106.71243,0.07487797692979223
2108.26676,0.04949754662708457
2108.26676,0.07489106968838315
2109.8211,0.05585898456797631
2109.8211,0.07490411516270896
2111.37544,0.06222032833524722
2111.37544,0.07491711326838331
2112.92978,0.07493006400540617
2112.92978,0.062233279072270074
2114.48412,0.07494296737377966
2114.48412,0.06224618244064357
2116.03846,0.055910692778769006
2116.03846,0.06860743090693362
2117.5928,0.05592350140983953
2119.14714,0.07498139326699121
2119.14714,0.06228460833385513
2120.70147,0.08134249954568609
2120.70147,0.05594897648438539
2122.25581,0.0877035585376767
2123.81015,0.09406452335604219
2123.81015,0.06867100029474363
2125.36449,0.09407709514416178
2125.36449,0.06868357208286321
2126.91883,0.094089619563632
2126.91883,0.062347704035765394
2128.47317,0.05601183542498756
2128.47317,0.10045048908101878
2128.47317,0.07505696601972021
2130.02751,0.05602426510715481
2130.02751,0.03697908770745281
2130.02751,0.0814177881684555
2131.58185,0.06238499308226927
2131.58185,0.02429473189280609
2133.13618,0.0623973279479299
2133.13618,0.017958674291898676
2134.69052,0.024319354334986002
2134.69052,0.04336448492971866
2134.69052,0.0
2136.24486,0.01798320207628576
2136.24486,0.0
2137.7992,0.017995394915504198
2137.7992,0.0
2139.35354,0.0
2140.90788,0.0
2142.46222,0.0
2144.01656,0.0
2144.01656,0.0
2145.57089,0.0
2145.57089,0.024404040971627683
2145.57089,0.011707256038491598
2147.12523,0.0
2147.12523,0.01171916466610761
2147.12523,0.037112687727408306
2148.67957,0.06251807204767354
2148.67957,0.005382633458506224
2150.23391,0.037136362876690136
2151.78825,0.10063196045408704
2151.78825,0.056193306798055814
2151.78825,0.03079978373675725
2151.78825,0.06889004492622043
2153.34259,0.06890176407923262
2153.34259,0.11968881020182975
2154.89693,0.09430695892489403
2154.89693,0.14509405185246477
2156.45127,0.15145402192977056
2156.45127,0.11971210640190182
2158.0056,0.164162383835637
2158.0056,0.1260720758412002
2159.55994,0.1514771285812158
2159.55994,0.1959158290422185
2161.11428,0.18323052641914364
2162.66862,0.157848438299257
2162.66862,0.20228709195528607
2164.22296,0.16420821833858543
2164.22296,0.20864687199461454
2165.7773,0.20230981973215753
2167.33164,0.19597276690602267
2167.33164,0.17692758950631854
2167.33164,0.1451857207834234
2168.88598,0.11345505072236274
2168.88598,0.15789370437839395
2170.44032,0.13885977188182003
2170.44032,0.10076946388738536
2171.99465,0.08173548395057187
2171.99465,0.13887092253973704
2171.99465,0.11347739947843849
2173.54899,0.09444332543989446
2175.10333,0.08810603577080865
2175.10333,0.06906085837110452
2175.10333,0.050015727776374
2176.65767,0.08176865192809989
2176.65767,0.050026736400233265
2178.21201,0.03734091272230283
2178.21201,0.06908282825016945
2179.76635,0.018306696014126475
2179.76635,0.05639700400856113
2181.32069,0.05005947805990003
2181.32069,0.024665954998599325
2182.87503,0.03102516661442069
2182.87503,0.01197998921471656
2184.42936,0.011990760926171642
2185.9837,0.03739500839972918
2185.9837,0.012001485338428486
2187.53804,0.03740568544333454
2187.53804,0.024708947315169927
2189.09238,0.04376470758485645
2189.09238,0.0247195769901238
2190.64672,0.050123682357729
2190.64672,0.031078551762996353
2192.20106,0.031089086700649374
2192.20106,0.050134217295382026
2193.7554,0.03109957426965091
2193.7554,0.05649309733094948
2195.30974,0.0438067525981677
2196.86407,0.0755590608910232
2196.86407,0.050165537829724625
2198.41841,0.08826619128751285
2198.41841,0.06922101388780873
2199.97275,0.06288291951594276
2199.97275,0.08827648938221494
2201.52709,0.08193834764169962
2201.52709,0.06924156270856353
2203.08143,0.06925176606596264
2203.08143,0.08829694346566677
2204.63577,0.06291352958814435
2204.63577,0.08195870698784849
2206.19011,0.056575292546648184
2206.19011,0.07562042314138083
2207.74445,0.06928209192625957
2207.74445,0.050236961331529044
2209.29878,0.06929210574478438
2209.29878,0.05024697515005385
2210.85312,0.05025694166450415
2210.85312,0.06930207225923468
2212.40746,0.0502668608103051
2213.9618,0.05662512505401834
2213.9618,0.07567025564875099
2215.51614,0.07568008005724895
2217.07048,0.08203824956366561
2217.07048,0.06299307216396148
2218.62482,0.06300280183515648
2218.62482,0.08839637170142865
2220.17916,0.06936087660427016
2220.17916,0.09475439966556873
2221.7335,0.10111242706603092
2221.7335,0.07571890400473236
2223.28783,0.08842527644157992
2223.28783,0.10747040703631044
2224.84217,0.08843481663847759
2224.84217,0.11382833969977615
2226.39651,0.08844430946672378
2226.39651,0.12018617818961679
2227.95085,0.12654401611577953
2227.95085,0.09480210058791291
2229.50519,0.08846315301726168
2229.50519,0.1202050217401547
2231.05953,0.09482084940114997
2232.61387,0.06308823722692573
2232.61387,0.10117854522136038
2234.16821,0.08849106307818878
2234.16821,0.06944588567848466
2234.16821,0.05040075508375413
2235.72254,0.04406157117443349
2235.72254,0.07580348670230011
2237.27688,0.06946425548372646
2237.27688,0.025025601827695237
2238.83122,0.05042823876833885
2238.83122,0.0
2238.83122,0.025034715707038153
2240.38556,0.025043782217729578
2240.38556,0.04408891281246223
2240.38556,0.0
2241.9399,0.0
2243.49424,0.0
2243.49424,0.0
2245.04858,0.0
2245.04858,0.0
2270.43317,0.020114786726643293
2298.25226,0.11282320397811148
2321.95,0.3022775890749497
2338.43539,0.36966855563253265
2344.61741,0.25608292661744264
2355.95111,0.23087788728778635
2355.95111,0.13830733999814387
2378.72171,0.00026746681928468605
2378.72171,0.0
2380.27605,0.0
2380.27605,0.0
2381.83039,0.0
2381.83039,0.0
2383.38473,0.0
2383.38473,0.0
2383.38473,0.0
2384.93907,0.0
2384.93907,0.0
2386.49341,0.0
2386.49341,0.0
2388.04774,0.0
2389.60208,0.0
2389.60208,0.0
2391.15642,0.0
2391.15642,0.0
2392.71076,0.0
2392.71076,0.0
2394.2651,0.0
2395.81944,0.0
2395.81944,0.0
2397.37378,0.0
2397.37378,0.0
2398.92812,0.0003262153983579339
2400.48246,0.0
2400.48246,0.013027141069820697
2402.03679,0.025728066151121352
2402.03679,0.0
2403.59113,0.025732158957423028
2405.14547,0.013039419461939258
2405.14547,0.038432942523239956
2406.69981,0.03843694059223866
2406.69981,0.019391809997506004
2408.25415,0.051137676225724085
2408.25415,0.03209254563099143
2409.80849,0.057489972023989984
2409.80849,0.025748056496123373
2411.36283,0.025751912459169742
2411.36283,0.05749382798703635
2412.91717,0.04480085164829941
2414.4715,0.019411089788697076
2414.4715,0.044804612849997774
2416.02584,0.03845993424083026
2416.02584,0.019414803646097607
2417.58018,0.006721685201708439
2417.58018,0.03211525506798061
2419.13452,0.025770481721510127
2419.13452,0.0003769586602115586
2420.68886,0.019425661006388158
2420.68886,0.0
2422.2432,0.0
2422.2432,0.013080792922616826
2423.79754,0.0
2423.79754,0.00038753180859744187
2425.35188,0.0
2425.35188,0.0
2426.90621,0.0
2426.90621,0.0
2428.46055,0.0
2428.46055,0.0
2430.01489,0.0
2430.01489,0.0
2431.56923,0.0
2431.56923,0.0
2433.12357,0.0
2433.12357,0.0
2434.67791,0.0
2434.67791,0.0
2436.23225,0.0
2436.23225,0.0
2437.78659,0.0
2437.78659,0.0
2439.34092,0.0
2439.34092,0.0
2440.89526,0.0
2440.89526,0.0
2442.4496,0.0
2444.00394,0.0
2444.00394,0.0
2445.55828,0.0
2445.55828,0.0
2447.11262,0.0
2447.11262,0.0
2447.11262,0.0
2448.66696,0.0
2448.66696,0.0
2450.2213,0.0
2450.2213,0.0
2451.77564,0.0
2451.77564,0.0
2453.32997,0.0
2453.32997,0.0
2453.32997,0.0
2454.88431,0.0
2454.88431,0.0
2456.43865,0.0
2456.43865,0.0
2457.99299,0.0
2457.99299,0.0
2459.54733,0.0
2461.10167,0.0
2462.65601,0.0
2464.21035,0.0
2464.21035,0.0
2465.76468,0.0
2465.76468,0.0
2465.76468,0.0
2467.31902,0.0
2467.31902,0.0
2467.31902,0.0
2468.87336,0.0
2468.87336,0.0
2470.4277,0.0
2470.4277,0.0
2471.98204,0.0
2471.98204,0.0
2471.98204,0.01951695493984609
2471.98204,0.0
2473.53638,0.0
2473.53638,0.025867308624946277
2475.09072,0.0
2475.09072,0.07030787613085815
2476.64506,0.02587108895605823
2476.64506,0.1084000506065241
2478.19939,0.05761482358495359
2478.19939,0.1147502621741209
2479.75373,0.07031333345735089
2479.75373,0.14014555697965217
2481.30807,0.19093432747783262
2481.30807,0.12745049642209727
2482.86241,0.209981135079495
2482.86241,0.19093600448476447
2482.86241,0.1528456964903298
2484.41675,0.22267954965091144
2484.41675,0.17824084918990873
2485.97109,0.20363595452083832
2485.97109,0.23537787004870492
2487.52543,0.21633427435495178
2487.52543,0.22903105928808787
2487.52543,0.21633427435495178
2487.52543,0.22903105928808787
2489.07977,0.26077441554331104
2489.07977,0.2290325468204159
2489.07977,0.2290325468204159
2489.07977,0.26077441554331104
2490.6341,0.2607758556978736
2490.6341,0.2607758556978736
2492.18844,0.2607772484932051
2492.18844,0.24808051036504053
2492.18844,0.2607772484932051
2492.18844,0.24808051036504053
2493.74278,0.2544302482582865
2493.74278,0.2544302482582865
2495.29712,0.24173476138317898
2495.29712,0.2607798919779116
2495.29712,0.24173476138317898
2495.29712,0.2607798919779116
2496.85146,0.2417360120725582
2496.85146,0.26078114266729086
2496.85146,0.26078114266729086
2496.85146,0.2417360120725582
2498.4058,0.23538882292671576
2498.4058,0.23538882292671576
2499.96014,0.235389978878792
2499.96014,0.2544351562784961
2499.96014,0.2544351562784961
2499.96014,0.235389978878792
2501.51448,0.24808787239535285
2501.51448,0.24808787239535285
2501.51448,0.2290427418006223
2501.51448,0.2290427418006223
2503.06881,0.24174054113688326
2503.06881,0.2290438030087208
2503.06881,0.24174054113688326
2503.06881,0.2290438030087208
2504.62315,0.21634803192201085
2504.62315,0.2417415549833094
2504.62315,0.21634803192201085
2504.62315,0.2417415549833094
2506.17749,0.21634899839978763
2506.17749,0.23539412899451817
2506.17749,0.21634899839978763
2506.17749,0.23539412899451817
2507.73183,0.2100015250423449
2507.73183,0.2100015250423449
2507.73183,0.22904670244204903
2507.73183,0.22904670244204903
2509.28617,0.21635078924938675
2509.28617,0.21635078924938675
2510.84051,0.21635161362121122
2510.84051,0.21635161362121122
2512.39485,0.22270078309095223
2512.39485,0.19730726002965365
2512.39485,0.22270078309095223
2512.39485,0.19730726002965365
2513.94919,0.21635312025890568
2513.94919,0.1909595971976071
2513.94919,0.21635312025890568
2513.94919,0.1909595971976071
2515.50353,0.21000541005820764
2515.50353,0.1909602794634771
2515.50353,0.21000541005820764
2515.50353,0.1909602794634771
2517.05786,0.18461252189019633
2517.05786,0.20365765248492687
2517.05786,0.20365765248492687
2517.05786,0.18461252189019633
2518.6122,0.17826471695250182
2518.6122,0.17826471695250182
2518.6122,0.19730989435220594
2518.6122,0.19730989435220594
2520.16654,0.19731043451242797
2520.16654,0.17826525711272384
2520.16654,0.17826525711272384
2520.16654,0.19731043451242797
2523.27522,0.18461458779378362
2523.27522,0.17191784966561902
2524.82956,0.1782665933814853
2526.3839,0.19096372900024172
2526.3839,0.17191859840550905
2527.93824,0.19096403231720843
2527.93824,0.1719189017224758
2529.49257,0.1846158957974636
2531.04691,0.1782677119108658
2531.04691,0.19731288931056992
2532.60125,0.17826787312218456
2532.60125,0.1973130505218887
2534.15559,0.20366151002615254
2534.15559,0.17826798696485396
2535.70993,0.20366157650017044
2535.70993,0.1782680534388719
2537.26427,0.1909648574773744
2537.26427,0.21000998807210491
2537.26427,0.17826807254423832
2538.81861,0.15922291368622274
2538.81861,0.20366156734225183
2540.37295,0.18461636111558474
2540.37295,0.1592228380542862
2541.92728,0.17826784564937584
2541.92728,0.1465259769264807
2543.48162,0.11478389102968106
2543.48162,0.1592225446857123
2545.03596,0.14017719635339512
2545.03596,0.089390150230798
2546.5903,0.11478340818586269
2546.5903,0.06399631525829194
2548.14464,0.10843470324440929
2548.14464,0.08304118018311073
2548.14464,0.03860247972210802
2549.69898,0.000511858689108002
2549.69898,0.0703440354064378
2551.25332,0.038601712666384985
2551.25332,0.0
2551.25332,0.0
2552.80766,0.03860125808554517
2552.80766,0.0005109968960819875
2552.80766,0.0
2554.36199,0.0
2554.36199,0.0
2554.36199,0.0
2555.91633,0.0
2557.47067,0.0
2559.02501,0.0
2559.02501,0.0
2560.57935,0.0
2562.13369,0.0
2562.13369,0.0
2563.68803,0.0
2563.68803,0.0
2565.24237,0.0
2565.24237,0.0005056549834566635
2566.79671,0.0
2566.79671,0.0005047740850642191
2568.35104,0.0
2568.35104,0.019548976418876474
2569.90538,0.006851215850351465
2569.90538,0.025896393250055594
2569.90538,0.04494152384478825
2571.45972,0.05128889330731588
2571.45972,0.025895370246015185
2573.01406,0.051287822934623986
2573.01406,0.019545907406755245
2574.5684,0.025893182131979907
2574.5684,0.0512867051932806
2576.12274,0.03224040948855521
2576.12274,0.05128554008328786
2577.67708,0.038587542671507546
2579.23142,0.03858628282421183
2579.23142,0.019541152229479178
2580.78575,0.03858497561682949
2580.78575,0.019539845022096835
2582.34009,0.0322352753709386
2582.34009,0.01319009797123447
2583.89443,0.0004919578901304355
2583.89443,0.025885480951429004
2585.44877,0.019535639163265794
2585.44877,0.0
2587.00311,0.0
2587.00311,0.006837357539885181
2588.55745,0.0
2590.11179,0.0
2591.66613,0.0
2593.22046,0.03857281263126288
2593.22046,0.0
2594.7748,0.07031299462593403
2594.7748,0.006829163570198672
2596.32914,0.07665960619065512
2596.32914,0.038569298196220465
2597.88348,0.0449158623922922
2597.88348,0.08935456285329489
2599.43782,0.1401397333367421
2599.43782,0.07665590228100888
2600.99216,0.17187972585680944
2600.99216,0.12744102539580673
2600.99216,0.14648620279551086
2600.99216,0.09569910986794013
2602.5465,0.10204553195805953
2602.5465,0.1655293630137949
2604.10084,0.2036176064581537
2604.10084,0.14013382220739193
2605.65517,0.1782220182965425
2605.65517,0.22266071875754517
2605.65517,0.2417058493522757
2607.20951,0.24805212933674503
2607.20951,0.22265860627544645
2607.20951,0.17187156015284719
2607.20951,0.1845682982810118
2608.76385,0.2607467076141594
2608.76385,0.22265644642469623
2610.31819,0.2607445003947598
2611.87253,0.2861358156729788
2611.87253,0.24804550767854414
2613.42687,0.2607399438500062
2613.42687,0.29883025184444084
2614.98121,0.29247951005251877
2614.98121,0.27343437945778826
2614.98121,0.3115246874522229
2616.53555,0.2924771133585154
2616.53555,0.31787063641981395
2618.08988,0.2797779311835719
2618.08988,0.3178681923730351
2618.08988,0.29247466931173655
2619.64422,0.24803352422470332
2619.64422,0.26073026235286795
2619.64422,0.3051689628138706
2621.19856,0.2924696390810832
2621.19856,0.23533420049191586
2621.19856,0.2670761160197846
2622.7529,0.2797703147846157
2622.7529,0.2607251373849137
2622.7529,0.20993809126231444
2624.30724,0.24167737325322672
2624.30724,0.18454193466406155
2625.86158,0.18453925375845573
2627.41592,0.20358165607893106
2627.41592,0.15279460995633393
2628.97026,0.1400950961852605
2628.97026,0.17818535737472369
2630.5246,0.15913740376843502
2630.5246,0.10835035764583574
2632.07893,0.159134533406845
2632.07893,0.10199909481767769
2633.63327,0.1273897001304216
2633.63327,0.08929943894096057
2635.18761,0.0829480813571864
2635.18761,0.114689996885053
2636.74195,0.0702482839381927
2636.74195,0.09564180699949128
2638.29629,0.0956387471449843
2638.29629,0.06389683161711769
2639.85063,0.08293890179366124
2639.85063,0.05754537873236054
2641.40497,0.04484543920741664
2641.40497,0.07658735473528325
2642.95931,0.051190629713523256
2642.95931,0.07658415277482182
2644.51364,0.05753577287203508
2644.51364,0.07658090346676773
2644.51364,0.04483898793890112
2646.06798,0.04483569124144322
2646.06798,0.07657760676930983
2647.62232,0.05118073964190186
2647.62232,0.07022587023663239
2647.62232,0.08292265516976847
2649.17666,0.0702224788018715
2649.17666,0.08926765620157565
2649.17666,0.0575257406737069
2650.731,0.09561256305975983
2652.28534,0.10195746935426403
2652.28534,0.07021555382639742
2653.83968,0.10830232828011886
2653.83968,0.07656041275225225
2655.39402,0.0638600469097536
2655.39402,0.10195035490418825
2655.39402,0.08290522430945772
2656.94835,0.08924998852150547
2656.94835,0.0638564186552333
2658.50269,0.07020113547544016
2658.50269,0.08289792040857624
2658.50269,0.051156004880709635
2660.05703,0.04480388939912893
2661.61137,0.057496903948600867
2661.61137,0.03845172654889886
2663.16571,0.07653821679101788
2663.16571,0.038447908796583226
2663.16571,0.0638414318578818
2664.72005,0.044792436142186275
2664.72005,0.08923113660318897
2666.27439,0.08922722411357249
2666.27439,0.06383365424730031
2667.82873,0.07017808685560252
2667.82873,0.09557160991690108
2669.38306,0.08921925705432228
2669.38306,0.1082643876490528
2670.9374,0.11460872552035639
2672.49174,0.10825623108987242
2672.49174,0.08921110049514189
2674.04608,0.0892069511625766
2674.04608,0.10825208175730712
2675.60042,0.07015757706165356
2675.60042,0.09555110012295213
2677.15476,0.07015333299178741
2677.15476,0.095546856053086
2678.7091,0.07014904155326766
2680.26344,0.07014470274609642
2680.26344,0.0510995721513659
2681.81778,0.07014031657027582
2681.81778,0.0510951859755453
2683.37211,0.07013588305448026
2683.37211,0.04474235999318169
2684.92645,0.05743466401349644
2684.92645,0.038389486613794446
2686.48079,0.03838495833232588
2686.48079,0.05743013573202788
2688.03513,0.051077167615341916
2688.03513,0.032032037020609264
2689.58947,0.03202741400183772
2691.14381,0.03202274361441683
2691.14381,0.05106787420914948
2691.14381,0.07011300480388001
2692.69815,0.08280507198094159
2692.69815,0.04471476398650692
2694.25249,0.08280030685621771
2694.25249,0.05740678379491702
2695.80682,0.06375031699425394
2695.80682,0.09549223252212055
2697.36116,0.0700938495990995
2697.36116,0.10183576512696613
2698.9155,0.09548246543002624
2698.9155,0.07643733483529572
2700.46984,0.108174295764139
2700.46984,0.08912916516940848
2702.02418,0.10816929379646632
2703.57852,0.10181585199357199
2703.57852,0.12086098258830251
2705.13286,0.1272042783498949
2705.13286,0.10181075528859633
2706.6872,0.12085074180969972
2706.6872,0.09545721874840114
2708.24153,0.09545202733967531
2708.24153,0.12084555040097388
2708.24153,0.07640689674494477
2709.79587,0.10814357346218778
2709.79587,0.06370487300118508
2711.35021,0.0573512411603134
2711.35021,0.10178989481634462
2711.35021,0.0827447642216141
2712.90455,0.07639103820711947
2712.90455,0.038300730212684805
2714.45889,0.03829534929610885
2714.45889,0.06368887235740743
2716.01323,0.05733509841058129
2716.01323,0.019244790416146636
2717.56757,0.025587707228835754
2717.56757,0.04463283782356841
2717.56757,0.012890922295699665
2719.12191,0.03827892233446995
2719.12191,0.0001886611450067713
2719.12191,0.019233791739737296
2720.67624,0.01922822138454738
2720.67624,0.0
2722.23058,0.012874211158452447
2722.23058,0.0
2723.78492,0.00017180790211158837
2725.33926,0.00016609540528172436
2725.33926,0.0
2726.8936,0.0
2730.00228,0.00014867370288959626
2731.55662,0.0
2731.55662,0.00014277173145591307
2733.11095,0.006485168091394233
2733.11095,0.0
2734.66529,0.0
2734.66529,0.012827563849532115
2736.21963,0.0
2736.21963,0.01916991223902064
2737.77397,0.000118690198556979
2739.32831,0.006460897045768924
2739.32831,0.025506074445473054
2740.88265,0.01915149579587103
2742.43699,0.03184204717732165
2743.99133,0.025487373790418783
2743.99133,0.03818411191858339
2745.54567,0.02548104550143034
2745.54567,0.03817778362959495
2747.1,0.038171408013129765
2748.65434,0.04451337745371289
2750.20868,0.044506907059078615
2751.76302,0.04450038929579072
2753.31736,0.0444938241638556
2754.8717,0.050835604129834906
2754.8717,0.038138819196698814
2756.42604,0.05082894426059681
2757.98038,0.050822237022705094
2759.53471,0.044467089993205665
2761.08905,0.02541515742358695
2761.08905,0.0444602880183196
2762.64339,0.025408308080047272
2762.64339,0.044453438674779924
2764.19773,0.038098149496022846
2764.19773,0.01270462643472215
2765.75207,0.031742859753587885
2765.75207,0.0190460748204518
2767.30641,0.0
2767.30641,0.025387475837527835
2768.86075,0.0
2770.41509,0.012676565899457527
2770.41509,0.0
2771.96942,0.0
2771.96942,0.0
2773.52376,0.0
2775.0781,0.0
2775.0781,0.0
2775.0781,0.0
2776.63244,0.0
2776.63244,0.0
2778.18678,0.0
2778.18678,0.0
2779.74112,0.0
2779.74112,0.0
2781.29546,0.0
2781.29546,0.0
2782.8498,0.0
2782.8498,0.0
2782.8498,0.0
2784.40413,0.0
2784.40413,0.0
2785.95847,0.0
2785.95847,0.0
2787.51281,0.0
2787.51281,0.0
2789.06715,0.0
2790.62149,0.0
2790.62149,0.0
2792.17583,0.0
2792.17583,0.0
2793.73017,0.0
2795.28451,0.0
2795.28451,0.0
2796.83885,0.01254885342222629
2796.83885,0.0
2796.83885,0.0
2798.39318,0.050631222645990216
2798.39318,0.0
2798.39318,0.025237699584689518
2798.39318,0.0
2799.94752,0.0
2799.94752,0.04427484398917481
2799.94752,0.018881320927874114
2801.50186,0.08235711842471274
2801.50186,0.018873287368977396
2801.50186,0.06331194102500862
2803.0562,0.06965225256402632
2803.0562,0.08869742996373045
2803.0562,0.04425872950272776
2804.61054,0.06964412426782664
2804.61054,0.05059899367309611
2804.61054,0.08868930166753076
2806.16488,0.08233273353611367
2806.16488,0.06328755613640953
2807.71922,0.07597611803604296
2807.71922,0.06327933310290687
2809.27356,0.07596784763389093
2809.27356,0.050574324572592366
2810.82789,0.06961113745018382
2810.82789,0.056914399322019214
2812.38223,0.037860856783166585
2812.38223,0.05690603418286858
2813.93657,0.03150409861377003
2813.93657,0.056897621675068594
2815.49091,0.01879885380418246
2815.49091,0.050540769332051205
2817.04525,0.04418386962038019
2817.04525,0.012441954092511455
2818.59959,0.00608500701218896
2818.59959,0.03147857687846113
2820.15393,0.0
2820.15393,0.02512158242948928
2821.70827,0.0
2821.70827,0.018764540611863813
2823.2626,0.00605905901512459
2823.2626,0.0
2824.81694,0.0
2824.81694,0.0
2826.37128,0.0
2826.37128,0.0
2827.92562,0.0
2827.92562,0.0
2829.47996,0.0
2829.47996,0.0
2831.0343,0.0
2832.58864,0.0
2832.58864,0.0
2834.14298,0.0059968556570852
2834.14298,0.0
2835.69731,0.012336172513583906
2835.69731,0.0
2837.25165,0.005978657010060818
2838.80599,0.0
2838.80599,0.018666271537590373
2840.36033,0.0
2840.36033,0.01230866129676431
2841.91467,0.0059510036872867595
2841.91467,0.0
2843.46901,0.0
2843.46901,0.0
2845.02335,0.0
2845.02335,0.0
2846.57769,0.0
2846.57769,0.0
2846.57769,0.0
2848.13202,0.0
2848.13202,0.0
2848.13202,0.0
2849.68636,0.0059039675042639765
2849.68636,0.0
2849.68636,0.0
2851.2407,0.01859120308289026
2851.2407,0.0
2852.79504,0.0
2852.79504,0.04397512942102967
2854.34938,0.05666227026235085
2854.34938,0.0
2854.34938,0.03126874720105228
2855.90372,0.031259055740590146
2855.90372,0.07569770939662136
2857.45806,0.08838475550064383
2857.45806,0.05664283997277509
2859.0124,0.09472331496447316
2859.0124,0.05663305377500998
2860.56674,0.10741026633119478
2860.56674,0.07566835080332816
2862.12107,0.10105199299328213
2863.67541,0.11373884962300515
2865.22975,0.12007721961253502
2866.78409,0.1200671965718211
2866.78409,0.1327639815049572
2868.33843,0.13910230356215983
2868.33843,0.11370878050086125
2869.89277,0.1200470083844388
2869.89277,0.14544057825071097
2871.44711,0.12003684323777042
2871.44711,0.15177875876563918
2873.00145,0.15176854625032143
2873.00145,0.12637502318902072
2874.55578,0.14540994077091404
2874.55578,0.10097124030991135
2876.11012,0.1390512410520318
2876.11012,0.07556740999629856
2876.11012,0.10096093305759714
2877.66446,0.06286027044219465
2877.66446,0.11364736336976539
2879.2188,0.05015313032441497
2879.2188,0.08824343831884963
2880.77314,0.018400765438277553
2880.77314,0.07553620402744486
2882.32748,0.03743539930609004
2882.32748,0.0
2883.88182,0.0
2885.43616,0.0
2885.43616,0.01836913315156473
2886.99049,0.0
2886.99049,0.0
2886.99049,0.0
2888.54483,0.0
2888.54483,0.0
2888.54483,0.0
2890.09917,0.0
2890.09917,0.0
2891.65351,0.0
2891.65351,0.0
2893.20785,0.0
2894.76219,0.0
2896.31653,0.0
2896.31653,0.0
2897.87087,0.0
2897.87087,0.0
2899.4252,0.0
2899.4252,0.0
2900.97954,0.0
2900.97954,0.0
2902.53388,0.0
2902.53388,0.0
2904.08822,0.0
2904.08822,0.0
2904.08822,0.0
2905.64256,0.0
2907.1969,0.0
2907.1969,0.005519094156094631
2907.1969,0.02456427155579876
2908.75124,0.024552969562422696
2908.75124,0.0
2908.75124,0.049946492623723394
2910.30558,0.011844835267259058
2910.30558,0.0880254512561305
2910.30558,0.06263188138985833
2910.30558,0.037238358328559755
2911.85992,0.06896887712574733
2911.85992,0.0943624001870459
2911.85992,0.13245270818148056
2911.85992,0.04357535406444876
2913.41425,0.11974447922279431
2913.41425,0.06895743310019718
2914.96859,0.16417168821612363
2914.96859,0.10068785716038828
2916.52293,0.13241823385192789
2918.07727,0.17684530130298273
2919.63161,0.1704853220677562
2921.18595,0.16412524865891095
2921.18595,0.17682198678707342
2922.74029,0.1577651278814121
2924.29463,0.17045013713496587
2924.29463,0.1450566140736673
2925.84896,0.1704383141629495
2925.84896,0.11330287557378432
2927.4033,0.08154908962933893
2927.4033,0.1069426126906375
2927.4033,0.14503292068507215
2928.95764,0.08153717184411079
2928.95764,0.13867261043327597
2930.51198,0.037086506229226324
2930.51198,0.1069187297515276
2932.06632,0.018029363111962547
2932.06632,0.062468016767993774
2933.62066,0.011668910754211899
2933.62066,0.0
2933.62066,0.049759218748648686
2935.175,0.0
2935.175,0.030701980894081934
2936.72934,0.011644648865894353
2936.72934,0.0
2938.28367,0.0
2939.83801,0.0
2941.39235,0.0
2941.39235,0.0
2942.94669,0.0
2942.94669,0.0
2944.50103,0.0
2944.50103,0.0
2946.05537,0.0
2947.60971,0.0
2949.16405,0.00519731418080302
2949.16405,0.0
2950.71838,0.0
2950.71838,0.011533125782426561
2952.27272,0.017868889934609274
2952.27272,0.0
2953.82706,0.024204606718142632
2953.82706,0.0
2955.3814,0.03688862179461894
2955.3814,0.0051467062667501975
2956.93574,0.049572636307417366
2956.93574,0.017830720779548625
2958.49008,0.05590821098499626
2958.49008,0.024166295457129647
2960.04442,0.030501822766057056
2960.04442,0.05589534582735563
2961.59876,0.03683725590136363
2961.59876,0.05588243330106563
2963.15309,0.04952108102308901
2964.70743,0.017766158231933796
2964.70743,0.0431596812932345
2966.26177,0.024101496066561753
2966.26177,0.011404711133425668
2967.81611,0.03678513219413692
2967.81611,0.017740001599404264
2969.37045,0.036771982824895987
2969.37045,0.017726852230163334
2970.92479,0.036758786087005696
2970.92479,0.011365263025705
2972.47913,0.011352018919163221
2972.47913,0.0494423269136
2974.03347,0.024035512377103916
2974.03347,0.04308064297183657
2975.58781,0.055764089061127904
2975.58781,0.030370565999829336
2977.14214,0.062099048596502573
2977.14214,0.030357179873607434
2978.69648,0.030343746292766205
2978.69648,0.062085615015661344
2980.25082,0.04937539593800615
2980.25082,0.0049366954770013165
2981.80516,0.030316737025129287
2981.80516,0.0
2983.3595,0.023954768871767684
2983.3595,0.0
2984.91384,0.004895968416616375
2984.91384,0.0
2986.46818,0.0
2986.46818,0.0
2988.02252,0.0
2988.02252,0.0
2989.57685,0.0
2989.57685,0.0
2991.13119,0.0
2992.68553,0.0
2994.23987,0.0
2995.79421,0.0
2995.79421,0.0
2997.34855,0.0
2997.34855,0.0
2998.90289,0.0
2998.90289,0.0
3000.45723,0.0
3000.45723,0.0
3002.01156,0.0
3003.5659,0.0
3003.5659,0.0
3005.12024,0.0
3005.12024,0.0
3006.67458,0.011048664582726108
3006.67458,0.0
3008.22892,0.023731115931262092
3008.22892,0.0
3008.22892,0.0
3009.78326,0.042761865572743155
3009.78326,0.0
3011.3376,0.01735391418953938
3011.3376,0.04274743725084008
3012.89194,0.055429746493421604
3012.89194,0.030036223432123033
3014.44627,0.06811196165596996
3014.44627,0.03637004612810335
3014.44627,0.049066831061239435
3016.00061,0.049052260633688394
3016.00061,0.07444578369498696
3017.55495,0.061734380965648344
3017.55495,0.08077955836535247
3019.10929,0.06806810826736451
3019.10929,0.08711328566706864
3020.66363,0.06805339573386113
3020.66363,0.08075018066699721
3022.21797,0.055341897703541656
3022.21797,0.08073542076484236
3023.77231,0.07437222102747008
3025.32665,0.07435736638801226
3025.32665,0.0553122357932796
3026.88099,0.06799407191333702
3026.88099,0.04894894131860649
3028.43532,0.07432751509947762
3028.43532,0.042585599571611
3029.98966,0.042570602826507334
3029.98966,0.07431251835437394
3031.544,0.07429747424061879
3031.544,0.04890395117932022
3033.09834,0.0996759058195107
3033.09834,0.05523725216347949
3034.65268,0.11235755190158866
3034.65268,0.07426724390715402
3036.20702,0.12503910381004366
3036.20702,0.09964558074874509
3036.20702,0.13773588874317974
3037.76136,0.09963034716038612
3037.76136,0.13137226268825272
3039.3157,0.1250085892646742
3039.3157,0.15040211232597492
3040.87003,0.13134165350434862
3040.87003,0.15038678409908127
3042.42437,0.13767467027690972
3042.42437,0.15671980087164236
3043.97871,0.13765924721425127
3043.97871,0.15670437780898394
3045.53305,0.15034051491110598
3045.53305,0.16938569231080797
3047.08739,0.15667338957771473
3047.08739,0.17571852017244527
3048.64173,0.15030943194253593
3048.64173,0.18205134747040255
3050.19607,0.16299060433840978
3050.19607,0.18838412739970833
3051.75041,0.16932333689906195
3051.75041,0.19471685996036264
3053.30474,0.1756559753873008
3053.30474,0.20104949844859937
3054.85908,0.19468539814409472
3056.41342,0.18197281119939693
3057.96776,0.18195696181918375
3057.96776,0.20100209241391426
3059.5221,0.18828945753688925
3061.07644,0.19462190588594325
3061.07644,0.17557672848623912
3062.63078,0.16921239133847704
3062.63078,0.19460591439977773
3064.18512,0.2072866136731232
3064.18512,0.16919635248366002
3065.73945,0.21361892001986946
3065.73945,0.1755286120254348
3067.29379,0.2326479170227865
3067.29379,0.1882092633667574
3068.84813,0.25802525912362223
3068.84813,0.23263173606232151
3068.84813,0.20723821300102296
3070.40247,0.24531229266634327
3070.40247,0.2770542081942099
3071.95681,0.27068954002987816
3071.95681,0.22625088637384694
3073.51115,0.28337000189659484
3075.06549,0.27065684652839206
3075.06549,0.22621819287236086
3076.61983,0.25159529812993914
3078.17416,0.25157883306365325
3078.17416,0.21348852506921862
3079.7285,0.20077522759536579
3079.7285,0.23886553558980042
3081.28284,0.18806192955783504
3081.28284,0.21980384508570167
3082.83718,0.19439371474638548
3082.83718,0.21978723780768405
3082.83718,0.1690001916850848
3084.39152,0.15628675210528176
3084.39152,0.17533188270001226
3084.39152,0.1943770600997164
3085.94586,0.18166357315125975
3085.94586,0.14992165762339313
3087.5002,0.17529843130071965
3087.5002,0.14990490823942107
3089.05454,0.1562365039533677
3089.05454,0.1181461959589309
3090.60888,0.09908422124292747
3090.60888,0.06734230571506086
3090.60888,0.14352292170393016
3092.16321,0.0736738068005297
3092.16321,0.1308092453896949
3093.71755,0.03556655994782567
3093.71755,0.11174717593669499
3095.27189,0.010156050659601975
3095.27189,0.08633666664847342
3096.82623,0.0037906245974615735
3096.82623,0.03553254012533032
3096.82623,0.06092606318662888
3096.82623,0.07997124058633301
3096.82623,0.022835801997165703
3098.38057,0.0
3098.38057,0.04186385162767664
3098.38057,0.022818721032943988
3099.93491,0.04184672329480131
3099.93491,0.0037564153003645244
3099.93491,0.09263376941739845
3101.48925,0.003739239598839834
3101.48925,0.06722307065457518
3101.48925,0.11801011677717232
3101.48925,0.07991985558771128
3101.48925,0.029132809465112007
3103.04359,0.060857455117830965
3103.04359,0.162431594168001
3104.59792,0.11797562337943288
3104.59792,0.2068529774964668
3106.15226,0.2322291827505906
3106.15226,0.16239700603326293
3106.15226,0.20683565968929202
3107.7066,0.18142477145216931
3107.7066,0.2385602100413345
3109.26094,0.25123958242999705
3109.26094,0.21949766690213046
3110.81528,0.2575704681784665
3110.81528,0.23852533758373387
3112.36962,0.25755296089669005
3113.92396,0.26388379871283013
3115.4783,0.2702145891603187
3115.4783,0.23847267363244998
3117.03263,0.24480341682498857
3117.03263,0.27019693988628923
3118.58697,0.21939219700761406
3118.58697,0.2384373276023446
3118.58697,0.2638308506636453
3120.14131,0.2130260604163186
3120.14131,0.24476797594418523
3121.69565,0.20665987645637166
3121.69565,0.23205339951767023
3123.24999,0.18124851453304483
3123.24999,0.22568721499404754
3124.80433,0.15583710524106653
3124.80433,0.20662415136366366
3124.80433,0.11774679724662973
3126.35867,0.20660621776433244
3126.35867,0.18121269470303386
3126.35867,0.12407725611386655
3127.91301,0.07327222902328669
3127.91301,0.16849797560688654
3127.91301,0.09866575208458526
3129.46734,0.08595098573592923
3129.46734,0.0669058083362251
3129.46734,0.02246715468019388
3129.46734,0.12404124692539029
3131.02168,0.04784260203651538
3131.02168,0.009752294042078596
3131.02168,0.06688773263124591
3131.02168,0.08593291003095004
3132.57602,0.022430955901583997
3132.57602,0.003385778501879868
3132.57602,0.06686960955761521
3134.13036,0.0033676080595998253
3134.13036,0.035109523587468563
3135.6847,0.00969778271523421
3137.23904,0.016027910002219238
3138.79338,0.05409990544841939
3138.79338,0.022357989920552778
3140.34772,0.054081545531535526
3140.34772,0.03503636813183353
3141.90206,0.05406313824599805
3141.90206,0.04136635331286409
3143.45639,0.0476962912441274
3145.01073,0.04767778922159557
3146.56507,0.041310847363842086
3146.56507,0.05400763229697604
3148.11941,0.03494385813743924
3148.11941,0.053989035537141246
3149.67375,0.05397039140865496
3149.67375,0.041273606475520995
3151.22809,0.04125491497838535
3151.22809,0.05395169991151931
3152.78243,0.053932961045730046
3152.78243,0.04123617611259609
3154.33677,0.05391417481129143
3154.33677,0.04121738987815747
3155.8911,0.05389534132952049
3155.8911,0.04119855639638653
3157.44544,0.05387646035808539
3158.99978,0.06655427014616341
3158.99978,0.04750913955143289
3160.55412,0.07288368690399338
3160.55412,0.05383855630926074
3162.10846,0.07286466382660382
3162.10846,0.060167878893467745
3163.6628,0.07919398584713083
3163.6628,0.0601488084474267
3165.21714,0.06647808309930434
3165.21714,0.0918716061606029
3166.77148,0.09185244097726102
3166.77148,0.06645891791596245
3168.32581,0.07278809795429547
3168.32581,0.10453001348216209
3169.88015,0.0727688380339571
3169.88015,0.09816236109525568
3169.88015,0.1172074916899862
3171.43449,0.12353657686756439
3171.43449,0.09179466133969777
3172.98883,0.13621400714305915
3172.98883,0.09812369914862448
3174.54317,0.14254299758333436
3174.54317,0.11080108205546774
3176.09751,0.14887189384998872
3176.09751,0.12347837078868804
3177.65185,0.15520078955296096
3177.65185,0.12980726649166027
3179.20619,0.16152963788728597
3179.20619,0.13613611482598528
3180.76052,0.17420678464074724
3180.76052,0.1424649159178521
3182.31486,0.1551420151767751
3182.31486,0.1741871457715056
3183.8692,0.16147072140545
3183.8692,0.18051585200018053
3185.42354,0.16779938026547128
3185.42354,0.18684451086020396
3186.97788,0.16777959929027733
3186.97788,0.18682472988500998
3188.53222,0.1741081166080263
3188.53222,0.19315329400773043
3190.08656,0.19313341829523348
3190.08656,0.17408824089552935
3191.6409,0.1994618408756816
3191.6409,0.1804167102809511
3193.19523,0.1930935248929219
3194.74957,0.20577024520293946
3194.74957,0.18672511460820893
3196.30391,0.19305344188798057
3196.30391,0.2120985724827111
3197.85825,0.1930333293325327
3197.85825,0.21207845992726324
3199.41259,0.19301316940843546
3199.41259,0.21205830000316597
3200.96693,0.21203809271041726
3202.52127,0.21201783804901703
3204.07561,0.21199753601896534
3205.62995,0.21197718662026427
3207.18428,0.19291165938955726
3207.18428,0.2119567899842878
3208.73862,0.19289121525385758
3208.73862,0.21193634584858811
3210.29296,0.199219069411103
3211.8473,0.20554692300467053
3211.8473,0.22459210040437466
3213.40164,0.2309198598243171
3213.40164,0.21187472922958658
3214.95598,0.23724761868058167
3214.95598,0.21820248808585113
3216.51032,0.24357533016819471
3216.51032,0.2245301995734642
3218.06466,0.22450947122585987
3218.06466,0.24990299428715843
3219.61899,0.24988221870471788
3221.17333,0.2435130031535469
3222.72767,0.23714374023372656
3222.72767,0.2561888708284592
3224.28201,0.23712282241182278
3224.28201,0.2561679530065554
3225.83635,0.2497986421544036
3227.39069,0.24977762959519684
3227.39069,0.21803571406733022
3227.39069,0.23073245219549268
3228.94503,0.20531786920633802
3228.94503,0.24975656966734072
3230.49937,0.2052967619098304
3230.49937,0.23703867743769702
3232.0537,0.19257886925276116
3232.0537,0.21797239231405974
3233.60804,0.19255766721925707
3233.60804,0.17351248981955295
3233.60804,0.2116027978139876
3235.16238,0.18618802535053347
3236.71672,0.1861667285797264
3236.71672,0.16077320551842783
3238.27106,0.15440346891240125
3239.8254,0.15438207740429122
3239.8254,0.17342720799902175
3241.37974,0.17340576912226235
3241.37974,0.15436063852753185
3242.93408,0.17973267534341952
3242.93408,0.14799075981555293
3244.48841,0.16701440373988408
3244.48841,0.1924079268011848
3244.48841,0.14162088067858553
3246.04275,0.19873469148037187
3246.04275,0.16064443029091083
3247.59709,0.2368033711237477
3247.59709,0.18601632500115053
3249.15143,0.21773656480930684
3250.70577,0.22406323418751306
3250.70577,0.26215349537697624
3250.70577,0.21136644925437698
3252.26011,0.2430865943252324
3252.26011,0.27482850985309903
3253.81445,0.2557615146277344
3253.81445,0.27480669202743635
3255.36879,0.26208804189998824
3255.36879,0.2747848268331222
3256.92313,0.26841452180359066
3258.47746,0.2747409544799767
3258.47746,0.26204416954684273
3260.0318,0.26202216224688063
3260.0318,0.2747189471800146
3261.58614,0.26834850004483507
3263.14048,0.2556296130744339
3263.14048,0.2746747904741359
3264.69482,0.2683042486016555
3264.69482,0.25560746366851944
3266.24916,0.24923692123235697
3266.24916,0.2682820518270896
3267.8035,0.2682598076838743
3267.8035,0.24921467708914166
3269.35784,0.24919238557727277
3269.35784,0.2682375161720054
3270.91217,0.24917004684062666
3270.91217,0.26821517743535933
3270.91217,0.26821517743535933
3270.91217,0.24917004684062666
3272.46651,0.2681927911864939
3272.46651,0.25549600625335783
3272.46651,0.25549600625335783
3272.46651,0.2681927911864939
3274.02085,0.255473572635841
3274.02085,0.255473572635841
3275.57519,0.2554510916496747
3275.57519,0.27449626904937674
3275.57519,0.2554510916496747
3275.57519,0.27449626904937674
3277.12953,0.26177695576142507
3277.12953,0.2871704788227237
3277.12953,0.2871704788227237
3277.12953,0.26177695576142507
3278.68387,0.2681027725045239
3278.68387,0.2681027725045239
3278.68387,0.3061930804989586
3278.68387,0.3061930804989586
3280.23821,0.2934736724737018
3280.23821,0.2934736724737018
3281.79255,0.2934510020129318
3281.79255,0.31884452507423033
3281.79255,0.33788970247393446
3281.79255,0.31884452507423033
3281.79255,0.2934510020129318
3281.79255,0.33788970247393446
3283.34688,0.35056372291898463
3283.34688,0.31247341492455
3283.34688,0.35056372291898463
3283.34688,0.31247341492455
3284.90122,0.3505409577212181
3284.90122,0.3187990421933515
3284.90122,0.3187990421933515
3284.90122,0.3505409577212181
3286.45556,0.33147301456006745
3286.45556,0.33147301456006745
3286.45556,0.356866537621366
3286.45556,0.356866537621366
3288.0099,0.3568436776862965
3288.0099,0.3568436776862965
3289.56424,0.33777563978784503
3289.56424,0.3504723779160075
3289.56424,0.33777563978784503
3289.56424,0.3504723779160075
3291.11858,0.344101030777067
3292.67292,0.3377296830744507
3294.22726,0.33135824119820934
3295.78159,0.33133514456863083
3295.78159,0.35038027516336134
3297.33593,0.3503571310166916
3297.33593,0.331312000421961
3298.89027,0.35033393950137026
3298.89027,0.3376372013732078
3301.99895,0.3439390218982052
3303.55329,0.3502640807434975
3303.55329,0.331218950148767
3305.10763,0.3502406997535724
3305.10763,0.3311955691588419
3306.66197,0.3311721408002653
3308.2163,0.32480027275765466
3308.2163,0.3121034878245186
3309.77064,0.3120799647289455
3309.77064,0.3374735345952177
3311.32498,0.312056394264721
3312.87932,0.3120327764318449
3312.87932,0.3374263462981171
3314.43366,0.3183575036968854
3314.43366,0.33740268109658955
3315.988,0.33103057605984465
3315.988,0.35007570665457516
3315.988,0.31833379112670857
3317.54234,0.3500519467157447
3317.54234,0.3310068161210141
3319.09668,0.33733140128010447
3319.09668,0.3690732700029996
3320.65102,0.3817462002600022
3320.65102,0.34365589226556753
3322.20535,0.3753739059025825
3322.20535,0.3499803828412818
3322.20535,0.40076742896388107
3323.75969,0.4134402644838893
3323.75969,0.3753499564894547
3325.31403,0.3816743521742413
3325.31403,0.4261130058302725
3326.86837,0.4006954386185453
3326.86837,0.42608896167984384
3326.86837,0.4387857466129799
3328.42271,0.40701973956603316
3328.42271,0.44511004756046785
3329.97705,0.4133439931448696
3329.97705,0.43873751620616813
3331.53139,0.42601654501664893
3333.08573,0.43234070385818235
3333.08573,0.4069471807968838
3334.64006,0.42596803055429644
3336.1944,0.3942018334693702
3337.74874,0.40687419586685436
3337.74874,0.34973875727768705
3339.30308,0.38780464217278765
3339.30308,0.36875946477308563
3339.30308,0.3370175960501905
3339.30308,0.4068497727675203
3340.85742,0.3115995557159349
3340.85742,0.37508338677167025
3342.41176,0.33062021527900415
3342.41176,0.2798331691564049
3343.9661,0.3242472576071497
3343.9661,0.2734602114845504
3345.52044,0.29882912197191536
3345.52044,0.26708720644404876
3347.07477,0.2797593315934008
3347.07477,0.31784959278286395
3347.07477,0.29880446218813345
3348.62911,0.3051281473437671
3348.62911,0.32417327793849765
3348.62911,0.28608296994406296
3350.18345,0.31780013079234376
3350.18345,0.29240660773104515
3351.73779,0.34316885180540707
3351.73779,0.30507859061594605
3351.73779,0.3177753287441085
3353.29213,0.31775047932722184
3353.29213,0.35584078732165647
3354.84647,0.3685126286642829
3354.84647,0.3367707599413878
3356.40081,0.3494425539153627
3356.40081,0.3938812543763654
3357.95515,0.4065530009816889
3357.95515,0.3684626929872542
3359.50948,0.41922474718457897
3359.50948,0.3684376542570082
3361.06382,0.38745774539687255
3361.06382,0.4318963990529038
3362.61816,0.37473582683525164
3362.61816,0.42552287295784874
3364.1725,0.37471064583811103
3364.1725,0.4191493462991137
3365.72684,0.41277572546675784
3365.72684,0.36198867934415857
3365.72684,0.3810338099388891
3367.28118,0.3937053191375837
3367.28118,0.342918226210013
3368.83552,0.3301961649787597
3370.38986,0.36191271003488185
3370.38986,0.3111256171073111
3371.9442,0.298403461138757
3371.9442,0.26666154561089034
3371.9442,0.34284211479478605
3373.49853,0.33646830408813233
3373.49853,0.272984473032397
3375.05287,0.2983524835163053
3375.05287,0.22852025999400186
3376.60721,0.2729334005089628
3376.60721,0.19675278452009348
3378.16155,0.22212074707167456
3378.16155,0.2538626157945697
3378.16155,0.19037883154380794
3379.71589,0.20939830745519375
3379.71589,0.2474886154496284
3379.71589,0.19670152252205766
3381.27023,0.24746291339763432
3381.27023,0.20302421293663162
3382.82457,0.22204364091569018
3382.82457,0.2537855096385853
3384.37891,0.2220178441263931
3384.37891,0.2601081053158563
3385.93324,0.24103713072960023
3385.93324,0.27277904625746685
3387.48758,0.24735963166987476
3387.48758,0.27275315473117334
3389.04192,0.2663788233696624
3390.59626,0.2790496220391998
3392.1506,0.27902358840695396
3393.70494,0.2853458530676532
3393.70494,0.26630072247292264
3395.25928,0.28531972469810435
3396.81362,0.24085489530387277
3396.81362,0.2789452032983074
3398.36795,0.27257058789374977
3398.36795,0.23448027989931514
3398.36795,0.2535254104940478
3399.92229,0.25984753248542114
3399.92229,0.22175727129595796
3401.47663,0.24712447651340824
3401.47663,0.21538256098554162
3403.03097,0.2344013263677724
3403.03097,0.20265941083990577
3404.58531,0.1962846057921886
3406.13965,0.1454710997197908
3406.13965,0.20895493077552404
3407.69399,0.13909624673974214
3407.69399,0.17718650792920532
3409.24833,0.10732777652477406
3409.24833,0.16446321511393924
3410.80266,0.1263463052350509
3410.80266,0.09460438970718428
3410.80266,0.1517398282963516
3412.357,0.0945777402830842
3412.357,0.15171317887225153
3413.91134,0.11359617408506317
3413.91134,0.09455104349033264
3413.91134,0.15168648207949995
3415.46568,0.11356942992366224
3417.02002,0.17067807698277715
3417.02002,0.12623942332674593
3418.57436,0.15160610748934272
3418.57436,0.18334802301720934
3420.1287,0.15792761368855537
3420.1287,0.19601787487801642
3421.68304,0.17694581064728115
3423.23737,0.18326722228292933
3423.23737,0.19596396041109182
3424.79171,0.20228532450465864
3424.79171,0.1832401939099281
3426.34605,0.1895615106348413
3427.90039,0.1895343875245371
3427.90039,0.20857951811926764
3429.45473,0.18950721704558143
3429.45473,0.20855234764031197
3431.00907,0.2021767373261389
3431.00907,0.18313160673140835
3432.56341,0.2021494721098802
3432.56341,0.1831043415151497
3434.11775,0.2021221595249722
3435.67209,0.16400453838194953
3435.67209,0.18304966897668218
3435.67209,0.19574640710484467
3437.22642,0.15762873876965253
3437.22642,0.18937065429751915
3438.78076,0.13220776101779586
3438.78076,0.17664641467382708
3440.3351,0.10678673589728983
3440.3351,0.17027052014805158
3441.88944,0.07501727094156427
3441.88944,0.13850110199729748
3443.44378,0.07498967414505596
3443.44378,0.11942832780108505
3443.44378,0.1384735052007892
3444.99812,0.09400716057462455
3444.99812,0.06226524504675794
3446.55246,0.1130245996355438
3446.55246,0.06223755351294666
3448.1068,0.08125499201018802
3448.1068,0.06220981461048389
3448.1068,0.11934525319964907
3449.66113,0.08122720591799286
3449.66113,0.12566585957402196
3451.21547,0.10024450287326414
3451.21547,0.14468315652929536
3452.76981,0.14465527552118462
3452.76981,0.11291335999331589
3452.76981,0.12561014492645198
3454.32415,0.15097573961099045
3454.32415,0.12558221654968976
3455.87849,0.15094776386557887
3457.43283,0.16361652568464977
3457.43283,0.14457134828494775
3458.98717,0.16993680086353177
3458.98717,0.15089167026880124
3460.54151,0.15721194488400325
3460.54151,0.16990868301216572
3462.09584,0.157183779845344
3463.65018,0.16350395972354742
3463.65018,0.18254909031828007
3465.20452,0.1634756997665334
3465.20452,0.18252083036126607
3466.75886,0.16344739244086792
3466.75886,0.17614413056903253
3468.3132,0.18881256080785375
3469.86754,0.1887841587448874
3469.86754,0.16973898134518328
3471.42188,0.1760589243801335
3471.42188,0.19510405497486402
3472.97622,0.18237882004643435
3472.97622,0.2014239506411649
3474.53055,0.18235027606130894
3474.53055,0.20774379912260751
3476.08489,0.21406360005190975
3476.08489,0.19501842265220562
3477.63923,0.22673169927415496
3477.63923,0.2013381762128564
3479.19357,0.22670301299958834
3479.19357,0.2076578824048578
3480.74791,0.23302267182293826
3480.74791,0.21397754122820772
3482.30225,0.2139487602163381
3482.30225,0.23299389081106864
3483.85659,0.22026832430238505
3485.41093,0.22658779421480904
3485.41093,0.24563297161451317
3486.96527,0.2392556560301232
3488.5196,0.23922668573018657
3490.07394,0.239197667875366
3491.62828,0.2201234720571656
3491.62828,0.23282021018532806
3493.18262,0.21374596699847614
3493.18262,0.23279109759320668
3494.73696,0.22641354516586573
3494.73696,0.19467162963799914
3496.2913,0.22003599217484907
3496.2913,0.1946424223085769
3497.84564,0.18191642948233855
3497.84564,0.21365834501020517
3499.39998,0.20093225801034387
3499.39998,0.1755387349490453
3499.39998,0.15014521188774674
3500.95431,0.16281264757448
3500.95431,0.13107073204661338
3500.95431,0.18185777816921264
3502.50865,0.16278325077075617
3502.50865,0.12469294277632152
3504.06299,0.11196671367081225
3504.06299,0.143708629198681
3505.61733,0.13098239952949173
3505.61733,0.11193722212978759
3507.17167,0.09921094509195108
3507.17167,0.12460446815324965
3508.72601,0.08648457388048736
3508.72601,0.11822648940835397
3510.28035,0.08010659457191592
3510.28035,0.10550011763321449
3511.83469,0.09912204415101795
3511.83469,0.07372852108971939
3513.38902,0.09274392349158514
3513.38902,0.06735040043028657
3514.94336,0.08001740961079558
3514.94336,0.060972232211091444
3516.4977,0.05459401662324695
3516.4977,0.07998758648951912
3518.05204,0.06726093106645722
3518.05204,0.04821580047172457
3519.60638,0.04183749014657924
3519.60638,0.06088262074130976
3521.16072,0.04815591738591637
3522.71506,0.03542911985690214
3522.71506,0.0481259047900361
3524.2694,0.04174745235893843
3525.82373,0.04171734521960746
3527.37807,0.02899040558494314
3528.93241,0.04165698844789951
3528.93241,0.01626346538659881
3530.48675,0.035278346542500255
3530.48675,0.009884823481199559
3532.04109,0.003506134207150949
3532.04109,0.016202919140287035
3532.04109,0.028899657268451645
3533.59543,0.0
3533.59543,0.022520967430723026
3535.14977,0.0
3535.14977,0.016142183419371445
3536.70411,0.0
3536.70411,0.0034149595728003306
3538.25844,0.0
3538.25844,0.0033844734870052836
3539.81278,0.0
3541.36712,0.0
3542.92146,0.015989515362894526
3542.92146,0.0
3544.4758,0.022307232073076604
3546.03014,0.009579724014905195
3546.03014,0.034973247076205895
3547.58448,0.015897345987788556
3547.58448,0.053987607177251734
3549.13882,0.02856326625361487
3549.13882,0.05395678931491344
3549.13882,0.07935035918118562
3550.69316,0.047577578422329216
3550.69316,0.09836462454492848
3550.69316,0.06662270901706187
3552.24749,0.0665917966164535
3552.24749,0.1110304502724826
3553.80183,0.1300446677042026
3553.80183,0.0856059672431999
3555.35617,0.09827174483969824
3555.35617,0.13636205283413289
3556.91051,0.11728582072914165
3556.91051,0.14267934379044234
3558.46485,0.1236031111217711
3558.46485,0.15534502664963984
3560.01919,0.13626874661231922
3560.01919,0.16801061533521436
3561.57353,0.14258589546267422
3561.57353,0.1679794185239728
3563.12787,0.14890304374935134
3563.12787,0.17429656681064992
3564.6822,0.16791688299700944
3564.6822,0.18696206039671356
3566.23654,0.1932790671414206
3566.23654,0.16788554408012202
3567.79088,0.19959607332244975
3569.34522,0.1868679015400969
3569.34522,0.20591303213482742
3570.89956,0.20588155111198556
3570.89956,0.18683642051725502
3572.4539,0.19950163025392628
3574.00824,0.16772813896591482
3574.00824,0.19947005449378144
3575.56258,0.18039330077025673
3575.56258,0.16134817017552405
3577.11691,0.16131649988198754
3578.67125,0.15493638954963096
3578.67125,0.17398152014436147
3580.22559,0.15490462431518878
3580.22559,0.17394975490991932
3581.77993,0.15487281171209513
3581.77993,0.17391794230682567
3583.33427,0.1802344748016486
3583.33427,0.1611893442069159
3584.88861,0.1865509599278221
3584.88861,0.16115743686652143
3586.44295,0.18651900521877615
3587.99729,0.16744182574137453
3587.99729,0.18648700314107866
3587.99729,0.14204830268007598
3589.55162,0.13566790777847668
3589.55162,0.17375816896793986
3591.10596,0.12293902603064666
3591.10596,0.1546809415585154
3592.6603,0.12925527431386927
3592.6603,0.11021009691416514
3594.21464,0.12922308276187233
3594.21464,0.10382955970057378
3595.76898,0.1037973207799275
3597.32332,0.12281016508536026
3598.87766,0.122777831427411
3598.87766,0.10373270083268048
3600.432,0.1290938428673783
3600.432,0.11004866546767418
3601.98634,0.12271302200555803
3603.54067,0.1290289389173143
3603.54067,0.10998376151761016
3605.09501,0.10995123838536146
3605.09501,0.1289964157850656
3606.64935,0.10991866788446127
3606.64935,0.1289638452841654
3608.20369,0.12258283494804781
3608.20369,0.09718931188674924
3609.75803,0.0971566466485482
3609.75803,0.11620177724327872
3611.31237,0.09077554157512764
3611.31237,0.10982067216985816
3612.86671,0.09074278159962575
3612.86671,0.10978791219435628
3614.42105,0.11610349731676882
3615.97538,0.09702551222076031
3615.97538,0.12241903528205889
3617.52972,0.12238613320090691
3619.08406,0.09061126822323896
3620.6384,0.12232018693265274
3620.6384,0.09057827140478614
3622.19274,0.06515170415638326
3622.19274,0.1159387502789804
3623.74708,0.04607348200589481
3623.74708,0.09051213566192604
3625.30142,0.02699516568178766
3626.85576,0.01426524126056428
3626.85576,0.0587038949165955
3628.41009,0.014232007812822217
3628.41009,0.06501905393542148
3629.96443,0.02689546491093158
3629.96443,0.06498577290536624
3631.51877,0.03321052897879502
3631.51877,0.04590731391192898
3633.07311,0.08396419933403607
3633.07311,0.045873938144572884
3634.62745,0.06488564560329796
3634.62745,0.09662756113116458
3636.18179,0.07120056756520907
3636.18179,0.10294248309307569
3637.73613,0.083863787820061
3637.73613,0.10925731088135957
3639.29047,0.12192053057253574
3639.29047,0.09652700751123718
3640.8448,0.13458370311146356
3640.8448,0.10284178758359695
3640.8448,0.11553852571175943
3642.39914,0.11550486573280305
3642.39914,0.14089838879410374
3643.95348,0.1345163357848993
3645.50782,0.12178579613550385
3645.50782,0.1408309267302365
3647.06216,0.14079712464532565
3647.06216,0.121751994050593
3648.6165,0.1217181445970328
3648.6165,0.14076327519176546
3650.17084,0.14072937836955163
3650.17084,0.12168424777481897
3651.72518,0.12799869605052597
3653.27951,0.1279647047098515
3654.83385,0.12793066578199183
3656.38819,0.1278965794854807
3656.38819,0.1151997945523446
3657.94253,0.12786244582031805
3657.94253,0.11516566088718197
3659.49687,0.1087830873867998
3659.49687,0.12782826478650394
3661.05121,0.11509725145090437
3661.05121,0.12779403638404047
3662.60555,0.12141136814635745
3664.15989,0.11502865254002295
3665.71423,0.11499428203160714
3667.26856,0.12130825684268952
3668.8229,0.10222866100254457
3668.8229,0.12127379159727511
3670.37724,0.10854249405007524
3670.37724,0.12123927898321132
3671.93158,0.10850793406735786
3673.48592,0.1084733267159911
3675.04026,0.10843867199597286
3676.5946,0.10205562424571082
3676.5946,0.07666210118441226
3678.14894,0.07027895926052301
3678.14894,0.09567248232182157
3678.14894,0.05758217432738692
3679.70327,0.07024416265857326
3681.25761,0.08925444905898823
3681.25761,0.0384674029363911
3681.25761,0.06386092599768967
3682.81195,0.01938738077868927
3682.81195,0.0638260344347205
3684.36629,0.0066556569139346496
3684.36629,0.025700787508667302
3684.36629,0.0447459649083693
3685.92063,0.044710978608099285
3685.92063,0.012969063080232672
3687.47497,0.019282421877879208
3687.47497,0.04467594493917778
3689.02931,0.031944078968472955
3689.02931,0.06368599449633956
3690.58365,0.06365086609011508
3690.58365,0.02556055809568043
3692.13798,0.06996408300826931
3692.13798,0.04457055994696862
3693.69232,0.04453533680374766
3693.69232,0.0762772523316164
3695.24666,0.04450006629187734
3695.24666,0.06354519688660999
3696.801,0.06985827147265623
3698.35534,0.05077772882377882
3699.90968,0.050742316205956164
3699.90968,0.031697185611225635
3701.46402,0.03166172562474937
3703.01836,0.06336813379749036
3703.01836,0.03162621826962375
3704.57269,0.06333257930261035
3704.57269,0.044287448707877694
3706.12703,0.0569485847439202
3706.12703,0.03790345414918968
3706.12703,0.08234210780521878
3707.68137,0.08865485081101322
3707.68137,0.06326132774971466
3709.23571,0.09496754644815619
3709.23571,0.056877238453721536
3710.79005,0.08858340978351159
3712.34439,0.0821992257502155
3712.34439,0.04410896456075232
3713.89873,0.06311825622010757
3713.89873,0.02502794822567291
3715.45307,0.06308236991607867
3715.45307,0.024992061921644014
3717.00741,0.03130452071553168
3717.00741,0.005910997654230978
3718.56174,0.0
3718.56174,0.012223409311109941
3718.56174,0.05031367050057312
3720.11608,0.031232511496165734
3720.11608,0.005838988434865038
3721.67042,0.05658995877913596
3721.67042,0.01849969758967278
3723.22476,0.08829575116002274
3723.22476,0.06290222809872417
3723.22476,0.04385709750399151
3724.7791,0.05016927264995889
3724.7791,0.08825958064439354
3726.33344,0.10092014769324896
3726.33344,0.06917823216538234
3727.88778,0.08183870504061266
3727.88778,0.10723222810191123
3729.44212,0.11354430794689561
3729.44212,0.09449917735216509
3730.99645,0.09446281759600982
3730.99645,0.11985634065730838
3732.55079,0.10077480270399772
3732.55079,0.1388650638934609
3734.10513,0.11343508610492858
3734.10513,0.14517700163279734
3734.10513,0.16422213222752785
3735.65947,0.17688241506478297
3735.65947,0.11974697647561566
3737.21381,0.20223938866154909
3737.21381,0.24032969665598372
3737.21381,0.13875555760581584
3738.76815,0.24664144548439634
3738.76815,0.1831576612336346
3738.76815,0.284731753478831
3740.32249,0.2783467168104275
3740.32249,0.19581775515996164
3741.87683,0.24656810971207613
3741.87683,0.3037035483012413
3743.43116,0.2020927173534234
3743.43116,0.27192494087572466
3743.43116,0.29097007147045734
3744.9855,0.2782365002298378
3744.9855,0.21475271597907608
3744.9855,0.29093328516297395
3744.9855,0.24014623904037466
3746.53984,0.25915453595897453
3746.53984,0.17662557430850867
3748.09418,0.13849838526928765
3748.09418,0.2210273469197514
3748.09418,0.18928543139188478
3749.64852,0.1257647187276873
3749.64852,0.20194528791158514
3749.64852,0.15750663425555392
3749.64852,0.17655176485028656
3751.20286,0.16381800413506326
3751.20286,0.11303095801246399
3752.7572,0.13203911226143156
3752.7572,0.10664554239515937
3754.31154,0.12565364927547332
3754.31154,0.10026012621417474
3755.86587,0.08752622363195309
3755.86587,0.11926813915981971
3757.42021,0.10653418897029908
3757.42021,0.07479232024740606
3758.97455,0.09380023821709843
3758.97455,0.07475510762236791
3760.52889,0.04932427776240822
3760.52889,0.08741458575684287
3762.08323,0.055635362866637256
3762.08323,0.03659023227190673
3763.63757,0.030204485074348194
3763.63757,0.06829479306878285
3765.19191,0.06190899850257496
3765.19191,0.0238186905081403
3765.19191,0.0428638679078423
3766.74625,0.06187154903428362
3766.74625,0.023781241039848966
3768.30058,0.030092136910865246
3768.30058,0.09357596796659846
3768.30058,0.0681824449052999
3769.85492,0.09353842376131066
3769.85492,0.03005459270557743
3769.85492,0.055448115766876
3771.40926,0.13159114018180387
3771.40926,0.061758916659502616
3772.9636,0.15059863183394576
3772.9636,0.12520510877264504
3772.9636,0.09346319324477843
3774.51794,0.11247063752826882
3774.51794,0.1505609455227056
3776.07228,0.15052321184281184
3776.07228,0.12512968878151115
3779.18096,0.14409920991050607
3780.7353,0.13771294165809192
3782.28963,0.13767501874772897
3783.84397,0.11859191763015374
3783.84397,0.14398544069145444
3783.84397,0.10589513269701765
3785.39831,0.1058571148055236
3785.39831,0.13759903033339235
3786.95265,0.12486422694508431
3786.95265,0.08677391895064966
3788.50699,0.10578093691658315
3790.06133,0.06130412326310766
3790.06133,0.09304603879097427
3791.61567,0.04222078530227713
3791.61567,0.08031104649174031
3793.17001,0.03583413810096185
3793.17001,0.06757605362882846
3794.72434,0.061189359305435516
3794.72434,0.016750705649404292
3796.27868,0.04210587923895702
3796.27868,0.0
3797.83302,0.0
3797.83302,0.023022304998857688
3799.38736,0.0
3799.38736,0.016635515128212302
3800.9417,0.0
3800.9417,0.0
3802.49604,0.0
3804.05038,0.0
3805.60472,0.0
3805.60472,0.0
3807.15905,0.016442583802219572
3807.15905,0.0
3808.71339,0.02910059350973507
3808.71339,0.0
3808.71339,0.010055462915002415
3810.26773,0.0
3810.26773,0.04175860265357056
3811.82207,0.048068125157215036
3811.82207,0.06711330255691916
3811.82207,0.016326256434319897
3813.37641,0.060726039563749674
3813.37641,0.0353325165024511
3813.37641,0.0797711701584802
3814.93075,0.0860806447297953
3814.93075,0.04164199107376409
3814.93075,0.06068712166849674
3816.48509,0.07969328699932497
3818.03943,0.07965427436676907
3818.03943,0.06060914377203854
3819.59376,0.07961521461701176
3819.59376,0.060570084022281236
3821.1481,0.06053097665273098
3821.1481,0.0795761072474615
3822.70244,0.06684021438109515
3824.25678,0.07314940474080996
3824.25678,0.047755834874537786
3825.81112,0.0667617627987372
3825.81112,0.04771658539903307
3827.36546,0.0413289428932803
3827.36546,0.06037407348801295
3828.9198,0.06033472927520739
3830.47414,0.04125020709901556
3832.02848,0.03486237568234111
3833.58281,0.04751962774593722
3833.58281,0.03482288961777473
3835.13715,0.04748009405883007
3835.13715,0.06017687899196616
3836.69149,0.06013729793620966
3836.69149,0.04744051300307357
3838.24583,0.047400884578665585
3838.24583,0.06644606197836972
3839.80017,0.053709601252176276
3839.80017,0.06640638618531236
3841.35451,0.0409731399623007
3841.35451,0.06001827055703336
3842.90885,0.04093336943194038
3842.90885,0.05997850002667304
3844.46319,0.05993868212766123
3846.01752,0.047202032183492566
3847.57186,0.0344653814193218
3849.1262,0.028077028948093986
3849.1262,0.04712215954282451
3850.68054,0.015340283446618115
3850.68054,0.040733806507916685
3852.23488,0.0026034437715214106
3852.23488,0.03434535929939015
3853.78922,0.027956864722207875
3853.78922,0.0025633416609071777
3855.34356,0.00887158464821163
3855.34356,0.0
3856.8979,0.0
3856.8979,0.02152812592846329
3858.45223,0.02148788197096451
3858.45223,0.0024427513762318564
3860.00657,0.008750852257888344
3860.00657,0.027795982852621
3861.56091,0.034104036365626
3863.11525,0.04041204250997738
3864.66959,0.027674823885979534
3864.66959,0.04671995448071006
3866.22393,0.06572465082089882
3866.22393,0.02763434282646416
3867.77827,0.0720325148593
3867.77827,0.040290599331431254
3867.77827,0.052987337459595864
3869.33261,0.052946761662779646
3869.33261,0.07834028472407821
3870.88694,0.09099644675324932
3870.88694,0.059254531225382705
3872.44128,0.09730416868600467
3873.99562,0.09726345078353835
3873.99562,0.07821827338383422
3875.54996,0.09722268551242055
3877.1043,0.0844850879395173
3877.1043,0.10353021853424783
3878.65864,0.10348935852582918
3878.65864,0.0907926203976667
3880.21298,0.10344845114875904
3881.76732,0.09705915074144512
3881.76732,0.11610428133617565
3883.32165,0.1033664945526105
3883.32165,0.11606327948574659
3884.87599,0.11602223000303062
3884.87599,0.09697709940830009
3886.43033,0.09693600255693051
3886.43033,0.11598113315166103
3887.98467,0.09054646587034351
3887.98467,0.11593998893164209
3889.53901,0.077808489348537
3891.09335,0.058722119796484555
3891.09335,0.09046403532435117
3891.09335,0.014283466140453336
3891.09335,0.0396769892017519
3892.64769,0.04598404853737507
3894.20203,0.02689758424802178
3894.20203,0.0
3894.20203,0.05229110730932035
3895.75637,0.0
3895.75637,0.007811072590014875
3897.3107,0.0
3898.86504,0.0
3898.86504,0.0
3900.41938,0.0
3900.41938,0.0
3901.97372,0.0
3901.97372,0.0
3903.52806,0.0
3903.52806,0.0
3905.0824,0.0
3905.0824,0.0
3906.63674,0.0
3906.63674,0.0
3908.19108,0.0
3908.19108,0.0
3909.74541,0.0
3909.74541,0.0
3911.29975,0.0
3911.29975,0.0
3912.85409,0.0
3912.85409,0.0
3914.40843,0.0
3914.40843,0.0
3915.96277,0.026313939355628105
3915.96277,0.0
3915.96277,0.0
3917.51711,0.06436220312628495
3917.51711,0.007226764537117634
3917.51711,0.032620287598418334
3917.51711,0.0
3919.07145,0.06432011153385352
3919.07145,0.0008362804781181577
3919.07145,0.013533065411254245
3920.62579,0.0
3920.62579,0.07062636503934289
3920.62579,0.04523279517307072
3922.18012,0.0007519554588689668
3922.18012,0.051539001581468236
3923.73446,0.0
3923.73446,0.03880002975522635
3925.2888,0.0
3925.2888,0.007015833160630984
3925.2888,0.0
3926.84314,0.0
3926.84314,0.0
3926.84314,0.0
3928.39748,0.0
3928.39748,0.0
3929.95182,0.0
3929.95182,0.0
3929.95182,0.0
3929.95182,0.0
3931.50616,0.0
3931.50616,0.0
3933.0605,0.0
3933.0605,0.013152109763791458
3933.0605,0.0
3934.61483,0.0
3934.61483,0.05119980594862216
3936.16917,0.09559589376264432
3936.16917,0.01941527777377501
3936.16917,0.07020237070134576
3937.72351,0.0955532337470123
3937.72351,0.051114533286009595
3939.27785,0.07011700330143021
3939.27785,0.13994918001876
3940.83219,0.0954677716097959
3940.83219,0.13990642526582714
3940.83219,0.17799673326026177
3942.38653,0.10812170761637403
3942.38653,0.18430227680027186
3942.38653,0.12716688501607817
3942.38653,0.15890875373897329
3943.94087,0.1398207736540069
3943.94087,0.1969562122431721
3945.49521,0.209610100317423
3945.49521,0.17151979232298833
3947.04955,0.2159155017514786
3947.04955,0.19052197869018003
3948.60388,0.222220902898603
3950.15822,0.19043594840620107
3950.15822,0.2221778639340677
3951.71256,0.22848317006745106
3951.71256,0.19039286207301642
3953.2669,0.15860781284331152
3953.2669,0.20939490577088227
3953.2669,0.2284400363656128
3954.82124,0.2220484628285571
3954.82124,0.09508084752206215
3954.82124,0.19665493976725856
3956.37558,0.006160264965891241
3956.37558,0.04425052615535442
3956.37558,0.13947627273895638
3956.37558,0.06329570355505855
3957.92992,0.1394329969311658
3957.92992,0.101342688936729
3957.92992,0.031510512219401335
3959.48426,0.0822542351655585
3959.48426,0.0
3959.48426,0.03781558150952729
3961.03859,0.0
3962.59293,0.005986877802314362
3962.59293,0.0
3964.14727,0.0
3965.70161,0.024945030464217546
3965.70161,0.0
3967.25595,0.0
3967.25595,0.037598255377960604
3967.25595,0.0185530779782586
3968.81029,0.056599778584652996
3968.81029,0.018509470590218343
3970.36463,0.031162600766662683
3970.36463,0.08194964688925982
3970.36463,0.050207731361393206
3971.91897,0.10095107535864711
3971.91897,0.0692092066357541
3971.91897,0.05016402923604998
3973.4733,0.13264924167413977
3973.4733,0.0945589804846766
3973.4733,0.06281706495680998
3975.02764,0.10721192175049937
3975.02764,0.14530222974493615
3975.02764,0.1262570991502035
3975.02764,0.09451518362233689
