display_model,model,params,val_macro_f1,accuracy,macro_f1,weighted_f1
Standard Transformer,standard_transformer,"{""lr"": 0.0001, ""d_model"": 96, ""layers"": 3, ""patch"": 8}",0.7842410650802966,0.7744360902255639,0.642103652315854,0.7674989660470605
MST,mst,"{""lr"": 3e-05, ""d_model"": 128, ""layers"": 4, ""patch"": 8}",0.810815925218099,0.7443609022556391,0.6411715599809698,0.7458680320956469
PCA-SVM,pca_svm,"{""stride"": 8, ""pca"": 40, ""C"": 10.0, ""gamma"": ""scale""}",0.801058440365154,0.7293233082706767,0.6209903345271747,0.7238428606812526
Optimized 1D-CNN,cnn,"{""lr"": 0.0003, ""dropout"": 0.4}",0.6873103830904342,0.6691729323308271,0.5520312363551027,0.6595980608292475
PLS-DA,pls_da,"{""stride"": 4, ""components"": 12}",0.4918590036602459,0.518796992481203,0.3668988905831011,0.4907082299049058
